{
"type": "FeatureCollection",
"name": "metropolitanarea",
"crs": { "type": "name", "properties": { "name": "urn:ogc:def:crs:OGC:1.3:CRS84" } },
"features": [
{ "type": "Feature", "properties": { "fid": 1, "id_wilayah": "M009", "id_parent": 100, "id_level_wilayah": 3, "nama_wilayah": "Patungraya Agung" }, "geometry": { "type": "MultiPolygon", "coordinates": [ [ [ [ 105.5615, -2.416 ], [ 105.5637, -2.417 ], [ 105.5695, -2.4183 ], [ 105.5742, -2.4174 ], [ 105.5817, -2.4149 ], [ 105.5919, -2.4095 ], [ 105.5972, -2.4065 ], [ 105.602, -2.4032 ], [ 105.6086, -2.3977 ], [ 105.612, -2.3942 ], [ 105.6128, -2.3912 ], [ 105.6143, -2.3896 ], [ 105.6169, -2.3884 ], [ 105.6192, -2.3888 ], [ 105.6228, -2.3916 ], [ 105.626, -2.3952 ], [ 105.6316, -2.408 ], [ 105.6333, -2.4176 ], [ 105.6337, -2.4341 ], [ 105.6331, -2.4377 ], [ 105.6317, -2.4454 ], [ 105.6261, -2.4627 ], [ 105.6199, -2.4737 ], [ 105.6175, -2.4761 ], [ 105.6164, -2.4786 ], [ 105.6158, -2.48 ], [ 105.6081, -2.5073 ], [ 105.6073, -2.5106 ], [ 105.6067, -2.5133 ], [ 105.6049, -2.5261 ], [ 105.604, -2.5326 ], [ 105.6034, -2.5386 ], [ 105.6043, -2.5576 ], [ 105.6074, -2.5854 ], [ 105.6087, -2.5941 ], [ 105.6126, -2.6023 ], [ 105.6203, -2.6188 ], [ 105.6263, -2.6298 ], [ 105.6277, -2.6323 ], [ 105.6329, -2.6409 ], [ 105.6574, -2.6648 ], [ 105.6721, -2.6739 ], [ 105.6889, -2.6821 ], [ 105.7011, -2.6851 ], [ 105.7204, -2.6873 ], [ 105.7364, -2.689 ], [ 105.7497, -2.6894 ], [ 105.7588, -2.6868 ], [ 105.7826, -2.6934 ], [ 105.7874, -2.7317 ], [ 105.7875, -2.7317 ], [ 105.7875, -2.7341 ], [ 105.7874, -2.7409 ], [ 105.7873, -2.7556 ], [ 105.7869, -2.763 ], [ 105.7859, -2.783 ], [ 105.7855, -2.788 ], [ 105.7847, -2.7947 ], [ 105.7846, -2.795 ], [ 105.7842, -2.7974 ], [ 105.7839, -2.7985 ], [ 105.7837, -2.7992 ], [ 105.7834, -2.8 ], [ 105.7824, -2.8037 ], [ 105.7812, -2.8087 ], [ 105.7812, -2.8091 ], [ 105.781, -2.81 ], [ 105.7809, -2.8112 ], [ 105.7803, -2.8161 ], [ 105.7803, -2.8167 ], [ 105.7804, -2.8205 ], [ 105.781, -2.8377 ], [ 105.7817, -2.8501 ], [ 105.7829, -2.8566 ], [ 105.7869, -2.8705 ], [ 105.7893, -2.878 ], [ 105.7908, -2.882 ], [ 105.791, -2.8825 ], [ 105.7911, -2.8829 ], [ 105.7918, -2.8843 ], [ 105.7935, -2.8882 ], [ 105.8111, -2.915 ], [ 105.8148, -2.9198 ], [ 105.8163, -2.9215 ], [ 105.8456, -2.9491 ], [ 105.8458, -2.9493 ], [ 105.8471, -2.9505 ], [ 105.8473, -2.9506 ], [ 105.8575, -2.9567 ], [ 105.8596, -2.9577 ], [ 105.8709, -2.9625 ], [ 105.8738, -2.9635 ], [ 105.8791, -2.9649 ], [ 105.8835, -2.9658 ], [ 105.8861, -2.9659 ], [ 105.8867, -2.9658 ], [ 105.8872, -2.9658 ], [ 105.8874, -2.9657 ], [ 105.8875, -2.9656 ], [ 105.8874, -2.9655 ], [ 105.8871, -2.9654 ], [ 105.8856, -2.9648 ], [ 105.8853, -2.9648 ], [ 105.8848, -2.9647 ], [ 105.8846, -2.9632 ], [ 105.8891, -2.9621 ], [ 105.89, -2.9619 ], [ 105.8904, -2.9618 ], [ 105.8946, -2.961 ], [ 105.8959, -2.9607 ], [ 105.9099, -2.9595 ], [ 105.9451, -2.9569 ], [ 105.9677, -2.9561 ], [ 106.0123, -2.9682 ], [ 106.0127, -2.9683 ], [ 106.0132, -2.9684 ], [ 106.0149, -2.9692 ], [ 106.0155, -2.9695 ], [ 106.0181, -2.9708 ], [ 106.0189, -2.9712 ], [ 106.0212, -2.9725 ], [ 106.0332, -2.9793 ], [ 106.0351, -2.9804 ], [ 106.0359, -2.9809 ], [ 106.0381, -2.9825 ], [ 106.0386, -2.9829 ], [ 106.0391, -2.9834 ], [ 106.0419, -2.9865 ], [ 106.0439, -2.9888 ], [ 106.0446, -2.9898 ], [ 106.0449, -2.9902 ], [ 106.0467, -2.9933 ], [ 106.047, -2.994 ], [ 106.0472, -2.9948 ], [ 106.0476, -2.9959 ], [ 106.0478, -2.9968 ], [ 106.0479, -2.9974 ], [ 106.0482, -2.9988 ], [ 106.0484, -3.0 ], [ 106.0484, -3.0002 ], [ 106.0559, -3.0642 ], [ 106.056, -3.0651 ], [ 106.056, -3.0659 ], [ 106.056, -3.0675 ], [ 106.056, -3.0682 ], [ 106.056, -3.0691 ], [ 106.0555, -3.0726 ], [ 106.0553, -3.0743 ], [ 106.055, -3.0761 ], [ 106.0544, -3.0786 ], [ 106.0543, -3.0789 ], [ 106.0542, -3.0798 ], [ 106.054, -3.0804 ], [ 106.0536, -3.0819 ], [ 106.0529, -3.0844 ], [ 106.0527, -3.085 ], [ 106.0521, -3.0864 ], [ 106.0518, -3.0869 ], [ 106.0516, -3.0872 ], [ 106.0515, -3.0873 ], [ 106.0509, -3.0894 ], [ 106.0508, -3.0895 ], [ 106.0496, -3.095 ], [ 106.0482, -3.101 ], [ 106.0481, -3.1016 ], [ 106.048, -3.102 ], [ 106.0479, -3.1032 ], [ 106.0476, -3.1057 ], [ 106.0475, -3.1074 ], [ 106.0475, -3.1078 ], [ 106.0474, -3.1104 ], [ 106.0474, -3.1111 ], [ 106.0474, -3.1125 ], [ 106.0475, -3.1139 ], [ 106.0478, -3.118 ], [ 106.0487, -3.1236 ], [ 106.0489, -3.1245 ], [ 106.0493, -3.1259 ], [ 106.051, -3.1312 ], [ 106.053, -3.1377 ], [ 106.0534, -3.1387 ], [ 106.0536, -3.1394 ], [ 106.0538, -3.1398 ], [ 106.0604, -3.1533 ], [ 106.0648, -3.162 ], [ 106.0719, -3.1736 ], [ 106.0838, -3.1934 ], [ 106.088, -3.2016 ], [ 106.0883, -3.2022 ], [ 106.0886, -3.2028 ], [ 106.0893, -3.2041 ], [ 106.0896, -3.205 ], [ 106.0915, -3.21 ], [ 106.0917, -3.2107 ], [ 106.0935, -3.2168 ], [ 106.0938, -3.2182 ], [ 106.0953, -3.2243 ], [ 106.0954, -3.2253 ], [ 106.0955, -3.2259 ], [ 106.0955, -3.2265 ], [ 106.0956, -3.2271 ], [ 106.0956, -3.2276 ], [ 106.0954, -3.2357 ], [ 106.0954, -3.2362 ], [ 106.0953, -3.2366 ], [ 106.0951, -3.2387 ], [ 106.0947, -3.2406 ], [ 106.0943, -3.2422 ], [ 106.0911, -3.25 ], [ 106.0908, -3.2507 ], [ 106.0894, -3.2531 ], [ 106.0892, -3.2535 ], [ 106.0886, -3.2543 ], [ 106.0885, -3.2545 ], [ 106.0835, -3.2591 ], [ 106.0832, -3.2594 ], [ 106.0733, -3.2676 ], [ 106.0402, -3.2841 ], [ 106.0375, -3.2854 ], [ 106.0371, -3.2855 ], [ 106.0367, -3.2856 ], [ 106.0296, -3.2877 ], [ 106.0241, -3.2892 ], [ 106.0235, -3.2894 ], [ 106.0226, -3.2897 ], [ 106.0169, -3.2932 ], [ 106.0099, -3.2974 ], [ 106.0025, -3.3022 ], [ 105.9822, -3.3152 ], [ 105.9708, -3.3244 ], [ 105.9575, -3.3359 ], [ 105.936, -3.358 ], [ 105.8851, -3.4212 ], [ 105.885, -3.4216 ], [ 105.8849, -3.422 ], [ 105.885, -3.4333 ], [ 105.8851, -3.4342 ], [ 105.8851, -3.4343 ], [ 105.8854, -3.435 ], [ 105.8858, -3.4357 ], [ 105.8857, -3.4363 ], [ 105.8856, -3.437 ], [ 105.8841, -3.4419 ], [ 105.8838, -3.4427 ], [ 105.8715, -3.4684 ], [ 105.8464, -3.5296 ], [ 105.8324, -3.5758 ], [ 105.8223, -3.6361 ], [ 105.8213, -3.653 ], [ 105.8237, -3.6927 ], [ 105.8263, -3.7011 ], [ 105.8405, -3.7226 ], [ 105.8633, -3.7421 ], [ 105.8737, -3.7471 ], [ 105.9112, -3.7653 ], [ 105.9137, -3.7665 ], [ 105.916, -3.7679 ], [ 105.9178, -3.7691 ], [ 105.9211, -3.7716 ], [ 105.9251, -3.7752 ], [ 105.9485, -3.8045 ], [ 105.9561, -3.8146 ], [ 105.9605, -3.8231 ], [ 105.9604, -3.8395 ], [ 105.958, -3.8475 ], [ 105.9573, -3.8497 ], [ 105.9563, -3.8529 ], [ 105.9549, -3.8576 ], [ 105.9543, -3.8595 ], [ 105.9432, -3.8856 ], [ 105.9404, -3.8915 ], [ 105.9397, -3.8932 ], [ 105.9386, -3.8953 ], [ 105.9375, -3.8977 ], [ 105.9284, -3.9155 ], [ 105.9256, -3.9209 ], [ 105.9252, -3.9214 ], [ 105.9103, -3.9426 ], [ 105.8849, -3.9794 ], [ 105.8721, -4.0129 ], [ 105.8665, -4.0345 ], [ 105.8499, -4.1073 ], [ 105.8491, -4.1315 ], [ 105.8517, -4.1488 ], [ 105.851, -4.1575 ], [ 105.8476, -4.1653 ], [ 105.8362, -4.1701 ], [ 105.824, -4.1579 ], [ 105.8177, -4.1381 ], [ 105.8167, -4.1349 ], [ 105.8164, -4.134 ], [ 105.8113, -4.1258 ], [ 105.805, -4.1216 ], [ 105.7753, -4.1108 ], [ 105.7721, -4.1112 ], [ 105.7712, -4.1124 ], [ 105.7696, -4.1147 ], [ 105.7693, -4.1185 ], [ 105.7692, -4.1201 ], [ 105.77, -4.1255 ], [ 105.7699, -4.1308 ], [ 105.7694, -4.1315 ], [ 105.7675, -4.134 ], [ 105.7606, -4.1374 ], [ 105.7519, -4.1411 ], [ 105.748, -4.1439 ], [ 105.7456, -4.145 ], [ 105.745, -4.1449 ], [ 105.7418, -4.1445 ], [ 105.7058, -4.1384 ], [ 105.7017, -4.1372 ], [ 105.7002, -4.136 ], [ 105.6991, -4.1343 ], [ 105.6985, -4.133 ], [ 105.6978, -4.1311 ], [ 105.6978, -4.1308 ], [ 105.6975, -4.1299 ], [ 105.6974, -4.1297 ], [ 105.6974, -4.1279 ], [ 105.698, -4.1258 ], [ 105.6985, -4.1242 ], [ 105.6987, -4.1239 ], [ 105.6992, -4.123 ], [ 105.6906, -4.1002 ], [ 105.6554, -4.0899 ], [ 105.6543, -4.0894 ], [ 105.6535, -4.0889 ], [ 105.6526, -4.0881 ], [ 105.651, -4.0862 ], [ 105.6492, -4.0816 ], [ 105.6476, -4.0753 ], [ 105.646, -4.0691 ], [ 105.6455, -4.0669 ], [ 105.6473, -4.0625 ], [ 105.6491, -4.0618 ], [ 105.6493, -4.0617 ], [ 105.6512, -4.061 ], [ 105.6524, -4.0606 ], [ 105.6577, -4.0585 ], [ 105.6605, -4.0571 ], [ 105.6621, -4.0558 ], [ 105.6637, -4.0536 ], [ 105.664, -4.0516 ], [ 105.6639, -4.0492 ], [ 105.6633, -4.0479 ], [ 105.6616, -4.0458 ], [ 105.6596, -4.045 ], [ 105.6571, -4.0449 ], [ 105.6354, -4.0468 ], [ 105.6207, -4.0541 ], [ 105.6201, -4.0557 ], [ 105.6177, -4.057 ], [ 105.6151, -4.0575 ], [ 105.6122, -4.0578 ], [ 105.61, -4.0572 ], [ 105.6079, -4.0561 ], [ 105.6055, -4.0533 ], [ 105.6047, -4.0518 ], [ 105.6045, -4.0503 ], [ 105.6046, -4.0493 ], [ 105.6048, -4.0481 ], [ 105.6129, -4.0277 ], [ 105.6151, -4.0243 ], [ 105.6192, -4.0206 ], [ 105.6193, -4.0206 ], [ 105.6196, -4.0203 ], [ 105.6203, -4.0196 ], [ 105.6217, -4.018 ], [ 105.6243, -4.0152 ], [ 105.6288, -4.0103 ], [ 105.6303, -4.0072 ], [ 105.6304, -4.0071 ], [ 105.6306, -4.0063 ], [ 105.6307, -4.0058 ], [ 105.6307, -4.0032 ], [ 105.6306, -4.0026 ], [ 105.63, -4.0008 ], [ 105.6239, -3.9938 ], [ 105.6156, -3.9827 ], [ 105.6025, -3.9617 ], [ 105.5983, -3.9458 ], [ 105.6044, -3.9447 ], [ 105.6077, -3.9441 ], [ 105.6079, -3.944 ], [ 105.6091, -3.9434 ], [ 105.6098, -3.9426 ], [ 105.611, -3.9394 ], [ 105.6109, -3.9386 ], [ 105.6105, -3.9378 ], [ 105.6091, -3.9356 ], [ 105.5721, -3.8993 ], [ 105.5481, -3.8814 ], [ 105.5465, -3.8809 ], [ 105.5435, -3.8814 ], [ 105.542, -3.883 ], [ 105.5405, -3.8848 ], [ 105.5391, -3.8867 ], [ 105.5373, -3.8902 ], [ 105.5331, -3.8958 ], [ 105.5302, -3.8962 ], [ 105.5279, -3.8961 ], [ 105.5264, -3.8954 ], [ 105.5251, -3.8945 ], [ 105.5231, -3.8926 ], [ 105.5136, -3.8778 ], [ 105.5128, -3.8759 ], [ 105.5123, -3.8742 ], [ 105.5123, -3.8725 ], [ 105.5128, -3.8705 ], [ 105.513, -3.8702 ], [ 105.5136, -3.8414 ], [ 105.4856, -3.833 ], [ 105.4593, -3.8286 ], [ 105.4385, -3.8281 ], [ 105.4363, -3.8278 ], [ 105.4334, -3.8268 ], [ 105.433, -3.8267 ], [ 105.4324, -3.8264 ], [ 105.4309, -3.8249 ], [ 105.4301, -3.8236 ], [ 105.4301, -3.8234 ], [ 105.4301, -3.8199 ], [ 105.4313, -3.8171 ], [ 105.4338, -3.8055 ], [ 105.4369, -3.7906 ], [ 105.4369, -3.7894 ], [ 105.4365, -3.7884 ], [ 105.4363, -3.7877 ], [ 105.4361, -3.7873 ], [ 105.4356, -3.7864 ], [ 105.4354, -3.786 ], [ 105.4345, -3.785 ], [ 105.4343, -3.7849 ], [ 105.4333, -3.7841 ], [ 105.4319, -3.7833 ], [ 105.4251, -3.78 ], [ 105.4218, -3.7787 ], [ 105.4211, -3.7785 ], [ 105.4168, -3.7775 ], [ 105.415, -3.7771 ], [ 105.4108, -3.7769 ], [ 105.4099, -3.7768 ], [ 105.4057, -3.777 ], [ 105.3909, -3.7783 ], [ 105.3879, -3.7789 ], [ 105.3861, -3.7794 ], [ 105.3847, -3.7801 ], [ 105.3843, -3.7803 ], [ 105.3796, -3.7836 ], [ 105.3768, -3.7859 ], [ 105.3752, -3.7872 ], [ 105.3737, -3.7886 ], [ 105.3708, -3.7918 ], [ 105.3703, -3.793 ], [ 105.3695, -3.7945 ], [ 105.3683, -3.7965 ], [ 105.3676, -3.7969 ], [ 105.366, -3.798 ], [ 105.3659, -3.7981 ], [ 105.3633, -3.7984 ], [ 105.3631, -3.7984 ], [ 105.3625, -3.7984 ], [ 105.3617, -3.7983 ], [ 105.3587, -3.7973 ], [ 105.3573, -3.7964 ], [ 105.3554, -3.7936 ], [ 105.3548, -3.7928 ], [ 105.3515, -3.7831 ], [ 105.351, -3.7763 ], [ 105.3521, -3.7636 ], [ 105.3527, -3.7562 ], [ 105.3512, -3.7501 ], [ 105.3423, -3.7308 ], [ 105.3412, -3.7294 ], [ 105.3403, -3.7282 ], [ 105.3377, -3.7259 ], [ 105.3362, -3.7247 ], [ 105.3348, -3.724 ], [ 105.3332, -3.7238 ], [ 105.3314, -3.7242 ], [ 105.3295, -3.7247 ], [ 105.3283, -3.7252 ], [ 105.3282, -3.7252 ], [ 105.3277, -3.7254 ], [ 105.3259, -3.7261 ], [ 105.3253, -3.7264 ], [ 105.3244, -3.7267 ], [ 105.3235, -3.7272 ], [ 105.3209, -3.7287 ], [ 105.3208, -3.7287 ], [ 105.3203, -3.7292 ], [ 105.3202, -3.7295 ], [ 105.3194, -3.7307 ], [ 105.3191, -3.7314 ], [ 105.3189, -3.7317 ], [ 105.3188, -3.7321 ], [ 105.3118, -3.754 ], [ 105.3087, -3.767 ], [ 105.2938, -3.7957 ], [ 105.2905, -3.7949 ], [ 105.2878, -3.7943 ], [ 105.2866, -3.7943 ], [ 105.2845, -3.7961 ], [ 105.2844, -3.7963 ], [ 105.2837, -3.7985 ], [ 105.2836, -3.7999 ], [ 105.2822, -3.8216 ], [ 105.2871, -3.8341 ], [ 105.2885, -3.835 ], [ 105.2894, -3.8356 ], [ 105.2902, -3.8363 ], [ 105.2908, -3.837 ], [ 105.2915, -3.8379 ], [ 105.292, -3.8387 ], [ 105.2924, -3.8394 ], [ 105.2927, -3.8405 ], [ 105.2928, -3.8409 ], [ 105.2928, -3.8416 ], [ 105.2926, -3.8442 ], [ 105.2923, -3.8464 ], [ 105.292, -3.8479 ], [ 105.2918, -3.8486 ], [ 105.2913, -3.8496 ], [ 105.2785, -3.874 ], [ 105.2749, -3.8793 ], [ 105.2548, -3.9009 ], [ 105.2535, -3.9019 ], [ 105.2515, -3.9032 ], [ 105.2496, -3.9042 ], [ 105.249, -3.9044 ], [ 105.247, -3.9052 ], [ 105.2451, -3.9059 ], [ 105.2447, -3.9061 ], [ 105.2419, -3.9064 ], [ 105.2415, -3.9065 ], [ 105.241, -3.9062 ], [ 105.2388, -3.9048 ], [ 105.2374, -3.9038 ], [ 105.2365, -3.903 ], [ 105.2357, -3.9016 ], [ 105.2349, -3.8999 ], [ 105.2342, -3.897 ], [ 105.234, -3.8948 ], [ 105.2339, -3.8933 ], [ 105.2337, -3.8929 ], [ 105.2335, -3.8923 ], [ 105.2327, -3.8914 ], [ 105.232, -3.8908 ], [ 105.2311, -3.89 ], [ 105.2304, -3.8896 ], [ 105.2299, -3.8894 ], [ 105.2286, -3.8893 ], [ 105.2053, -3.8907 ], [ 105.2046, -3.8909 ], [ 105.2038, -3.8913 ], [ 105.1796, -3.9048 ], [ 105.1431, -3.9327 ], [ 105.139, -3.9358 ], [ 105.1385, -3.9362 ], [ 105.1355, -3.9434 ], [ 105.1353, -3.944 ], [ 105.1353, -3.9442 ], [ 105.1353, -3.9451 ], [ 105.1354, -3.9465 ], [ 105.1355, -3.9472 ], [ 105.1358, -3.949 ], [ 105.1361, -3.9499 ], [ 105.1365, -3.9506 ], [ 105.1368, -3.9511 ], [ 105.137, -3.9513 ], [ 105.1375, -3.9517 ], [ 105.1383, -3.9522 ], [ 105.1393, -3.9527 ], [ 105.1397, -3.9529 ], [ 105.1404, -3.9529 ], [ 105.1407, -3.953 ], [ 105.1411, -3.9531 ], [ 105.1415, -3.9532 ], [ 105.1418, -3.9534 ], [ 105.1422, -3.9539 ], [ 105.1433, -3.9561 ], [ 105.1433, -3.9566 ], [ 105.1436, -3.9585 ], [ 105.143, -3.9638 ], [ 105.1353, -3.9875 ], [ 105.1348, -3.989 ], [ 105.1345, -3.9899 ], [ 105.1341, -3.9906 ], [ 105.1336, -3.9915 ], [ 105.1334, -3.9917 ], [ 105.132, -3.994 ], [ 105.1318, -3.9943 ], [ 105.1295, -3.9973 ], [ 105.1292, -3.9977 ], [ 105.1285, -3.9983 ], [ 105.1282, -3.9984 ], [ 105.1264, -3.9991 ], [ 105.1262, -3.9991 ], [ 105.1258, -3.9989 ], [ 105.125, -3.9983 ], [ 105.1241, -3.9975 ], [ 105.1239, -3.9975 ], [ 105.1216, -3.9968 ], [ 105.119, -3.9962 ], [ 105.1188, -3.9962 ], [ 105.1172, -3.9968 ], [ 105.1171, -3.9968 ], [ 105.1159, -3.9974 ], [ 105.1156, -3.9976 ], [ 105.1153, -3.9978 ], [ 105.1149, -3.9984 ], [ 105.1133, -4.0009 ], [ 105.1092, -4.0078 ], [ 105.107, -4.0126 ], [ 105.1068, -4.0131 ], [ 105.1065, -4.0139 ], [ 105.1054, -4.0196 ], [ 105.1052, -4.0226 ], [ 105.1054, -4.0243 ], [ 105.1068, -4.0281 ], [ 105.1082, -4.0303 ], [ 105.1085, -4.0306 ], [ 105.1089, -4.0306 ], [ 105.1092, -4.0305 ], [ 105.1093, -4.0304 ], [ 105.1096, -4.0302 ], [ 105.109, -4.0504 ], [ 105.0882, -4.0644 ], [ 105.076, -4.0878 ], [ 105.0636, -4.115 ], [ 105.0534, -4.1331 ], [ 105.0486, -4.1415 ], [ 105.0465, -4.1396 ], [ 105.0461, -4.1395 ], [ 105.0461, -4.1394 ], [ 105.0457, -4.1393 ], [ 105.0434, -4.1387 ], [ 105.0426, -4.1385 ], [ 105.0419, -4.1386 ], [ 105.0414, -4.1388 ], [ 105.0335, -4.1414 ], [ 105.0287, -4.1445 ], [ 105.0269, -4.1465 ], [ 105.0267, -4.147 ], [ 105.0265, -4.1479 ], [ 105.0264, -4.1488 ], [ 105.0265, -4.1503 ], [ 105.0251, -4.1547 ], [ 105.0248, -4.1555 ], [ 105.0246, -4.1563 ], [ 105.021, -4.1658 ], [ 105.0206, -4.1662 ], [ 105.0131, -4.1737 ], [ 105.0086, -4.1753 ], [ 105.0076, -4.1756 ], [ 105.0062, -4.1761 ], [ 105.006, -4.1762 ], [ 105.0053, -4.1764 ], [ 105.0041, -4.1768 ], [ 105.0029, -4.1772 ], [ 105.0009, -4.1772 ], [ 104.994, -4.1761 ], [ 104.9904, -4.1751 ], [ 104.9846, -4.1735 ], [ 104.9785, -4.1717 ], [ 104.9778, -4.1716 ], [ 104.9757, -4.1715 ], [ 104.9691, -4.1726 ], [ 104.9646, -4.1741 ], [ 104.9559, -4.1781 ], [ 104.9487, -4.1855 ], [ 104.9355, -4.1913 ], [ 104.9292, -4.1925 ], [ 104.9279, -4.1923 ], [ 104.9145, -4.1975 ], [ 104.8753, -4.2227 ], [ 104.8486, -4.2386 ], [ 104.847, -4.2383 ], [ 104.8406, -4.2382 ], [ 104.8303, -4.2384 ], [ 104.8199, -4.2409 ], [ 104.8185, -4.2414 ], [ 104.8177, -4.2417 ], [ 104.8024, -4.2505 ], [ 104.7952, -4.2572 ], [ 104.7878, -4.2613 ], [ 104.7849, -4.2589 ], [ 104.7748, -4.2518 ], [ 104.7644, -4.2452 ], [ 104.7632, -4.2448 ], [ 104.7622, -4.2447 ], [ 104.7558, -4.2458 ], [ 104.7499, -4.2486 ], [ 104.742, -4.2504 ], [ 104.7415, -4.2501 ], [ 104.7371, -4.2293 ], [ 104.7387, -4.2265 ], [ 104.7388, -4.2265 ], [ 104.739, -4.2263 ], [ 104.7392, -4.226 ], [ 104.7403, -4.2255 ], [ 104.7626, -4.1988 ], [ 104.7783, -4.1738 ], [ 104.7876, -4.1374 ], [ 104.8137, -4.1066 ], [ 104.834, -4.094 ], [ 104.8294, -4.0785 ], [ 104.8275, -4.072 ], [ 104.8272, -4.0686 ], [ 104.8288, -4.0635 ], [ 104.8299, -4.0623 ], [ 104.8327, -4.0598 ], [ 104.8596, -4.0353 ], [ 104.8779, -4.0208 ], [ 104.8924, -4.012 ], [ 104.8958, -4.0108 ], [ 104.8976, -4.0106 ], [ 104.898, -4.0106 ], [ 104.903, -4.0109 ], [ 104.9041, -4.0111 ], [ 104.9048, -4.0115 ], [ 104.9056, -4.0119 ], [ 104.9127, -4.0039 ], [ 104.9129, -4.0037 ], [ 104.9254, -3.9751 ], [ 104.9256, -3.9745 ], [ 104.9297, -3.9495 ], [ 104.9296, -3.949 ], [ 104.9277, -3.946 ], [ 104.9265, -3.9454 ], [ 104.9244, -3.9451 ], [ 104.9003, -3.9429 ], [ 104.8968, -3.943 ], [ 104.8904, -3.9447 ], [ 104.8867, -3.946 ], [ 104.8817, -3.9505 ], [ 104.8814, -3.951 ], [ 104.8802, -3.9527 ], [ 104.88, -3.9531 ], [ 104.8799, -3.9532 ], [ 104.8797, -3.9536 ], [ 104.8788, -3.955 ], [ 104.8785, -3.9555 ], [ 104.8745, -3.9586 ], [ 104.8702, -3.9611 ], [ 104.8678, -3.9621 ], [ 104.8625, -3.9642 ], [ 104.8623, -3.9642 ], [ 104.8622, -3.9642 ], [ 104.8565, -3.9552 ], [ 104.8519, -3.9413 ], [ 104.8517, -3.9399 ], [ 104.8517, -3.9398 ], [ 104.8522, -3.9366 ], [ 104.8653, -3.9207 ], [ 104.8741, -3.8539 ], [ 104.8768, -3.8161 ], [ 104.877, -3.8112 ], [ 104.8748, -3.8042 ], [ 104.8689, -3.7939 ], [ 104.8582, -3.778 ], [ 104.8529, -3.7718 ], [ 104.8526, -3.7715 ], [ 104.8508, -3.7701 ], [ 104.8297, -3.7589 ], [ 104.7727, -3.7198 ], [ 104.7735, -3.6988 ], [ 104.7737, -3.6949 ], [ 104.7543, -3.6649 ], [ 104.7407, -3.6509 ], [ 104.7211, -3.6477 ], [ 104.719, -3.6474 ], [ 104.6941, -3.6445 ], [ 104.6855, -3.6451 ], [ 104.6855, -3.6452 ], [ 104.6748, -3.6485 ], [ 104.6684, -3.6521 ], [ 104.6684, -3.6522 ], [ 104.6675, -3.653 ], [ 104.6669, -3.6534 ], [ 104.6511, -3.6557 ], [ 104.6509, -3.6556 ], [ 104.6426, -3.6551 ], [ 104.6405, -3.6562 ], [ 104.637, -3.6593 ], [ 104.6369, -3.6593 ], [ 104.6354, -3.6615 ], [ 104.6344, -3.6631 ], [ 104.6338, -3.6642 ], [ 104.6334, -3.665 ], [ 104.6292, -3.6791 ], [ 104.6204, -3.7064 ], [ 104.6129, -3.7145 ], [ 104.6056, -3.7193 ], [ 104.5913, -3.7263 ], [ 104.5912, -3.7264 ], [ 104.5902, -3.7274 ], [ 104.5755, -3.7563 ], [ 104.5463, -3.7828 ], [ 104.5461, -3.783 ], [ 104.5459, -3.7912 ], [ 104.5398, -3.7962 ], [ 104.5142, -3.7916 ], [ 104.5109, -3.7907 ], [ 104.4995, -3.7866 ], [ 104.4912, -3.7728 ], [ 104.4576, -3.7603 ], [ 104.417, -3.7539 ], [ 104.4122, -3.7766 ], [ 104.4117, -3.7835 ], [ 104.4117, -3.7843 ], [ 104.4104, -3.7847 ], [ 104.4103, -3.7847 ], [ 104.4098, -3.7846 ], [ 104.4065, -3.7839 ], [ 104.3852, -3.7729 ], [ 104.3847, -3.7725 ], [ 104.3797, -3.7694 ], [ 104.3796, -3.7693 ], [ 104.3804, -3.7665 ], [ 104.3811, -3.7642 ], [ 104.3809, -3.7636 ], [ 104.3808, -3.7635 ], [ 104.3808, -3.7634 ], [ 104.3785, -3.7631 ], [ 104.37, -3.7634 ], [ 104.3602, -3.7689 ], [ 104.3547, -3.7583 ], [ 104.3741, -3.7255 ], [ 104.3976, -3.7035 ], [ 104.4156, -3.6959 ], [ 104.4344, -3.6841 ], [ 104.4434, -3.677 ], [ 104.4514, -3.6708 ], [ 104.4536, -3.6689 ], [ 104.4737, -3.6301 ], [ 104.4779, -3.6142 ], [ 104.4778, -3.613 ], [ 104.477, -3.6103 ], [ 104.4679, -3.5895 ], [ 104.4392, -3.5582 ], [ 104.4373, -3.5564 ], [ 104.435, -3.5564 ], [ 104.4224, -3.5569 ], [ 104.4201, -3.5582 ], [ 104.4139, -3.5696 ], [ 104.3839, -3.5898 ], [ 104.3477, -3.6102 ], [ 104.3272, -3.6215 ], [ 104.323, -3.6216 ], [ 104.3224, -3.6217 ], [ 104.3209, -3.6212 ], [ 104.3156, -3.6193 ], [ 104.3125, -3.6161 ], [ 104.3093, -3.6128 ], [ 104.3074, -3.6107 ], [ 104.3066, -3.6099 ], [ 104.3059, -3.6092 ], [ 104.3052, -3.6073 ], [ 104.3039, -3.6039 ], [ 104.3039, -3.6037 ], [ 104.3037, -3.6017 ], [ 104.3056, -3.5993 ], [ 104.3056, -3.5992 ], [ 104.3077, -3.5964 ], [ 104.3095, -3.5929 ], [ 104.3095, -3.5928 ], [ 104.3095, -3.5886 ], [ 104.3095, -3.5865 ], [ 104.3094, -3.5794 ], [ 104.3093, -3.5793 ], [ 104.3087, -3.5742 ], [ 104.3076, -3.566 ], [ 104.3071, -3.5642 ], [ 104.3091, -3.5577 ], [ 104.3114, -3.5363 ], [ 104.3092, -3.5323 ], [ 104.3086, -3.5307 ], [ 104.3085, -3.5307 ], [ 104.3084, -3.5287 ], [ 104.3094, -3.5215 ], [ 104.3104, -3.5159 ], [ 104.3109, -3.5144 ], [ 104.3162, -3.5082 ], [ 104.328, -3.5051 ], [ 104.3337, -3.5058 ], [ 104.3837, -3.5056 ], [ 104.4155, -3.5044 ], [ 104.4459, -3.4953 ], [ 104.4463, -3.4942 ], [ 104.4466, -3.4934 ], [ 104.4475, -3.4525 ], [ 104.4475, -3.4524 ], [ 104.4475, -3.4251 ], [ 104.4857, -3.4015 ], [ 104.4894, -3.4005 ], [ 104.5132, -3.3882 ], [ 104.5362, -3.3537 ], [ 104.5363, -3.3517 ], [ 104.5364, -3.3462 ], [ 104.5364, -3.346 ], [ 104.5366, -3.3251 ], [ 104.5349, -3.3213 ], [ 104.5294, -3.3231 ], [ 104.528, -3.3021 ], [ 104.5309, -3.2915 ], [ 104.5399, -3.2684 ], [ 104.5412, -3.2669 ], [ 104.5442, -3.2648 ], [ 104.5475, -3.2626 ], [ 104.5511, -3.261 ], [ 104.5517, -3.2613 ], [ 104.5553, -3.2631 ], [ 104.5563, -3.2636 ], [ 104.558, -3.2618 ], [ 104.5609, -3.2588 ], [ 104.5626, -3.2563 ], [ 104.5679, -3.2487 ], [ 104.5686, -3.2476 ], [ 104.5687, -3.2475 ], [ 104.5715, -3.2418 ], [ 104.5715, -3.2395 ], [ 104.5688, -3.2301 ], [ 104.5684, -3.2289 ], [ 104.5679, -3.2269 ], [ 104.5663, -3.2236 ], [ 104.5632, -3.2253 ], [ 104.5622, -3.2267 ], [ 104.5609, -3.2284 ], [ 104.5555, -3.23 ], [ 104.551, -3.2303 ], [ 104.5504, -3.2288 ], [ 104.5465, -3.2178 ], [ 104.5422, -3.2025 ], [ 104.5409, -3.1986 ], [ 104.5318, -3.2014 ], [ 104.5271, -3.2022 ], [ 104.5087, -3.1974 ], [ 104.5087, -3.1973 ], [ 104.5087, -3.197 ], [ 104.5151, -3.1677 ], [ 104.517, -3.165 ], [ 104.5249, -3.163 ], [ 104.5277, -3.1638 ], [ 104.5286, -3.1658 ], [ 104.5368, -3.1652 ], [ 104.5273, -3.1522 ], [ 104.4978, -3.1343 ], [ 104.484, -3.1259 ], [ 104.4791, -3.1208 ], [ 104.4791, -3.1201 ], [ 104.479, -3.119 ], [ 104.4788, -3.1159 ], [ 104.4831, -3.1084 ], [ 104.4843, -3.107 ], [ 104.4857, -3.1053 ], [ 104.4859, -3.105 ], [ 104.486, -3.1049 ], [ 104.5695, -3.1012 ], [ 104.5776, -3.1015 ], [ 104.5777, -3.1015 ], [ 104.5955, -3.1019 ], [ 104.6095, -3.1019 ], [ 104.6303, -3.102 ], [ 104.653, -3.0868 ], [ 104.6572, -3.0838 ], [ 104.6586, -3.0828 ], [ 104.665, -3.0783 ], [ 104.6717, -3.0736 ], [ 104.6788, -3.0686 ], [ 104.6789, -3.0684 ], [ 104.6808, -3.0667 ], [ 104.6904, -3.056 ], [ 104.6763, -3.0482 ], [ 104.6522, -3.0324 ], [ 104.6301, -3.0187 ], [ 104.6296, -3.0277 ], [ 104.6168, -3.045 ], [ 104.6166, -3.0452 ], [ 104.6159, -3.0458 ], [ 104.6158, -3.0459 ], [ 104.6142, -3.047 ], [ 104.5986, -3.0546 ], [ 104.5982, -3.0547 ], [ 104.5916, -3.0542 ], [ 104.591, -3.0539 ], [ 104.5886, -3.0527 ], [ 104.587, -3.0518 ], [ 104.5861, -3.0511 ], [ 104.583, -3.048 ], [ 104.5844, -3.0441 ], [ 104.585, -3.0425 ], [ 104.5853, -3.0417 ], [ 104.5853, -3.0413 ], [ 104.5853, -3.0387 ], [ 104.5846, -3.0366 ], [ 104.5833, -3.0355 ], [ 104.5827, -3.035 ], [ 104.5799, -3.0343 ], [ 104.555, -3.036 ], [ 104.5453, -3.043 ], [ 104.533, -3.0675 ], [ 104.5292, -3.0713 ], [ 104.529, -3.0715 ], [ 104.5281, -3.072 ], [ 104.528, -3.072 ], [ 104.5259, -3.0732 ], [ 104.5232, -3.0747 ], [ 104.5137, -3.0773 ], [ 104.5078, -3.0788 ], [ 104.5049, -3.0796 ], [ 104.5029, -3.0802 ], [ 104.5023, -3.0804 ], [ 104.4915, -3.0833 ], [ 104.489, -3.0838 ], [ 104.4849, -3.0845 ], [ 104.4822, -3.0848 ], [ 104.4821, -3.0848 ], [ 104.4645, -3.087 ], [ 104.4341, -3.0621 ], [ 104.4339, -3.0389 ], [ 104.4353, -3.0316 ], [ 104.4166, -3.0211 ], [ 104.405, -3.0192 ], [ 104.3692, -3.0201 ], [ 104.3686, -3.0209 ], [ 104.3601, -3.0328 ], [ 104.3571, -3.038 ], [ 104.3554, -3.0435 ], [ 104.3465, -3.0394 ], [ 104.3365, -3.0321 ], [ 104.3182, -3.0218 ], [ 104.3181, -3.0218 ], [ 104.3072, -3.0245 ], [ 104.3065, -3.0247 ], [ 104.2884, -3.0334 ], [ 104.2843, -3.0354 ], [ 104.2806, -3.0355 ], [ 104.2797, -3.0353 ], [ 104.2787, -3.0352 ], [ 104.2779, -3.0351 ], [ 104.2741, -3.0346 ], [ 104.2688, -3.0292 ], [ 104.2675, -3.0279 ], [ 104.2673, -3.0277 ], [ 104.2649, -3.0253 ], [ 104.2623, -3.0272 ], [ 104.2601, -3.0291 ], [ 104.2582, -3.0313 ], [ 104.2466, -3.0267 ], [ 104.2277, -3.0263 ], [ 104.2269, -3.0275 ], [ 104.22, -3.0355 ], [ 104.2145, -3.0394 ], [ 104.1981, -3.0491 ], [ 104.1926, -3.0519 ], [ 104.19, -3.053 ], [ 104.1872, -3.0537 ], [ 104.1842, -3.054 ], [ 104.1811, -3.0541 ], [ 104.1762, -3.0538 ], [ 104.176, -3.0538 ], [ 104.1726, -3.053 ], [ 104.168, -3.0513 ], [ 104.166, -3.0504 ], [ 104.1697, -3.0249 ], [ 104.1697, -3.0246 ], [ 104.1659, -3.0041 ], [ 104.1636, -2.9714 ], [ 104.1698, -2.9641 ], [ 104.1757, -2.9571 ], [ 104.1775, -2.9465 ], [ 104.1773, -2.9444 ], [ 104.1772, -2.9415 ], [ 104.1764, -2.9297 ], [ 104.1758, -2.9191 ], [ 104.1937, -2.9172 ], [ 104.2306, -2.9083 ], [ 104.2292, -2.8856 ], [ 104.2287, -2.8856 ], [ 104.2247, -2.8856 ], [ 104.2244, -2.8856 ], [ 104.2225, -2.8856 ], [ 104.2205, -2.8856 ], [ 104.2085, -2.8855 ], [ 104.2067, -2.8855 ], [ 104.2011, -2.8855 ], [ 104.1994, -2.8855 ], [ 104.1968, -2.8854 ], [ 104.1958, -2.8854 ], [ 104.1936, -2.8854 ], [ 104.1916, -2.8853 ], [ 104.1915, -2.8853 ], [ 104.1833, -2.8846 ], [ 104.183, -2.8846 ], [ 104.1708, -2.8725 ], [ 104.1707, -2.8715 ], [ 104.1803, -2.7851 ], [ 104.1817, -2.775 ], [ 104.1959, -2.7235 ], [ 104.2217, -2.6949 ], [ 104.2377, -2.6949 ], [ 104.2975, -2.6569 ], [ 104.2976, -2.6567 ], [ 104.2983, -2.6558 ], [ 104.2995, -2.6534 ], [ 104.3002, -2.6521 ], [ 104.3008, -2.6489 ], [ 104.2924, -2.6372 ], [ 104.2914, -2.6363 ], [ 104.2892, -2.6347 ], [ 104.284, -2.631 ], [ 104.2824, -2.6303 ], [ 104.2814, -2.6299 ], [ 104.2768, -2.6288 ], [ 104.2563, -2.6245 ], [ 104.2546, -2.6244 ], [ 104.2519, -2.6243 ], [ 104.2489, -2.6247 ], [ 104.2464, -2.6255 ], [ 104.2396, -2.6297 ], [ 104.2396, -2.6298 ], [ 104.2369, -2.6318 ], [ 104.2338, -2.6333 ], [ 104.2327, -2.6338 ], [ 104.2319, -2.6341 ], [ 104.2311, -2.6344 ], [ 104.2305, -2.6346 ], [ 104.2298, -2.6348 ], [ 104.229, -2.6351 ], [ 104.2245, -2.6356 ], [ 104.2218, -2.6352 ], [ 104.2211, -2.6351 ], [ 104.2208, -2.635 ], [ 104.2175, -2.6339 ], [ 104.2137, -2.6322 ], [ 104.213, -2.6317 ], [ 104.2123, -2.6312 ], [ 104.2096, -2.6293 ], [ 104.1801, -2.5982 ], [ 104.1801, -2.5976 ], [ 104.1793, -2.5913 ], [ 104.1792, -2.5896 ], [ 104.1787, -2.5735 ], [ 104.1674, -2.5595 ], [ 104.1632, -2.5543 ], [ 104.1598, -2.5503 ], [ 104.1597, -2.5502 ], [ 104.1564, -2.5465 ], [ 104.155, -2.5456 ], [ 104.1506, -2.5429 ], [ 104.1413, -2.537 ], [ 104.1217, -2.4959 ], [ 104.0875, -2.4853 ], [ 104.0641, -2.4524 ], [ 104.062, -2.4494 ], [ 104.0618, -2.449 ], [ 104.0581, -2.3925 ], [ 104.0545, -2.3739 ], [ 104.0548, -2.3621 ], [ 104.0565, -2.3423 ], [ 104.0611, -2.3296 ], [ 104.0633, -2.3278 ], [ 104.0695, -2.3231 ], [ 104.0886, -2.3111 ], [ 104.0888, -2.311 ], [ 104.0904, -2.3112 ], [ 104.0936, -2.3117 ], [ 104.1115, -2.3398 ], [ 104.127, -2.3641 ], [ 104.1601, -2.4153 ], [ 104.1703, -2.4128 ], [ 104.1767, -2.4112 ], [ 104.1881, -2.4084 ], [ 104.1922, -2.4096 ], [ 104.2022, -2.4126 ], [ 104.2202, -2.4179 ], [ 104.2357, -2.4224 ], [ 104.2592, -2.4293 ], [ 104.2768, -2.4345 ], [ 104.2769, -2.4344 ], [ 104.2958, -2.4183 ], [ 104.3046, -2.4162 ], [ 104.3403, -2.408 ], [ 104.3458, -2.4072 ], [ 104.3544, -2.4059 ], [ 104.3547, -2.4059 ], [ 104.356, -2.4059 ], [ 104.3844, -2.4066 ], [ 104.4004, -2.407 ], [ 104.4178, -2.4099 ], [ 104.4205, -2.4103 ], [ 104.4309, -2.4122 ], [ 104.4334, -2.4126 ], [ 104.4383, -2.4136 ], [ 104.4412, -2.4142 ], [ 104.4424, -2.4145 ], [ 104.4623, -2.415 ], [ 104.4703, -2.4145 ], [ 104.4728, -2.4144 ], [ 104.4778, -2.414 ], [ 104.4727, -2.4076 ], [ 104.4739, -2.4067 ], [ 104.4772, -2.404 ], [ 104.4779, -2.4034 ], [ 104.4934, -2.3913 ], [ 104.5038, -2.3833 ], [ 104.534, -2.3709 ], [ 104.5658, -2.3719 ], [ 104.6093, -2.3715 ], [ 104.6124, -2.3713 ], [ 104.6161, -2.3709 ], [ 104.6217, -2.3677 ], [ 104.6241, -2.3649 ], [ 104.6253, -2.3636 ], [ 104.6255, -2.3632 ], [ 104.6268, -2.3607 ], [ 104.6277, -2.359 ], [ 104.631, -2.3536 ], [ 104.6318, -2.3526 ], [ 104.6375, -2.3473 ], [ 104.6419, -2.3441 ], [ 104.6485, -2.3431 ], [ 104.6556, -2.3459 ], [ 104.6595, -2.3475 ], [ 104.6707, -2.3422 ], [ 104.684, -2.3353 ], [ 104.6353, -2.2428 ], [ 104.5986, -2.2486 ], [ 104.585, -2.2534 ], [ 104.5816, -2.2549 ], [ 104.5743, -2.2581 ], [ 104.569, -2.2603 ], [ 104.5676, -2.2608 ], [ 104.5657, -2.2615 ], [ 104.5627, -2.2625 ], [ 104.5594, -2.2634 ], [ 104.5593, -2.2634 ], [ 104.5582, -2.2628 ], [ 104.5543, -2.2576 ], [ 104.5503, -2.2523 ], [ 104.5437, -2.2434 ], [ 104.5438, -2.2433 ], [ 104.5225, -2.2256 ], [ 104.4911, -2.202 ], [ 104.4759, -2.2126 ], [ 104.4718, -2.2178 ], [ 104.4693, -2.2214 ], [ 104.4693, -2.2215 ], [ 104.4692, -2.2214 ], [ 104.4668, -2.2197 ], [ 104.4661, -2.2191 ], [ 104.4627, -2.2163 ], [ 104.4558, -2.2104 ], [ 104.4344, -2.1915 ], [ 104.4167, -2.1696 ], [ 104.4011, -2.1511 ], [ 104.3856, -2.1472 ], [ 104.3722, -2.1178 ], [ 104.3708, -2.1118 ], [ 104.3684, -2.1017 ], [ 104.3688, -2.0943 ], [ 104.3699, -2.0748 ], [ 104.3706, -2.0643 ], [ 104.3709, -2.0578 ], [ 104.3521, -2.032 ], [ 104.3296, -2.0145 ], [ 104.3141, -2.0042 ], [ 104.287, -1.9836 ], [ 104.2612, -1.9539 ], [ 104.2392, -1.9344 ], [ 104.2018, -1.9013 ], [ 104.1969, -1.8969 ], [ 104.1934, -1.8938 ], [ 104.1677, -1.865 ], [ 104.1611, -1.8577 ], [ 104.1521, -1.8383 ], [ 104.1519, -1.8368 ], [ 104.1495, -1.8183 ], [ 104.15, -1.8106 ], [ 104.1506, -1.8009 ], [ 104.1496, -1.7825 ], [ 104.1469, -1.7482 ], [ 104.1447, -1.727 ], [ 104.1904, -1.7148 ], [ 104.2786, -1.6921 ], [ 104.3318, -1.6784 ], [ 104.3366, -1.6772 ], [ 104.3399, -1.6762 ], [ 104.3423, -1.6756 ], [ 104.3512, -1.6662 ], [ 104.3545, -1.6624 ], [ 104.3598, -1.6559 ], [ 104.3598, -1.6504 ], [ 104.3596, -1.649 ], [ 104.3588, -1.643 ], [ 104.3585, -1.6429 ], [ 104.3735, -1.6375 ], [ 104.3741, -1.6373 ], [ 104.3751, -1.637 ], [ 104.405, -1.6296 ], [ 104.4174, -1.6282 ], [ 104.4279, -1.6287 ], [ 104.4651, -1.6444 ], [ 104.4745, -1.6524 ], [ 104.4749, -1.6531 ], [ 104.475, -1.6534 ], [ 104.475, -1.6536 ], [ 104.475, -1.6539 ], [ 104.475, -1.654 ], [ 104.4745, -1.6549 ], [ 104.474, -1.6554 ], [ 104.4737, -1.6555 ], [ 104.4732, -1.6558 ], [ 104.473, -1.6558 ], [ 104.4729, -1.6558 ], [ 104.4726, -1.6558 ], [ 104.4725, -1.6558 ], [ 104.4722, -1.6556 ], [ 104.4721, -1.6556 ], [ 104.4715, -1.6554 ], [ 104.4708, -1.6552 ], [ 104.4701, -1.6554 ], [ 104.4699, -1.6556 ], [ 104.4696, -1.6559 ], [ 104.4692, -1.6563 ], [ 104.4691, -1.6566 ], [ 104.469, -1.6567 ], [ 104.4687, -1.6574 ], [ 104.4686, -1.658 ], [ 104.4686, -1.6586 ], [ 104.4687, -1.659 ], [ 104.469, -1.6598 ], [ 104.4704, -1.6611 ], [ 104.4718, -1.6617 ], [ 104.4724, -1.662 ], [ 104.4855, -1.6673 ], [ 104.4887, -1.6683 ], [ 104.4906, -1.6678 ], [ 104.4923, -1.6795 ], [ 104.4925, -1.6806 ], [ 104.4935, -1.6816 ], [ 104.4939, -1.682 ], [ 104.4946, -1.6824 ], [ 104.4973, -1.6833 ], [ 104.498, -1.6832 ], [ 104.4984, -1.6831 ], [ 104.4988, -1.6823 ], [ 104.4992, -1.681 ], [ 104.5004, -1.6805 ], [ 104.5009, -1.6805 ], [ 104.5016, -1.6806 ], [ 104.5037, -1.6814 ], [ 104.5109, -1.6876 ], [ 104.5157, -1.6945 ], [ 104.52, -1.7009 ], [ 104.5238, -1.7082 ], [ 104.5309, -1.7262 ], [ 104.5334, -1.733 ], [ 104.5357, -1.7413 ], [ 104.5358, -1.7417 ], [ 104.5379, -1.7491 ], [ 104.5399, -1.7561 ], [ 104.5421, -1.766 ], [ 104.5425, -1.7749 ], [ 104.542, -1.7799 ], [ 104.5408, -1.7831 ], [ 104.5351, -1.7949 ], [ 104.5297, -1.7996 ], [ 104.5106, -1.8052 ], [ 104.5077, -1.8054 ], [ 104.5062, -1.8062 ], [ 104.5044, -1.8072 ], [ 104.5044, -1.8073 ], [ 104.491, -1.824 ], [ 104.4847, -1.8325 ], [ 104.4674, -1.8628 ], [ 104.4738, -1.9031 ], [ 104.4935, -1.9244 ], [ 104.4984, -1.926 ], [ 104.4991, -1.9262 ], [ 104.5022, -1.9267 ], [ 104.509, -1.9277 ], [ 104.5099, -1.9279 ], [ 104.5112, -1.9274 ], [ 104.5181, -1.9251 ], [ 104.5209, -1.9224 ], [ 104.5268, -1.9028 ], [ 104.5397, -1.8629 ], [ 104.5421, -1.8583 ], [ 104.5438, -1.8569 ], [ 104.5472, -1.8552 ], [ 104.5494, -1.8545 ], [ 104.551, -1.8544 ], [ 104.5734, -1.863 ], [ 104.5818, -1.8665 ], [ 104.5882, -1.8693 ], [ 104.5987, -1.8779 ], [ 104.6187, -1.8952 ], [ 104.6329, -1.9092 ], [ 104.6419, -1.918 ], [ 104.6431, -1.9256 ], [ 104.6432, -1.9272 ], [ 104.6423, -1.9333 ], [ 104.6421, -1.9339 ], [ 104.6419, -1.9343 ], [ 104.6412, -1.9349 ], [ 104.643, -1.9386 ], [ 104.6442, -1.941 ], [ 104.6454, -1.9436 ], [ 104.6472, -1.9475 ], [ 104.6547, -1.9588 ], [ 104.6552, -1.9596 ], [ 104.6564, -1.9613 ], [ 104.6583, -1.9643 ], [ 104.684, -2.0 ], [ 104.6893, -2.0 ], [ 104.7099, -2.0 ], [ 104.7447, -1.9968 ], [ 104.82, -2.0025 ], [ 104.8276, -2.0038 ], [ 104.8296, -2.0044 ], [ 104.8381, -2.0079 ], [ 104.8412, -2.0095 ], [ 104.8436, -2.0116 ], [ 104.8491, -2.0168 ], [ 104.8542, -2.0217 ], [ 104.8564, -2.0241 ], [ 104.8575, -2.0255 ], [ 104.8601, -2.0286 ], [ 104.8725, -2.0439 ], [ 104.8732, -2.0449 ], [ 104.8774, -2.0508 ], [ 104.8783, -2.0527 ], [ 104.8797, -2.0557 ], [ 104.8805, -2.0579 ], [ 104.8905, -2.0863 ], [ 104.8987, -2.1143 ], [ 104.9042, -2.1405 ], [ 104.9046, -2.1426 ], [ 104.9053, -2.1694 ], [ 104.9056, -2.1838 ], [ 104.9043, -2.1886 ], [ 104.9022, -2.1928 ], [ 104.8982, -2.1971 ], [ 104.8851, -2.2094 ], [ 104.8815, -2.2119 ], [ 104.8762, -2.2146 ], [ 104.8689, -2.2188 ], [ 104.8542, -2.2353 ], [ 104.8528, -2.2369 ], [ 104.8457, -2.2456 ], [ 104.8627, -2.2609 ], [ 104.872, -2.2693 ], [ 104.8797, -2.274 ], [ 104.8927, -2.282 ], [ 104.8975, -2.2809 ], [ 104.8988, -2.2807 ], [ 104.9018, -2.2804 ], [ 104.9038, -2.2804 ], [ 104.904, -2.2804 ], [ 104.9096, -2.2821 ], [ 104.9132, -2.2855 ], [ 104.9159, -2.2881 ], [ 104.9166, -2.2891 ], [ 104.9172, -2.2905 ], [ 104.9173, -2.2941 ], [ 104.9166, -2.3029 ], [ 104.9151, -2.3145 ], [ 104.9139, -2.3234 ], [ 104.9324, -2.3368 ], [ 104.9327, -2.337 ], [ 104.938, -2.3356 ], [ 104.9402, -2.3348 ], [ 104.943, -2.3337 ], [ 104.9461, -2.3324 ], [ 104.9498, -2.3312 ], [ 104.9544, -2.3298 ], [ 104.9573, -2.3295 ], [ 104.9655, -2.3296 ], [ 104.9998, -2.3312 ], [ 105.0027, -2.3316 ], [ 105.009, -2.3331 ], [ 105.0161, -2.3369 ], [ 105.0218, -2.34 ], [ 105.0303, -2.3456 ], [ 105.0659, -2.361 ], [ 105.1075, -2.3702 ], [ 105.1318, -2.3666 ], [ 105.1628, -2.3475 ], [ 105.2039, -2.3256 ], [ 105.2073, -2.3249 ], [ 105.2104, -2.325 ], [ 105.2148, -2.3267 ], [ 105.2212, -2.3315 ], [ 105.2259, -2.3364 ], [ 105.2349, -2.342 ], [ 105.2743, -2.3631 ], [ 105.2762, -2.3641 ], [ 105.2972, -2.3718 ], [ 105.3082, -2.374 ], [ 105.3348, -2.3759 ], [ 105.4001, -2.3838 ], [ 105.4806, -2.3855 ], [ 105.5024, -2.3881 ], [ 105.5481, -2.398 ], [ 105.5558, -2.4001 ], [ 105.563, -2.4041 ], [ 105.5682, -2.407 ], [ 105.57, -2.4085 ], [ 105.5718, -2.4105 ], [ 105.5723, -2.4126 ], [ 105.5717, -2.4136 ], [ 105.5677, -2.4148 ], [ 105.5635, -2.4154 ], [ 105.5609, -2.4155 ], [ 105.5615, -2.416 ] ] ], [ [ [ 106.2342, -3.2313 ], [ 106.2339, -3.2318 ], [ 106.2333, -3.2325 ], [ 106.2325, -3.2328 ], [ 106.2311, -3.233 ], [ 106.2297, -3.2327 ], [ 106.2203, -3.2279 ], [ 106.218, -3.2264 ], [ 106.2131, -3.2221 ], [ 106.2106, -3.2185 ], [ 106.2084, -3.2126 ], [ 106.2082, -3.2122 ], [ 106.2115, -3.2125 ], [ 106.2188, -3.2156 ], [ 106.2202, -3.2165 ], [ 106.2248, -3.2192 ], [ 106.2322, -3.2253 ], [ 106.2329, -3.2259 ], [ 106.2331, -3.2265 ], [ 106.2332, -3.2275 ], [ 106.2338, -3.2292 ], [ 106.234, -3.2303 ], [ 106.2342, -3.2313 ] ] ] ] } },
{ "type": "Feature", "properties": { "fid": 2, "id_wilayah": "M002", "id_parent": 100, "id_level_wilayah": 3, "nama_wilayah": "Bimindo" }, "geometry": { "type": "MultiPolygon", "coordinates": [ [ [ [ 124.8922, 1.4586 ], [ 124.8969, 1.4554 ], [ 124.8974, 1.4552 ], [ 124.8982, 1.455 ], [ 124.9004, 1.4548 ], [ 124.903, 1.4553 ], [ 124.9151, 1.4233 ], [ 124.9312, 1.3771 ], [ 124.9315, 1.376 ], [ 124.9315, 1.3755 ], [ 124.9314, 1.3751 ], [ 124.9314, 1.3745 ], [ 124.9312, 1.3741 ], [ 124.9262, 1.3568 ], [ 124.9238, 1.3526 ], [ 124.9669, 1.3129 ], [ 124.9812, 1.3113 ], [ 124.9814, 1.3115 ], [ 124.9815, 1.3118 ], [ 124.9818, 1.3124 ], [ 124.9825, 1.3131 ], [ 124.9946, 1.3265 ], [ 124.9949, 1.3268 ], [ 124.996, 1.3278 ], [ 124.9963, 1.3281 ], [ 124.9968, 1.3281 ], [ 124.997, 1.3281 ], [ 124.9982, 1.3274 ], [ 125.023, 1.3105 ], [ 125.0269, 1.3026 ], [ 125.0492, 1.2899 ], [ 125.0612, 1.2887 ], [ 125.0635, 1.286 ], [ 125.0635, 1.2851 ], [ 125.0635, 1.285 ], [ 125.0635, 1.2849 ], [ 125.0616, 1.2762 ], [ 125.0614, 1.2753 ], [ 125.0556, 1.2524 ], [ 125.047, 1.2191 ], [ 125.047, 1.2188 ], [ 125.0289, 1.1609 ], [ 125.0242, 1.1474 ], [ 125.0206, 1.1395 ], [ 125.0128, 1.1268 ], [ 125.0099, 1.1224 ], [ 124.9588, 1.0644 ], [ 124.9486, 1.0563 ], [ 124.9399, 1.0491 ], [ 124.9392, 1.0485 ], [ 124.9392, 1.0484 ], [ 124.9371, 1.0458 ], [ 124.937, 1.0456 ], [ 124.9366, 1.045 ], [ 124.9345, 1.0418 ], [ 124.9337, 1.0392 ], [ 124.9337, 1.0391 ], [ 124.9337, 1.039 ], [ 124.9336, 1.0388 ], [ 124.9335, 1.0387 ], [ 124.933, 1.0378 ], [ 124.911, 1.0183 ], [ 124.9107, 1.0183 ], [ 124.908, 1.0179 ], [ 124.8746, 1.0635 ], [ 124.8599, 1.0889 ], [ 124.8497, 1.1062 ], [ 124.8486, 1.108 ], [ 124.8472, 1.11 ], [ 124.8381, 1.1208 ], [ 124.8379, 1.121 ], [ 124.8374, 1.1213 ], [ 124.837, 1.1214 ], [ 124.8368, 1.1215 ], [ 124.8364, 1.1215 ], [ 124.8359, 1.1215 ], [ 124.8356, 1.1215 ], [ 124.8354, 1.1215 ], [ 124.7993, 1.1157 ], [ 124.7979, 1.1154 ], [ 124.7918, 1.1126 ], [ 124.7867, 1.11 ], [ 124.7852, 1.1084 ], [ 124.7847, 1.1054 ], [ 124.7844, 1.1047 ], [ 124.7828, 1.1031 ], [ 124.7716, 1.0966 ], [ 124.7708, 1.0964 ], [ 124.7699, 1.0964 ], [ 124.7602, 1.0976 ], [ 124.7585, 1.0983 ], [ 124.7444, 1.1087 ], [ 124.7387, 1.113 ], [ 124.7366, 1.115 ], [ 124.7381, 1.1247 ], [ 124.7356, 1.1648 ], [ 124.7353, 1.1657 ], [ 124.7305, 1.1881 ], [ 124.7324, 1.1886 ], [ 124.7353, 1.1901 ], [ 124.7357, 1.1903 ], [ 124.7366, 1.1909 ], [ 124.7371, 1.1913 ], [ 124.7382, 1.1922 ], [ 124.7384, 1.1924 ], [ 124.7388, 1.193 ], [ 124.7392, 1.1934 ], [ 124.7399, 1.1945 ], [ 124.752, 1.2231 ], [ 124.756, 1.2328 ], [ 124.7571, 1.2488 ], [ 124.7386, 1.2673 ], [ 124.7267, 1.2742 ], [ 124.7262, 1.2745 ], [ 124.7261, 1.2745 ], [ 124.7249, 1.274 ], [ 124.7238, 1.2733 ], [ 124.7217, 1.2721 ], [ 124.721, 1.2717 ], [ 124.721, 1.2716 ], [ 124.7208, 1.2717 ], [ 124.7207, 1.2717 ], [ 124.7201, 1.2717 ], [ 124.7141, 1.2744 ], [ 124.7135, 1.2751 ], [ 124.7131, 1.2756 ], [ 124.7057, 1.2853 ], [ 124.7056, 1.2854 ], [ 124.7052, 1.2886 ], [ 124.7052, 1.2901 ], [ 124.7059, 1.2913 ], [ 124.7064, 1.2921 ], [ 124.7101, 1.2958 ], [ 124.7121, 1.2968 ], [ 124.715, 1.2981 ], [ 124.7174, 1.299 ], [ 124.722, 1.3005 ], [ 124.7232, 1.3065 ], [ 124.723, 1.3153 ], [ 124.7227, 1.3166 ], [ 124.7184, 1.3243 ], [ 124.7177, 1.3255 ], [ 124.7171, 1.326 ], [ 124.7165, 1.3263 ], [ 124.7048, 1.3304 ], [ 124.7039, 1.3306 ], [ 124.657, 1.3374 ], [ 124.6518, 1.3381 ], [ 124.6452, 1.3384 ], [ 124.6444, 1.3384 ], [ 124.6435, 1.3382 ], [ 124.6435, 1.3381 ], [ 124.6429, 1.3377 ], [ 124.6426, 1.3374 ], [ 124.6422, 1.3369 ], [ 124.6417, 1.3361 ], [ 124.6383, 1.3348 ], [ 124.6371, 1.3346 ], [ 124.6243, 1.3356 ], [ 124.6224, 1.3361 ], [ 124.6199, 1.3373 ], [ 124.5884, 1.3532 ], [ 124.5826, 1.3566 ], [ 124.5753, 1.3702 ], [ 124.5655, 1.3785 ], [ 124.5735, 1.3893 ], [ 124.609, 1.4153 ], [ 124.6103, 1.4161 ], [ 124.615, 1.4181 ], [ 124.6169, 1.4186 ], [ 124.6177, 1.4187 ], [ 124.6179, 1.4188 ], [ 124.6182, 1.4188 ], [ 124.6218, 1.419 ], [ 124.6219, 1.419 ], [ 124.6234, 1.4188 ], [ 124.6237, 1.4188 ], [ 124.6274, 1.4155 ], [ 124.6336, 1.408 ], [ 124.6389, 1.4013 ], [ 124.6547, 1.3958 ], [ 124.6733, 1.394 ], [ 124.6734, 1.394 ], [ 124.6735, 1.394 ], [ 124.6736, 1.394 ], [ 124.6797, 1.3963 ], [ 124.6798, 1.3964 ], [ 124.6799, 1.3964 ], [ 124.7004, 1.4081 ], [ 124.741, 1.4364 ], [ 124.7411, 1.4364 ], [ 124.7411, 1.4365 ], [ 124.7412, 1.4366 ], [ 124.7421, 1.4379 ], [ 124.7423, 1.4385 ], [ 124.7427, 1.44 ], [ 124.7427, 1.4401 ], [ 124.7428, 1.4404 ], [ 124.7428, 1.4416 ], [ 124.7428, 1.4418 ], [ 124.7427, 1.4422 ], [ 124.7427, 1.4424 ], [ 124.7426, 1.4431 ], [ 124.7424, 1.4434 ], [ 124.7482, 1.4508 ], [ 124.7563, 1.4552 ], [ 124.7638, 1.4582 ], [ 124.7639, 1.4582 ], [ 124.764, 1.4582 ], [ 124.7843, 1.4612 ], [ 124.7889, 1.4614 ], [ 124.8098, 1.4595 ], [ 124.8114, 1.4593 ], [ 124.8114, 1.4592 ], [ 124.8115, 1.4591 ], [ 124.8116, 1.4585 ], [ 124.815, 1.4587 ], [ 124.8174, 1.4592 ], [ 124.8256, 1.464 ], [ 124.8265, 1.4648 ], [ 124.8292, 1.4691 ], [ 124.8324, 1.4746 ], [ 124.8426, 1.5047 ], [ 124.8426, 1.5049 ], [ 124.8427, 1.5051 ], [ 124.8442, 1.5114 ], [ 124.8444, 1.5122 ], [ 124.8445, 1.5126 ], [ 124.845, 1.5158 ], [ 124.845, 1.5173 ], [ 124.8451, 1.5177 ], [ 124.8449, 1.5188 ], [ 124.8449, 1.5189 ], [ 124.8448, 1.5193 ], [ 124.8446, 1.5198 ], [ 124.8435, 1.5228 ], [ 124.8428, 1.5243 ], [ 124.8428, 1.5244 ], [ 124.8426, 1.5249 ], [ 124.8423, 1.5254 ], [ 124.8422, 1.5257 ], [ 124.8415, 1.5269 ], [ 124.8413, 1.527 ], [ 124.841, 1.5274 ], [ 124.8408, 1.5277 ], [ 124.8406, 1.5279 ], [ 124.8403, 1.5281 ], [ 124.8401, 1.5283 ], [ 124.8392, 1.5286 ], [ 124.8386, 1.5288 ], [ 124.8094, 1.554 ], [ 124.8079, 1.5559 ], [ 124.8073, 1.5568 ], [ 124.804, 1.5633 ], [ 124.8035, 1.5643 ], [ 124.8035, 1.568 ], [ 124.8035, 1.5682 ], [ 124.8042, 1.5711 ], [ 124.8057, 1.5758 ], [ 124.8058, 1.5762 ], [ 124.8083, 1.5791 ], [ 124.8084, 1.5793 ], [ 124.8089, 1.5795 ], [ 124.8177, 1.5824 ], [ 124.818, 1.5824 ], [ 124.8181, 1.5824 ], [ 124.8252, 1.5822 ], [ 124.8257, 1.5799 ], [ 124.8259, 1.5796 ], [ 124.8264, 1.5789 ], [ 124.8279, 1.5769 ], [ 124.8406, 1.566 ], [ 124.8437, 1.5645 ], [ 124.8452, 1.5644 ], [ 124.8648, 1.5697 ], [ 124.8686, 1.5715 ], [ 124.8722, 1.5731 ], [ 124.8778, 1.5752 ], [ 124.9056, 1.5744 ], [ 124.9281, 1.5644 ], [ 124.9282, 1.5642 ], [ 124.9282, 1.564 ], [ 124.9273, 1.5373 ], [ 124.9189, 1.504 ], [ 124.9081, 1.4972 ], [ 124.8912, 1.4834 ], [ 124.886, 1.4721 ], [ 124.8849, 1.4664 ], [ 124.8922, 1.4586 ] ], [ [ 124.8094, 1.3871 ], [ 124.8094, 1.3861 ], [ 124.8095, 1.3856 ], [ 124.8095, 1.3855 ], [ 124.8097, 1.3849 ], [ 124.8101, 1.3838 ], [ 124.8106, 1.3827 ], [ 124.8109, 1.3823 ], [ 124.8114, 1.382 ], [ 124.8114, 1.3819 ], [ 124.8115, 1.3814 ], [ 124.8115, 1.3811 ], [ 124.8115, 1.3807 ], [ 124.8109, 1.3722 ], [ 124.8108, 1.3719 ], [ 124.8104, 1.3697 ], [ 124.8101, 1.369 ], [ 124.8098, 1.3679 ], [ 124.8097, 1.3678 ], [ 124.8097, 1.3677 ], [ 124.8089, 1.366 ], [ 124.8088, 1.3659 ], [ 124.8076, 1.364 ], [ 124.8057, 1.3612 ], [ 124.8043, 1.3601 ], [ 124.8033, 1.3595 ], [ 124.8029, 1.3592 ], [ 124.7642, 1.3377 ], [ 124.7453, 1.3345 ], [ 124.7452, 1.3345 ], [ 124.7441, 1.3333 ], [ 124.744, 1.333 ], [ 124.7437, 1.3324 ], [ 124.7408, 1.3181 ], [ 124.7404, 1.3156 ], [ 124.7404, 1.3136 ], [ 124.742, 1.3015 ], [ 124.7442, 1.2872 ], [ 124.7445, 1.2867 ], [ 124.7464, 1.2848 ], [ 124.7466, 1.2846 ], [ 124.7482, 1.2831 ], [ 124.7484, 1.2829 ], [ 124.7501, 1.2816 ], [ 124.7508, 1.2812 ], [ 124.753, 1.2797 ], [ 124.7555, 1.2787 ], [ 124.7562, 1.2787 ], [ 124.7571, 1.2789 ], [ 124.7586, 1.281 ], [ 124.7587, 1.2811 ], [ 124.7589, 1.2815 ], [ 124.7595, 1.2825 ], [ 124.7611, 1.2846 ], [ 124.7619, 1.2853 ], [ 124.7636, 1.2868 ], [ 124.7644, 1.2873 ], [ 124.7657, 1.2882 ], [ 124.7657, 1.2883 ], [ 124.7671, 1.2891 ], [ 124.7682, 1.2897 ], [ 124.7693, 1.29 ], [ 124.7698, 1.2901 ], [ 124.771, 1.2901 ], [ 124.7812, 1.2888 ], [ 124.7822, 1.2883 ], [ 124.7955, 1.2819 ], [ 124.8093, 1.2711 ], [ 124.8206, 1.2613 ], [ 124.8306, 1.256 ], [ 124.8534, 1.2649 ], [ 124.854, 1.2652 ], [ 124.8549, 1.2656 ], [ 124.855, 1.2658 ], [ 124.855, 1.2659 ], [ 124.8554, 1.2678 ], [ 124.8556, 1.2736 ], [ 124.8556, 1.2775 ], [ 124.8557, 1.2799 ], [ 124.8559, 1.2813 ], [ 124.856, 1.2823 ], [ 124.8588, 1.2907 ], [ 124.8831, 1.3274 ], [ 124.8909, 1.3339 ], [ 124.8944, 1.3525 ], [ 124.8942, 1.3545 ], [ 124.8923, 1.3578 ], [ 124.8918, 1.3583 ], [ 124.8875, 1.3595 ], [ 124.8869, 1.3596 ], [ 124.8864, 1.3595 ], [ 124.8852, 1.3591 ], [ 124.8818, 1.3578 ], [ 124.8649, 1.3519 ], [ 124.8377, 1.3821 ], [ 124.8376, 1.3822 ], [ 124.8372, 1.3837 ], [ 124.8368, 1.3894 ], [ 124.8371, 1.3911 ], [ 124.8373, 1.3915 ], [ 124.8376, 1.3918 ], [ 124.8391, 1.3941 ], [ 124.8404, 1.3968 ], [ 124.841, 1.3981 ], [ 124.8409, 1.4012 ], [ 124.8408, 1.4016 ], [ 124.8404, 1.4019 ], [ 124.8331, 1.4045 ], [ 124.8323, 1.4043 ], [ 124.8201, 1.4026 ], [ 124.8116, 1.3973 ], [ 124.8109, 1.3956 ], [ 124.8094, 1.3871 ] ] ], [ [ [ 125.2161, 1.3904 ], [ 125.2167, 1.3886 ], [ 125.2167, 1.3885 ], [ 125.2167, 1.3884 ], [ 125.2166, 1.3881 ], [ 125.2165, 1.3878 ], [ 125.2164, 1.3878 ], [ 125.2163, 1.3878 ], [ 125.2128, 1.3889 ], [ 125.2128, 1.389 ], [ 125.2141, 1.3906 ], [ 125.2143, 1.3908 ], [ 125.2149, 1.3911 ], [ 125.215, 1.3911 ], [ 125.2151, 1.3911 ], [ 125.2154, 1.3909 ], [ 125.2159, 1.3906 ], [ 125.2161, 1.3904 ] ] ], [ [ [ 125.2928, 1.544 ], [ 125.2918, 1.5408 ], [ 125.2929, 1.5365 ], [ 125.293, 1.536 ], [ 125.293, 1.5337 ], [ 125.293, 1.5336 ], [ 125.291, 1.5315 ], [ 125.2909, 1.5315 ], [ 125.2908, 1.5315 ], [ 125.2906, 1.5315 ], [ 125.2905, 1.5315 ], [ 125.2902, 1.5316 ], [ 125.29, 1.5317 ], [ 125.2884, 1.5304 ], [ 125.2863, 1.5275 ], [ 125.2806, 1.5162 ], [ 125.2749, 1.5042 ], [ 125.2748, 1.5038 ], [ 125.275, 1.4975 ], [ 125.275, 1.4973 ], [ 125.275, 1.4972 ], [ 125.2751, 1.4962 ], [ 125.2752, 1.4958 ], [ 125.2754, 1.4956 ], [ 125.2755, 1.4954 ], [ 125.276, 1.495 ], [ 125.2764, 1.4947 ], [ 125.2764, 1.4946 ], [ 125.2766, 1.4946 ], [ 125.2774, 1.4944 ], [ 125.2778, 1.4944 ], [ 125.2779, 1.4945 ], [ 125.278, 1.4946 ], [ 125.2781, 1.4948 ], [ 125.278, 1.4949 ], [ 125.278, 1.495 ], [ 125.278, 1.4951 ], [ 125.278, 1.4953 ], [ 125.278, 1.4954 ], [ 125.2781, 1.4955 ], [ 125.2782, 1.4955 ], [ 125.2783, 1.4956 ], [ 125.2789, 1.4959 ], [ 125.2795, 1.4958 ], [ 125.2817, 1.4952 ], [ 125.2817, 1.4951 ], [ 125.282, 1.4947 ], [ 125.282, 1.4946 ], [ 125.2827, 1.4871 ], [ 125.2823, 1.4855 ], [ 125.2738, 1.4654 ], [ 125.2705, 1.4624 ], [ 125.2677, 1.4583 ], [ 125.2676, 1.4583 ], [ 125.2618, 1.4476 ], [ 125.2617, 1.4475 ], [ 125.2616, 1.4474 ], [ 125.2616, 1.4473 ], [ 125.2615, 1.4454 ], [ 125.2616, 1.4396 ], [ 125.2526, 1.4111 ], [ 125.232, 1.4004 ], [ 125.2264, 1.3981 ], [ 125.2209, 1.3974 ], [ 125.2138, 1.3984 ], [ 125.2122, 1.3988 ], [ 125.2106, 1.3992 ], [ 125.2104, 1.3993 ], [ 125.2103, 1.3993 ], [ 125.2103, 1.3994 ], [ 125.2102, 1.3995 ], [ 125.2101, 1.3997 ], [ 125.2102, 1.3999 ], [ 125.2103, 1.4002 ], [ 125.2106, 1.4006 ], [ 125.2008, 1.4019 ], [ 125.1777, 1.3951 ], [ 125.1779, 1.3946 ], [ 125.1776, 1.3926 ], [ 125.1775, 1.3922 ], [ 125.1752, 1.3869 ], [ 125.1751, 1.3869 ], [ 125.174, 1.3874 ], [ 125.1728, 1.3886 ], [ 125.1728, 1.3887 ], [ 125.1694, 1.3939 ], [ 125.1691, 1.3945 ], [ 125.169, 1.3946 ], [ 125.169, 1.3947 ], [ 125.169, 1.3949 ], [ 125.1689, 1.3975 ], [ 125.1689, 1.3976 ], [ 125.169, 1.3976 ], [ 125.1713, 1.4011 ], [ 125.1688, 1.4004 ], [ 125.1687, 1.4003 ], [ 125.1686, 1.4002 ], [ 125.1685, 1.4002 ], [ 125.1684, 1.4003 ], [ 125.1684, 1.4004 ], [ 125.1669, 1.4036 ], [ 125.1669, 1.4037 ], [ 125.1669, 1.4038 ], [ 125.1669, 1.404 ], [ 125.1671, 1.4045 ], [ 125.1671, 1.4046 ], [ 125.1672, 1.4047 ], [ 125.1673, 1.4049 ], [ 125.1681, 1.4058 ], [ 125.1756, 1.4114 ], [ 125.1875, 1.4278 ], [ 125.2016, 1.4328 ], [ 125.204, 1.433 ], [ 125.2383, 1.4443 ], [ 125.2432, 1.4486 ], [ 125.2442, 1.4623 ], [ 125.2786, 1.5223 ], [ 125.2781, 1.5238 ], [ 125.2779, 1.5269 ], [ 125.2779, 1.5273 ], [ 125.2781, 1.5283 ], [ 125.2856, 1.5439 ], [ 125.286, 1.5446 ], [ 125.2862, 1.5448 ], [ 125.2885, 1.5479 ], [ 125.2887, 1.5481 ], [ 125.2892, 1.5483 ], [ 125.2922, 1.5493 ], [ 125.2925, 1.5493 ], [ 125.2928, 1.5487 ], [ 125.2934, 1.5474 ], [ 125.2935, 1.5463 ], [ 125.2935, 1.5461 ], [ 125.2928, 1.544 ] ] ], [ [ [ 125.1548, 1.5833 ], [ 125.1548, 1.5829 ], [ 125.1549, 1.5825 ], [ 125.1552, 1.5819 ], [ 125.1552, 1.5818 ], [ 125.1556, 1.581 ], [ 125.1566, 1.5797 ], [ 125.1567, 1.5795 ], [ 125.1574, 1.5786 ], [ 125.1577, 1.5783 ], [ 125.1578, 1.5781 ], [ 125.1583, 1.5775 ], [ 125.1671, 1.5685 ], [ 125.1694, 1.5663 ], [ 125.172, 1.5642 ], [ 125.1727, 1.5637 ], [ 125.1753, 1.5624 ], [ 125.1754, 1.5624 ], [ 125.1932, 1.5552 ], [ 125.2013, 1.5522 ], [ 125.2034, 1.5519 ], [ 125.2061, 1.5503 ], [ 125.2092, 1.5482 ], [ 125.2347, 1.5292 ], [ 125.2349, 1.5291 ], [ 125.2479, 1.5084 ], [ 125.2464, 1.5083 ], [ 125.2453, 1.5089 ], [ 125.2441, 1.5095 ], [ 125.2439, 1.5096 ], [ 125.2438, 1.5096 ], [ 125.2435, 1.5097 ], [ 125.2434, 1.5097 ], [ 125.2428, 1.5097 ], [ 125.2424, 1.5097 ], [ 125.2423, 1.5097 ], [ 125.2422, 1.5096 ], [ 125.2422, 1.5095 ], [ 125.2424, 1.5093 ], [ 125.2429, 1.5091 ], [ 125.243, 1.5091 ], [ 125.2434, 1.5092 ], [ 125.2435, 1.5092 ], [ 125.2436, 1.5092 ], [ 125.2438, 1.5092 ], [ 125.2439, 1.5092 ], [ 125.244, 1.5092 ], [ 125.2441, 1.5092 ], [ 125.2464, 1.507 ], [ 125.2469, 1.5056 ], [ 125.2469, 1.5055 ], [ 125.2468, 1.5055 ], [ 125.2467, 1.5056 ], [ 125.2466, 1.5056 ], [ 125.2463, 1.5059 ], [ 125.2462, 1.506 ], [ 125.2462, 1.5061 ], [ 125.2462, 1.5062 ], [ 125.2462, 1.5063 ], [ 125.2462, 1.5064 ], [ 125.2458, 1.5068 ], [ 125.2447, 1.5078 ], [ 125.2443, 1.5082 ], [ 125.2441, 1.5082 ], [ 125.2426, 1.5067 ], [ 125.2425, 1.5067 ], [ 125.2423, 1.5064 ], [ 125.2422, 1.5064 ], [ 125.2422, 1.5063 ], [ 125.2421, 1.5061 ], [ 125.2363, 1.4935 ], [ 125.2362, 1.4933 ], [ 125.2361, 1.4928 ], [ 125.2336, 1.4747 ], [ 125.2337, 1.4739 ], [ 125.2337, 1.4734 ], [ 125.2338, 1.4732 ], [ 125.2339, 1.4729 ], [ 125.2345, 1.4714 ], [ 125.2349, 1.4706 ], [ 125.2352, 1.4696 ], [ 125.2352, 1.4695 ], [ 125.2352, 1.4694 ], [ 125.2352, 1.4692 ], [ 125.2352, 1.4691 ], [ 125.2338, 1.4664 ], [ 125.2337, 1.4662 ], [ 125.2334, 1.4659 ], [ 125.2048, 1.4447 ], [ 125.1957, 1.4384 ], [ 125.1942, 1.4381 ], [ 125.1941, 1.4381 ], [ 125.1919, 1.4384 ], [ 125.1806, 1.4405 ], [ 125.1568, 1.4395 ], [ 125.1464, 1.4386 ], [ 125.1452, 1.4383 ], [ 125.142, 1.4375 ], [ 125.1415, 1.4372 ], [ 125.1272, 1.4289 ], [ 125.1271, 1.4288 ], [ 125.1267, 1.4284 ], [ 125.1265, 1.428 ], [ 125.1249, 1.4249 ], [ 125.1224, 1.417 ], [ 125.1227, 1.416 ], [ 125.1225, 1.4141 ], [ 125.1207, 1.4042 ], [ 125.1206, 1.4038 ], [ 125.1206, 1.4036 ], [ 125.1205, 1.4035 ], [ 125.1204, 1.4034 ], [ 125.1202, 1.4032 ], [ 125.1177, 1.4006 ], [ 125.1156, 1.3988 ], [ 125.1113, 1.3953 ], [ 125.1109, 1.395 ], [ 125.1083, 1.3936 ], [ 125.1078, 1.3933 ], [ 125.1078, 1.3934 ], [ 125.1052, 1.396 ], [ 125.1045, 1.3968 ], [ 125.1041, 1.3972 ], [ 125.1034, 1.3981 ], [ 125.1025, 1.3995 ], [ 125.1008, 1.403 ], [ 125.0927, 1.4211 ], [ 125.0925, 1.4217 ], [ 125.0923, 1.4225 ], [ 125.0921, 1.4241 ], [ 125.092, 1.4259 ], [ 125.0921, 1.4454 ], [ 125.0481, 1.4526 ], [ 125.0306, 1.4536 ], [ 125.0403, 1.464 ], [ 125.0829, 1.5123 ], [ 125.0832, 1.5127 ], [ 125.0835, 1.5132 ], [ 125.0906, 1.544 ], [ 125.0899, 1.5702 ], [ 125.1098, 1.5821 ], [ 125.1119, 1.5827 ], [ 125.1122, 1.5825 ], [ 125.1133, 1.5815 ], [ 125.1138, 1.5787 ], [ 125.1187, 1.5692 ], [ 125.1254, 1.5668 ], [ 125.1378, 1.5778 ], [ 125.1482, 1.5993 ], [ 125.1511, 1.5986 ], [ 125.1548, 1.5952 ], [ 125.1554, 1.5891 ], [ 125.1548, 1.5837 ], [ 125.1548, 1.5833 ] ] ], [ [ [ 124.7454, 1.6332 ], [ 124.7454, 1.6331 ], [ 124.7454, 1.633 ], [ 124.7453, 1.6329 ], [ 124.7451, 1.6328 ], [ 124.745, 1.6328 ], [ 124.7449, 1.6328 ], [ 124.7448, 1.6328 ], [ 124.7448, 1.6329 ], [ 124.7448, 1.633 ], [ 124.7447, 1.6331 ], [ 124.7446, 1.6331 ], [ 124.7445, 1.6331 ], [ 124.7444, 1.6329 ], [ 124.7444, 1.6328 ], [ 124.7446, 1.6325 ], [ 124.7446, 1.6324 ], [ 124.745, 1.6323 ], [ 124.7457, 1.632 ], [ 124.7458, 1.6322 ], [ 124.7458, 1.6325 ], [ 124.7457, 1.6325 ], [ 124.7456, 1.6324 ], [ 124.7456, 1.6323 ], [ 124.7455, 1.6323 ], [ 124.7455, 1.6324 ], [ 124.7454, 1.6325 ], [ 124.7454, 1.6326 ], [ 124.7454, 1.6327 ], [ 124.7455, 1.6328 ], [ 124.7457, 1.633 ], [ 124.7457, 1.6331 ], [ 124.7458, 1.6331 ], [ 124.7459, 1.6332 ], [ 124.746, 1.6331 ], [ 124.7466, 1.6329 ], [ 124.7467, 1.6328 ], [ 124.748, 1.6317 ], [ 124.7484, 1.6311 ], [ 124.7511, 1.6295 ], [ 124.7516, 1.6292 ], [ 124.7524, 1.6289 ], [ 124.7542, 1.6283 ], [ 124.7575, 1.6274 ], [ 124.7619, 1.6267 ], [ 124.7642, 1.6266 ], [ 124.7675, 1.6267 ], [ 124.7685, 1.6271 ], [ 124.7686, 1.6273 ], [ 124.7701, 1.6279 ], [ 124.771, 1.6283 ], [ 124.7716, 1.6285 ], [ 124.7729, 1.6287 ], [ 124.773, 1.6287 ], [ 124.774, 1.6285 ], [ 124.7752, 1.6277 ], [ 124.7752, 1.6276 ], [ 124.7755, 1.6272 ], [ 124.7766, 1.6256 ], [ 124.777, 1.6249 ], [ 124.7775, 1.624 ], [ 124.7815, 1.6118 ], [ 124.7816, 1.6008 ], [ 124.7816, 1.5958 ], [ 124.7816, 1.5956 ], [ 124.7815, 1.5954 ], [ 124.7814, 1.5953 ], [ 124.7813, 1.5952 ], [ 124.7812, 1.5951 ], [ 124.7811, 1.5951 ], [ 124.7808, 1.5951 ], [ 124.7806, 1.5951 ], [ 124.7803, 1.5952 ], [ 124.7801, 1.5952 ], [ 124.7797, 1.5954 ], [ 124.7796, 1.5954 ], [ 124.7795, 1.5954 ], [ 124.7376, 1.6164 ], [ 124.7368, 1.617 ], [ 124.7367, 1.617 ], [ 124.736, 1.6178 ], [ 124.7359, 1.618 ], [ 124.7357, 1.6215 ], [ 124.7357, 1.6216 ], [ 124.7369, 1.6274 ], [ 124.7369, 1.6275 ], [ 124.7389, 1.6309 ], [ 124.7396, 1.6313 ], [ 124.7424, 1.6329 ], [ 124.7439, 1.6335 ], [ 124.7442, 1.6335 ], [ 124.7444, 1.6335 ], [ 124.7445, 1.6335 ], [ 124.7452, 1.6333 ], [ 124.7453, 1.6333 ], [ 124.7454, 1.6332 ] ] ], [ [ [ 124.8044, 1.6328 ], [ 124.8045, 1.6324 ], [ 124.8049, 1.6315 ], [ 124.805, 1.6312 ], [ 124.8052, 1.6306 ], [ 124.8052, 1.6304 ], [ 124.8052, 1.6301 ], [ 124.8052, 1.63 ], [ 124.8053, 1.6299 ], [ 124.8052, 1.6296 ], [ 124.8052, 1.6294 ], [ 124.8052, 1.6293 ], [ 124.8052, 1.6291 ], [ 124.8051, 1.6289 ], [ 124.805, 1.6287 ], [ 124.8049, 1.6285 ], [ 124.8047, 1.6282 ], [ 124.8046, 1.628 ], [ 124.8044, 1.6278 ], [ 124.804, 1.6274 ], [ 124.8037, 1.6271 ], [ 124.8036, 1.6271 ], [ 124.8034, 1.627 ], [ 124.8033, 1.627 ], [ 124.8027, 1.627 ], [ 124.8025, 1.6271 ], [ 124.8023, 1.6272 ], [ 124.8015, 1.6275 ], [ 124.8004, 1.628 ], [ 124.8002, 1.6282 ], [ 124.7999, 1.6286 ], [ 124.7994, 1.6296 ], [ 124.7993, 1.6299 ], [ 124.7992, 1.6306 ], [ 124.7992, 1.6308 ], [ 124.7992, 1.6312 ], [ 124.7992, 1.6313 ], [ 124.8001, 1.636 ], [ 124.8002, 1.6364 ], [ 124.8005, 1.6369 ], [ 124.8007, 1.637 ], [ 124.8008, 1.637 ], [ 124.8009, 1.637 ], [ 124.8009, 1.6369 ], [ 124.8013, 1.6364 ], [ 124.8027, 1.635 ], [ 124.8029, 1.6348 ], [ 124.8033, 1.6343 ], [ 124.8044, 1.6328 ] ] ], [ [ [ 124.7163, 1.635 ], [ 124.716, 1.6296 ], [ 124.7159, 1.6286 ], [ 124.7157, 1.628 ], [ 124.7126, 1.625 ], [ 124.7125, 1.625 ], [ 124.7117, 1.6243 ], [ 124.711, 1.6237 ], [ 124.7105, 1.6234 ], [ 124.7104, 1.6234 ], [ 124.703, 1.6193 ], [ 124.6983, 1.6169 ], [ 124.697, 1.617 ], [ 124.6925, 1.6179 ], [ 124.6873, 1.6198 ], [ 124.6835, 1.623 ], [ 124.6823, 1.6254 ], [ 124.6814, 1.6312 ], [ 124.6813, 1.632 ], [ 124.6813, 1.6327 ], [ 124.6819, 1.6365 ], [ 124.6819, 1.6366 ], [ 124.6824, 1.6375 ], [ 124.6849, 1.6423 ], [ 124.6864, 1.6438 ], [ 124.6903, 1.6468 ], [ 124.6953, 1.6478 ], [ 124.702, 1.649 ], [ 124.7025, 1.6488 ], [ 124.7058, 1.6482 ], [ 124.7146, 1.642 ], [ 124.7159, 1.6398 ], [ 124.7163, 1.6366 ], [ 124.7163, 1.635 ] ] ] ] } },
{ "type": "Feature", "properties": { "fid": 3, "id_wilayah": "M008", "id_parent": 100, "id_level_wilayah": 3, "nama_wilayah": "Mebidangro" }, "geometry": { "type": "MultiPolygon", "coordinates": [ [ [ [ 98.0716, 3.3153 ], [ 98.0737, 3.3162 ], [ 98.0785, 3.3198 ], [ 98.0828, 3.3195 ], [ 98.0854, 3.3187 ], [ 98.0952, 3.3157 ], [ 98.0993, 3.3139 ], [ 98.1015, 3.311 ], [ 98.1031, 3.3086 ], [ 98.1062, 3.3042 ], [ 98.1085, 3.2996 ], [ 98.1079, 3.2952 ], [ 98.1077, 3.2912 ], [ 98.1087, 3.2887 ], [ 98.1153, 3.2751 ], [ 98.1179, 3.2699 ], [ 98.1208, 3.2663 ], [ 98.1242, 3.2654 ], [ 98.1364, 3.2655 ], [ 98.1393, 3.2659 ], [ 98.1424, 3.2665 ], [ 98.1517, 3.2721 ], [ 98.1547, 3.2744 ], [ 98.1593, 3.2769 ], [ 98.16, 3.2773 ], [ 98.164, 3.2792 ], [ 98.1659, 3.2798 ], [ 98.1662, 3.2799 ], [ 98.1679, 3.2803 ], [ 98.2177, 3.2843 ], [ 98.219, 3.2829 ], [ 98.2201, 3.2807 ], [ 98.2205, 3.279 ], [ 98.221, 3.2769 ], [ 98.2217, 3.2736 ], [ 98.2232, 3.2707 ], [ 98.2245, 3.2697 ], [ 98.2262, 3.2685 ], [ 98.2327, 3.2637 ], [ 98.2589, 3.25 ], [ 98.2612, 3.2493 ], [ 98.2624, 3.2493 ], [ 98.2637, 3.2498 ], [ 98.269, 3.2519 ], [ 98.2749, 3.2541 ], [ 98.2857, 3.2553 ], [ 98.2866, 3.2551 ], [ 98.2875, 3.2548 ], [ 98.288, 3.2544 ], [ 98.2885, 3.2537 ], [ 98.2889, 3.2528 ], [ 98.2956, 3.2351 ], [ 98.2976, 3.2287 ], [ 98.3348, 3.2191 ], [ 98.3378, 3.2187 ], [ 98.34, 3.2184 ], [ 98.3439, 3.2196 ], [ 98.349, 3.2219 ], [ 98.3556, 3.2278 ], [ 98.3596, 3.2325 ], [ 98.3622, 3.2369 ], [ 98.3663, 3.2453 ], [ 98.3654, 3.2466 ], [ 98.3637, 3.248 ], [ 98.3621, 3.2495 ], [ 98.361, 3.2509 ], [ 98.355, 3.271 ], [ 98.3521, 3.2845 ], [ 98.3994, 3.2617 ], [ 98.4, 3.2574 ], [ 98.4, 3.2528 ], [ 98.4098, 3.2474 ], [ 98.4299, 3.2365 ], [ 98.4319, 3.236 ], [ 98.4339, 3.2364 ], [ 98.4359, 3.2376 ], [ 98.4378, 3.2397 ], [ 98.4412, 3.2441 ], [ 98.4442, 3.2472 ], [ 98.4534, 3.2538 ], [ 98.4593, 3.2538 ], [ 98.4685, 3.2633 ], [ 98.5016, 3.2994 ], [ 98.5092, 3.3078 ], [ 98.5092, 3.3083 ], [ 98.5092, 3.3087 ], [ 98.5092, 3.3166 ], [ 98.5088, 3.3212 ], [ 98.5003, 3.3737 ], [ 98.4958, 3.3896 ], [ 98.5029, 3.4372 ], [ 98.5084, 3.4729 ], [ 98.51, 3.4805 ], [ 98.5114, 3.4855 ], [ 98.5197, 3.5097 ], [ 98.5246, 3.5202 ], [ 98.5246, 3.5203 ], [ 98.525, 3.5216 ], [ 98.5251, 3.5218 ], [ 98.5103, 3.5528 ], [ 98.5072, 3.5568 ], [ 98.4994, 3.5649 ], [ 98.4976, 3.5647 ], [ 98.4977, 3.561 ], [ 98.4977, 3.559 ], [ 98.4779, 3.5283 ], [ 98.4765, 3.5277 ], [ 98.4764, 3.5277 ], [ 98.4719, 3.5278 ], [ 98.4531, 3.5295 ], [ 98.4457, 3.5379 ], [ 98.4469, 3.5668 ], [ 98.4451, 3.5984 ], [ 98.4409, 3.6075 ], [ 98.4408, 3.6083 ], [ 98.4413, 3.6098 ], [ 98.4427, 3.6128 ], [ 98.4614, 3.6154 ], [ 98.4738, 3.6169 ], [ 98.4746, 3.6273 ], [ 98.4747, 3.6297 ], [ 98.4748, 3.6313 ], [ 98.4748, 3.6354 ], [ 98.4748, 3.6361 ], [ 98.4725, 3.6475 ], [ 98.4885, 3.6675 ], [ 98.5015, 3.6725 ], [ 98.5015, 3.6739 ], [ 98.5015, 3.6754 ], [ 98.5016, 3.6762 ], [ 98.5017, 3.6773 ], [ 98.5025, 3.6835 ], [ 98.5138, 3.7547 ], [ 98.5387, 3.7967 ], [ 98.541, 3.7967 ], [ 98.5451, 3.7967 ], [ 98.5555, 3.7983 ], [ 98.5627, 3.8008 ], [ 98.5757, 3.8061 ], [ 98.5818, 3.8099 ], [ 98.582, 3.8101 ], [ 98.6034, 3.8346 ], [ 98.6035, 3.8349 ], [ 98.6039, 3.8355 ], [ 98.6042, 3.8362 ], [ 98.6099, 3.8555 ], [ 98.6088, 3.8584 ], [ 98.6113, 3.866 ], [ 98.6193, 3.8801 ], [ 98.6201, 3.8811 ], [ 98.6228, 3.8836 ], [ 98.6234, 3.8841 ], [ 98.6545, 3.9051 ], [ 98.6563, 3.9058 ], [ 98.6645, 3.9073 ], [ 98.6701, 3.9083 ], [ 98.6807, 3.9024 ], [ 98.6892, 3.8927 ], [ 98.6935, 3.8871 ], [ 98.6989, 3.8736 ], [ 98.7006, 3.8689 ], [ 98.7006, 3.8687 ], [ 98.7007, 3.8685 ], [ 98.7007, 3.8684 ], [ 98.7007, 3.8682 ], [ 98.7007, 3.8681 ], [ 98.7006, 3.868 ], [ 98.7006, 3.8679 ], [ 98.7005, 3.8678 ], [ 98.6979, 3.8651 ], [ 98.6969, 3.8635 ], [ 98.6969, 3.8625 ], [ 98.6971, 3.8583 ], [ 98.7001, 3.8234 ], [ 98.7016, 3.8167 ], [ 98.7025, 3.8128 ], [ 98.704, 3.8103 ], [ 98.7078, 3.8037 ], [ 98.708, 3.8032 ], [ 98.7083, 3.8027 ], [ 98.7084, 3.8021 ], [ 98.709, 3.7998 ], [ 98.7105, 3.7931 ], [ 98.7105, 3.7913 ], [ 98.7047, 3.7905 ], [ 98.7102, 3.7902 ], [ 98.7125, 3.7912 ], [ 98.7201, 3.7944 ], [ 98.7069, 3.7724 ], [ 98.7054, 3.7697 ], [ 98.7041, 3.7667 ], [ 98.704, 3.7664 ], [ 98.7019, 3.7512 ], [ 98.7047, 3.7663 ], [ 98.7052, 3.7686 ], [ 98.7069, 3.7706 ], [ 98.7086, 3.7719 ], [ 98.7236, 3.7743 ], [ 98.7364, 3.772 ], [ 98.7448, 3.7689 ], [ 98.7592, 3.7599 ], [ 98.76, 3.7589 ], [ 98.7602, 3.7587 ], [ 98.7604, 3.7584 ], [ 98.7605, 3.7583 ], [ 98.7608, 3.7567 ], [ 98.7608, 3.7565 ], [ 98.7608, 3.7564 ], [ 98.7624, 3.7524 ], [ 98.7649, 3.7477 ], [ 98.774, 3.7324 ], [ 98.7867, 3.7274 ], [ 98.8322, 3.7071 ], [ 98.8737, 3.6881 ], [ 98.8796, 3.6862 ], [ 98.8806, 3.6859 ], [ 98.8818, 3.6855 ], [ 98.8839, 3.685 ], [ 98.8874, 3.6842 ], [ 98.8981, 3.6817 ], [ 98.8989, 3.6816 ], [ 98.9418, 3.676 ], [ 98.9443, 3.6757 ], [ 98.9514, 3.679 ], [ 98.9531, 3.6743 ], [ 98.9435, 3.6404 ], [ 98.9385, 3.6245 ], [ 98.9381, 3.6238 ], [ 98.938, 3.6235 ], [ 98.9375, 3.6228 ], [ 98.9375, 3.6227 ], [ 98.9368, 3.6218 ], [ 98.9367, 3.6218 ], [ 98.9351, 3.6199 ], [ 98.93, 3.6148 ], [ 98.9299, 3.6148 ], [ 98.929, 3.6143 ], [ 98.9286, 3.6141 ], [ 98.9274, 3.6138 ], [ 98.927, 3.6137 ], [ 98.9264, 3.6135 ], [ 98.9261, 3.6134 ], [ 98.926, 3.6133 ], [ 98.9255, 3.6131 ], [ 98.9251, 3.6127 ], [ 98.9231, 3.61 ], [ 98.9229, 3.6096 ], [ 98.9194, 3.6009 ], [ 98.919, 3.5991 ], [ 98.9187, 3.5853 ], [ 98.9187, 3.5839 ], [ 98.9187, 3.5838 ], [ 98.9188, 3.5829 ], [ 98.919, 3.5823 ], [ 98.9235, 3.5754 ], [ 98.926, 3.5729 ], [ 98.9264, 3.5726 ], [ 98.9309, 3.5521 ], [ 98.9359, 3.5251 ], [ 98.936, 3.5248 ], [ 98.9369, 3.519 ], [ 98.9369, 3.5185 ], [ 98.9368, 3.5154 ], [ 98.936, 3.4986 ], [ 98.9358, 3.4967 ], [ 98.935, 3.4924 ], [ 98.9349, 3.4921 ], [ 98.9345, 3.4911 ], [ 98.9317, 3.4848 ], [ 98.9198, 3.4599 ], [ 98.9152, 3.4525 ], [ 98.9148, 3.4521 ], [ 98.9143, 3.4514 ], [ 98.9143, 3.4509 ], [ 98.9142, 3.4482 ], [ 98.9156, 3.4284 ], [ 98.9179, 3.4113 ], [ 98.9183, 3.4101 ], [ 98.9185, 3.4098 ], [ 98.9191, 3.4089 ], [ 98.9194, 3.4085 ], [ 98.9196, 3.4081 ], [ 98.9199, 3.4074 ], [ 98.9205, 3.4058 ], [ 98.9208, 3.4051 ], [ 98.9212, 3.402 ], [ 98.9212, 3.4017 ], [ 98.9214, 3.399 ], [ 98.9209, 3.3834 ], [ 98.9201, 3.3709 ], [ 98.9199, 3.3694 ], [ 98.9155, 3.362 ], [ 98.914, 3.36 ], [ 98.9104, 3.3585 ], [ 98.8798, 3.3503 ], [ 98.847, 3.3372 ], [ 98.8359, 3.3305 ], [ 98.8355, 3.33 ], [ 98.8048, 3.304 ], [ 98.7748, 3.268 ], [ 98.7734, 3.2662 ], [ 98.7535, 3.24 ], [ 98.7501, 3.2337 ], [ 98.7497, 3.2336 ], [ 98.7491, 3.2334 ], [ 98.7486, 3.2331 ], [ 98.7428, 3.2296 ], [ 98.7406, 3.2279 ], [ 98.7401, 3.2274 ], [ 98.7372, 3.224 ], [ 98.7364, 3.223 ], [ 98.7287, 3.2125 ], [ 98.7267, 3.2091 ], [ 98.7252, 3.2058 ], [ 98.7249, 3.2053 ], [ 98.7249, 3.2048 ], [ 98.725, 3.2044 ], [ 98.7289, 3.1793 ], [ 98.7435, 3.1745 ], [ 98.7432, 3.1663 ], [ 98.7404, 3.1609 ], [ 98.7306, 3.1498 ], [ 98.7294, 3.1485 ], [ 98.7206, 3.1412 ], [ 98.7172, 3.133 ], [ 98.7157, 3.1275 ], [ 98.7104, 3.105 ], [ 98.7074, 3.0851 ], [ 98.7058, 3.0638 ], [ 98.7043, 3.0598 ], [ 98.6999, 3.0515 ], [ 98.6948, 3.0521 ], [ 98.6947, 3.0521 ], [ 98.6946, 3.0522 ], [ 98.6945, 3.0523 ], [ 98.6944, 3.0526 ], [ 98.6944, 3.0527 ], [ 98.695, 3.0547 ], [ 98.6952, 3.0549 ], [ 98.6953, 3.055 ], [ 98.6955, 3.0551 ], [ 98.6956, 3.0552 ], [ 98.6957, 3.0556 ], [ 98.6958, 3.0561 ], [ 98.6958, 3.0563 ], [ 98.6945, 3.0642 ], [ 98.6944, 3.0644 ], [ 98.692, 3.0669 ], [ 98.6917, 3.0671 ], [ 98.6903, 3.0677 ], [ 98.6734, 3.0713 ], [ 98.6545, 3.0667 ], [ 98.6273, 3.0625 ], [ 98.6247, 3.0635 ], [ 98.6241, 3.0655 ], [ 98.6221, 3.0718 ], [ 98.6216, 3.0777 ], [ 98.6205, 3.0891 ], [ 98.6172, 3.0972 ], [ 98.6134, 3.1013 ], [ 98.6071, 3.1043 ], [ 98.607, 3.1043 ], [ 98.6053, 3.1041 ], [ 98.6051, 3.1004 ], [ 98.6045, 3.0992 ], [ 98.5848, 3.0704 ], [ 98.5565, 3.0272 ], [ 98.5564, 3.027 ], [ 98.552, 3.003 ], [ 98.551, 2.9861 ], [ 98.5499, 2.9734 ], [ 98.5475, 2.9494 ], [ 98.5466, 2.9469 ], [ 98.5455, 2.9442 ], [ 98.5454, 2.9439 ], [ 98.5412, 2.9358 ], [ 98.5402, 2.9345 ], [ 98.535, 2.9282 ], [ 98.5347, 2.9274 ], [ 98.5342, 2.9256 ], [ 98.5338, 2.9214 ], [ 98.5326, 2.9052 ], [ 98.5327, 2.9043 ], [ 98.5345, 2.9024 ], [ 98.5379, 2.8993 ], [ 98.5399, 2.8976 ], [ 98.5404, 2.8972 ], [ 98.5411, 2.8969 ], [ 98.5501, 2.8944 ], [ 98.5503, 2.882 ], [ 98.5432, 2.8804 ], [ 98.5433, 2.8808 ], [ 98.5435, 2.8824 ], [ 98.5434, 2.8827 ], [ 98.5406, 2.8881 ], [ 98.5359, 2.8951 ], [ 98.5289, 2.8972 ], [ 98.522, 2.8956 ], [ 98.5217, 2.8954 ], [ 98.5215, 2.8951 ], [ 98.5215, 2.8948 ], [ 98.5184, 2.8799 ], [ 98.5184, 2.8796 ], [ 98.5188, 2.8771 ], [ 98.5189, 2.8768 ], [ 98.5192, 2.8764 ], [ 98.5195, 2.8761 ], [ 98.52, 2.8759 ], [ 98.521, 2.8755 ], [ 98.5209, 2.8743 ], [ 98.5184, 2.8726 ], [ 98.5172, 2.8718 ], [ 98.5159, 2.871 ], [ 98.5153, 2.8707 ], [ 98.5143, 2.8702 ], [ 98.4938, 2.8625 ], [ 98.486, 2.8604 ], [ 98.4825, 2.8602 ], [ 98.4771, 2.8632 ], [ 98.473, 2.8654 ], [ 98.4452, 2.8903 ], [ 98.4305, 2.915 ], [ 98.3962, 2.9237 ], [ 98.3961, 2.9237 ], [ 98.3949, 2.9237 ], [ 98.3948, 2.9237 ], [ 98.3942, 2.9238 ], [ 98.394, 2.9238 ], [ 98.3939, 2.9238 ], [ 98.3923, 2.9241 ], [ 98.3919, 2.9242 ], [ 98.3865, 2.9252 ], [ 98.3687, 2.9324 ], [ 98.3685, 2.9325 ], [ 98.3678, 2.933 ], [ 98.3677, 2.9331 ], [ 98.3672, 2.9335 ], [ 98.3656, 2.935 ], [ 98.365, 2.9357 ], [ 98.3644, 2.9364 ], [ 98.3638, 2.9372 ], [ 98.3635, 2.9376 ], [ 98.3623, 2.9394 ], [ 98.3614, 2.9409 ], [ 98.3594, 2.9442 ], [ 98.3544, 2.9526 ], [ 98.3544, 2.9527 ], [ 98.3536, 2.954 ], [ 98.3533, 2.9545 ], [ 98.3527, 2.9557 ], [ 98.3517, 2.9575 ], [ 98.3516, 2.9578 ], [ 98.3485, 2.9627 ], [ 98.3477, 2.9635 ], [ 98.3473, 2.9638 ], [ 98.3443, 2.9662 ], [ 98.3113, 2.9712 ], [ 98.3077, 2.9717 ], [ 98.2998, 2.9713 ], [ 98.2989, 2.9713 ], [ 98.2958, 2.9706 ], [ 98.2937, 2.9701 ], [ 98.2499, 2.9323 ], [ 98.2495, 2.9319 ], [ 98.249, 2.9315 ], [ 98.2488, 2.9312 ], [ 98.2487, 2.9313 ], [ 98.2486, 2.9313 ], [ 98.2467, 2.9324 ], [ 98.245, 2.9335 ], [ 98.2418, 2.936 ], [ 98.2313, 2.9443 ], [ 98.2286, 2.9465 ], [ 98.2264, 2.9483 ], [ 98.2219, 2.9523 ], [ 98.2212, 2.9533 ], [ 98.2069, 2.9771 ], [ 98.1959, 3.001 ], [ 98.1927, 3.0171 ], [ 98.1924, 3.0189 ], [ 98.1922, 3.0201 ], [ 98.192, 3.0212 ], [ 98.1923, 3.0224 ], [ 98.1925, 3.0235 ], [ 98.1931, 3.0246 ], [ 98.1939, 3.0258 ], [ 98.1945, 3.0267 ], [ 98.1947, 3.027 ], [ 98.1954, 3.0282 ], [ 98.1964, 3.0299 ], [ 98.1969, 3.0309 ], [ 98.1974, 3.032 ], [ 98.1981, 3.041 ], [ 98.1983, 3.043 ], [ 98.1982, 3.0439 ], [ 98.1982, 3.0445 ], [ 98.198, 3.0456 ], [ 98.1978, 3.0462 ], [ 98.1976, 3.0468 ], [ 98.1967, 3.049 ], [ 98.1962, 3.05 ], [ 98.1831, 3.0666 ], [ 98.1816, 3.0682 ], [ 98.1593, 3.0702 ], [ 98.1557, 3.0672 ], [ 98.1549, 3.0662 ], [ 98.1404, 3.0545 ], [ 98.1314, 3.0522 ], [ 98.1143, 3.054 ], [ 98.1138, 3.0542 ], [ 98.1093, 3.0554 ], [ 98.1078, 3.0562 ], [ 98.0787, 3.0736 ], [ 98.0785, 3.0738 ], [ 98.0783, 3.0739 ], [ 98.0778, 3.0743 ], [ 98.0773, 3.0746 ], [ 98.0771, 3.075 ], [ 98.0761, 3.079 ], [ 98.0758, 3.0807 ], [ 98.0751, 3.0855 ], [ 98.0712, 3.0955 ], [ 98.0696, 3.0991 ], [ 98.0678, 3.1027 ], [ 98.0677, 3.1028 ], [ 98.0674, 3.1033 ], [ 98.0665, 3.1044 ], [ 98.0535, 3.1189 ], [ 98.0525, 3.1198 ], [ 98.0521, 3.1201 ], [ 98.0517, 3.1205 ], [ 98.0506, 3.1209 ], [ 98.037, 3.1237 ], [ 98.0361, 3.1239 ], [ 98.0349, 3.1239 ], [ 98.0344, 3.1239 ], [ 98.0343, 3.1239 ], [ 98.0326, 3.1238 ], [ 98.0321, 3.1237 ], [ 98.0318, 3.1237 ], [ 98.0313, 3.1236 ], [ 98.0307, 3.1234 ], [ 98.03, 3.1232 ], [ 98.0293, 3.1229 ], [ 98.0288, 3.1226 ], [ 98.0286, 3.1224 ], [ 98.0285, 3.1223 ], [ 98.028, 3.1217 ], [ 98.0279, 3.1209 ], [ 98.028, 3.1053 ], [ 98.0281, 3.1043 ], [ 98.0281, 3.1042 ], [ 98.0294, 3.1003 ], [ 98.0308, 3.0983 ], [ 98.0309, 3.0982 ], [ 98.0317, 3.0974 ], [ 98.0325, 3.0966 ], [ 98.0327, 3.0964 ], [ 98.0339, 3.0952 ], [ 98.0348, 3.0939 ], [ 98.0356, 3.0925 ], [ 98.0362, 3.0912 ], [ 98.0368, 3.0895 ], [ 98.0377, 3.0866 ], [ 98.0378, 3.0862 ], [ 98.038, 3.0851 ], [ 98.0384, 3.0832 ], [ 98.0385, 3.0822 ], [ 98.0385, 3.0817 ], [ 98.0385, 3.0812 ], [ 98.0385, 3.0805 ], [ 98.0385, 3.0797 ], [ 98.0385, 3.0789 ], [ 98.0384, 3.0788 ], [ 98.0383, 3.0785 ], [ 98.0382, 3.0784 ], [ 98.0379, 3.0783 ], [ 98.0374, 3.078 ], [ 98.0373, 3.078 ], [ 98.0363, 3.0779 ], [ 98.0326, 3.078 ], [ 98.0321, 3.078 ], [ 98.0317, 3.0781 ], [ 98.0222, 3.0805 ], [ 98.0001, 3.0871 ], [ 97.9826, 3.0861 ], [ 97.9794, 3.0972 ], [ 97.9794, 3.1002 ], [ 97.9803, 3.1055 ], [ 97.9804, 3.1062 ], [ 97.9809, 3.1075 ], [ 97.9813, 3.1092 ], [ 97.9817, 3.1109 ], [ 97.9817, 3.1135 ], [ 97.9814, 3.1165 ], [ 97.9809, 3.1189 ], [ 97.9798, 3.1216 ], [ 97.9777, 3.1262 ], [ 97.9765, 3.1289 ], [ 97.9756, 3.1304 ], [ 97.974, 3.1327 ], [ 97.9709, 3.137 ], [ 97.9638, 3.1449 ], [ 97.9624, 3.1464 ], [ 97.9587, 3.1492 ], [ 97.9517, 3.1543 ], [ 97.9408, 3.1619 ], [ 97.9406, 3.1621 ], [ 97.9404, 3.1623 ], [ 97.941, 3.164 ], [ 97.9538, 3.1808 ], [ 97.9462, 3.2032 ], [ 97.9448, 3.207 ], [ 97.9413, 3.2055 ], [ 97.9412, 3.2055 ], [ 97.9378, 3.2041 ], [ 97.9325, 3.2098 ], [ 97.9192, 3.2299 ], [ 97.9183, 3.2454 ], [ 97.9182, 3.2474 ], [ 97.9182, 3.2475 ], [ 97.9205, 3.2561 ], [ 97.922, 3.257 ], [ 97.9466, 3.271 ], [ 97.9643, 3.2767 ], [ 97.9774, 3.2802 ], [ 97.9859, 3.2821 ], [ 97.9882, 3.2808 ], [ 97.993, 3.2817 ], [ 97.9956, 3.2832 ], [ 98.0098, 3.2935 ], [ 98.0114, 3.2947 ], [ 98.0208, 3.3026 ], [ 98.021, 3.304 ], [ 98.0207, 3.3086 ], [ 98.0206, 3.3098 ], [ 98.0204, 3.3103 ], [ 98.0197, 3.3124 ], [ 98.0198, 3.314 ], [ 98.0202, 3.316 ], [ 98.0217, 3.3201 ], [ 98.0226, 3.3221 ], [ 98.0289, 3.331 ], [ 98.0292, 3.3306 ], [ 98.0305, 3.3295 ], [ 98.0317, 3.3288 ], [ 98.0558, 3.3158 ], [ 98.058, 3.3156 ], [ 98.0716, 3.3153 ] ] ] ] } },
{ "type": "Feature", "properties": { "fid": 4, "id_wilayah": "M005", "id_parent": 100, "id_level_wilayah": 3, "nama_wilayah": "Jabodetabekpunjur" }, "geometry": { "type": "MultiPolygon", "coordinates": [ [ [ [ 106.7146, -6.0443 ], [ 106.7147, -6.0449 ], [ 106.7132, -6.0455 ], [ 106.7131, -6.0455 ], [ 106.7127, -6.0456 ], [ 106.712, -6.0456 ], [ 106.7117, -6.0457 ], [ 106.7114, -6.0458 ], [ 106.7111, -6.046 ], [ 106.7105, -6.0466 ], [ 106.7104, -6.0467 ], [ 106.7102, -6.0472 ], [ 106.7099, -6.048 ], [ 106.7098, -6.0484 ], [ 106.7097, -6.0489 ], [ 106.7096, -6.0498 ], [ 106.7095, -6.0551 ], [ 106.7095, -6.0556 ], [ 106.7125, -6.068 ], [ 106.7127, -6.0686 ], [ 106.7128, -6.0689 ], [ 106.7158, -6.0767 ], [ 106.722, -6.086 ], [ 106.7251, -6.0894 ], [ 106.7409, -6.0875 ], [ 106.7432, -6.0998 ], [ 106.7453, -6.101 ], [ 106.7563, -6.1038 ], [ 106.7832, -6.1086 ], [ 106.8096, -6.1202 ], [ 106.8118, -6.1227 ], [ 106.8381, -6.1215 ], [ 106.8475, -6.1205 ], [ 106.8486, -6.1201 ], [ 106.8538, -6.1184 ], [ 106.854, -6.1183 ], [ 106.8568, -6.1167 ], [ 106.8572, -6.1165 ], [ 106.8574, -6.1164 ], [ 106.8578, -6.1161 ], [ 106.8715, -6.1053 ], [ 106.8795, -6.0943 ], [ 106.8817, -6.0935 ], [ 106.905, -6.0978 ], [ 106.9188, -6.0991 ], [ 106.9698, -6.0926 ], [ 106.9847, -6.0888 ], [ 106.9885, -6.0877 ], [ 107.0117, -6.0807 ], [ 107.015, -6.0796 ], [ 107.0144, -6.0781 ], [ 107.0106, -6.0747 ], [ 107.01, -6.0748 ], [ 106.9983, -6.0682 ], [ 106.9835, -6.0558 ], [ 106.9889, -6.0456 ], [ 107.0058, -6.0527 ], [ 107.0115, -6.0338 ], [ 107.0078, -5.9982 ], [ 107.0078, -5.9981 ], [ 107.0157, -5.9743 ], [ 107.0167, -5.9713 ], [ 107.0167, -5.9709 ], [ 107.0164, -5.9654 ], [ 107.0159, -5.9588 ], [ 107.0158, -5.958 ], [ 107.0145, -5.953 ], [ 107.0138, -5.9514 ], [ 107.0112, -5.9459 ], [ 107.0106, -5.9447 ], [ 107.0094, -5.9428 ], [ 107.009, -5.9423 ], [ 107.0084, -5.9415 ], [ 107.0075, -5.9409 ], [ 107.0069, -5.9405 ], [ 107.0066, -5.9404 ], [ 107.006, -5.9402 ], [ 106.999, -5.9335 ], [ 107.0155, -5.9182 ], [ 107.0157, -5.9181 ], [ 107.0164, -5.9177 ], [ 107.017, -5.9174 ], [ 107.0242, -5.9145 ], [ 107.0244, -5.9144 ], [ 107.0259, -5.9143 ], [ 107.028, -5.9141 ], [ 107.0307, -5.9141 ], [ 107.0334, -5.9145 ], [ 107.0338, -5.9146 ], [ 107.0347, -5.9148 ], [ 107.0386, -5.9162 ], [ 107.0389, -5.9165 ], [ 107.0391, -5.9166 ], [ 107.0391, -5.9167 ], [ 107.039, -5.9168 ], [ 107.0387, -5.9172 ], [ 107.0387, -5.9173 ], [ 107.0387, -5.9174 ], [ 107.0413, -5.9199 ], [ 107.0414, -5.9201 ], [ 107.0418, -5.9204 ], [ 107.0434, -5.9212 ], [ 107.0439, -5.9215 ], [ 107.0599, -5.929 ], [ 107.0636, -5.9306 ], [ 107.0744, -5.9343 ], [ 107.0781, -5.9355 ], [ 107.0982, -5.9401 ], [ 107.0983, -5.9404 ], [ 107.0984, -5.9427 ], [ 107.0984, -5.9432 ], [ 107.0956, -5.9588 ], [ 107.09, -5.9709 ], [ 107.0854, -5.9866 ], [ 107.0855, -5.9889 ], [ 107.0877, -5.9975 ], [ 107.0966, -6.0201 ], [ 107.1312, -6.0588 ], [ 107.1436, -6.0713 ], [ 107.219, -6.103 ], [ 107.2215, -6.1038 ], [ 107.2216, -6.1039 ], [ 107.2226, -6.1039 ], [ 107.2228, -6.1039 ], [ 107.2233, -6.104 ], [ 107.2348, -6.1039 ], [ 107.2431, -6.101 ], [ 107.2433, -6.101 ], [ 107.2444, -6.1007 ], [ 107.2457, -6.1008 ], [ 107.2458, -6.1009 ], [ 107.2466, -6.101 ], [ 107.2468, -6.1011 ], [ 107.2653, -6.1113 ], [ 107.267, -6.1126 ], [ 107.2689, -6.1142 ], [ 107.2884, -6.1427 ], [ 107.2863, -6.176 ], [ 107.2964, -6.2016 ], [ 107.2966, -6.2021 ], [ 107.2966, -6.2022 ], [ 107.2966, -6.2026 ], [ 107.2966, -6.2029 ], [ 107.2965, -6.2035 ], [ 107.2931, -6.2142 ], [ 107.293, -6.2144 ], [ 107.2929, -6.2147 ], [ 107.2927, -6.2152 ], [ 107.2925, -6.2156 ], [ 107.2922, -6.2161 ], [ 107.2918, -6.2165 ], [ 107.2917, -6.2166 ], [ 107.2916, -6.2166 ], [ 107.291, -6.217 ], [ 107.2903, -6.2174 ], [ 107.2895, -6.2175 ], [ 107.289, -6.2175 ], [ 107.2886, -6.2174 ], [ 107.2882, -6.2173 ], [ 107.2749, -6.2225 ], [ 107.2778, -6.2536 ], [ 107.2778, -6.2542 ], [ 107.2674, -6.2845 ], [ 107.2672, -6.2848 ], [ 107.2669, -6.2851 ], [ 107.2475, -6.2958 ], [ 107.2417, -6.2968 ], [ 107.2375, -6.2962 ], [ 107.2374, -6.2963 ], [ 107.2372, -6.2963 ], [ 107.237, -6.2964 ], [ 107.2365, -6.2967 ], [ 107.2252, -6.3052 ], [ 107.2174, -6.3166 ], [ 107.2193, -6.3808 ], [ 107.2068, -6.4408 ], [ 107.202, -6.4616 ], [ 107.1973, -6.4607 ], [ 107.1968, -6.4607 ], [ 107.1896, -6.4639 ], [ 107.1718, -6.4801 ], [ 107.1715, -6.4805 ], [ 107.1713, -6.481 ], [ 107.1713, -6.4812 ], [ 107.1713, -6.4814 ], [ 107.1714, -6.4817 ], [ 107.1714, -6.4818 ], [ 107.1739, -6.4849 ], [ 107.1751, -6.4967 ], [ 107.1746, -6.4972 ], [ 107.1745, -6.4973 ], [ 107.1738, -6.4976 ], [ 107.1705, -6.4988 ], [ 107.1678, -6.4997 ], [ 107.1668, -6.5 ], [ 107.1646, -6.5023 ], [ 107.1644, -6.5108 ], [ 107.1813, -6.5539 ], [ 107.1931, -6.5783 ], [ 107.2051, -6.587 ], [ 107.2069, -6.5879 ], [ 107.2078, -6.5883 ], [ 107.2128, -6.5902 ], [ 107.2135, -6.5905 ], [ 107.2149, -6.5907 ], [ 107.2154, -6.5908 ], [ 107.2161, -6.5908 ], [ 107.2205, -6.5907 ], [ 107.2271, -6.6021 ], [ 107.2371, -6.6129 ], [ 107.2425, -6.6188 ], [ 107.2557, -6.6299 ], [ 107.256, -6.6301 ], [ 107.2571, -6.6303 ], [ 107.2572, -6.6303 ], [ 107.2575, -6.6302 ], [ 107.258, -6.6298 ], [ 107.2584, -6.6296 ], [ 107.2587, -6.6295 ], [ 107.2588, -6.6295 ], [ 107.2591, -6.6299 ], [ 107.2626, -6.6341 ], [ 107.2637, -6.6356 ], [ 107.2638, -6.6358 ], [ 107.2646, -6.6395 ], [ 107.2646, -6.6399 ], [ 107.2647, -6.6519 ], [ 107.2647, -6.6528 ], [ 107.2647, -6.653 ], [ 107.258, -6.67 ], [ 107.2518, -6.6846 ], [ 107.2476, -6.6908 ], [ 107.2719, -6.7015 ], [ 107.2852, -6.707 ], [ 107.2921, -6.7104 ], [ 107.2933, -6.7111 ], [ 107.2939, -6.7114 ], [ 107.2972, -6.7191 ], [ 107.2991, -6.7263 ], [ 107.2948, -6.7285 ], [ 107.2927, -6.7305 ], [ 107.2907, -6.7345 ], [ 107.2828, -6.7713 ], [ 107.2916, -6.7878 ], [ 107.3043, -6.7955 ], [ 107.3051, -6.7959 ], [ 107.3228, -6.8317 ], [ 107.3416, -6.851 ], [ 107.3483, -6.8524 ], [ 107.3485, -6.8525 ], [ 107.3487, -6.8526 ], [ 107.3488, -6.8526 ], [ 107.349, -6.8528 ], [ 107.3491, -6.8529 ], [ 107.3495, -6.8535 ], [ 107.3502, -6.8554 ], [ 107.3502, -6.856 ], [ 107.3489, -6.8664 ], [ 107.3416, -6.8843 ], [ 107.3413, -6.885 ], [ 107.341, -6.8855 ], [ 107.3408, -6.8858 ], [ 107.3401, -6.8863 ], [ 107.2835, -6.9226 ], [ 107.282, -6.9232 ], [ 107.2767, -6.9248 ], [ 107.2661, -6.9265 ], [ 107.2554, -6.9271 ], [ 107.2552, -6.9271 ], [ 107.2524, -6.9279 ], [ 107.252, -6.928 ], [ 107.2509, -6.9285 ], [ 107.2505, -6.9287 ], [ 107.2328, -6.9387 ], [ 107.1903, -6.9681 ], [ 107.1902, -6.9682 ], [ 107.1866, -6.9728 ], [ 107.1864, -6.973 ], [ 107.185, -6.9821 ], [ 107.1849, -6.9827 ], [ 107.1849, -6.9831 ], [ 107.1858, -7.0496 ], [ 107.2025, -7.0556 ], [ 107.2249, -7.0492 ], [ 107.2381, -7.047 ], [ 107.2402, -7.0467 ], [ 107.2518, -7.0495 ], [ 107.2572, -7.0538 ], [ 107.2614, -7.0611 ], [ 107.2703, -7.071 ], [ 107.2927, -7.0878 ], [ 107.2955, -7.088 ], [ 107.2956, -7.0875 ], [ 107.2957, -7.0872 ], [ 107.2963, -7.0854 ], [ 107.2964, -7.0852 ], [ 107.2964, -7.0851 ], [ 107.2965, -7.085 ], [ 107.2966, -7.0848 ], [ 107.2989, -7.084 ], [ 107.2993, -7.0839 ], [ 107.2995, -7.0839 ], [ 107.2998, -7.0842 ], [ 107.3064, -7.0903 ], [ 107.3075, -7.0915 ], [ 107.3112, -7.0973 ], [ 107.3118, -7.1081 ], [ 107.3091, -7.1105 ], [ 107.3085, -7.1147 ], [ 107.3084, -7.1181 ], [ 107.3085, -7.119 ], [ 107.3088, -7.1214 ], [ 107.309, -7.1229 ], [ 107.3092, -7.1241 ], [ 107.3149, -7.1293 ], [ 107.3166, -7.1429 ], [ 107.3168, -7.1452 ], [ 107.316, -7.1505 ], [ 107.3157, -7.1518 ], [ 107.3156, -7.1522 ], [ 107.3156, -7.1524 ], [ 107.3152, -7.1532 ], [ 107.3151, -7.1534 ], [ 107.3148, -7.1538 ], [ 107.3118, -7.158 ], [ 107.3092, -7.1605 ], [ 107.3091, -7.1606 ], [ 107.3089, -7.1608 ], [ 107.308, -7.1616 ], [ 107.3078, -7.1618 ], [ 107.3074, -7.1621 ], [ 107.3068, -7.1625 ], [ 107.3055, -7.1635 ], [ 107.2927, -7.1707 ], [ 107.2882, -7.173 ], [ 107.2763, -7.1802 ], [ 107.2534, -7.1955 ], [ 107.2532, -7.1957 ], [ 107.251, -7.1998 ], [ 107.251, -7.1999 ], [ 107.2514, -7.2013 ], [ 107.2844, -7.2077 ], [ 107.2897, -7.2084 ], [ 107.2899, -7.2084 ], [ 107.3039, -7.2085 ], [ 107.3084, -7.2068 ], [ 107.3129, -7.2052 ], [ 107.3139, -7.205 ], [ 107.3188, -7.2042 ], [ 107.3198, -7.2041 ], [ 107.3219, -7.2039 ], [ 107.3244, -7.2038 ], [ 107.325, -7.2038 ], [ 107.3253, -7.2038 ], [ 107.3254, -7.2039 ], [ 107.3258, -7.2042 ], [ 107.3375, -7.216 ], [ 107.3376, -7.2164 ], [ 107.3379, -7.2176 ], [ 107.3381, -7.2182 ], [ 107.3382, -7.2187 ], [ 107.3382, -7.2192 ], [ 107.3384, -7.2209 ], [ 107.3583, -7.2364 ], [ 107.4164, -7.2583 ], [ 107.4171, -7.2586 ], [ 107.4178, -7.2588 ], [ 107.423, -7.26 ], [ 107.4236, -7.2601 ], [ 107.4243, -7.2602 ], [ 107.4251, -7.2603 ], [ 107.448, -7.2608 ], [ 107.4495, -7.2607 ], [ 107.4504, -7.2607 ], [ 107.4543, -7.2604 ], [ 107.4551, -7.2603 ], [ 107.4556, -7.2603 ], [ 107.4559, -7.2601 ], [ 107.4562, -7.2599 ], [ 107.4565, -7.2594 ], [ 107.457, -7.2586 ], [ 107.4573, -7.2582 ], [ 107.4576, -7.2578 ], [ 107.4583, -7.2567 ], [ 107.459, -7.2557 ], [ 107.4605, -7.2539 ], [ 107.4608, -7.2536 ], [ 107.4626, -7.2527 ], [ 107.463, -7.2526 ], [ 107.4641, -7.2524 ], [ 107.4644, -7.2524 ], [ 107.4743, -7.2546 ], [ 107.4745, -7.2546 ], [ 107.4746, -7.2546 ], [ 107.4747, -7.2547 ], [ 107.4748, -7.2547 ], [ 107.4749, -7.2548 ], [ 107.475, -7.2549 ], [ 107.4766, -7.2565 ], [ 107.4762, -7.2604 ], [ 107.4693, -7.2733 ], [ 107.4692, -7.2736 ], [ 107.4689, -7.274 ], [ 107.4686, -7.2745 ], [ 107.4618, -7.2834 ], [ 107.4586, -7.2858 ], [ 107.4585, -7.2859 ], [ 107.4554, -7.2902 ], [ 107.4553, -7.2906 ], [ 107.455, -7.292 ], [ 107.4549, -7.2921 ], [ 107.455, -7.2923 ], [ 107.4584, -7.306 ], [ 107.4586, -7.3068 ], [ 107.4592, -7.3085 ], [ 107.4593, -7.3088 ], [ 107.4657, -7.3263 ], [ 107.466, -7.3271 ], [ 107.4748, -7.3425 ], [ 107.4755, -7.3434 ], [ 107.4775, -7.3458 ], [ 107.4788, -7.3468 ], [ 107.4789, -7.3469 ], [ 107.482, -7.348 ], [ 107.4831, -7.3484 ], [ 107.4832, -7.3485 ], [ 107.4845, -7.3511 ], [ 107.4846, -7.3516 ], [ 107.4847, -7.3521 ], [ 107.4848, -7.3525 ], [ 107.4848, -7.3532 ], [ 107.4848, -7.3546 ], [ 107.4846, -7.3565 ], [ 107.4846, -7.3569 ], [ 107.4744, -7.4004 ], [ 107.4743, -7.4006 ], [ 107.4741, -7.4011 ], [ 107.4739, -7.4014 ], [ 107.4738, -7.4015 ], [ 107.4715, -7.4028 ], [ 107.4697, -7.4035 ], [ 107.4618, -7.4065 ], [ 107.4538, -7.4093 ], [ 107.4338, -7.4204 ], [ 107.433, -7.4215 ], [ 107.4327, -7.4219 ], [ 107.4325, -7.4223 ], [ 107.4319, -7.4236 ], [ 107.4318, -7.4237 ], [ 107.4314, -7.425 ], [ 107.421, -7.4607 ], [ 107.4214, -7.4872 ], [ 107.4215, -7.4883 ], [ 107.4245, -7.5062 ], [ 107.3974, -7.4956 ], [ 107.3938, -7.4949 ], [ 107.3807, -7.4991 ], [ 107.3641, -7.4994 ], [ 107.3449, -7.4991 ], [ 107.2875, -7.4941 ], [ 107.287, -7.4941 ], [ 107.2464, -7.4889 ], [ 107.2418, -7.4882 ], [ 107.2408, -7.4881 ], [ 107.2388, -7.4877 ], [ 107.1858, -7.4754 ], [ 107.1751, -7.4727 ], [ 107.1743, -7.4725 ], [ 107.171, -7.4713 ], [ 107.1658, -7.4696 ], [ 107.1649, -7.4693 ], [ 107.1412, -7.4643 ], [ 107.1251, -7.461 ], [ 107.0914, -7.4542 ], [ 107.0839, -7.4532 ], [ 107.0799, -7.4527 ], [ 107.078, -7.4525 ], [ 107.0404, -7.4491 ], [ 107.0365, -7.4489 ], [ 107.0363, -7.4489 ], [ 107.0291, -7.4487 ], [ 106.9277, -7.439 ], [ 106.9223, -7.4385 ], [ 106.8946, -7.436 ], [ 106.8866, -7.4353 ], [ 106.8514, -7.4339 ], [ 106.8488, -7.4338 ], [ 106.8486, -7.4338 ], [ 106.8371, -7.4335 ], [ 106.8298, -7.4339 ], [ 106.7906, -7.4371 ], [ 106.7907, -7.437 ], [ 106.792, -7.4355 ], [ 106.7929, -7.433 ], [ 106.7934, -7.431 ], [ 106.7934, -7.4302 ], [ 106.7934, -7.4293 ], [ 106.7934, -7.4287 ], [ 106.7932, -7.4264 ], [ 106.7925, -7.4208 ], [ 106.792, -7.4173 ], [ 106.7919, -7.4171 ], [ 106.7919, -7.4168 ], [ 106.7918, -7.4163 ], [ 106.7909, -7.4127 ], [ 106.7905, -7.4114 ], [ 106.8052, -7.3881 ], [ 106.8244, -7.3634 ], [ 106.8309, -7.3586 ], [ 106.8313, -7.3583 ], [ 106.8319, -7.358 ], [ 106.8356, -7.3572 ], [ 106.8526, -7.3578 ], [ 106.8574, -7.3597 ], [ 106.8622, -7.3626 ], [ 106.8727, -7.3644 ], [ 106.8738, -7.3644 ], [ 106.875, -7.3641 ], [ 106.8754, -7.364 ], [ 106.8759, -7.3637 ], [ 106.8763, -7.3635 ], [ 106.8765, -7.3633 ], [ 106.912, -7.3274 ], [ 106.9148, -7.3233 ], [ 106.9151, -7.323 ], [ 106.9159, -7.3226 ], [ 106.9179, -7.3219 ], [ 106.9185, -7.3217 ], [ 106.9187, -7.3216 ], [ 106.9491, -7.3207 ], [ 106.9494, -7.3211 ], [ 106.9498, -7.3213 ], [ 106.9502, -7.3214 ], [ 106.9506, -7.3215 ], [ 106.9509, -7.3215 ], [ 106.9515, -7.3215 ], [ 106.9522, -7.3214 ], [ 106.9529, -7.3213 ], [ 106.9533, -7.3212 ], [ 106.9537, -7.3211 ], [ 106.9544, -7.3209 ], [ 106.9548, -7.3208 ], [ 106.9592, -7.3182 ], [ 106.9622, -7.3163 ], [ 106.9672, -7.3122 ], [ 106.9674, -7.3116 ], [ 106.9718, -7.2991 ], [ 106.9721, -7.2983 ], [ 106.9724, -7.2972 ], [ 106.976, -7.285 ], [ 106.976, -7.2849 ], [ 106.976, -7.2848 ], [ 106.976, -7.2847 ], [ 106.976, -7.2844 ], [ 106.9757, -7.2833 ], [ 106.9756, -7.283 ], [ 106.9695, -7.2684 ], [ 106.9795, -7.2388 ], [ 106.9818, -7.2287 ], [ 106.9826, -7.2228 ], [ 106.9826, -7.2224 ], [ 106.9826, -7.2222 ], [ 106.982, -7.2198 ], [ 106.9721, -7.19 ], [ 106.9658, -7.1547 ], [ 106.9495, -7.1346 ], [ 106.9495, -7.1347 ], [ 106.9494, -7.1348 ], [ 106.9493, -7.1348 ], [ 106.9489, -7.1349 ], [ 106.9479, -7.1346 ], [ 106.9478, -7.1346 ], [ 106.9463, -7.1336 ], [ 106.9377, -7.1236 ], [ 106.9364, -7.117 ], [ 106.9365, -7.1155 ], [ 106.937, -7.1099 ], [ 106.9552, -7.0469 ], [ 106.9592, -7.0335 ], [ 106.9595, -7.033 ], [ 106.9654, -7.0258 ], [ 106.9769, -7.0121 ], [ 106.9771, -7.0119 ], [ 106.9775, -7.0115 ], [ 106.9776, -7.0115 ], [ 106.9778, -7.0115 ], [ 106.9779, -7.0115 ], [ 106.9781, -7.0115 ], [ 106.9785, -7.0116 ], [ 106.9788, -7.0117 ], [ 106.9792, -7.0117 ], [ 106.9795, -7.0118 ], [ 106.9797, -7.0119 ], [ 106.9847, -7.0144 ], [ 106.9848, -7.0146 ], [ 106.9869, -7.0164 ], [ 106.9881, -7.018 ], [ 106.9882, -7.0181 ], [ 106.9884, -7.0185 ], [ 106.9899, -7.0221 ], [ 106.9901, -7.0225 ], [ 106.9954, -7.0285 ], [ 107.005, -7.0339 ], [ 107.0279, -7.0444 ], [ 107.0282, -7.0445 ], [ 107.0392, -7.0453 ], [ 107.0393, -7.0454 ], [ 107.0393, -7.0453 ], [ 107.0394, -7.0453 ], [ 107.0424, -7.0445 ], [ 107.0439, -7.0441 ], [ 107.044, -7.044 ], [ 107.0448, -7.0434 ], [ 107.0449, -7.0434 ], [ 107.0454, -7.0426 ], [ 107.0584, -7.0249 ], [ 107.0592, -7.0235 ], [ 107.0594, -7.0232 ], [ 107.0594, -7.0224 ], [ 107.0593, -7.0217 ], [ 107.0563, -7.0103 ], [ 107.0563, -7.0102 ], [ 107.0556, -7.0098 ], [ 107.0509, -7.0058 ], [ 107.0356, -6.9891 ], [ 107.0342, -6.9875 ], [ 107.0327, -6.9842 ], [ 107.0326, -6.9837 ], [ 107.0323, -6.9812 ], [ 107.0324, -6.981 ], [ 107.0324, -6.9809 ], [ 107.0334, -6.9764 ], [ 107.0335, -6.9761 ], [ 107.0374, -6.9702 ], [ 107.0387, -6.9682 ], [ 107.0427, -6.9628 ], [ 107.0468, -6.9608 ], [ 107.0512, -6.9469 ], [ 107.0495, -6.9213 ], [ 107.0495, -6.9203 ], [ 107.0493, -6.9182 ], [ 107.0492, -6.9175 ], [ 107.0492, -6.917 ], [ 107.049, -6.9151 ], [ 107.0488, -6.9139 ], [ 107.0482, -6.9123 ], [ 107.0477, -6.9109 ], [ 107.0473, -6.9098 ], [ 107.0236, -6.8607 ], [ 107.0094, -6.8492 ], [ 106.9962, -6.8217 ], [ 106.9963, -6.8197 ], [ 106.9963, -6.8196 ], [ 106.9963, -6.8194 ], [ 106.9944, -6.8095 ], [ 106.9942, -6.8087 ], [ 106.994, -6.8079 ], [ 106.9938, -6.8072 ], [ 106.9932, -6.8053 ], [ 106.9929, -6.8047 ], [ 106.9925, -6.8039 ], [ 106.9883, -6.7967 ], [ 106.987, -6.7945 ], [ 106.9851, -6.7915 ], [ 106.9848, -6.7909 ], [ 106.9844, -6.7904 ], [ 106.9838, -6.7895 ], [ 106.9686, -6.7737 ], [ 106.9652, -6.7703 ], [ 106.9642, -6.768 ], [ 106.9636, -6.7667 ], [ 106.9636, -6.7666 ], [ 106.963, -6.7655 ], [ 106.9623, -6.7646 ], [ 106.9616, -6.7637 ], [ 106.9608, -6.7631 ], [ 106.959, -6.7618 ], [ 106.9583, -6.7614 ], [ 106.9573, -6.761 ], [ 106.9567, -6.7607 ], [ 106.9559, -6.7605 ], [ 106.9552, -6.7604 ], [ 106.9532, -6.7601 ], [ 106.952, -6.7602 ], [ 106.9509, -6.7602 ], [ 106.9481, -6.7606 ], [ 106.947, -6.7608 ], [ 106.9463, -6.7611 ], [ 106.9455, -6.7616 ], [ 106.9356, -6.7675 ], [ 106.9354, -6.7677 ], [ 106.9345, -6.7685 ], [ 106.9342, -6.7688 ], [ 106.9337, -6.7693 ], [ 106.9327, -6.7708 ], [ 106.9318, -6.7724 ], [ 106.9315, -6.7732 ], [ 106.9314, -6.7735 ], [ 106.9313, -6.7738 ], [ 106.9312, -6.7742 ], [ 106.9311, -6.7748 ], [ 106.931, -6.7752 ], [ 106.9298, -6.7786 ], [ 106.9286, -6.7805 ], [ 106.9279, -6.7814 ], [ 106.9256, -6.7835 ], [ 106.9243, -6.7844 ], [ 106.921, -6.7866 ], [ 106.918, -6.7875 ], [ 106.9143, -6.788 ], [ 106.9128, -6.7882 ], [ 106.9046, -6.7885 ], [ 106.904, -6.7885 ], [ 106.9035, -6.7885 ], [ 106.9005, -6.7883 ], [ 106.8999, -6.7882 ], [ 106.8873, -6.7854 ], [ 106.8858, -6.784 ], [ 106.8849, -6.7832 ], [ 106.8845, -6.7828 ], [ 106.884, -6.7826 ], [ 106.8824, -6.7821 ], [ 106.8649, -6.778 ], [ 106.8399, -6.7724 ], [ 106.8219, -6.7696 ], [ 106.7779, -6.7549 ], [ 106.7776, -6.7548 ], [ 106.7732, -6.7517 ], [ 106.7729, -6.7514 ], [ 106.7727, -6.7513 ], [ 106.7726, -6.7512 ], [ 106.7716, -6.7502 ], [ 106.7665, -6.7443 ], [ 106.7651, -6.7403 ], [ 106.7641, -6.737 ], [ 106.7578, -6.7275 ], [ 106.746, -6.7181 ], [ 106.7415, -6.7156 ], [ 106.7406, -6.7153 ], [ 106.7348, -6.7154 ], [ 106.7343, -6.7155 ], [ 106.7334, -6.7156 ], [ 106.7326, -6.7157 ], [ 106.7252, -6.7184 ], [ 106.7249, -6.7187 ], [ 106.7244, -6.719 ], [ 106.7139, -6.7291 ], [ 106.6994, -6.7418 ], [ 106.6973, -6.7432 ], [ 106.6969, -6.7434 ], [ 106.6943, -6.7447 ], [ 106.6305, -6.7534 ], [ 106.5991, -6.7488 ], [ 106.5978, -6.7485 ], [ 106.5964, -6.7481 ], [ 106.589, -6.7437 ], [ 106.5884, -6.7434 ], [ 106.5879, -6.7429 ], [ 106.5873, -6.7423 ], [ 106.5867, -6.7416 ], [ 106.5864, -6.741 ], [ 106.5858, -6.7399 ], [ 106.5851, -6.7382 ], [ 106.5847, -6.7372 ], [ 106.5846, -6.7367 ], [ 106.5847, -6.7361 ], [ 106.5847, -6.7321 ], [ 106.5836, -6.7251 ], [ 106.5834, -6.7241 ], [ 106.5834, -6.7239 ], [ 106.5833, -6.7235 ], [ 106.5831, -6.7228 ], [ 106.5828, -6.7221 ], [ 106.5824, -6.7212 ], [ 106.5824, -6.7211 ], [ 106.581, -6.7192 ], [ 106.5805, -6.7189 ], [ 106.5804, -6.7188 ], [ 106.5799, -6.7185 ], [ 106.5792, -6.7181 ], [ 106.579, -6.718 ], [ 106.5783, -6.7177 ], [ 106.5765, -6.7174 ], [ 106.5758, -6.7174 ], [ 106.5755, -6.7175 ], [ 106.5689, -6.7223 ], [ 106.5258, -6.7575 ], [ 106.5254, -6.7579 ], [ 106.5249, -6.7586 ], [ 106.5246, -6.759 ], [ 106.5246, -6.7612 ], [ 106.5248, -6.7623 ], [ 106.5115, -6.7581 ], [ 106.4818, -6.7522 ], [ 106.4763, -6.7522 ], [ 106.4755, -6.7522 ], [ 106.4746, -6.7522 ], [ 106.4727, -6.752 ], [ 106.4703, -6.7518 ], [ 106.4699, -6.7517 ], [ 106.468, -6.7514 ], [ 106.4671, -6.7512 ], [ 106.4668, -6.751 ], [ 106.4666, -6.7509 ], [ 106.4664, -6.7507 ], [ 106.4662, -6.7504 ], [ 106.466, -6.7501 ], [ 106.4328, -6.6904 ], [ 106.4307, -6.6861 ], [ 106.4304, -6.6851 ], [ 106.43, -6.6841 ], [ 106.4294, -6.6821 ], [ 106.4292, -6.681 ], [ 106.4289, -6.6789 ], [ 106.4288, -6.6778 ], [ 106.4288, -6.6767 ], [ 106.4288, -6.6756 ], [ 106.429, -6.673 ], [ 106.4293, -6.6693 ], [ 106.4295, -6.6673 ], [ 106.4299, -6.6641 ], [ 106.4304, -6.6609 ], [ 106.4307, -6.659 ], [ 106.4312, -6.6495 ], [ 106.4315, -6.6346 ], [ 106.4304, -6.5905 ], [ 106.4304, -6.5899 ], [ 106.4285, -6.5824 ], [ 106.428, -6.5801 ], [ 106.4264, -6.5743 ], [ 106.4259, -6.573 ], [ 106.4159, -6.5443 ], [ 106.4141, -6.5421 ], [ 106.4087, -6.5345 ], [ 106.4084, -6.5338 ], [ 106.4081, -6.5332 ], [ 106.408, -6.5329 ], [ 106.4034, -6.5152 ], [ 106.409, -6.4622 ], [ 106.4282, -6.4491 ], [ 106.4367, -6.45 ], [ 106.4377, -6.4501 ], [ 106.4393, -6.4502 ], [ 106.4395, -6.4502 ], [ 106.4397, -6.4502 ], [ 106.4399, -6.4501 ], [ 106.4404, -6.4499 ], [ 106.4547, -6.4269 ], [ 106.454, -6.4143 ], [ 106.4539, -6.4138 ], [ 106.4516, -6.4093 ], [ 106.44, -6.3977 ], [ 106.4322, -6.3807 ], [ 106.4293, -6.3678 ], [ 106.4254, -6.3498 ], [ 106.4256, -6.3494 ], [ 106.4261, -6.3488 ], [ 106.4267, -6.3481 ], [ 106.4015, -6.3318 ], [ 106.3991, -6.3273 ], [ 106.3978, -6.3247 ], [ 106.3944, -6.3124 ], [ 106.3947, -6.2933 ], [ 106.3929, -6.2782 ], [ 106.3864, -6.2283 ], [ 106.3863, -6.228 ], [ 106.3862, -6.2279 ], [ 106.3793, -6.219 ], [ 106.3775, -6.219 ], [ 106.3762, -6.22 ], [ 106.3736, -6.2213 ], [ 106.3731, -6.2216 ], [ 106.3722, -6.2219 ], [ 106.367, -6.2199 ], [ 106.3665, -6.2191 ], [ 106.3664, -6.2188 ], [ 106.3664, -6.2148 ], [ 106.3666, -6.2143 ], [ 106.3738, -6.1915 ], [ 106.3739, -6.1914 ], [ 106.374, -6.1912 ], [ 106.3776, -6.1882 ], [ 106.3809, -6.1863 ], [ 106.3856, -6.1837 ], [ 106.3888, -6.1803 ], [ 106.3909, -6.1762 ], [ 106.392, -6.1728 ], [ 106.3929, -6.1605 ], [ 106.3929, -6.156 ], [ 106.3929, -6.1556 ], [ 106.3929, -6.1554 ], [ 106.3923, -6.1527 ], [ 106.3764, -6.1321 ], [ 106.3732, -6.1292 ], [ 106.3719, -6.1292 ], [ 106.3714, -6.1291 ], [ 106.3684, -6.1277 ], [ 106.368, -6.1275 ], [ 106.3677, -6.1273 ], [ 106.3673, -6.1271 ], [ 106.3507, -6.1099 ], [ 106.3506, -6.1096 ], [ 106.3503, -6.1088 ], [ 106.3401, -6.0613 ], [ 106.3655, -6.0392 ], [ 106.383, -6.0297 ], [ 106.3833, -6.0297 ], [ 106.4118, -6.0242 ], [ 106.4282, -6.0315 ], [ 106.4739, -6.0448 ], [ 106.476, -6.0453 ], [ 106.4823, -6.0463 ], [ 106.4896, -6.0461 ], [ 106.5482, -6.0224 ], [ 106.5525, -6.0251 ], [ 106.5528, -6.0252 ], [ 106.5531, -6.0254 ], [ 106.5535, -6.0256 ], [ 106.5538, -6.0257 ], [ 106.5697, -6.0309 ], [ 106.5735, -6.0314 ], [ 106.5839, -6.032 ], [ 106.5868, -6.0321 ], [ 106.6081, -6.0251 ], [ 106.6088, -6.0249 ], [ 106.6093, -6.0247 ], [ 106.6129, -6.0231 ], [ 106.614, -6.0225 ], [ 106.6154, -6.0217 ], [ 106.6157, -6.0215 ], [ 106.6164, -6.0211 ], [ 106.6166, -6.021 ], [ 106.6294, -6.0128 ], [ 106.632, -6.01 ], [ 106.6502, -6.0095 ], [ 106.6814, -6.0153 ], [ 106.6987, -6.0271 ], [ 106.7096, -6.0371 ], [ 106.7124, -6.0403 ], [ 106.7146, -6.0443 ] ] ], [ [ [ 106.5208, -5.9537 ], [ 106.521, -5.9535 ], [ 106.5212, -5.9535 ], [ 106.5214, -5.9534 ], [ 106.5216, -5.9535 ], [ 106.5222, -5.9536 ], [ 106.5226, -5.9538 ], [ 106.5229, -5.954 ], [ 106.523, -5.9542 ], [ 106.5226, -5.9588 ], [ 106.5225, -5.9592 ], [ 106.5222, -5.9595 ], [ 106.5217, -5.9596 ], [ 106.5202, -5.9601 ], [ 106.5199, -5.9602 ], [ 106.5195, -5.9601 ], [ 106.5193, -5.9599 ], [ 106.5193, -5.9596 ], [ 106.5193, -5.9592 ], [ 106.5197, -5.9549 ], [ 106.5198, -5.9547 ], [ 106.5206, -5.9539 ], [ 106.5208, -5.9537 ] ] ], [ [ [ 106.5512, -5.8198 ], [ 106.5554, -5.8199 ], [ 106.5587, -5.8204 ], [ 106.5596, -5.8208 ], [ 106.5598, -5.822 ], [ 106.5595, -5.8235 ], [ 106.5582, -5.8243 ], [ 106.5559, -5.8246 ], [ 106.5547, -5.8248 ], [ 106.5542, -5.8246 ], [ 106.5484, -5.8203 ], [ 106.5484, -5.8199 ], [ 106.5512, -5.8198 ] ] ], [ [ [ 106.5281, -5.8044 ], [ 106.5261, -5.8044 ], [ 106.5227, -5.8042 ], [ 106.5213, -5.8041 ], [ 106.5177, -5.8034 ], [ 106.5169, -5.8031 ], [ 106.5159, -5.8025 ], [ 106.5161, -5.8018 ], [ 106.5163, -5.8016 ], [ 106.5224, -5.8023 ], [ 106.5247, -5.8026 ], [ 106.5305, -5.8037 ], [ 106.5306, -5.8038 ], [ 106.5306, -5.8039 ], [ 106.5306, -5.804 ], [ 106.5304, -5.804 ], [ 106.5296, -5.8042 ], [ 106.5287, -5.8043 ], [ 106.5281, -5.8044 ] ] ], [ [ [ 106.5108, -5.803 ], [ 106.5096, -5.803 ], [ 106.4841, -5.796 ], [ 106.482, -5.7952 ], [ 106.4806, -5.7946 ], [ 106.479, -5.7938 ], [ 106.4786, -5.7936 ], [ 106.4784, -5.7934 ], [ 106.4787, -5.7933 ], [ 106.4793, -5.7931 ], [ 106.48, -5.7931 ], [ 106.4811, -5.7931 ], [ 106.4828, -5.7933 ], [ 106.4944, -5.7956 ], [ 106.5108, -5.8018 ], [ 106.5112, -5.802 ], [ 106.5114, -5.8021 ], [ 106.5114, -5.8022 ], [ 106.5115, -5.8023 ], [ 106.5115, -5.8024 ], [ 106.5117, -5.803 ], [ 106.5108, -5.803 ] ] ], [ [ [ 106.5399, -5.7019 ], [ 106.5379, -5.7017 ], [ 106.5351, -5.7013 ], [ 106.5347, -5.7013 ], [ 106.5344, -5.7011 ], [ 106.5342, -5.7009 ], [ 106.5339, -5.7006 ], [ 106.5339, -5.7004 ], [ 106.5339, -5.7002 ], [ 106.534, -5.6999 ], [ 106.5342, -5.6996 ], [ 106.5344, -5.6995 ], [ 106.5348, -5.6993 ], [ 106.535, -5.6993 ], [ 106.5361, -5.6993 ], [ 106.543, -5.6997 ], [ 106.5432, -5.6998 ], [ 106.5436, -5.7004 ], [ 106.5436, -5.7005 ], [ 106.5436, -5.7006 ], [ 106.5434, -5.7007 ], [ 106.5428, -5.7012 ], [ 106.5421, -5.7017 ], [ 106.5419, -5.7017 ], [ 106.5412, -5.7018 ], [ 106.5406, -5.7019 ], [ 106.5399, -5.7019 ] ] ], [ [ [ 106.5562, -5.6152 ], [ 106.5565, -5.6157 ], [ 106.5568, -5.6166 ], [ 106.555, -5.6179 ], [ 106.5511, -5.6206 ], [ 106.5489, -5.6211 ], [ 106.5488, -5.6203 ], [ 106.5505, -5.6167 ], [ 106.5524, -5.6151 ], [ 106.5535, -5.6143 ], [ 106.5548, -5.6141 ], [ 106.5556, -5.6145 ], [ 106.556, -5.6149 ], [ 106.5561, -5.615 ], [ 106.5562, -5.6152 ] ] ], [ [ [ 106.55, -5.5829 ], [ 106.5493, -5.5836 ], [ 106.5487, -5.5838 ], [ 106.5481, -5.5836 ], [ 106.547, -5.5823 ], [ 106.5471, -5.5814 ], [ 106.5474, -5.5801 ], [ 106.5475, -5.58 ], [ 106.5488, -5.5784 ], [ 106.5498, -5.5776 ], [ 106.5511, -5.5773 ], [ 106.5514, -5.5776 ], [ 106.5514, -5.578 ], [ 106.55, -5.5829 ] ] ], [ [ [ 106.5421, -5.5708 ], [ 106.5426, -5.5707 ], [ 106.5428, -5.5707 ], [ 106.5431, -5.5709 ], [ 106.5432, -5.571 ], [ 106.5433, -5.5711 ], [ 106.5435, -5.5716 ], [ 106.5434, -5.5721 ], [ 106.5431, -5.5729 ], [ 106.543, -5.5731 ], [ 106.542, -5.5741 ], [ 106.5419, -5.5742 ], [ 106.5415, -5.5744 ], [ 106.541, -5.5746 ], [ 106.54, -5.5748 ], [ 106.5396, -5.5748 ], [ 106.5393, -5.5747 ], [ 106.5392, -5.5747 ], [ 106.5389, -5.5744 ], [ 106.5409, -5.5713 ], [ 106.541, -5.5712 ], [ 106.5412, -5.5711 ], [ 106.5414, -5.571 ], [ 106.5419, -5.5708 ], [ 106.5421, -5.5708 ] ] ], [ [ [ 106.5255, -5.5673 ], [ 106.5256, -5.5673 ], [ 106.5259, -5.5673 ], [ 106.5262, -5.5673 ], [ 106.5291, -5.5678 ], [ 106.5292, -5.5678 ], [ 106.5294, -5.5679 ], [ 106.5297, -5.5683 ], [ 106.5294, -5.5702 ], [ 106.5294, -5.5704 ], [ 106.5291, -5.5706 ], [ 106.5275, -5.5711 ], [ 106.5269, -5.5705 ], [ 106.5254, -5.569 ], [ 106.5252, -5.5687 ], [ 106.5251, -5.5681 ], [ 106.5251, -5.568 ], [ 106.5251, -5.5678 ], [ 106.5252, -5.5677 ], [ 106.5255, -5.5673 ] ] ], [ [ [ 106.545, -5.5511 ], [ 106.5462, -5.5515 ], [ 106.5462, -5.5524 ], [ 106.5454, -5.5536 ], [ 106.5424, -5.5554 ], [ 106.5422, -5.5554 ], [ 106.542, -5.5554 ], [ 106.5411, -5.5545 ], [ 106.5411, -5.5541 ], [ 106.5413, -5.5527 ], [ 106.5415, -5.5525 ], [ 106.5416, -5.5524 ], [ 106.5426, -5.5516 ], [ 106.5436, -5.5513 ], [ 106.5445, -5.5512 ], [ 106.545, -5.5511 ] ] ], [ [ [ 106.5306, -5.5369 ], [ 106.5307, -5.5367 ], [ 106.531, -5.5365 ], [ 106.5312, -5.5363 ], [ 106.5314, -5.5362 ], [ 106.5346, -5.5347 ], [ 106.5354, -5.5344 ], [ 106.5356, -5.5344 ], [ 106.536, -5.5344 ], [ 106.5361, -5.5343 ], [ 106.5362, -5.5344 ], [ 106.5365, -5.5344 ], [ 106.5366, -5.5349 ], [ 106.5364, -5.5355 ], [ 106.5363, -5.5357 ], [ 106.5347, -5.5368 ], [ 106.5338, -5.5372 ], [ 106.5317, -5.538 ], [ 106.5307, -5.538 ], [ 106.5304, -5.538 ], [ 106.53, -5.5376 ], [ 106.5303, -5.5372 ], [ 106.5306, -5.5369 ] ] ], [ [ [ 106.5403, -5.5289 ], [ 106.5408, -5.5284 ], [ 106.5432, -5.5278 ], [ 106.5435, -5.5279 ], [ 106.5439, -5.5281 ], [ 106.5442, -5.5282 ], [ 106.5443, -5.5284 ], [ 106.5444, -5.5285 ], [ 106.5447, -5.5289 ], [ 106.5446, -5.5292 ], [ 106.5442, -5.5297 ], [ 106.5408, -5.5315 ], [ 106.5399, -5.5318 ], [ 106.5394, -5.5316 ], [ 106.5394, -5.5311 ], [ 106.5393, -5.5305 ], [ 106.5394, -5.53 ], [ 106.5402, -5.5291 ], [ 106.5403, -5.5289 ] ] ], [ [ [ 106.5328, -5.5148 ], [ 106.5329, -5.5143 ], [ 106.5336, -5.5127 ], [ 106.5349, -5.5115 ], [ 106.5359, -5.511 ], [ 106.5368, -5.5107 ], [ 106.5371, -5.5107 ], [ 106.5379, -5.5107 ], [ 106.5385, -5.5107 ], [ 106.5386, -5.5108 ], [ 106.539, -5.5116 ], [ 106.5389, -5.512 ], [ 106.5384, -5.513 ], [ 106.5374, -5.5139 ], [ 106.5336, -5.5155 ], [ 106.5331, -5.5154 ], [ 106.5328, -5.5148 ] ] ], [ [ [ 106.5472, -5.4995 ], [ 106.548, -5.4992 ], [ 106.5487, -5.4992 ], [ 106.5529, -5.5001 ], [ 106.5529, -5.5023 ], [ 106.5444, -5.5055 ], [ 106.5439, -5.5056 ], [ 106.5427, -5.5052 ], [ 106.5426, -5.5046 ], [ 106.5429, -5.5041 ], [ 106.5434, -5.5032 ], [ 106.5434, -5.5031 ], [ 106.5469, -5.4997 ], [ 106.5472, -5.4995 ] ] ], [ [ [ 106.5547, -5.4686 ], [ 106.5536, -5.4688 ], [ 106.5511, -5.4691 ], [ 106.5507, -5.4691 ], [ 106.5504, -5.4691 ], [ 106.5501, -5.4687 ], [ 106.5501, -5.4686 ], [ 106.5501, -5.4685 ], [ 106.5503, -5.4682 ], [ 106.5505, -5.468 ], [ 106.5509, -5.4677 ], [ 106.5515, -5.4675 ], [ 106.5521, -5.4672 ], [ 106.5525, -5.4672 ], [ 106.5538, -5.467 ], [ 106.555, -5.4669 ], [ 106.5558, -5.4669 ], [ 106.5564, -5.467 ], [ 106.5567, -5.467 ], [ 106.5569, -5.4673 ], [ 106.5569, -5.4674 ], [ 106.5569, -5.4677 ], [ 106.5568, -5.4678 ], [ 106.5567, -5.468 ], [ 106.5565, -5.4681 ], [ 106.5563, -5.4682 ], [ 106.5547, -5.4686 ] ] ], [ [ [ 106.5545, -5.4655 ], [ 106.5538, -5.4652 ], [ 106.5532, -5.4647 ], [ 106.5532, -5.4645 ], [ 106.5531, -5.4635 ], [ 106.5531, -5.4631 ], [ 106.5538, -5.4621 ], [ 106.5549, -5.4611 ], [ 106.5557, -5.4607 ], [ 106.5564, -5.4606 ], [ 106.5577, -5.4612 ], [ 106.5581, -5.4621 ], [ 106.558, -5.4627 ], [ 106.5575, -5.4637 ], [ 106.5572, -5.464 ], [ 106.557, -5.4642 ], [ 106.5556, -5.4654 ], [ 106.5548, -5.4656 ], [ 106.5548, -5.4655 ], [ 106.5547, -5.4655 ], [ 106.5545, -5.4655 ] ] ], [ [ [ 106.4927, -5.4185 ], [ 106.494, -5.4187 ], [ 106.4943, -5.4188 ], [ 106.495, -5.4196 ], [ 106.4941, -5.4213 ], [ 106.4925, -5.4228 ], [ 106.4922, -5.4232 ], [ 106.4915, -5.4231 ], [ 106.4902, -5.4223 ], [ 106.4899, -5.4212 ], [ 106.4898, -5.4209 ], [ 106.4898, -5.4205 ], [ 106.4899, -5.4201 ], [ 106.4901, -5.4197 ], [ 106.4909, -5.419 ], [ 106.4915, -5.4185 ], [ 106.4927, -5.4185 ] ] ], [ [ [ 106.4623, -5.2024 ], [ 106.4624, -5.2024 ], [ 106.463, -5.2025 ], [ 106.4631, -5.2027 ], [ 106.463, -5.203 ], [ 106.4621, -5.2054 ], [ 106.4613, -5.2069 ], [ 106.4611, -5.2071 ], [ 106.461, -5.2072 ], [ 106.4608, -5.2074 ], [ 106.4605, -5.2074 ], [ 106.4603, -5.2074 ], [ 106.4596, -5.2067 ], [ 106.4593, -5.2058 ], [ 106.4592, -5.2051 ], [ 106.4593, -5.2047 ], [ 106.4593, -5.2046 ], [ 106.4595, -5.2039 ], [ 106.4597, -5.2035 ], [ 106.4604, -5.203 ], [ 106.4607, -5.2029 ], [ 106.4623, -5.2024 ] ] ], [ [ [ 106.5914, -5.9349 ], [ 106.5915, -5.9348 ], [ 106.5916, -5.9347 ], [ 106.5919, -5.9345 ], [ 106.5922, -5.9345 ], [ 106.5927, -5.9346 ], [ 106.5939, -5.9347 ], [ 106.5967, -5.9365 ], [ 106.5974, -5.9372 ], [ 106.5975, -5.9373 ], [ 106.5977, -5.94 ], [ 106.5953, -5.9409 ], [ 106.5943, -5.9404 ], [ 106.593, -5.9389 ], [ 106.5916, -5.9354 ], [ 106.5914, -5.935 ], [ 106.5914, -5.9349 ] ] ], [ [ [ 106.5839, -5.9252 ], [ 106.584, -5.9253 ], [ 106.5845, -5.9256 ], [ 106.5858, -5.9264 ], [ 106.5889, -5.9324 ], [ 106.5872, -5.934 ], [ 106.5817, -5.9274 ], [ 106.5812, -5.9268 ], [ 106.5812, -5.9262 ], [ 106.5812, -5.926 ], [ 106.5813, -5.9256 ], [ 106.5814, -5.9255 ], [ 106.5815, -5.9254 ], [ 106.5839, -5.9252 ] ] ], [ [ [ 106.6224, -5.8547 ], [ 106.6226, -5.8546 ], [ 106.623, -5.8547 ], [ 106.6282, -5.8542 ], [ 106.6296, -5.8542 ], [ 106.6308, -5.8542 ], [ 106.6313, -5.8544 ], [ 106.6311, -5.8547 ], [ 106.6104, -5.8641 ], [ 106.61, -5.8641 ], [ 106.6096, -5.8639 ], [ 106.6094, -5.8638 ], [ 106.6146, -5.8584 ], [ 106.6161, -5.8569 ], [ 106.6224, -5.8547 ] ] ], [ [ [ 106.6011, -5.859 ], [ 106.6013, -5.8587 ], [ 106.6045, -5.8568 ], [ 106.6053, -5.8565 ], [ 106.6054, -5.8565 ], [ 106.6063, -5.8563 ], [ 106.6079, -5.8561 ], [ 106.609, -5.856 ], [ 106.609, -5.8562 ], [ 106.6089, -5.8562 ], [ 106.6088, -5.8578 ], [ 106.6087, -5.8584 ], [ 106.6086, -5.8587 ], [ 106.6083, -5.8589 ], [ 106.6076, -5.8591 ], [ 106.6016, -5.8608 ], [ 106.6014, -5.8608 ], [ 106.6012, -5.8604 ], [ 106.6011, -5.8601 ], [ 106.601, -5.8598 ], [ 106.6011, -5.859 ] ] ], [ [ [ 106.6115, -5.7493 ], [ 106.6115, -5.7492 ], [ 106.6115, -5.7488 ], [ 106.6115, -5.7487 ], [ 106.6126, -5.7448 ], [ 106.6139, -5.7429 ], [ 106.6141, -5.7426 ], [ 106.6145, -5.7422 ], [ 106.6149, -5.742 ], [ 106.6152, -5.7419 ], [ 106.6156, -5.742 ], [ 106.6158, -5.7422 ], [ 106.6161, -5.7428 ], [ 106.6161, -5.7433 ], [ 106.6161, -5.7442 ], [ 106.6157, -5.7455 ], [ 106.6151, -5.7466 ], [ 106.6147, -5.7473 ], [ 106.6143, -5.7479 ], [ 106.6138, -5.7486 ], [ 106.6137, -5.7487 ], [ 106.6129, -5.7493 ], [ 106.6125, -5.7496 ], [ 106.6122, -5.7497 ], [ 106.6118, -5.7496 ], [ 106.6115, -5.7493 ] ] ], [ [ [ 106.5986, -5.7378 ], [ 106.5989, -5.7377 ], [ 106.5995, -5.7375 ], [ 106.5999, -5.7374 ], [ 106.6018, -5.7373 ], [ 106.602, -5.7373 ], [ 106.6025, -5.7376 ], [ 106.6029, -5.7385 ], [ 106.6035, -5.7406 ], [ 106.6041, -5.7425 ], [ 106.6035, -5.7423 ], [ 106.5982, -5.739 ], [ 106.5981, -5.7387 ], [ 106.598, -5.7386 ], [ 106.598, -5.7385 ], [ 106.598, -5.7383 ], [ 106.5983, -5.7381 ], [ 106.5986, -5.7378 ] ] ], [ [ [ 106.5789, -5.6714 ], [ 106.5788, -5.6713 ], [ 106.5788, -5.6711 ], [ 106.5789, -5.6708 ], [ 106.579, -5.6705 ], [ 106.5798, -5.6695 ], [ 106.5799, -5.6694 ], [ 106.5805, -5.6691 ], [ 106.5808, -5.669 ], [ 106.5826, -5.669 ], [ 106.5844, -5.669 ], [ 106.5847, -5.6691 ], [ 106.5849, -5.6692 ], [ 106.585, -5.6693 ], [ 106.585, -5.6694 ], [ 106.585, -5.6695 ], [ 106.5849, -5.6699 ], [ 106.5842, -5.6701 ], [ 106.5794, -5.6715 ], [ 106.5792, -5.6715 ], [ 106.5789, -5.6714 ] ] ], [ [ [ 106.5704, -5.661 ], [ 106.5685, -5.6627 ], [ 106.5659, -5.6641 ], [ 106.5643, -5.6636 ], [ 106.5682, -5.6608 ], [ 106.5694, -5.6603 ], [ 106.57, -5.6603 ], [ 106.5707, -5.6605 ], [ 106.5706, -5.6608 ], [ 106.5704, -5.661 ] ] ], [ [ [ 106.5642, -5.6566 ], [ 106.5642, -5.6565 ], [ 106.5643, -5.6564 ], [ 106.5648, -5.6553 ], [ 106.565, -5.6551 ], [ 106.5655, -5.6545 ], [ 106.5655, -5.6544 ], [ 106.5662, -5.6539 ], [ 106.5667, -5.6535 ], [ 106.567, -5.6534 ], [ 106.5703, -5.6525 ], [ 106.5719, -5.6521 ], [ 106.5722, -5.6521 ], [ 106.5725, -5.6521 ], [ 106.5734, -5.6524 ], [ 106.5738, -5.6531 ], [ 106.5741, -5.656 ], [ 106.5742, -5.6569 ], [ 106.5742, -5.6571 ], [ 106.5731, -5.6571 ], [ 106.5646, -5.6568 ], [ 106.5643, -5.6567 ], [ 106.5642, -5.6566 ] ] ], [ [ [ 106.5756, -5.6532 ], [ 106.576, -5.6519 ], [ 106.5782, -5.65 ], [ 106.5792, -5.6501 ], [ 106.579, -5.6523 ], [ 106.58, -5.6525 ], [ 106.5806, -5.6527 ], [ 106.581, -5.6529 ], [ 106.5811, -5.6531 ], [ 106.5811, -5.6533 ], [ 106.5809, -5.6536 ], [ 106.5793, -5.6548 ], [ 106.579, -5.6548 ], [ 106.5786, -5.6548 ], [ 106.5768, -5.6541 ], [ 106.5756, -5.6534 ], [ 106.5756, -5.6532 ] ] ], [ [ [ 106.5682, -5.6431 ], [ 106.5674, -5.6438 ], [ 106.558, -5.6467 ], [ 106.554, -5.6476 ], [ 106.5531, -5.6475 ], [ 106.5529, -5.6467 ], [ 106.5536, -5.646 ], [ 106.5632, -5.6431 ], [ 106.567, -5.6422 ], [ 106.568, -5.6423 ], [ 106.5682, -5.6431 ] ] ], [ [ [ 106.5829, -5.6361 ], [ 106.5828, -5.6361 ], [ 106.576, -5.6365 ], [ 106.5756, -5.6365 ], [ 106.5755, -5.6362 ], [ 106.5752, -5.6355 ], [ 106.5752, -5.6353 ], [ 106.5752, -5.6349 ], [ 106.5752, -5.6346 ], [ 106.5758, -5.6344 ], [ 106.5766, -5.6343 ], [ 106.5776, -5.6341 ], [ 106.5787, -5.6349 ], [ 106.58, -5.6342 ], [ 106.5817, -5.6339 ], [ 106.582, -5.6339 ], [ 106.5842, -5.6345 ], [ 106.5854, -5.6348 ], [ 106.5855, -5.6349 ], [ 106.5855, -5.635 ], [ 106.5855, -5.6351 ], [ 106.5855, -5.6352 ], [ 106.5851, -5.6354 ], [ 106.5829, -5.6361 ] ] ], [ [ [ 106.5726, -5.6141 ], [ 106.5727, -5.6134 ], [ 106.5731, -5.6117 ], [ 106.5733, -5.6113 ], [ 106.574, -5.6109 ], [ 106.5744, -5.6107 ], [ 106.5751, -5.6106 ], [ 106.5759, -5.6104 ], [ 106.58, -5.6101 ], [ 106.5818, -5.6101 ], [ 106.5829, -5.6103 ], [ 106.583, -5.6107 ], [ 106.583, -5.6109 ], [ 106.583, -5.611 ], [ 106.5822, -5.6114 ], [ 106.5812, -5.612 ], [ 106.5759, -5.6146 ], [ 106.5752, -5.6149 ], [ 106.5737, -5.6147 ], [ 106.5728, -5.6144 ], [ 106.5726, -5.6141 ] ] ], [ [ [ 106.5587, -5.5957 ], [ 106.5577, -5.596 ], [ 106.5572, -5.5961 ], [ 106.5568, -5.5959 ], [ 106.5568, -5.5955 ], [ 106.5594, -5.5931 ], [ 106.5601, -5.5926 ], [ 106.5603, -5.5925 ], [ 106.5606, -5.5925 ], [ 106.5617, -5.5929 ], [ 106.5623, -5.5936 ], [ 106.5623, -5.5937 ], [ 106.5601, -5.5952 ], [ 106.5587, -5.5957 ] ] ], [ [ [ 106.5925, -5.5863 ], [ 106.5918, -5.5872 ], [ 106.5904, -5.5877 ], [ 106.5887, -5.5872 ], [ 106.5885, -5.5867 ], [ 106.5888, -5.5859 ], [ 106.589, -5.5856 ], [ 106.5898, -5.5847 ], [ 106.5899, -5.5846 ], [ 106.591, -5.5841 ], [ 106.5922, -5.584 ], [ 106.5927, -5.5847 ], [ 106.5925, -5.5863 ] ] ], [ [ [ 106.5856, -5.5838 ], [ 106.5866, -5.5848 ], [ 106.5871, -5.5853 ], [ 106.5866, -5.5871 ], [ 106.5862, -5.5872 ], [ 106.585, -5.587 ], [ 106.5832, -5.5856 ], [ 106.5821, -5.5842 ], [ 106.5826, -5.5827 ], [ 106.5842, -5.5828 ], [ 106.5856, -5.5838 ] ] ], [ [ [ 106.5965, -5.5797 ], [ 106.5968, -5.5803 ], [ 106.5964, -5.5827 ], [ 106.5955, -5.5828 ], [ 106.5925, -5.581 ], [ 106.5926, -5.5798 ], [ 106.5926, -5.5797 ], [ 106.5931, -5.5794 ], [ 106.5938, -5.579 ], [ 106.5946, -5.5788 ], [ 106.5957, -5.579 ], [ 106.5965, -5.5797 ] ] ], [ [ [ 106.5802, -5.4926 ], [ 106.5792, -5.4936 ], [ 106.5789, -5.4938 ], [ 106.5782, -5.4941 ], [ 106.5768, -5.4948 ], [ 106.5765, -5.4949 ], [ 106.5763, -5.495 ], [ 106.5762, -5.495 ], [ 106.5758, -5.4944 ], [ 106.5765, -5.4923 ], [ 106.577, -5.492 ], [ 106.5773, -5.4917 ], [ 106.5774, -5.4917 ], [ 106.5781, -5.4914 ], [ 106.5787, -5.4915 ], [ 106.5791, -5.4917 ], [ 106.5799, -5.492 ], [ 106.5804, -5.4923 ], [ 106.5802, -5.4926 ] ] ], [ [ [ 106.571, -5.4553 ], [ 106.5715, -5.4556 ], [ 106.5721, -5.4561 ], [ 106.5722, -5.4562 ], [ 106.5723, -5.4564 ], [ 106.5722, -5.4566 ], [ 106.5711, -5.4581 ], [ 106.5705, -5.4585 ], [ 106.5684, -5.4596 ], [ 106.5676, -5.4599 ], [ 106.5669, -5.4601 ], [ 106.5666, -5.4605 ], [ 106.5663, -5.46 ], [ 106.5662, -5.4589 ], [ 106.5664, -5.4575 ], [ 106.5667, -5.4569 ], [ 106.5668, -5.4568 ], [ 106.5682, -5.456 ], [ 106.5686, -5.4559 ], [ 106.569, -5.4557 ], [ 106.5701, -5.4553 ], [ 106.571, -5.4553 ] ] ], [ [ [ 106.7082, -5.9803 ], [ 106.7062, -5.9797 ], [ 106.7025, -5.9769 ], [ 106.7023, -5.9767 ], [ 106.7023, -5.9766 ], [ 106.7024, -5.9763 ], [ 106.7026, -5.9759 ], [ 106.7031, -5.9755 ], [ 106.7032, -5.9754 ], [ 106.7041, -5.9751 ], [ 106.7046, -5.975 ], [ 106.7057, -5.9748 ], [ 106.706, -5.9748 ], [ 106.706, -5.9749 ], [ 106.7061, -5.975 ], [ 106.7077, -5.9752 ], [ 106.709, -5.9756 ], [ 106.7103, -5.9761 ], [ 106.7104, -5.9761 ], [ 106.711, -5.9774 ], [ 106.7111, -5.9782 ], [ 106.7111, -5.9786 ], [ 106.7106, -5.9793 ], [ 106.7098, -5.9799 ], [ 106.7086, -5.9803 ], [ 106.7085, -5.9803 ], [ 106.7082, -5.9803 ] ] ], [ [ [ 106.6947, -5.9784 ], [ 106.6917, -5.9776 ], [ 106.6914, -5.9774 ], [ 106.6892, -5.9753 ], [ 106.6889, -5.9722 ], [ 106.689, -5.9717 ], [ 106.6894, -5.9706 ], [ 106.6895, -5.9705 ], [ 106.6898, -5.9703 ], [ 106.6907, -5.9703 ], [ 106.6911, -5.9704 ], [ 106.6914, -5.9705 ], [ 106.6919, -5.9708 ], [ 106.6926, -5.9708 ], [ 106.694, -5.9711 ], [ 106.6942, -5.9712 ], [ 106.6944, -5.9713 ], [ 106.6948, -5.9716 ], [ 106.6949, -5.9717 ], [ 106.6951, -5.9719 ], [ 106.6952, -5.972 ], [ 106.6955, -5.9732 ], [ 106.6953, -5.9776 ], [ 106.695, -5.9783 ], [ 106.6947, -5.9784 ] ] ], [ [ [ 106.8411, -5.9564 ], [ 106.8414, -5.9555 ], [ 106.8419, -5.955 ], [ 106.8427, -5.9545 ], [ 106.8441, -5.9545 ], [ 106.8455, -5.9551 ], [ 106.8465, -5.9557 ], [ 106.8475, -5.9564 ], [ 106.8474, -5.9574 ], [ 106.8465, -5.9601 ], [ 106.8457, -5.9606 ], [ 106.8447, -5.9601 ], [ 106.8423, -5.958 ], [ 106.8415, -5.9573 ], [ 106.8411, -5.9564 ] ] ], [ [ [ 106.6326, -5.9421 ], [ 106.6331, -5.9423 ], [ 106.6337, -5.9426 ], [ 106.634, -5.943 ], [ 106.634, -5.9434 ], [ 106.6333, -5.9448 ], [ 106.6329, -5.9455 ], [ 106.6326, -5.9457 ], [ 106.6321, -5.9458 ], [ 106.6285, -5.9443 ], [ 106.6282, -5.9442 ], [ 106.6278, -5.9435 ], [ 106.6276, -5.943 ], [ 106.6277, -5.9428 ], [ 106.6281, -5.9425 ], [ 106.6286, -5.9423 ], [ 106.6301, -5.9422 ], [ 106.6313, -5.942 ], [ 106.6326, -5.9421 ] ] ] ] } },
{ "type": "Feature", "properties": { "fid": 5, "id_wilayah": "M004", "id_parent": 100, "id_level_wilayah": 3, "nama_wilayah": "Gerbangkertosusila" }, "geometry": { "type": "MultiPolygon", "coordinates": [ [ [ [ 112.6543, -7.5802 ], [ 112.634, -7.6134 ], [ 112.6267, -7.6372 ], [ 112.6274, -7.6381 ], [ 112.628, -7.6399 ], [ 112.6283, -7.6409 ], [ 112.6289, -7.6433 ], [ 112.6291, -7.6508 ], [ 112.6291, -7.6509 ], [ 112.6289, -7.6517 ], [ 112.6288, -7.6521 ], [ 112.6174, -7.6768 ], [ 112.6163, -7.6788 ], [ 112.6147, -7.6813 ], [ 112.6144, -7.6817 ], [ 112.6099, -7.6862 ], [ 112.6088, -7.6872 ], [ 112.5745, -7.7339 ], [ 112.5731, -7.7339 ], [ 112.5711, -7.7338 ], [ 112.5689, -7.7337 ], [ 112.5656, -7.7335 ], [ 112.5645, -7.7333 ], [ 112.557, -7.7319 ], [ 112.5545, -7.7314 ], [ 112.5499, -7.7301 ], [ 112.5459, -7.7281 ], [ 112.5453, -7.7277 ], [ 112.5401, -7.7258 ], [ 112.5397, -7.7257 ], [ 112.5393, -7.7256 ], [ 112.5391, -7.7256 ], [ 112.5366, -7.7252 ], [ 112.5363, -7.7252 ], [ 112.5357, -7.7251 ], [ 112.5352, -7.7251 ], [ 112.5349, -7.7251 ], [ 112.5344, -7.7251 ], [ 112.5342, -7.7252 ], [ 112.5337, -7.7252 ], [ 112.5336, -7.7253 ], [ 112.5333, -7.7253 ], [ 112.5333, -7.7254 ], [ 112.519, -7.7396 ], [ 112.5137, -7.749 ], [ 112.5137, -7.7495 ], [ 112.5137, -7.7498 ], [ 112.5136, -7.75 ], [ 112.5134, -7.7512 ], [ 112.5128, -7.7517 ], [ 112.5006, -7.7625 ], [ 112.5002, -7.7628 ], [ 112.4782, -7.7689 ], [ 112.4558, -7.7791 ], [ 112.4506, -7.7707 ], [ 112.448, -7.7635 ], [ 112.4356, -7.7236 ], [ 112.4117, -7.6735 ], [ 112.4116, -7.6732 ], [ 112.4116, -7.6729 ], [ 112.4112, -7.6644 ], [ 112.4116, -7.6609 ], [ 112.4119, -7.6568 ], [ 112.4108, -7.6479 ], [ 112.4105, -7.646 ], [ 112.4039, -7.6229 ], [ 112.4024, -7.6212 ], [ 112.4014, -7.6202 ], [ 112.4013, -7.6201 ], [ 112.3961, -7.6148 ], [ 112.3931, -7.6122 ], [ 112.3862, -7.6049 ], [ 112.3764, -7.5944 ], [ 112.3764, -7.5943 ], [ 112.3746, -7.5887 ], [ 112.3678, -7.5437 ], [ 112.3741, -7.4872 ], [ 112.3771, -7.4828 ], [ 112.3939, -7.4671 ], [ 112.3979, -7.4654 ], [ 112.3993, -7.4649 ], [ 112.3997, -7.4648 ], [ 112.4003, -7.4651 ], [ 112.4013, -7.4656 ], [ 112.4017, -7.4658 ], [ 112.4019, -7.4659 ], [ 112.4023, -7.4662 ], [ 112.4029, -7.466 ], [ 112.4034, -7.4654 ], [ 112.4045, -7.4618 ], [ 112.4038, -7.461 ], [ 112.4038, -7.4609 ], [ 112.402, -7.4594 ], [ 112.4019, -7.4593 ], [ 112.4016, -7.4591 ], [ 112.4015, -7.459 ], [ 112.3997, -7.4582 ], [ 112.3995, -7.4581 ], [ 112.3992, -7.458 ], [ 112.3989, -7.4578 ], [ 112.3987, -7.4578 ], [ 112.3975, -7.4575 ], [ 112.3974, -7.4575 ], [ 112.3964, -7.4574 ], [ 112.3582, -7.4576 ], [ 112.3428, -7.4597 ], [ 112.3418, -7.4597 ], [ 112.3417, -7.4597 ], [ 112.3415, -7.4597 ], [ 112.3412, -7.4596 ], [ 112.3409, -7.4594 ], [ 112.3407, -7.4593 ], [ 112.3402, -7.459 ], [ 112.3397, -7.4586 ], [ 112.3329, -7.4539 ], [ 112.3328, -7.4536 ], [ 112.3328, -7.4524 ], [ 112.3344, -7.4469 ], [ 112.3464, -7.4175 ], [ 112.3371, -7.3805 ], [ 112.337, -7.3801 ], [ 112.3364, -7.3784 ], [ 112.3357, -7.375 ], [ 112.3353, -7.3722 ], [ 112.3355, -7.3667 ], [ 112.3357, -7.3654 ], [ 112.3358, -7.365 ], [ 112.3362, -7.364 ], [ 112.3373, -7.3613 ], [ 112.3437, -7.3476 ], [ 112.3457, -7.345 ], [ 112.329, -7.3558 ], [ 112.3114, -7.3646 ], [ 112.2726, -7.3575 ], [ 112.2273, -7.3504 ], [ 112.2084, -7.3505 ], [ 112.1854, -7.3537 ], [ 112.1422, -7.3671 ], [ 112.1193, -7.3763 ], [ 112.1106, -7.382 ], [ 112.1016, -7.3846 ], [ 112.1014, -7.3846 ], [ 112.0978, -7.3849 ], [ 112.0971, -7.3848 ], [ 112.0815, -7.3826 ], [ 112.0849, -7.3785 ], [ 112.0861, -7.376 ], [ 112.0893, -7.3685 ], [ 112.0894, -7.3616 ], [ 112.0894, -7.3614 ], [ 112.0894, -7.3613 ], [ 112.089, -7.3585 ], [ 112.085, -7.3503 ], [ 112.0827, -7.3479 ], [ 112.0813, -7.3473 ], [ 112.0797, -7.3458 ], [ 112.0774, -7.3415 ], [ 112.0753, -7.3356 ], [ 112.0869, -7.2659 ], [ 112.0966, -7.2284 ], [ 112.0969, -7.2284 ], [ 112.0976, -7.2282 ], [ 112.098, -7.228 ], [ 112.1069, -7.2236 ], [ 112.1203, -7.2052 ], [ 112.1292, -7.1842 ], [ 112.1366, -7.1649 ], [ 112.1368, -7.1647 ], [ 112.151, -7.1538 ], [ 112.1564, -7.1496 ], [ 112.1594, -7.1433 ], [ 112.1601, -7.1417 ], [ 112.1612, -7.137 ], [ 112.1614, -7.1359 ], [ 112.1615, -7.1352 ], [ 112.1616, -7.1344 ], [ 112.1617, -7.1304 ], [ 112.1617, -7.1218 ], [ 112.1542, -7.11 ], [ 112.1544, -7.1101 ], [ 112.1545, -7.1101 ], [ 112.1564, -7.1105 ], [ 112.1578, -7.1105 ], [ 112.1579, -7.1105 ], [ 112.1593, -7.1104 ], [ 112.2172, -7.0748 ], [ 112.2187, -7.0697 ], [ 112.2189, -7.0686 ], [ 112.219, -7.0672 ], [ 112.219, -7.0666 ], [ 112.2189, -7.0659 ], [ 112.2189, -7.0656 ], [ 112.2188, -7.0652 ], [ 112.2186, -7.0645 ], [ 112.2184, -7.0639 ], [ 112.2097, -7.0224 ], [ 112.2113, -7.0197 ], [ 112.2145, -7.0094 ], [ 112.213, -7.0009 ], [ 112.202, -6.9355 ], [ 112.1796, -6.9088 ], [ 112.1729, -6.903 ], [ 112.1706, -6.8973 ], [ 112.1706, -6.8969 ], [ 112.1703, -6.8948 ], [ 112.1704, -6.8948 ], [ 112.1705, -6.8948 ], [ 112.1706, -6.8948 ], [ 112.1706, -6.8949 ], [ 112.1707, -6.8951 ], [ 112.1708, -6.8953 ], [ 112.1708, -6.8958 ], [ 112.1709, -6.8966 ], [ 112.1708, -6.8966 ], [ 112.1709, -6.8973 ], [ 112.171, -6.8979 ], [ 112.1711, -6.8978 ], [ 112.1712, -6.8978 ], [ 112.1723, -6.8974 ], [ 112.173, -6.8952 ], [ 112.1729, -6.8945 ], [ 112.1729, -6.8944 ], [ 112.1731, -6.8953 ], [ 112.1732, -6.8953 ], [ 112.1738, -6.8951 ], [ 112.1741, -6.895 ], [ 112.1745, -6.8944 ], [ 112.1745, -6.8942 ], [ 112.1746, -6.8941 ], [ 112.1745, -6.8941 ], [ 112.1744, -6.8941 ], [ 112.1744, -6.894 ], [ 112.1745, -6.8939 ], [ 112.1746, -6.8938 ], [ 112.1749, -6.8935 ], [ 112.175, -6.8933 ], [ 112.1763, -6.8928 ], [ 112.1794, -6.8914 ], [ 112.1827, -6.8894 ], [ 112.1832, -6.889 ], [ 112.1833, -6.8889 ], [ 112.1848, -6.8884 ], [ 112.1866, -6.8879 ], [ 112.1872, -6.8879 ], [ 112.1888, -6.8879 ], [ 112.1915, -6.8877 ], [ 112.1933, -6.8875 ], [ 112.1998, -6.8854 ], [ 112.2101, -6.8811 ], [ 112.2153, -6.8772 ], [ 112.2152, -6.8772 ], [ 112.2152, -6.8771 ], [ 112.2152, -6.8769 ], [ 112.2152, -6.8768 ], [ 112.2163, -6.8747 ], [ 112.2165, -6.8746 ], [ 112.2172, -6.8742 ], [ 112.2176, -6.8741 ], [ 112.2231, -6.8727 ], [ 112.2246, -6.8724 ], [ 112.2394, -6.8716 ], [ 112.2399, -6.8716 ], [ 112.2439, -6.8726 ], [ 112.2447, -6.8734 ], [ 112.2448, -6.8743 ], [ 112.2451, -6.8765 ], [ 112.2454, -6.8771 ], [ 112.247, -6.8784 ], [ 112.248, -6.8786 ], [ 112.2485, -6.8786 ], [ 112.2486, -6.8786 ], [ 112.2986, -6.8741 ], [ 112.3004, -6.874 ], [ 112.3403, -6.869 ], [ 112.3545, -6.8666 ], [ 112.3714, -6.8734 ], [ 112.3733, -6.8744 ], [ 112.3734, -6.8745 ], [ 112.3817, -6.8757 ], [ 112.382, -6.8757 ], [ 112.3882, -6.8761 ], [ 112.3886, -6.876 ], [ 112.3915, -6.8755 ], [ 112.3968, -6.8745 ], [ 112.3995, -6.8739 ], [ 112.3998, -6.8737 ], [ 112.4002, -6.8734 ], [ 112.4, -6.8713 ], [ 112.3998, -6.8711 ], [ 112.3996, -6.8711 ], [ 112.3988, -6.8711 ], [ 112.3987, -6.8712 ], [ 112.3989, -6.8723 ], [ 112.399, -6.8723 ], [ 112.399, -6.8725 ], [ 112.399, -6.8728 ], [ 112.3989, -6.8728 ], [ 112.3987, -6.8724 ], [ 112.3986, -6.8711 ], [ 112.3987, -6.871 ], [ 112.4013, -6.8708 ], [ 112.4023, -6.8708 ], [ 112.4035, -6.8708 ], [ 112.4035, -6.872 ], [ 112.4037, -6.8722 ], [ 112.4044, -6.8723 ], [ 112.4045, -6.8723 ], [ 112.4047, -6.8723 ], [ 112.4059, -6.8719 ], [ 112.406, -6.8717 ], [ 112.4059, -6.8715 ], [ 112.4058, -6.8709 ], [ 112.4056, -6.8699 ], [ 112.4056, -6.8695 ], [ 112.4057, -6.8688 ], [ 112.406, -6.8687 ], [ 112.4068, -6.8693 ], [ 112.4067, -6.8695 ], [ 112.4059, -6.8691 ], [ 112.4059, -6.869 ], [ 112.4058, -6.8689 ], [ 112.4057, -6.8693 ], [ 112.4057, -6.8698 ], [ 112.4058, -6.8708 ], [ 112.4061, -6.8716 ], [ 112.4064, -6.8715 ], [ 112.407, -6.8711 ], [ 112.4077, -6.8707 ], [ 112.4078, -6.8706 ], [ 112.4069, -6.8699 ], [ 112.4068, -6.8699 ], [ 112.4079, -6.8682 ], [ 112.4098, -6.8659 ], [ 112.4084, -6.8657 ], [ 112.4066, -6.8657 ], [ 112.4066, -6.8654 ], [ 112.4117, -6.864 ], [ 112.414, -6.8634 ], [ 112.423, -6.8639 ], [ 112.4303, -6.8658 ], [ 112.4337, -6.8675 ], [ 112.437, -6.8696 ], [ 112.4376, -6.8701 ], [ 112.4389, -6.8711 ], [ 112.4395, -6.8717 ], [ 112.4406, -6.8748 ], [ 112.4406, -6.8751 ], [ 112.4405, -6.8753 ], [ 112.4405, -6.8754 ], [ 112.4403, -6.8756 ], [ 112.4461, -6.8744 ], [ 112.4575, -6.8808 ], [ 112.4561, -6.884 ], [ 112.4746, -6.8985 ], [ 112.4749, -6.8987 ], [ 112.4851, -6.9021 ], [ 112.4852, -6.9021 ], [ 112.5103, -6.9075 ], [ 112.5106, -6.9075 ], [ 112.5118, -6.9074 ], [ 112.5147, -6.9068 ], [ 112.5195, -6.9057 ], [ 112.5198, -6.9057 ], [ 112.5203, -6.9054 ], [ 112.521, -6.905 ], [ 112.5214, -6.9046 ], [ 112.5218, -6.9042 ], [ 112.5221, -6.9039 ], [ 112.5253, -6.9002 ], [ 112.5383, -6.8846 ], [ 112.5313, -6.8745 ], [ 112.5301, -6.8635 ], [ 112.5444, -6.8494 ], [ 112.5469, -6.8483 ], [ 112.5498, -6.8473 ], [ 112.5565, -6.8472 ], [ 112.5728, -6.8478 ], [ 112.5779, -6.8507 ], [ 112.5786, -6.8522 ], [ 112.5788, -6.8538 ], [ 112.5773, -6.8601 ], [ 112.5768, -6.8678 ], [ 112.5772, -6.8788 ], [ 112.5835, -6.8851 ], [ 112.598, -6.8809 ], [ 112.6027, -6.8765 ], [ 112.6066, -6.8744 ], [ 112.609, -6.8757 ], [ 112.617, -6.8845 ], [ 112.6183, -6.8864 ], [ 112.6212, -6.9119 ], [ 112.6183, -6.9184 ], [ 112.6095, -6.9254 ], [ 112.6025, -6.927 ], [ 112.598, -6.9243 ], [ 112.5972, -6.9178 ], [ 112.5972, -6.9176 ], [ 112.5944, -6.9215 ], [ 112.5944, -6.9262 ], [ 112.6018, -6.9642 ], [ 112.6049, -6.9729 ], [ 112.6089, -6.9829 ], [ 112.6103, -6.9853 ], [ 112.6107, -6.9858 ], [ 112.6157, -6.9918 ], [ 112.6174, -6.9933 ], [ 112.6265, -7.0011 ], [ 112.6266, -7.0012 ], [ 112.6349, -7.0039 ], [ 112.6351, -7.0039 ], [ 112.6356, -7.0039 ], [ 112.6363, -7.004 ], [ 112.6367, -7.0039 ], [ 112.639, -7.0035 ], [ 112.639, -7.0033 ], [ 112.6391, -7.003 ], [ 112.6401, -7.0024 ], [ 112.6408, -7.0025 ], [ 112.6417, -7.0028 ], [ 112.6419, -7.0028 ], [ 112.6438, -7.0059 ], [ 112.6502, -7.0185 ], [ 112.6531, -7.0423 ], [ 112.6531, -7.0426 ], [ 112.6529, -7.0478 ], [ 112.6505, -7.0567 ], [ 112.6502, -7.0573 ], [ 112.65, -7.0576 ], [ 112.6496, -7.058 ], [ 112.6495, -7.0582 ], [ 112.6491, -7.0585 ], [ 112.6485, -7.059 ], [ 112.648, -7.0592 ], [ 112.6476, -7.0593 ], [ 112.6474, -7.0594 ], [ 112.6472, -7.0594 ], [ 112.6453, -7.0593 ], [ 112.6451, -7.0593 ], [ 112.6447, -7.0592 ], [ 112.6443, -7.059 ], [ 112.644, -7.0587 ], [ 112.6436, -7.0584 ], [ 112.6434, -7.0582 ], [ 112.6431, -7.0578 ], [ 112.6409, -7.0578 ], [ 112.6384, -7.0586 ], [ 112.638, -7.0587 ], [ 112.6379, -7.0588 ], [ 112.6378, -7.0589 ], [ 112.6353, -7.0633 ], [ 112.635, -7.0639 ], [ 112.6339, -7.0662 ], [ 112.6338, -7.0663 ], [ 112.6337, -7.0666 ], [ 112.6327, -7.0692 ], [ 112.6315, -7.0734 ], [ 112.6233, -7.1071 ], [ 112.6218, -7.1144 ], [ 112.6216, -7.1155 ], [ 112.6215, -7.1157 ], [ 112.6218, -7.1174 ], [ 112.6222, -7.1192 ], [ 112.6223, -7.1194 ], [ 112.623, -7.122 ], [ 112.6258, -7.1291 ], [ 112.626, -7.1295 ], [ 112.6268, -7.1305 ], [ 112.6288, -7.1327 ], [ 112.6292, -7.1331 ], [ 112.6296, -7.1335 ], [ 112.63, -7.1339 ], [ 112.6306, -7.1345 ], [ 112.6326, -7.1358 ], [ 112.6352, -7.1372 ], [ 112.6362, -7.1375 ], [ 112.6369, -7.1376 ], [ 112.6397, -7.1381 ], [ 112.6471, -7.1391 ], [ 112.6489, -7.1406 ], [ 112.6589, -7.1504 ], [ 112.6689, -7.1619 ], [ 112.6693, -7.1626 ], [ 112.6715, -7.173 ], [ 112.6666, -7.1868 ], [ 112.6644, -7.1915 ], [ 112.6639, -7.1922 ], [ 112.6631, -7.1932 ], [ 112.6637, -7.1941 ], [ 112.6638, -7.1949 ], [ 112.6653, -7.1988 ], [ 112.6653, -7.199 ], [ 112.6645, -7.2006 ], [ 112.6644, -7.2007 ], [ 112.6626, -7.2022 ], [ 112.6612, -7.2045 ], [ 112.6604, -7.2059 ], [ 112.6603, -7.2062 ], [ 112.66, -7.2071 ], [ 112.66, -7.2073 ], [ 112.66, -7.2077 ], [ 112.6601, -7.2078 ], [ 112.6682, -7.2199 ], [ 112.6683, -7.22 ], [ 112.6684, -7.2201 ], [ 112.6767, -7.2238 ], [ 112.6821, -7.2244 ], [ 112.7063, -7.2248 ], [ 112.7066, -7.2248 ], [ 112.7088, -7.2232 ], [ 112.7201, -7.2074 ], [ 112.7236, -7.1985 ], [ 112.7236, -7.198 ], [ 112.7394, -7.195 ], [ 112.7433, -7.1943 ], [ 112.7626, -7.1957 ], [ 112.763, -7.1958 ], [ 112.7636, -7.1959 ], [ 112.7648, -7.1963 ], [ 112.7653, -7.1965 ], [ 112.7658, -7.1968 ], [ 112.7686, -7.1987 ], [ 112.7748, -7.203 ], [ 112.7804, -7.2089 ], [ 112.7819, -7.2107 ], [ 112.7914, -7.227 ], [ 112.7943, -7.2323 ], [ 112.8161, -7.2517 ], [ 112.8175, -7.2519 ], [ 112.8325, -7.2587 ], [ 112.8334, -7.2592 ], [ 112.8346, -7.2601 ], [ 112.8352, -7.261 ], [ 112.8428, -7.2759 ], [ 112.8436, -7.2778 ], [ 112.8456, -7.2826 ], [ 112.8465, -7.2859 ], [ 112.8468, -7.2874 ], [ 112.8469, -7.2967 ], [ 112.8469, -7.297 ], [ 112.8465, -7.3073 ], [ 112.8464, -7.3076 ], [ 112.8455, -7.3102 ], [ 112.8429, -7.3164 ], [ 112.8425, -7.317 ], [ 112.8419, -7.3177 ], [ 112.8377, -7.3223 ], [ 112.8359, -7.3231 ], [ 112.834, -7.3256 ], [ 112.8275, -7.3407 ], [ 112.8266, -7.3433 ], [ 112.8307, -7.3369 ], [ 112.8327, -7.3343 ], [ 112.8363, -7.3315 ], [ 112.8378, -7.3307 ], [ 112.8391, -7.3303 ], [ 112.8404, -7.3308 ], [ 112.8413, -7.3312 ], [ 112.8421, -7.3321 ], [ 112.8427, -7.3337 ], [ 112.8427, -7.3385 ], [ 112.8425, -7.3399 ], [ 112.8416, -7.3443 ], [ 112.8373, -7.3733 ], [ 112.8367, -7.3786 ], [ 112.8344, -7.4029 ], [ 112.8362, -7.4217 ], [ 112.8389, -7.4678 ], [ 112.8304, -7.476 ], [ 112.829, -7.4745 ], [ 112.828, -7.4741 ], [ 112.8278, -7.474 ], [ 112.8255, -7.4733 ], [ 112.8251, -7.4732 ], [ 112.8198, -7.4732 ], [ 112.8195, -7.4732 ], [ 112.8188, -7.4733 ], [ 112.8184, -7.4734 ], [ 112.818, -7.4735 ], [ 112.8178, -7.4735 ], [ 112.8177, -7.4736 ], [ 112.8175, -7.4737 ], [ 112.8171, -7.4741 ], [ 112.8139, -7.4774 ], [ 112.8133, -7.478 ], [ 112.8129, -7.4785 ], [ 112.8129, -7.4788 ], [ 112.8129, -7.4792 ], [ 112.8129, -7.4795 ], [ 112.8379, -7.5106 ], [ 112.8487, -7.5165 ], [ 112.8514, -7.5178 ], [ 112.855, -7.5192 ], [ 112.8614, -7.5217 ], [ 112.8703, -7.5329 ], [ 112.8723, -7.5367 ], [ 112.8745, -7.5593 ], [ 112.8757, -7.5719 ], [ 112.874, -7.577 ], [ 112.8612, -7.5801 ], [ 112.8564, -7.5802 ], [ 112.8476, -7.5795 ], [ 112.8469, -7.5792 ], [ 112.8465, -7.579 ], [ 112.8457, -7.5786 ], [ 112.8454, -7.5783 ], [ 112.8448, -7.5779 ], [ 112.8385, -7.5697 ], [ 112.8375, -7.5684 ], [ 112.8352, -7.5604 ], [ 112.8339, -7.5548 ], [ 112.8331, -7.5533 ], [ 112.8323, -7.5527 ], [ 112.8319, -7.5525 ], [ 112.8309, -7.5525 ], [ 112.8306, -7.5525 ], [ 112.8289, -7.5529 ], [ 112.7807, -7.5636 ], [ 112.7782, -7.5668 ], [ 112.7741, -7.5707 ], [ 112.7693, -7.5738 ], [ 112.769, -7.5739 ], [ 112.7675, -7.5742 ], [ 112.7668, -7.5743 ], [ 112.7624, -7.5749 ], [ 112.7512, -7.5742 ], [ 112.7411, -7.5732 ], [ 112.7378, -7.5728 ], [ 112.7273, -7.5706 ], [ 112.7262, -7.5703 ], [ 112.7254, -7.5699 ], [ 112.7244, -7.5692 ], [ 112.7237, -7.5688 ], [ 112.7124, -7.5579 ], [ 112.7119, -7.5574 ], [ 112.7116, -7.557 ], [ 112.7113, -7.5565 ], [ 112.7107, -7.5551 ], [ 112.7106, -7.5546 ], [ 112.7105, -7.5543 ], [ 112.7103, -7.5537 ], [ 112.7102, -7.5523 ], [ 112.7101, -7.5507 ], [ 112.7101, -7.5502 ], [ 112.7102, -7.5497 ], [ 112.7102, -7.5493 ], [ 112.7101, -7.5489 ], [ 112.71, -7.5487 ], [ 112.71, -7.5486 ], [ 112.7098, -7.5483 ], [ 112.7096, -7.548 ], [ 112.7095, -7.5479 ], [ 112.7094, -7.5478 ], [ 112.7092, -7.5476 ], [ 112.7062, -7.5449 ], [ 112.6959, -7.5457 ], [ 112.6947, -7.5459 ], [ 112.6835, -7.5483 ], [ 112.6826, -7.5486 ], [ 112.6807, -7.5496 ], [ 112.6635, -7.5599 ], [ 112.6543, -7.5802 ] ] ], [ [ [ 112.1723, -6.8941 ], [ 112.1724, -6.894 ], [ 112.1729, -6.8944 ], [ 112.1725, -6.8941 ], [ 112.1724, -6.8941 ], [ 112.1724, -6.8942 ], [ 112.1724, -6.8943 ], [ 112.1723, -6.8942 ], [ 112.1723, -6.8941 ] ] ], [ [ [ 112.5856, -5.7755 ], [ 112.585, -5.7754 ], [ 112.5837, -5.7747 ], [ 112.5823, -5.7736 ], [ 112.581, -5.7687 ], [ 112.581, -5.7684 ], [ 112.5817, -5.7681 ], [ 112.5848, -5.7669 ], [ 112.5883, -5.767 ], [ 112.5888, -5.7674 ], [ 112.5889, -5.7682 ], [ 112.5889, -5.7696 ], [ 112.5873, -5.7744 ], [ 112.5867, -5.7751 ], [ 112.5856, -5.7755 ] ] ], [ [ [ 112.6666, -7.1976 ], [ 112.6665, -7.1977 ], [ 112.6664, -7.1979 ], [ 112.6663, -7.198 ], [ 112.6662, -7.1981 ], [ 112.6661, -7.1982 ], [ 112.666, -7.1982 ], [ 112.6658, -7.1982 ], [ 112.6655, -7.198 ], [ 112.6654, -7.198 ], [ 112.6653, -7.1979 ], [ 112.6646, -7.1968 ], [ 112.6645, -7.1965 ], [ 112.6644, -7.1964 ], [ 112.6636, -7.1931 ], [ 112.664, -7.1927 ], [ 112.665, -7.192 ], [ 112.6655, -7.1917 ], [ 112.6657, -7.1917 ], [ 112.6658, -7.1917 ], [ 112.6659, -7.1917 ], [ 112.6661, -7.1924 ], [ 112.6664, -7.1967 ], [ 112.6667, -7.1967 ], [ 112.6668, -7.1967 ], [ 112.6669, -7.1968 ], [ 112.6669, -7.1969 ], [ 112.6666, -7.1976 ] ] ], [ [ [ 113.0775, -6.8836 ], [ 113.0796, -6.8847 ], [ 113.0797, -6.8848 ], [ 113.0797, -6.8849 ], [ 113.0802, -6.8856 ], [ 113.0804, -6.8859 ], [ 113.0818, -6.8868 ], [ 113.082, -6.8869 ], [ 113.0821, -6.887 ], [ 113.0825, -6.8871 ], [ 113.0861, -6.8885 ], [ 113.0868, -6.8886 ], [ 113.1101, -6.8944 ], [ 113.1164, -6.8949 ], [ 113.1167, -6.8949 ], [ 113.1247, -6.8929 ], [ 113.1278, -6.8984 ], [ 113.1281, -6.9003 ], [ 113.1275, -6.9047 ], [ 113.1187, -6.9315 ], [ 113.1176, -6.9342 ], [ 113.1173, -6.9343 ], [ 113.1072, -6.9357 ], [ 113.1037, -6.936 ], [ 113.1031, -6.9361 ], [ 113.0979, -6.9378 ], [ 113.0975, -6.9379 ], [ 113.0914, -6.9501 ], [ 113.0913, -6.9508 ], [ 113.1078, -6.9734 ], [ 113.1257, -6.9772 ], [ 113.126, -6.977 ], [ 113.1262, -6.9769 ], [ 113.1281, -6.977 ], [ 113.1337, -6.9789 ], [ 113.1347, -6.9794 ], [ 113.1362, -6.9805 ], [ 113.1474, -6.9901 ], [ 113.1465, -6.9962 ], [ 113.1462, -6.9974 ], [ 113.1423, -7.0141 ], [ 113.1335, -7.0355 ], [ 113.1332, -7.0359 ], [ 113.1295, -7.0356 ], [ 113.1262, -7.0353 ], [ 113.1126, -7.0585 ], [ 113.1127, -7.1055 ], [ 113.1155, -7.1162 ], [ 113.1155, -7.1165 ], [ 113.1154, -7.1166 ], [ 113.1152, -7.1167 ], [ 113.115, -7.1168 ], [ 113.1148, -7.1167 ], [ 113.1146, -7.1166 ], [ 113.1123, -7.1142 ], [ 113.1115, -7.1123 ], [ 113.1109, -7.1102 ], [ 113.1107, -7.1095 ], [ 113.1105, -7.1089 ], [ 113.1104, -7.1087 ], [ 113.109, -7.1079 ], [ 113.1089, -7.1079 ], [ 113.1085, -7.1078 ], [ 113.1079, -7.1078 ], [ 113.1076, -7.1079 ], [ 113.1073, -7.108 ], [ 113.1071, -7.1081 ], [ 113.107, -7.1083 ], [ 113.1058, -7.1107 ], [ 113.1057, -7.1111 ], [ 113.1059, -7.1114 ], [ 113.1062, -7.1113 ], [ 113.1064, -7.1113 ], [ 113.1066, -7.1114 ], [ 113.1068, -7.1114 ], [ 113.1071, -7.1115 ], [ 113.1073, -7.1116 ], [ 113.1075, -7.1119 ], [ 113.1079, -7.1134 ], [ 113.1075, -7.119 ], [ 113.1074, -7.1195 ], [ 113.1037, -7.1257 ], [ 113.1033, -7.1261 ], [ 113.103, -7.1263 ], [ 113.1027, -7.1265 ], [ 113.0939, -7.1343 ], [ 113.0969, -7.1544 ], [ 113.0756, -7.1544 ], [ 113.0585, -7.164 ], [ 113.0583, -7.1642 ], [ 113.0575, -7.1654 ], [ 113.0574, -7.1656 ], [ 113.0509, -7.1768 ], [ 113.0508, -7.1771 ], [ 113.0496, -7.18 ], [ 113.0487, -7.1836 ], [ 113.0489, -7.1845 ], [ 113.0496, -7.1866 ], [ 113.0444, -7.2025 ], [ 113.0404, -7.2127 ], [ 113.0402, -7.2125 ], [ 113.039, -7.2121 ], [ 113.0378, -7.2118 ], [ 113.0375, -7.2117 ], [ 113.0344, -7.2112 ], [ 112.9912, -7.2024 ], [ 112.9483, -7.1925 ], [ 112.9112, -7.1822 ], [ 112.886, -7.173 ], [ 112.8776, -7.1683 ], [ 112.8756, -7.1672 ], [ 112.8752, -7.167 ], [ 112.8709, -7.165 ], [ 112.8656, -7.1633 ], [ 112.862, -7.1625 ], [ 112.8124, -7.1583 ], [ 112.8098, -7.1581 ], [ 112.802, -7.1576 ], [ 112.8012, -7.1576 ], [ 112.7769, -7.1594 ], [ 112.775, -7.16 ], [ 112.7686, -7.1626 ], [ 112.7606, -7.167 ], [ 112.7515, -7.1707 ], [ 112.7245, -7.1733 ], [ 112.7195, -7.1723 ], [ 112.7087, -7.1685 ], [ 112.7068, -7.1677 ], [ 112.7063, -7.1676 ], [ 112.7059, -7.1674 ], [ 112.7034, -7.1659 ], [ 112.6923, -7.1558 ], [ 112.6921, -7.1556 ], [ 112.6918, -7.1552 ], [ 112.6917, -7.1551 ], [ 112.6913, -7.1541 ], [ 112.6917, -7.1493 ], [ 112.6918, -7.1477 ], [ 112.692, -7.1468 ], [ 112.6921, -7.1463 ], [ 112.6929, -7.1442 ], [ 112.6936, -7.1426 ], [ 112.6937, -7.1423 ], [ 112.6938, -7.1422 ], [ 112.6939, -7.1421 ], [ 112.6941, -7.1422 ], [ 112.6944, -7.1418 ], [ 112.6967, -7.1365 ], [ 112.697, -7.1357 ], [ 112.697, -7.1356 ], [ 112.6987, -7.1309 ], [ 112.6991, -7.1296 ], [ 112.7016, -7.1215 ], [ 112.7021, -7.1201 ], [ 112.704, -7.1118 ], [ 112.7045, -7.1093 ], [ 112.7052, -7.1059 ], [ 112.706, -7.0986 ], [ 112.705, -7.0959 ], [ 112.7009, -7.0933 ], [ 112.6866, -7.0925 ], [ 112.6734, -7.0735 ], [ 112.6733, -7.0719 ], [ 112.674, -7.0609 ], [ 112.674, -7.0606 ], [ 112.6761, -7.0461 ], [ 112.6807, -7.0347 ], [ 112.6807, -7.0346 ], [ 112.681, -7.0343 ], [ 112.6828, -7.0318 ], [ 112.6836, -7.0312 ], [ 112.6893, -7.0313 ], [ 112.6942, -7.0331 ], [ 112.7, -7.0364 ], [ 112.7006, -7.0369 ], [ 112.7019, -7.0377 ], [ 112.7032, -7.0384 ], [ 112.7034, -7.0384 ], [ 112.7109, -7.0405 ], [ 112.7111, -7.0406 ], [ 112.7134, -7.0404 ], [ 112.7138, -7.0404 ], [ 112.7229, -7.0387 ], [ 112.7235, -7.0385 ], [ 112.7741, -6.998 ], [ 112.7752, -6.9971 ], [ 112.7758, -6.9965 ], [ 112.7816, -6.9915 ], [ 112.7856, -6.9874 ], [ 112.7923, -6.9793 ], [ 112.8137, -6.953 ], [ 112.8472, -6.8997 ], [ 112.8472, -6.8994 ], [ 112.8473, -6.8991 ], [ 112.8474, -6.8989 ], [ 112.8493, -6.8967 ], [ 112.8589, -6.8932 ], [ 112.8635, -6.8919 ], [ 112.8819, -6.8906 ], [ 112.8828, -6.8905 ], [ 112.8894, -6.8906 ], [ 112.89, -6.8906 ], [ 112.9005, -6.8919 ], [ 112.9036, -6.893 ], [ 112.9195, -6.894 ], [ 112.9197, -6.894 ], [ 112.9208, -6.8939 ], [ 112.9701, -6.8891 ], [ 112.9869, -6.8869 ], [ 112.9873, -6.8869 ], [ 112.9947, -6.8853 ], [ 113.0049, -6.8818 ], [ 113.006, -6.8812 ], [ 113.0061, -6.8811 ], [ 113.0326, -6.8803 ], [ 113.0455, -6.8809 ], [ 113.0636, -6.882 ], [ 113.0637, -6.882 ], [ 113.0774, -6.8836 ], [ 113.0775, -6.8836 ] ] ], [ [ [ 112.6894, -5.8671 ], [ 112.6876, -5.8684 ], [ 112.6872, -5.8684 ], [ 112.6866, -5.8684 ], [ 112.6859, -5.8683 ], [ 112.6856, -5.8682 ], [ 112.6844, -5.8673 ], [ 112.6837, -5.8651 ], [ 112.6851, -5.8606 ], [ 112.6866, -5.8586 ], [ 112.687, -5.8584 ], [ 112.6876, -5.8587 ], [ 112.6892, -5.8612 ], [ 112.6892, -5.8615 ], [ 112.6901, -5.8622 ], [ 112.6902, -5.8626 ], [ 112.6902, -5.8638 ], [ 112.6901, -5.8643 ], [ 112.6895, -5.867 ], [ 112.6894, -5.8671 ] ] ], [ [ [ 112.7782, -5.8039 ], [ 112.7761, -5.8063 ], [ 112.7753, -5.8063 ], [ 112.7715, -5.8053 ], [ 112.77, -5.8045 ], [ 112.7673, -5.7967 ], [ 112.7675, -5.7955 ], [ 112.7677, -5.7947 ], [ 112.7688, -5.7944 ], [ 112.7709, -5.7946 ], [ 112.7726, -5.7952 ], [ 112.7784, -5.802 ], [ 112.7785, -5.8026 ], [ 112.7785, -5.8033 ], [ 112.7782, -5.8039 ] ] ], [ [ [ 112.6905, -5.7262 ], [ 112.6907, -5.7264 ], [ 112.7003, -5.7331 ], [ 112.7006, -5.7333 ], [ 112.7043, -5.7352 ], [ 112.7049, -5.7355 ], [ 112.7158, -5.7343 ], [ 112.7258, -5.7368 ], [ 112.7261, -5.7369 ], [ 112.7262, -5.737 ], [ 112.7263, -5.7372 ], [ 112.7395, -5.7833 ], [ 112.734, -5.8308 ], [ 112.7339, -5.8311 ], [ 112.7328, -5.8325 ], [ 112.7317, -5.8337 ], [ 112.7315, -5.8339 ], [ 112.7131, -5.8468 ], [ 112.7119, -5.8474 ], [ 112.7111, -5.8479 ], [ 112.6999, -5.8526 ], [ 112.6912, -5.8549 ], [ 112.6856, -5.8551 ], [ 112.6522, -5.8523 ], [ 112.6279, -5.8552 ], [ 112.619, -5.864 ], [ 112.5949, -5.8539 ], [ 112.5817, -5.8431 ], [ 112.5757, -5.8265 ], [ 112.576, -5.8246 ], [ 112.5797, -5.8093 ], [ 112.5889, -5.7845 ], [ 112.6009, -5.7701 ], [ 112.6362, -5.7366 ], [ 112.6366, -5.7363 ], [ 112.6368, -5.7361 ], [ 112.6374, -5.7357 ], [ 112.6407, -5.7335 ], [ 112.6447, -5.7312 ], [ 112.6456, -5.7307 ], [ 112.6461, -5.7305 ], [ 112.6464, -5.7303 ], [ 112.6467, -5.7302 ], [ 112.6861, -5.7158 ], [ 112.6864, -5.7158 ], [ 112.6868, -5.7159 ], [ 112.6872, -5.7161 ], [ 112.6876, -5.7162 ], [ 112.6877, -5.7163 ], [ 112.6886, -5.7188 ], [ 112.6886, -5.7191 ], [ 112.6885, -5.7199 ], [ 112.6877, -5.7225 ], [ 112.6877, -5.723 ], [ 112.6878, -5.7231 ], [ 112.6878, -5.7232 ], [ 112.688, -5.7235 ], [ 112.6899, -5.7255 ], [ 112.6899, -5.7256 ], [ 112.6905, -5.7262 ] ] ] ] } },
{ "type": "Feature", "properties": { "fid": 6, "id_wilayah": "M007", "id_parent": 100, "id_level_wilayah": 3, "nama_wilayah": "Mamminasata" }, "geometry": { "type": "MultiPolygon", "coordinates": [ [ [ [ 119.3031, -5.4537 ], [ 119.3076, -5.4567 ], [ 119.315, -5.4628 ], [ 119.3203, -5.4756 ], [ 119.3203, -5.4788 ], [ 119.3198, -5.4964 ], [ 119.3197, -5.4976 ], [ 119.3194, -5.5034 ], [ 119.3193, -5.5049 ], [ 119.3185, -5.5099 ], [ 119.3183, -5.5107 ], [ 119.3182, -5.511 ], [ 119.3155, -5.5151 ], [ 119.3151, -5.5157 ], [ 119.3058, -5.5245 ], [ 119.3021, -5.5277 ], [ 119.3015, -5.5279 ], [ 119.2965, -5.5301 ], [ 119.2958, -5.5303 ], [ 119.2839, -5.5332 ], [ 119.2733, -5.5344 ], [ 119.2725, -5.5342 ], [ 119.2714, -5.5337 ], [ 119.2701, -5.5331 ], [ 119.2695, -5.5329 ], [ 119.2688, -5.5325 ], [ 119.268, -5.5319 ], [ 119.2565, -5.5208 ], [ 119.2455, -5.5079 ], [ 119.2449, -5.5065 ], [ 119.2448, -5.506 ], [ 119.2448, -5.5052 ], [ 119.2448, -5.5044 ], [ 119.2493, -5.4938 ], [ 119.2506, -5.4909 ], [ 119.252, -5.4881 ], [ 119.2522, -5.4877 ], [ 119.2538, -5.4859 ], [ 119.2547, -5.4855 ], [ 119.2553, -5.4856 ], [ 119.2577, -5.4863 ], [ 119.2582, -5.4864 ], [ 119.2585, -5.4865 ], [ 119.2587, -5.4867 ], [ 119.2589, -5.4869 ], [ 119.26, -5.4918 ], [ 119.26, -5.4919 ], [ 119.2593, -5.493 ], [ 119.2591, -5.493 ], [ 119.259, -5.493 ], [ 119.2561, -5.4984 ], [ 119.2559, -5.4986 ], [ 119.2559, -5.4988 ], [ 119.2553, -5.5034 ], [ 119.2554, -5.5036 ], [ 119.2558, -5.5039 ], [ 119.257, -5.5044 ], [ 119.2576, -5.5045 ], [ 119.2745, -5.5022 ], [ 119.2747, -5.5022 ], [ 119.2759, -5.5015 ], [ 119.2767, -5.5007 ], [ 119.277, -5.4996 ], [ 119.2776, -5.4977 ], [ 119.2774, -5.4936 ], [ 119.2725, -5.4767 ], [ 119.2699, -5.4717 ], [ 119.2654, -5.4655 ], [ 119.2632, -5.4623 ], [ 119.2624, -5.4593 ], [ 119.2627, -5.4557 ], [ 119.2647, -5.4535 ], [ 119.2668, -5.4517 ], [ 119.2689, -5.4504 ], [ 119.2713, -5.4493 ], [ 119.2763, -5.4487 ], [ 119.2793, -5.4492 ], [ 119.2823, -5.4511 ], [ 119.2885, -5.4496 ], [ 119.292, -5.4492 ], [ 119.2945, -5.4491 ], [ 119.299, -5.4514 ], [ 119.3031, -5.4537 ] ] ], [ [ [ 119.2397, -5.4532 ], [ 119.2395, -5.4554 ], [ 119.2392, -5.4573 ], [ 119.2382, -5.4589 ], [ 119.2374, -5.4601 ], [ 119.2368, -5.4608 ], [ 119.2351, -5.4626 ], [ 119.2346, -5.4632 ], [ 119.234, -5.4638 ], [ 119.2271, -5.4695 ], [ 119.2259, -5.4699 ], [ 119.2255, -5.47 ], [ 119.225, -5.47 ], [ 119.2244, -5.4697 ], [ 119.2239, -5.4693 ], [ 119.2225, -5.4676 ], [ 119.2223, -5.4672 ], [ 119.2219, -5.4656 ], [ 119.2216, -5.464 ], [ 119.2214, -5.4608 ], [ 119.2214, -5.4597 ], [ 119.2214, -5.4587 ], [ 119.2214, -5.4581 ], [ 119.2225, -5.4535 ], [ 119.2238, -5.4495 ], [ 119.2254, -5.4465 ], [ 119.2261, -5.4453 ], [ 119.2267, -5.4446 ], [ 119.2276, -5.4439 ], [ 119.2284, -5.4437 ], [ 119.2301, -5.4433 ], [ 119.2316, -5.4432 ], [ 119.2352, -5.443 ], [ 119.2366, -5.4434 ], [ 119.2375, -5.4439 ], [ 119.239, -5.4448 ], [ 119.2393, -5.4453 ], [ 119.2396, -5.447 ], [ 119.2398, -5.4492 ], [ 119.2397, -5.4532 ] ] ], [ [ [ 119.2219, -5.444 ], [ 119.2214, -5.4442 ], [ 119.2205, -5.4442 ], [ 119.2195, -5.4436 ], [ 119.2186, -5.4431 ], [ 119.2174, -5.4421 ], [ 119.2167, -5.4411 ], [ 119.2163, -5.4403 ], [ 119.2164, -5.4395 ], [ 119.2165, -5.4389 ], [ 119.217, -5.438 ], [ 119.2179, -5.4372 ], [ 119.2209, -5.4347 ], [ 119.2222, -5.434 ], [ 119.2288, -5.4339 ], [ 119.2293, -5.434 ], [ 119.2297, -5.4342 ], [ 119.2307, -5.4347 ], [ 119.231, -5.4352 ], [ 119.231, -5.4355 ], [ 119.2306, -5.4367 ], [ 119.2305, -5.4368 ], [ 119.2296, -5.4375 ], [ 119.2219, -5.444 ] ] ], [ [ [ 119.1904, -5.3967 ], [ 119.1905, -5.3964 ], [ 119.1906, -5.3962 ], [ 119.1932, -5.3937 ], [ 119.1935, -5.3934 ], [ 119.1939, -5.3931 ], [ 119.195, -5.3925 ], [ 119.1957, -5.3925 ], [ 119.1963, -5.3926 ], [ 119.1971, -5.3931 ], [ 119.1981, -5.3943 ], [ 119.1983, -5.3947 ], [ 119.1984, -5.3951 ], [ 119.1984, -5.3961 ], [ 119.1984, -5.3965 ], [ 119.1974, -5.3977 ], [ 119.1966, -5.3983 ], [ 119.1917, -5.4017 ], [ 119.1911, -5.4017 ], [ 119.1903, -5.401 ], [ 119.19, -5.4008 ], [ 119.19, -5.4003 ], [ 119.1899, -5.3995 ], [ 119.19, -5.3983 ], [ 119.1904, -5.3967 ] ] ], [ [ [ 119.2668, -5.1463 ], [ 119.2671, -5.1468 ], [ 119.2666, -5.148 ], [ 119.2657, -5.15 ], [ 119.2656, -5.1501 ], [ 119.2652, -5.1508 ], [ 119.2651, -5.1508 ], [ 119.265, -5.1509 ], [ 119.2646, -5.1514 ], [ 119.2635, -5.1525 ], [ 119.2634, -5.1526 ], [ 119.2633, -5.1526 ], [ 119.2624, -5.1463 ], [ 119.2624, -5.1462 ], [ 119.2624, -5.1461 ], [ 119.2625, -5.1459 ], [ 119.2625, -5.1458 ], [ 119.2626, -5.1458 ], [ 119.263, -5.1456 ], [ 119.2643, -5.1452 ], [ 119.2644, -5.1452 ], [ 119.2647, -5.1451 ], [ 119.2648, -5.1451 ], [ 119.2649, -5.1451 ], [ 119.2653, -5.1452 ], [ 119.2654, -5.1452 ], [ 119.2659, -5.1454 ], [ 119.2659, -5.1455 ], [ 119.2667, -5.1461 ], [ 119.2668, -5.1463 ] ] ], [ [ [ 119.3312, -5.0468 ], [ 119.3311, -5.0473 ], [ 119.3305, -5.0507 ], [ 119.3304, -5.0509 ], [ 119.3303, -5.0512 ], [ 119.3301, -5.0513 ], [ 119.3299, -5.0514 ], [ 119.3295, -5.0515 ], [ 119.3293, -5.0516 ], [ 119.3286, -5.0516 ], [ 119.3285, -5.0516 ], [ 119.3283, -5.0515 ], [ 119.3281, -5.0514 ], [ 119.328, -5.0513 ], [ 119.3279, -5.0512 ], [ 119.3278, -5.0512 ], [ 119.3277, -5.051 ], [ 119.3276, -5.051 ], [ 119.3275, -5.0508 ], [ 119.3275, -5.0507 ], [ 119.3275, -5.0505 ], [ 119.3274, -5.0503 ], [ 119.3274, -5.0496 ], [ 119.3274, -5.048 ], [ 119.3274, -5.0477 ], [ 119.3277, -5.0468 ], [ 119.3277, -5.0467 ], [ 119.3278, -5.0467 ], [ 119.3282, -5.0464 ], [ 119.3284, -5.0463 ], [ 119.3284, -5.0462 ], [ 119.3285, -5.0462 ], [ 119.3294, -5.0457 ], [ 119.3297, -5.0456 ], [ 119.33, -5.0455 ], [ 119.3301, -5.0455 ], [ 119.3301, -5.0456 ], [ 119.3303, -5.0456 ], [ 119.3306, -5.0457 ], [ 119.3307, -5.0458 ], [ 119.331, -5.0461 ], [ 119.3311, -5.0463 ], [ 119.3312, -5.0468 ] ] ], [ [ [ 119.0961, -5.0343 ], [ 119.0958, -5.0345 ], [ 119.0956, -5.0345 ], [ 119.0953, -5.0346 ], [ 119.0947, -5.0346 ], [ 119.0944, -5.0346 ], [ 119.0935, -5.0346 ], [ 119.0927, -5.0344 ], [ 119.0923, -5.0342 ], [ 119.0922, -5.0342 ], [ 119.0919, -5.0338 ], [ 119.0915, -5.0333 ], [ 119.0913, -5.0328 ], [ 119.0912, -5.0322 ], [ 119.0914, -5.0317 ], [ 119.0919, -5.0308 ], [ 119.0926, -5.0304 ], [ 119.0934, -5.03 ], [ 119.0937, -5.0299 ], [ 119.0948, -5.0298 ], [ 119.0954, -5.0299 ], [ 119.0975, -5.0308 ], [ 119.0976, -5.0311 ], [ 119.0976, -5.0315 ], [ 119.0975, -5.0318 ], [ 119.0966, -5.0338 ], [ 119.0963, -5.0342 ], [ 119.0961, -5.0343 ] ] ], [ [ [ 119.0746, -4.981 ], [ 119.0739, -4.98 ], [ 119.0739, -4.9799 ], [ 119.0741, -4.9794 ], [ 119.0744, -4.9791 ], [ 119.0746, -4.9789 ], [ 119.0748, -4.9788 ], [ 119.0753, -4.9786 ], [ 119.0761, -4.9785 ], [ 119.0802, -4.9781 ], [ 119.0803, -4.9783 ], [ 119.0803, -4.9785 ], [ 119.0802, -4.9789 ], [ 119.0801, -4.9792 ], [ 119.0798, -4.9797 ], [ 119.0796, -4.9799 ], [ 119.0795, -4.98 ], [ 119.0754, -4.9814 ], [ 119.0753, -4.9814 ], [ 119.0747, -4.9811 ], [ 119.0746, -4.981 ] ] ], [ [ [ 119.6083, -5.441 ], [ 119.6077, -5.441 ], [ 119.5763, -5.4445 ], [ 119.5421, -5.4338 ], [ 119.5343, -5.4335 ], [ 119.5291, -5.4347 ], [ 119.5129, -5.4488 ], [ 119.5105, -5.4556 ], [ 119.5108, -5.4654 ], [ 119.5121, -5.4714 ], [ 119.5145, -5.4739 ], [ 119.5146, -5.474 ], [ 119.5147, -5.4741 ], [ 119.5152, -5.4741 ], [ 119.5154, -5.4741 ], [ 119.5155, -5.4741 ], [ 119.5169, -5.474 ], [ 119.5169, -5.4737 ], [ 119.5168, -5.4733 ], [ 119.5177, -5.472 ], [ 119.521, -5.4706 ], [ 119.5229, -5.471 ], [ 119.5238, -5.4724 ], [ 119.5283, -5.4811 ], [ 119.5269, -5.4825 ], [ 119.524, -5.4842 ], [ 119.5112, -5.4916 ], [ 119.5021, -5.492 ], [ 119.5002, -5.4915 ], [ 119.4997, -5.4913 ], [ 119.4992, -5.4908 ], [ 119.4956, -5.4898 ], [ 119.4874, -5.4918 ], [ 119.4871, -5.4919 ], [ 119.4868, -5.4924 ], [ 119.4868, -5.4925 ], [ 119.4868, -5.4927 ], [ 119.4864, -5.4948 ], [ 119.4861, -5.4968 ], [ 119.4861, -5.4979 ], [ 119.4861, -5.4982 ], [ 119.4862, -5.4992 ], [ 119.4872, -5.5106 ], [ 119.4872, -5.5107 ], [ 119.4889, -5.5119 ], [ 119.4901, -5.5128 ], [ 119.4935, -5.5151 ], [ 119.4977, -5.5177 ], [ 119.5006, -5.5195 ], [ 119.502, -5.5203 ], [ 119.5047, -5.522 ], [ 119.5055, -5.5226 ], [ 119.508, -5.5267 ], [ 119.511, -5.5368 ], [ 119.5064, -5.5417 ], [ 119.4824, -5.5591 ], [ 119.4817, -5.5593 ], [ 119.4811, -5.5595 ], [ 119.4808, -5.5596 ], [ 119.4807, -5.5597 ], [ 119.4634, -5.5735 ], [ 119.4612, -5.5753 ], [ 119.4608, -5.5758 ], [ 119.4603, -5.5768 ], [ 119.4595, -5.5787 ], [ 119.4595, -5.579 ], [ 119.4595, -5.5792 ], [ 119.4597, -5.5809 ], [ 119.46, -5.5813 ], [ 119.4601, -5.5815 ], [ 119.4687, -5.5907 ], [ 119.4767, -5.5924 ], [ 119.4836, -5.5927 ], [ 119.489, -5.6019 ], [ 119.4891, -5.6024 ], [ 119.4891, -5.6026 ], [ 119.4891, -5.6036 ], [ 119.489, -5.604 ], [ 119.4877, -5.6047 ], [ 119.4873, -5.6048 ], [ 119.4729, -5.6073 ], [ 119.4677, -5.6074 ], [ 119.4619, -5.6065 ], [ 119.4581, -5.605 ], [ 119.4435, -5.5972 ], [ 119.44, -5.5936 ], [ 119.425, -5.5765 ], [ 119.4246, -5.576 ], [ 119.4241, -5.5749 ], [ 119.4179, -5.5604 ], [ 119.4178, -5.5601 ], [ 119.4179, -5.5595 ], [ 119.418, -5.5589 ], [ 119.4198, -5.5464 ], [ 119.4208, -5.5464 ], [ 119.422, -5.5465 ], [ 119.4228, -5.5466 ], [ 119.424, -5.5468 ], [ 119.4246, -5.5471 ], [ 119.4256, -5.5464 ], [ 119.4309, -5.5424 ], [ 119.4347, -5.5391 ], [ 119.4358, -5.538 ], [ 119.4358, -5.5296 ], [ 119.4358, -5.5291 ], [ 119.4357, -5.5275 ], [ 119.4354, -5.5252 ], [ 119.4353, -5.5243 ], [ 119.4351, -5.5237 ], [ 119.4348, -5.5219 ], [ 119.4342, -5.5196 ], [ 119.4338, -5.5182 ], [ 119.4327, -5.5148 ], [ 119.4326, -5.5145 ], [ 119.432, -5.5127 ], [ 119.4293, -5.5068 ], [ 119.4275, -5.5036 ], [ 119.4261, -5.5015 ], [ 119.3959, -5.458 ], [ 119.3777, -5.4393 ], [ 119.3658, -5.4243 ], [ 119.3653, -5.4235 ], [ 119.365, -5.4227 ], [ 119.3627, -5.4162 ], [ 119.3612, -5.4108 ], [ 119.3598, -5.4033 ], [ 119.3595, -5.4012 ], [ 119.3593, -5.3994 ], [ 119.3587, -5.3926 ], [ 119.3586, -5.3868 ], [ 119.3599, -5.3417 ], [ 119.3633, -5.3155 ], [ 119.3639, -5.3142 ], [ 119.3646, -5.313 ], [ 119.3667, -5.3083 ], [ 119.3668, -5.3081 ], [ 119.3677, -5.3054 ], [ 119.3687, -5.3026 ], [ 119.3688, -5.3024 ], [ 119.3695, -5.2998 ], [ 119.3704, -5.2962 ], [ 119.3737, -5.2816 ], [ 119.3768, -5.2675 ], [ 119.3824, -5.2341 ], [ 119.3825, -5.2338 ], [ 119.3833, -5.2277 ], [ 119.3835, -5.2254 ], [ 119.3837, -5.2227 ], [ 119.3838, -5.2166 ], [ 119.3838, -5.2157 ], [ 119.3836, -5.2136 ], [ 119.3823, -5.2034 ], [ 119.3827, -5.1912 ], [ 119.388, -5.1607 ], [ 119.3963, -5.1422 ], [ 119.3965, -5.1417 ], [ 119.3975, -5.1404 ], [ 119.3976, -5.1403 ], [ 119.3999, -5.1393 ], [ 119.4003, -5.1392 ], [ 119.4006, -5.1391 ], [ 119.4008, -5.1391 ], [ 119.4014, -5.1391 ], [ 119.4017, -5.1392 ], [ 119.4021, -5.1393 ], [ 119.4039, -5.1406 ], [ 119.4043, -5.141 ], [ 119.4046, -5.1415 ], [ 119.4049, -5.1422 ], [ 119.4053, -5.1445 ], [ 119.4054, -5.1449 ], [ 119.4053, -5.1456 ], [ 119.4051, -5.1462 ], [ 119.4048, -5.1466 ], [ 119.4044, -5.1472 ], [ 119.4054, -5.1481 ], [ 119.4061, -5.1482 ], [ 119.4073, -5.1483 ], [ 119.4076, -5.1482 ], [ 119.4079, -5.1478 ], [ 119.4085, -5.1467 ], [ 119.4064, -5.1405 ], [ 119.4041, -5.1349 ], [ 119.4058, -5.127 ], [ 119.4085, -5.1156 ], [ 119.4091, -5.1137 ], [ 119.4096, -5.113 ], [ 119.4099, -5.1128 ], [ 119.4322, -5.103 ], [ 119.452, -5.0851 ], [ 119.4688, -5.0694 ], [ 119.4777, -5.0594 ], [ 119.4778, -5.0498 ], [ 119.4778, -5.0467 ], [ 119.4777, -5.0439 ], [ 119.4765, -5.0344 ], [ 119.4704, -5.0231 ], [ 119.4767, -4.9939 ], [ 119.4786, -4.9897 ], [ 119.5042, -4.9538 ], [ 119.5045, -4.9534 ], [ 119.5074, -4.9497 ], [ 119.5078, -4.9492 ], [ 119.5089, -4.9479 ], [ 119.5096, -4.9473 ], [ 119.5107, -4.9467 ], [ 119.5117, -4.9462 ], [ 119.5121, -4.9461 ], [ 119.5134, -4.9464 ], [ 119.5139, -4.9466 ], [ 119.5142, -4.9468 ], [ 119.5146, -4.9466 ], [ 119.5147, -4.9465 ], [ 119.5152, -4.946 ], [ 119.5153, -4.9459 ], [ 119.5157, -4.9454 ], [ 119.5175, -4.9429 ], [ 119.5191, -4.9392 ], [ 119.5241, -4.9245 ], [ 119.5243, -4.9241 ], [ 119.5243, -4.924 ], [ 119.5237, -4.9154 ], [ 119.5234, -4.914 ], [ 119.5231, -4.9122 ], [ 119.522, -4.9088 ], [ 119.5214, -4.9068 ], [ 119.5207, -4.9048 ], [ 119.5196, -4.9024 ], [ 119.5179, -4.9 ], [ 119.5163, -4.8979 ], [ 119.5149, -4.8963 ], [ 119.5138, -4.895 ], [ 119.5135, -4.8946 ], [ 119.5127, -4.8934 ], [ 119.5123, -4.8929 ], [ 119.5121, -4.8923 ], [ 119.5123, -4.8909 ], [ 119.5137, -4.8869 ], [ 119.5155, -4.8848 ], [ 119.5182, -4.8825 ], [ 119.5274, -4.8855 ], [ 119.5289, -4.8891 ], [ 119.5746, -4.9048 ], [ 119.575, -4.9049 ], [ 119.5799, -4.9051 ], [ 119.5972, -4.9055 ], [ 119.5973, -4.9054 ], [ 119.5979, -4.9053 ], [ 119.5986, -4.9048 ], [ 119.5988, -4.9043 ], [ 119.6001, -4.9015 ], [ 119.6002, -4.9013 ], [ 119.6046, -4.8896 ], [ 119.6174, -4.8858 ], [ 119.6176, -4.8858 ], [ 119.6201, -4.8865 ], [ 119.6264, -4.8888 ], [ 119.6265, -4.8888 ], [ 119.6265, -4.8889 ], [ 119.6292, -4.8901 ], [ 119.6295, -4.8902 ], [ 119.6297, -4.8903 ], [ 119.6327, -4.8925 ], [ 119.6289, -4.8947 ], [ 119.6285, -4.8975 ], [ 119.6279, -4.9019 ], [ 119.6289, -4.9047 ], [ 119.6433, -4.9108 ], [ 119.6605, -4.9224 ], [ 119.6607, -4.9226 ], [ 119.6679, -4.9295 ], [ 119.6687, -4.9303 ], [ 119.6692, -4.9307 ], [ 119.6699, -4.9319 ], [ 119.6703, -4.9331 ], [ 119.6695, -4.9461 ], [ 119.6684, -4.948 ], [ 119.6683, -4.948 ], [ 119.668, -4.9481 ], [ 119.6673, -4.9483 ], [ 119.6669, -4.9486 ], [ 119.6669, -4.949 ], [ 119.6671, -4.9495 ], [ 119.6675, -4.9499 ], [ 119.6683, -4.9506 ], [ 119.6688, -4.9509 ], [ 119.6737, -4.9526 ], [ 119.6739, -4.9526 ], [ 119.6755, -4.9527 ], [ 119.6761, -4.9527 ], [ 119.6786, -4.9526 ], [ 119.6791, -4.9525 ], [ 119.7505, -4.933 ], [ 119.7508, -4.934 ], [ 119.7517, -4.9363 ], [ 119.7522, -4.9369 ], [ 119.7523, -4.937 ], [ 119.7709, -4.943 ], [ 119.7718, -4.9431 ], [ 119.7726, -4.9432 ], [ 119.7741, -4.9431 ], [ 119.7749, -4.943 ], [ 119.7787, -4.9407 ], [ 119.8008, -4.915 ], [ 119.8065, -4.8274 ], [ 119.8066, -4.8088 ], [ 119.8106, -4.8004 ], [ 119.8119, -4.797 ], [ 119.8124, -4.7958 ], [ 119.8128, -4.7943 ], [ 119.813, -4.7935 ], [ 119.813, -4.7928 ], [ 119.8136, -4.7785 ], [ 119.8136, -4.7783 ], [ 119.8136, -4.7777 ], [ 119.8124, -4.7707 ], [ 119.8116, -4.7684 ], [ 119.8117, -4.7681 ], [ 119.8118, -4.7678 ], [ 119.812, -4.7674 ], [ 119.8127, -4.7662 ], [ 119.816, -4.7631 ], [ 119.8176, -4.7617 ], [ 119.8425, -4.7436 ], [ 119.8432, -4.7431 ], [ 119.8846, -4.7188 ], [ 119.9105, -4.732 ], [ 119.9112, -4.7324 ], [ 119.9679, -4.775 ], [ 119.9711, -4.778 ], [ 119.9727, -4.78 ], [ 119.9729, -4.7803 ], [ 119.973, -4.7814 ], [ 119.9719, -4.7854 ], [ 119.9716, -4.7861 ], [ 119.9715, -4.7865 ], [ 119.9714, -4.7866 ], [ 119.969, -4.7888 ], [ 119.9689, -4.7889 ], [ 119.9688, -4.789 ], [ 119.9686, -4.7891 ], [ 119.9668, -4.7896 ], [ 119.9632, -4.7906 ], [ 119.9627, -4.7905 ], [ 119.9626, -4.7905 ], [ 119.9623, -4.7904 ], [ 119.9609, -4.7905 ], [ 119.9591, -4.791 ], [ 119.954, -4.7927 ], [ 119.9526, -4.7933 ], [ 119.9524, -4.7935 ], [ 119.951, -4.7945 ], [ 119.9509, -4.7947 ], [ 119.9477, -4.7999 ], [ 119.9475, -4.8002 ], [ 119.9473, -4.8006 ], [ 119.9466, -4.8026 ], [ 119.945, -4.8066 ], [ 119.9446, -4.8083 ], [ 119.9409, -4.8365 ], [ 119.9507, -4.8468 ], [ 119.9509, -4.847 ], [ 119.951, -4.8471 ], [ 119.9515, -4.8537 ], [ 119.9515, -4.8547 ], [ 119.9502, -4.8588 ], [ 119.9344, -4.8869 ], [ 119.9343, -4.8871 ], [ 119.92, -4.9041 ], [ 119.9178, -4.9064 ], [ 119.9162, -4.9073 ], [ 119.915, -4.9071 ], [ 119.9134, -4.907 ], [ 119.913, -4.907 ], [ 119.9128, -4.9071 ], [ 119.9126, -4.9072 ], [ 119.9091, -4.9093 ], [ 119.9087, -4.9096 ], [ 119.9037, -4.9142 ], [ 119.8974, -4.9205 ], [ 119.8965, -4.922 ], [ 119.884, -4.9622 ], [ 119.884, -4.9623 ], [ 119.8842, -4.9637 ], [ 119.8844, -4.9641 ], [ 119.8851, -4.9655 ], [ 119.8869, -4.9687 ], [ 119.8877, -4.973 ], [ 119.8883, -4.9772 ], [ 119.8884, -4.9779 ], [ 119.8884, -4.9785 ], [ 119.8883, -4.9793 ], [ 119.8882, -4.9803 ], [ 119.885, -5.0 ], [ 119.8848, -5.0008 ], [ 119.8846, -5.0013 ], [ 119.8845, -5.0017 ], [ 119.8844, -5.0019 ], [ 119.8829, -5.0046 ], [ 119.879, -5.011 ], [ 119.8678, -5.0276 ], [ 119.8673, -5.0284 ], [ 119.8668, -5.0291 ], [ 119.866, -5.03 ], [ 119.8652, -5.0308 ], [ 119.8639, -5.032 ], [ 119.8636, -5.0322 ], [ 119.8633, -5.0325 ], [ 119.8629, -5.0326 ], [ 119.8623, -5.0328 ], [ 119.8615, -5.0328 ], [ 119.8559, -5.0348 ], [ 119.8474, -5.0458 ], [ 119.8471, -5.0461 ], [ 119.8469, -5.0465 ], [ 119.8468, -5.0467 ], [ 119.8466, -5.0473 ], [ 119.8463, -5.0481 ], [ 119.8463, -5.0484 ], [ 119.8462, -5.0488 ], [ 119.8461, -5.0497 ], [ 119.8459, -5.0514 ], [ 119.8459, -5.0519 ], [ 119.8459, -5.0539 ], [ 119.8459, -5.0545 ], [ 119.8459, -5.055 ], [ 119.846, -5.0562 ], [ 119.846, -5.0566 ], [ 119.8464, -5.058 ], [ 119.8466, -5.0586 ], [ 119.8468, -5.0591 ], [ 119.8602, -5.0884 ], [ 119.861, -5.0896 ], [ 119.8614, -5.09 ], [ 119.8636, -5.0917 ], [ 119.864, -5.0919 ], [ 119.8759, -5.092 ], [ 119.8816, -5.0922 ], [ 119.8862, -5.0931 ], [ 119.8879, -5.0934 ], [ 119.8935, -5.0967 ], [ 119.8969, -5.1034 ], [ 119.8989, -5.1105 ], [ 119.8992, -5.1116 ], [ 119.8992, -5.1117 ], [ 119.9221, -5.1323 ], [ 119.9234, -5.1329 ], [ 119.9248, -5.1335 ], [ 119.9252, -5.1336 ], [ 119.9267, -5.1339 ], [ 119.9279, -5.1341 ], [ 119.9282, -5.1341 ], [ 119.9291, -5.1341 ], [ 119.9299, -5.134 ], [ 119.9317, -5.1337 ], [ 119.9704, -5.1395 ], [ 119.9766, -5.1511 ], [ 120.0032, -5.1651 ], [ 120.0195, -5.1759 ], [ 120.0198, -5.1761 ], [ 120.0308, -5.1853 ], [ 120.0312, -5.1861 ], [ 120.0287, -5.1918 ], [ 120.0248, -5.2001 ], [ 120.0247, -5.2001 ], [ 120.0242, -5.1997 ], [ 120.0152, -5.1987 ], [ 120.0063, -5.1984 ], [ 119.9959, -5.1988 ], [ 119.9957, -5.1989 ], [ 119.995, -5.1994 ], [ 119.9944, -5.1998 ], [ 119.9941, -5.2002 ], [ 119.9939, -5.2005 ], [ 119.9903, -5.2056 ], [ 119.9901, -5.2098 ], [ 119.9925, -5.2175 ], [ 119.9939, -5.2193 ], [ 119.994, -5.2194 ], [ 119.9944, -5.2196 ], [ 119.9957, -5.2196 ], [ 119.9968, -5.2204 ], [ 119.9969, -5.2205 ], [ 119.998, -5.2224 ], [ 119.998, -5.2225 ], [ 119.998, -5.2226 ], [ 119.9971, -5.2288 ], [ 119.9965, -5.2311 ], [ 119.9765, -5.2648 ], [ 119.9585, -5.2856 ], [ 119.9572, -5.2867 ], [ 119.9565, -5.2872 ], [ 119.954, -5.2899 ], [ 119.9532, -5.2911 ], [ 119.9477, -5.3015 ], [ 119.9289, -5.3376 ], [ 119.9283, -5.3405 ], [ 119.9288, -5.3419 ], [ 119.9341, -5.3536 ], [ 119.9366, -5.3564 ], [ 119.9375, -5.3866 ], [ 119.9218, -5.4001 ], [ 119.89, -5.4241 ], [ 119.875, -5.4318 ], [ 119.8597, -5.4488 ], [ 119.8571, -5.4518 ], [ 119.8481, -5.4629 ], [ 119.848, -5.463 ], [ 119.8479, -5.4631 ], [ 119.8383, -5.4792 ], [ 119.8099, -5.5344 ], [ 119.8013, -5.5547 ], [ 119.7847, -5.5689 ], [ 119.7722, -5.5696 ], [ 119.77, -5.5694 ], [ 119.7314, -5.5632 ], [ 119.7313, -5.5632 ], [ 119.7311, -5.563 ], [ 119.7019, -5.5435 ], [ 119.7001, -5.5418 ], [ 119.699, -5.5398 ], [ 119.6989, -5.5389 ], [ 119.7014, -5.5259 ], [ 119.686, -5.5011 ], [ 119.6538, -5.4699 ], [ 119.6436, -5.4343 ], [ 119.6435, -5.434 ], [ 119.6433, -5.4338 ], [ 119.6431, -5.4334 ], [ 119.643, -5.4333 ], [ 119.6428, -5.4331 ], [ 119.6408, -5.4315 ], [ 119.6395, -5.4309 ], [ 119.639, -5.4307 ], [ 119.6389, -5.4307 ], [ 119.6364, -5.4308 ], [ 119.6358, -5.4316 ], [ 119.6323, -5.4332 ], [ 119.6087, -5.4409 ], [ 119.6083, -5.441 ] ] ], [ [ [ 119.336, -5.3227 ], [ 119.3364, -5.3216 ], [ 119.3367, -5.3206 ], [ 119.337, -5.3198 ], [ 119.3382, -5.3194 ], [ 119.3391, -5.3196 ], [ 119.3401, -5.32 ], [ 119.3407, -5.3203 ], [ 119.3412, -5.3206 ], [ 119.3419, -5.3211 ], [ 119.3422, -5.3215 ], [ 119.3448, -5.3242 ], [ 119.3446, -5.3253 ], [ 119.3427, -5.3286 ], [ 119.3417, -5.3297 ], [ 119.341, -5.3298 ], [ 119.3403, -5.3292 ], [ 119.3398, -5.3286 ], [ 119.3375, -5.3257 ], [ 119.3368, -5.3247 ], [ 119.3363, -5.3236 ], [ 119.336, -5.3227 ] ] ] ] } },
{ "type": "Feature", "properties": { "fid": 7, "id_wilayah": "M006", "id_parent": 100, "id_level_wilayah": 3, "nama_wilayah": "Kedungsepur" }, "geometry": { "type": "MultiPolygon", "coordinates": [ [ [ [ 110.8023, -6.9701 ], [ 110.8025, -6.9828 ], [ 110.8027, -6.9843 ], [ 110.8037, -6.9878 ], [ 110.8039, -6.9884 ], [ 110.8044, -6.9901 ], [ 110.8045, -6.9903 ], [ 110.8122, -7.0007 ], [ 110.8123, -7.0008 ], [ 110.8127, -7.0009 ], [ 110.813, -7.001 ], [ 110.8132, -7.001 ], [ 110.8296, -6.9973 ], [ 110.8453, -6.9902 ], [ 110.8605, -6.9821 ], [ 110.8638, -6.9791 ], [ 110.8688, -6.9752 ], [ 110.8742, -6.9737 ], [ 110.8809, -6.9721 ], [ 110.8901, -6.9792 ], [ 110.9424, -6.9742 ], [ 110.9826, -6.9703 ], [ 110.992, -6.9702 ], [ 111.0261, -6.9698 ], [ 111.0273, -6.9702 ], [ 111.0289, -6.9712 ], [ 111.0295, -6.9715 ], [ 111.0308, -6.9722 ], [ 111.0309, -6.9723 ], [ 111.0329, -6.9723 ], [ 111.0331, -6.9724 ], [ 111.0684, -6.9691 ], [ 111.0872, -6.9563 ], [ 111.1108, -6.9159 ], [ 111.1111, -6.9149 ], [ 111.111, -6.9126 ], [ 111.1157, -6.9148 ], [ 111.1129, -6.941 ], [ 111.1099, -6.9536 ], [ 111.1084, -6.9583 ], [ 111.1077, -6.9597 ], [ 111.1067, -6.961 ], [ 111.1065, -6.9621 ], [ 111.1068, -6.9637 ], [ 111.1113, -6.978 ], [ 111.1128, -6.9785 ], [ 111.1139, -6.9788 ], [ 111.1425, -6.9815 ], [ 111.1516, -6.9821 ], [ 111.1586, -6.9804 ], [ 111.1595, -6.9804 ], [ 111.1611, -6.9808 ], [ 111.1658, -6.9823 ], [ 111.1667, -6.9826 ], [ 111.1683, -6.9835 ], [ 111.1714, -6.9855 ], [ 111.188, -6.9979 ], [ 111.2132, -7.0209 ], [ 111.22, -7.0293 ], [ 111.2199, -7.0327 ], [ 111.219, -7.0353 ], [ 111.2177, -7.0389 ], [ 111.2168, -7.046 ], [ 111.2149, -7.0779 ], [ 111.2225, -7.0999 ], [ 111.2251, -7.1063 ], [ 111.2328, -7.1239 ], [ 111.2399, -7.139 ], [ 111.241, -7.1433 ], [ 111.2457, -7.189 ], [ 111.2379, -7.241 ], [ 111.2346, -7.2437 ], [ 111.2193, -7.2467 ], [ 111.2154, -7.2469 ], [ 111.2124, -7.2469 ], [ 111.2117, -7.2462 ], [ 111.2083, -7.2449 ], [ 111.204, -7.2446 ], [ 111.2008, -7.2448 ], [ 111.2006, -7.2449 ], [ 111.1997, -7.2453 ], [ 111.1993, -7.2455 ], [ 111.1971, -7.2467 ], [ 111.1985, -7.2511 ], [ 111.1986, -7.2515 ], [ 111.1995, -7.2527 ], [ 111.2, -7.2533 ], [ 111.2, -7.2534 ], [ 111.2, -7.2538 ], [ 111.1997, -7.255 ], [ 111.1992, -7.2555 ], [ 111.1777, -7.2644 ], [ 111.1774, -7.2644 ], [ 111.177, -7.2644 ], [ 111.1765, -7.2643 ], [ 111.1677, -7.2621 ], [ 111.1605, -7.258 ], [ 111.1558, -7.2579 ], [ 111.1557, -7.2579 ], [ 111.1507, -7.2601 ], [ 111.1494, -7.2628 ], [ 111.1487, -7.2644 ], [ 111.147, -7.2645 ], [ 111.1348, -7.2607 ], [ 111.12, -7.2554 ], [ 111.1195, -7.2542 ], [ 111.1195, -7.2538 ], [ 111.1197, -7.253 ], [ 111.1195, -7.2522 ], [ 111.1193, -7.2514 ], [ 111.1189, -7.2509 ], [ 111.1186, -7.2505 ], [ 111.1182, -7.2501 ], [ 111.1174, -7.2496 ], [ 111.1165, -7.2491 ], [ 111.1163, -7.249 ], [ 111.1157, -7.2488 ], [ 111.1155, -7.2488 ], [ 111.1068, -7.2475 ], [ 111.1056, -7.2474 ], [ 111.1028, -7.2473 ], [ 111.1025, -7.2474 ], [ 111.1024, -7.2474 ], [ 111.0808, -7.2543 ], [ 111.0795, -7.2595 ], [ 111.0798, -7.2602 ], [ 111.0799, -7.2606 ], [ 111.0799, -7.2608 ], [ 111.0799, -7.2613 ], [ 111.0796, -7.2617 ], [ 111.0794, -7.262 ], [ 111.0793, -7.262 ], [ 111.0722, -7.2671 ], [ 111.0604, -7.2698 ], [ 111.0587, -7.2701 ], [ 111.0575, -7.2702 ], [ 111.0395, -7.2667 ], [ 111.032, -7.2645 ], [ 111.0317, -7.2637 ], [ 111.0319, -7.2621 ], [ 111.0319, -7.2617 ], [ 111.0324, -7.2596 ], [ 111.0232, -7.2584 ], [ 111.0068, -7.2634 ], [ 110.9965, -7.2701 ], [ 110.9933, -7.2734 ], [ 110.9854, -7.2764 ], [ 110.9851, -7.2765 ], [ 110.9047, -7.2832 ], [ 110.9045, -7.2832 ], [ 110.873, -7.2748 ], [ 110.8532, -7.2712 ], [ 110.8279, -7.2475 ], [ 110.8277, -7.2471 ], [ 110.8276, -7.2469 ], [ 110.8275, -7.2443 ], [ 110.8275, -7.2428 ], [ 110.8278, -7.2373 ], [ 110.8278, -7.2367 ], [ 110.8283, -7.2358 ], [ 110.8285, -7.2353 ], [ 110.8295, -7.2336 ], [ 110.843, -7.2164 ], [ 110.8431, -7.2164 ], [ 110.844, -7.2154 ], [ 110.8442, -7.2152 ], [ 110.8457, -7.2145 ], [ 110.8459, -7.2144 ], [ 110.8466, -7.2144 ], [ 110.8494, -7.216 ], [ 110.8496, -7.2161 ], [ 110.8499, -7.2163 ], [ 110.85, -7.2165 ], [ 110.8504, -7.2168 ], [ 110.8508, -7.2173 ], [ 110.8511, -7.2174 ], [ 110.8515, -7.2175 ], [ 110.8521, -7.2175 ], [ 110.8525, -7.2174 ], [ 110.8527, -7.2173 ], [ 110.8531, -7.2172 ], [ 110.8579, -7.2145 ], [ 110.8581, -7.2137 ], [ 110.858, -7.2134 ], [ 110.8577, -7.2126 ], [ 110.8502, -7.2029 ], [ 110.8368, -7.1976 ], [ 110.8361, -7.1975 ], [ 110.8331, -7.1972 ], [ 110.8285, -7.2014 ], [ 110.8269, -7.2053 ], [ 110.8268, -7.2064 ], [ 110.8266, -7.2076 ], [ 110.8263, -7.2088 ], [ 110.826, -7.2098 ], [ 110.8249, -7.2114 ], [ 110.8242, -7.2123 ], [ 110.808, -7.2287 ], [ 110.8066, -7.2299 ], [ 110.8013, -7.2344 ], [ 110.7955, -7.239 ], [ 110.7942, -7.24 ], [ 110.7936, -7.2404 ], [ 110.7888, -7.2435 ], [ 110.7878, -7.2438 ], [ 110.7821, -7.245 ], [ 110.7782, -7.2451 ], [ 110.772, -7.2447 ], [ 110.7668, -7.2444 ], [ 110.7666, -7.2441 ], [ 110.7702, -7.2297 ], [ 110.7728, -7.224 ], [ 110.7729, -7.2238 ], [ 110.773, -7.2237 ], [ 110.7764, -7.2213 ], [ 110.7794, -7.2149 ], [ 110.7809, -7.2105 ], [ 110.7837, -7.1981 ], [ 110.7831, -7.1812 ], [ 110.7651, -7.1762 ], [ 110.7499, -7.1668 ], [ 110.7462, -7.154 ], [ 110.7473, -7.1531 ], [ 110.7475, -7.1528 ], [ 110.75, -7.1488 ], [ 110.7514, -7.1446 ], [ 110.7492, -7.1428 ], [ 110.741, -7.1412 ], [ 110.739, -7.1413 ], [ 110.7356, -7.1428 ], [ 110.7352, -7.143 ], [ 110.7349, -7.1432 ], [ 110.7345, -7.1437 ], [ 110.7026, -7.1829 ], [ 110.6979, -7.2083 ], [ 110.6953, -7.2244 ], [ 110.6923, -7.241 ], [ 110.6885, -7.2413 ], [ 110.687, -7.2414 ], [ 110.683, -7.2416 ], [ 110.6815, -7.2408 ], [ 110.648, -7.2231 ], [ 110.6276, -7.2194 ], [ 110.6243, -7.2308 ], [ 110.6241, -7.232 ], [ 110.624, -7.2336 ], [ 110.624, -7.234 ], [ 110.6242, -7.2349 ], [ 110.6267, -7.2434 ], [ 110.6277, -7.246 ], [ 110.6277, -7.2461 ], [ 110.6283, -7.2475 ], [ 110.6294, -7.2493 ], [ 110.6314, -7.2515 ], [ 110.6331, -7.2654 ], [ 110.6239, -7.2856 ], [ 110.6157, -7.2897 ], [ 110.6066, -7.2901 ], [ 110.6045, -7.2903 ], [ 110.6033, -7.2905 ], [ 110.6026, -7.2907 ], [ 110.6015, -7.2912 ], [ 110.6011, -7.2916 ], [ 110.6009, -7.2919 ], [ 110.5974, -7.3099 ], [ 110.5989, -7.315 ], [ 110.6031, -7.326 ], [ 110.6041, -7.3272 ], [ 110.6088, -7.3334 ], [ 110.6091, -7.3337 ], [ 110.6125, -7.3354 ], [ 110.6217, -7.3324 ], [ 110.6233, -7.3318 ], [ 110.6254, -7.3307 ], [ 110.632, -7.3285 ], [ 110.6383, -7.3265 ], [ 110.6426, -7.326 ], [ 110.6438, -7.3314 ], [ 110.6418, -7.3473 ], [ 110.6414, -7.3492 ], [ 110.6335, -7.3679 ], [ 110.632, -7.3879 ], [ 110.6346, -7.3951 ], [ 110.6382, -7.4126 ], [ 110.6344, -7.431 ], [ 110.6314, -7.4378 ], [ 110.6304, -7.4393 ], [ 110.6457, -7.453 ], [ 110.66, -7.4736 ], [ 110.6577, -7.4897 ], [ 110.6522, -7.495 ], [ 110.6025, -7.4891 ], [ 110.5938, -7.4829 ], [ 110.5839, -7.4701 ], [ 110.5815, -7.4661 ], [ 110.5799, -7.4625 ], [ 110.5837, -7.4631 ], [ 110.584, -7.4631 ], [ 110.5868, -7.4625 ], [ 110.5869, -7.4619 ], [ 110.5872, -7.4603 ], [ 110.5872, -7.4596 ], [ 110.5873, -7.459 ], [ 110.5858, -7.4546 ], [ 110.5837, -7.4509 ], [ 110.5836, -7.4507 ], [ 110.5833, -7.4503 ], [ 110.5776, -7.4443 ], [ 110.5766, -7.4434 ], [ 110.5765, -7.4434 ], [ 110.5755, -7.4434 ], [ 110.5746, -7.4436 ], [ 110.5738, -7.4438 ], [ 110.5715, -7.4446 ], [ 110.5711, -7.4453 ], [ 110.5707, -7.4463 ], [ 110.5708, -7.4465 ], [ 110.5708, -7.4468 ], [ 110.5707, -7.4472 ], [ 110.5707, -7.4475 ], [ 110.5705, -7.4477 ], [ 110.5704, -7.4477 ], [ 110.5703, -7.4478 ], [ 110.5684, -7.4473 ], [ 110.5644, -7.4454 ], [ 110.5642, -7.4436 ], [ 110.5685, -7.443 ], [ 110.5715, -7.4428 ], [ 110.5801, -7.4426 ], [ 110.582, -7.4432 ], [ 110.5834, -7.4437 ], [ 110.5834, -7.4438 ], [ 110.5834, -7.4441 ], [ 110.5831, -7.4446 ], [ 110.5831, -7.4447 ], [ 110.5829, -7.4451 ], [ 110.5827, -7.4453 ], [ 110.5826, -7.4454 ], [ 110.5825, -7.4455 ], [ 110.5824, -7.4456 ], [ 110.5821, -7.4459 ], [ 110.582, -7.446 ], [ 110.5817, -7.4468 ], [ 110.5844, -7.4488 ], [ 110.5857, -7.4491 ], [ 110.5942, -7.4508 ], [ 110.5946, -7.4505 ], [ 110.5952, -7.45 ], [ 110.5955, -7.4493 ], [ 110.5967, -7.4473 ], [ 110.5968, -7.4471 ], [ 110.5969, -7.4467 ], [ 110.5969, -7.4464 ], [ 110.597, -7.4464 ], [ 110.597, -7.4461 ], [ 110.5971, -7.4458 ], [ 110.5971, -7.4456 ], [ 110.5695, -7.4264 ], [ 110.5692, -7.4263 ], [ 110.5689, -7.4263 ], [ 110.5684, -7.4263 ], [ 110.5667, -7.4266 ], [ 110.5652, -7.4286 ], [ 110.548, -7.4383 ], [ 110.5312, -7.4327 ], [ 110.5147, -7.4154 ], [ 110.5073, -7.4124 ], [ 110.4814, -7.4035 ], [ 110.4756, -7.4044 ], [ 110.4734, -7.4052 ], [ 110.4655, -7.4081 ], [ 110.4654, -7.4081 ], [ 110.4653, -7.4082 ], [ 110.4638, -7.4092 ], [ 110.4601, -7.4122 ], [ 110.4587, -7.414 ], [ 110.4498, -7.4293 ], [ 110.4393, -7.4536 ], [ 110.4387, -7.4534 ], [ 110.4385, -7.4534 ], [ 110.4382, -7.4532 ], [ 110.4375, -7.4528 ], [ 110.4367, -7.4521 ], [ 110.4364, -7.4519 ], [ 110.4363, -7.4517 ], [ 110.4362, -7.4516 ], [ 110.436, -7.4513 ], [ 110.4355, -7.4507 ], [ 110.4352, -7.4504 ], [ 110.432, -7.4458 ], [ 110.4259, -7.4363 ], [ 110.4194, -7.4221 ], [ 110.4064, -7.3936 ], [ 110.4061, -7.3928 ], [ 110.4053, -7.3897 ], [ 110.4053, -7.3896 ], [ 110.4054, -7.3781 ], [ 110.4059, -7.3748 ], [ 110.4068, -7.3713 ], [ 110.4037, -7.3658 ], [ 110.398, -7.3581 ], [ 110.3796, -7.3352 ], [ 110.3791, -7.3346 ], [ 110.3788, -7.3343 ], [ 110.3786, -7.3343 ], [ 110.3682, -7.3308 ], [ 110.3574, -7.3278 ], [ 110.3379, -7.323 ], [ 110.3374, -7.3229 ], [ 110.3355, -7.3226 ], [ 110.3348, -7.3226 ], [ 110.3347, -7.3226 ], [ 110.3327, -7.3229 ], [ 110.3266, -7.3238 ], [ 110.3284, -7.3136 ], [ 110.3298, -7.2991 ], [ 110.3298, -7.2971 ], [ 110.3297, -7.2968 ], [ 110.3297, -7.296 ], [ 110.3249, -7.2892 ], [ 110.3247, -7.2889 ], [ 110.3244, -7.2885 ], [ 110.3241, -7.2882 ], [ 110.3237, -7.2878 ], [ 110.2833, -7.2544 ], [ 110.2783, -7.2519 ], [ 110.2778, -7.2518 ], [ 110.2761, -7.2516 ], [ 110.2758, -7.2515 ], [ 110.2757, -7.2516 ], [ 110.2543, -7.2104 ], [ 110.2523, -7.2039 ], [ 110.2525, -7.2034 ], [ 110.2528, -7.203 ], [ 110.2571, -7.199 ], [ 110.2586, -7.1985 ], [ 110.2588, -7.1983 ], [ 110.2583, -7.1968 ], [ 110.2577, -7.1957 ], [ 110.2521, -7.1902 ], [ 110.2474, -7.1859 ], [ 110.2433, -7.1852 ], [ 110.243, -7.1855 ], [ 110.2429, -7.1856 ], [ 110.2417, -7.1864 ], [ 110.2405, -7.1872 ], [ 110.2399, -7.1875 ], [ 110.2388, -7.1877 ], [ 110.2304, -7.1876 ], [ 110.2298, -7.1876 ], [ 110.2172, -7.1847 ], [ 110.196, -7.175 ], [ 110.1924, -7.1722 ], [ 110.1917, -7.1709 ], [ 110.1913, -7.1699 ], [ 110.1913, -7.1694 ], [ 110.1913, -7.1693 ], [ 110.1917, -7.1686 ], [ 110.1926, -7.1672 ], [ 110.1929, -7.166 ], [ 110.1929, -7.1653 ], [ 110.1927, -7.1647 ], [ 110.1917, -7.1624 ], [ 110.1913, -7.1617 ], [ 110.19, -7.1597 ], [ 110.1897, -7.1592 ], [ 110.1857, -7.1533 ], [ 110.1829, -7.1515 ], [ 110.1712, -7.1444 ], [ 110.1695, -7.1436 ], [ 110.169, -7.1434 ], [ 110.1573, -7.1456 ], [ 110.1537, -7.147 ], [ 110.1524, -7.1471 ], [ 110.1517, -7.147 ], [ 110.1514, -7.1469 ], [ 110.1506, -7.1465 ], [ 110.1473, -7.1445 ], [ 110.147, -7.1443 ], [ 110.1467, -7.144 ], [ 110.1466, -7.1439 ], [ 110.146, -7.1433 ], [ 110.1413, -7.1348 ], [ 110.1448, -7.1253 ], [ 110.1661, -7.1128 ], [ 110.1666, -7.1126 ], [ 110.1751, -7.1096 ], [ 110.1755, -7.1095 ], [ 110.1761, -7.1094 ], [ 110.1762, -7.1094 ], [ 110.1766, -7.1094 ], [ 110.1769, -7.1095 ], [ 110.1771, -7.1095 ], [ 110.1778, -7.1098 ], [ 110.1787, -7.1102 ], [ 110.1791, -7.1103 ], [ 110.1797, -7.1102 ], [ 110.1818, -7.1099 ], [ 110.1824, -7.1099 ], [ 110.1901, -7.1079 ], [ 110.1909, -7.1075 ], [ 110.191, -7.1075 ], [ 110.1916, -7.1071 ], [ 110.1924, -7.1066 ], [ 110.1931, -7.106 ], [ 110.1934, -7.1057 ], [ 110.1935, -7.0809 ], [ 110.1935, -7.0808 ], [ 110.1935, -7.0807 ], [ 110.1934, -7.0806 ], [ 110.1934, -7.0805 ], [ 110.1933, -7.0804 ], [ 110.1932, -7.0803 ], [ 110.1931, -7.0802 ], [ 110.193, -7.0801 ], [ 110.1928, -7.08 ], [ 110.1927, -7.0799 ], [ 110.1926, -7.0799 ], [ 110.1925, -7.0798 ], [ 110.1924, -7.0798 ], [ 110.1923, -7.0798 ], [ 110.1922, -7.0797 ], [ 110.1921, -7.0797 ], [ 110.192, -7.0797 ], [ 110.1919, -7.0796 ], [ 110.1918, -7.0796 ], [ 110.1839, -7.0787 ], [ 110.181, -7.0799 ], [ 110.1798, -7.0804 ], [ 110.1782, -7.0813 ], [ 110.1781, -7.0814 ], [ 110.178, -7.0815 ], [ 110.1779, -7.0815 ], [ 110.1778, -7.0816 ], [ 110.1777, -7.0817 ], [ 110.1776, -7.0818 ], [ 110.1775, -7.0819 ], [ 110.1774, -7.082 ], [ 110.1773, -7.0821 ], [ 110.1773, -7.0822 ], [ 110.1772, -7.0823 ], [ 110.1772, -7.0824 ], [ 110.1771, -7.0826 ], [ 110.1758, -7.0881 ], [ 110.1758, -7.0882 ], [ 110.1758, -7.0886 ], [ 110.1757, -7.0891 ], [ 110.1757, -7.0893 ], [ 110.1757, -7.0899 ], [ 110.1757, -7.09 ], [ 110.1757, -7.0901 ], [ 110.1757, -7.0902 ], [ 110.1758, -7.0902 ], [ 110.1758, -7.0904 ], [ 110.1759, -7.0905 ], [ 110.1761, -7.0908 ], [ 110.1761, -7.0909 ], [ 110.1763, -7.0911 ], [ 110.1764, -7.0912 ], [ 110.1766, -7.0915 ], [ 110.1766, -7.0916 ], [ 110.1767, -7.0916 ], [ 110.1767, -7.0917 ], [ 110.1768, -7.0918 ], [ 110.1768, -7.0919 ], [ 110.1768, -7.092 ], [ 110.1768, -7.0921 ], [ 110.1768, -7.0923 ], [ 110.1768, -7.0925 ], [ 110.1768, -7.0927 ], [ 110.1768, -7.0928 ], [ 110.1768, -7.0929 ], [ 110.1768, -7.093 ], [ 110.1768, -7.0932 ], [ 110.1768, -7.0933 ], [ 110.1768, -7.0934 ], [ 110.1768, -7.0935 ], [ 110.1768, -7.0936 ], [ 110.1768, -7.0937 ], [ 110.1768, -7.0938 ], [ 110.1767, -7.0944 ], [ 110.1766, -7.0947 ], [ 110.1752, -7.1001 ], [ 110.1615, -7.1001 ], [ 110.1607, -7.1 ], [ 110.1285, -7.0974 ], [ 110.1222, -7.0942 ], [ 110.1154, -7.0945 ], [ 110.1108, -7.095 ], [ 110.1103, -7.0951 ], [ 110.11, -7.0952 ], [ 110.0619, -7.1192 ], [ 110.0336, -7.1408 ], [ 109.9923, -7.1723 ], [ 109.9816, -7.18 ], [ 109.9694, -7.188 ], [ 109.9687, -7.1885 ], [ 109.9639, -7.1914 ], [ 109.9614, -7.1927 ], [ 109.9604, -7.1931 ], [ 109.9564, -7.1947 ], [ 109.9341, -7.2023 ], [ 109.9227, -7.1868 ], [ 109.9245, -7.1857 ], [ 109.9301, -7.1802 ], [ 109.9301, -7.1801 ], [ 109.9302, -7.18 ], [ 109.9357, -7.1656 ], [ 109.9391, -7.1524 ], [ 109.9389, -7.1514 ], [ 109.9398, -7.1423 ], [ 109.9399, -7.1417 ], [ 109.9471, -7.1269 ], [ 109.9633, -7.0971 ], [ 109.9723, -7.0884 ], [ 109.9735, -7.0875 ], [ 109.9738, -7.0873 ], [ 109.9741, -7.0869 ], [ 109.9775, -7.0827 ], [ 109.9799, -7.0719 ], [ 109.9804, -7.063 ], [ 109.9804, -7.0628 ], [ 109.9798, -7.0591 ], [ 109.9781, -7.0515 ], [ 109.9745, -7.0439 ], [ 109.9736, -7.0349 ], [ 109.9742, -7.0339 ], [ 109.9744, -7.0337 ], [ 109.9776, -7.0313 ], [ 109.988, -7.0262 ], [ 109.9913, -7.0259 ], [ 109.9947, -7.0271 ], [ 109.9952, -7.0271 ], [ 109.9956, -7.0271 ], [ 109.9964, -7.0269 ], [ 109.9965, -7.0268 ], [ 109.9967, -7.0268 ], [ 110.0127, -7.0177 ], [ 110.0431, -6.9889 ], [ 110.0508, -6.9804 ], [ 110.051, -6.9802 ], [ 110.051, -6.98 ], [ 110.0535, -6.9551 ], [ 110.0535, -6.9546 ], [ 110.0533, -6.9543 ], [ 110.0532, -6.954 ], [ 110.0531, -6.9537 ], [ 110.0497, -6.9485 ], [ 110.034, -6.9277 ], [ 110.0283, -6.9108 ], [ 110.0468, -6.9049 ], [ 110.0623, -6.9032 ], [ 110.0639, -6.9029 ], [ 110.0691, -6.9016 ], [ 110.0704, -6.9013 ], [ 110.071, -6.9011 ], [ 110.1072, -6.8899 ], [ 110.1101, -6.8889 ], [ 110.1278, -6.8821 ], [ 110.1328, -6.8799 ], [ 110.1374, -6.8774 ], [ 110.1445, -6.8733 ], [ 110.1498, -6.87 ], [ 110.1568, -6.8646 ], [ 110.1656, -6.8558 ], [ 110.1725, -6.8466 ], [ 110.1769, -6.8449 ], [ 110.2192, -6.8618 ], [ 110.2266, -6.8797 ], [ 110.2309, -6.8861 ], [ 110.246, -6.9038 ], [ 110.2517, -6.9087 ], [ 110.2546, -6.9104 ], [ 110.2563, -6.9112 ], [ 110.257, -6.9114 ], [ 110.2575, -6.9116 ], [ 110.2583, -6.9118 ], [ 110.2587, -6.9119 ], [ 110.2589, -6.9119 ], [ 110.2596, -6.912 ], [ 110.2678, -6.9139 ], [ 110.2735, -6.9153 ], [ 110.2805, -6.917 ], [ 110.2823, -6.9175 ], [ 110.2887, -6.9197 ], [ 110.2912, -6.9225 ], [ 110.2933, -6.9242 ], [ 110.3001, -6.9266 ], [ 110.3002, -6.9266 ], [ 110.3036, -6.9275 ], [ 110.3063, -6.9306 ], [ 110.3031, -6.9337 ], [ 110.3024, -6.9344 ], [ 110.3028, -6.9347 ], [ 110.3031, -6.9351 ], [ 110.3046, -6.936 ], [ 110.3065, -6.9367 ], [ 110.3097, -6.9362 ], [ 110.3097, -6.9344 ], [ 110.3079, -6.9334 ], [ 110.307, -6.9333 ], [ 110.3061, -6.9329 ], [ 110.306, -6.9326 ], [ 110.3062, -6.9324 ], [ 110.3063, -6.9321 ], [ 110.3068, -6.9323 ], [ 110.3101, -6.9344 ], [ 110.3112, -6.9365 ], [ 110.3111, -6.937 ], [ 110.3264, -6.9442 ], [ 110.3544, -6.9542 ], [ 110.3725, -6.9566 ], [ 110.3739, -6.9568 ], [ 110.3774, -6.9568 ], [ 110.3778, -6.9568 ], [ 110.3784, -6.9567 ], [ 110.3819, -6.9555 ], [ 110.3832, -6.955 ], [ 110.3828, -6.9541 ], [ 110.4469, -6.9358 ], [ 110.4477, -6.9358 ], [ 110.4585, -6.9358 ], [ 110.4669, -6.936 ], [ 110.4727, -6.9416 ], [ 110.4766, -6.9366 ], [ 110.5093, -6.877 ], [ 110.5242, -6.8496 ], [ 110.5336, -6.8294 ], [ 110.5426, -6.8198 ], [ 110.5562, -6.8053 ], [ 110.565, -6.7873 ], [ 110.566, -6.7774 ], [ 110.5571, -6.7728 ], [ 110.5446, -6.7615 ], [ 110.5382, -6.7521 ], [ 110.5373, -6.7494 ], [ 110.5374, -6.7486 ], [ 110.551, -6.7288 ], [ 110.5518, -6.7282 ], [ 110.5554, -6.7256 ], [ 110.5561, -6.7251 ], [ 110.5681, -6.7268 ], [ 110.5943, -6.7249 ], [ 110.5967, -6.7262 ], [ 110.5981, -6.7268 ], [ 110.5985, -6.7267 ], [ 110.6091, -6.7203 ], [ 110.6161, -6.7157 ], [ 110.6164, -6.7155 ], [ 110.6166, -6.7152 ], [ 110.617, -6.7148 ], [ 110.6209, -6.7094 ], [ 110.6211, -6.709 ], [ 110.6212, -6.7087 ], [ 110.6221, -6.7079 ], [ 110.6316, -6.7096 ], [ 110.6351, -6.7103 ], [ 110.6616, -6.7161 ], [ 110.6637, -6.7166 ], [ 110.6644, -6.7168 ], [ 110.6649, -6.717 ], [ 110.6661, -6.7175 ], [ 110.6664, -6.7178 ], [ 110.6677, -6.7186 ], [ 110.6693, -6.7199 ], [ 110.67, -6.721 ], [ 110.6715, -6.7253 ], [ 110.6716, -6.7256 ], [ 110.6716, -6.7257 ], [ 110.6716, -6.7262 ], [ 110.6701, -6.7485 ], [ 110.6675, -6.7627 ], [ 110.6857, -6.768 ], [ 110.6956, -6.7696 ], [ 110.7, -6.7838 ], [ 110.7016, -6.7886 ], [ 110.7032, -6.793 ], [ 110.7033, -6.7933 ], [ 110.7035, -6.7936 ], [ 110.7036, -6.7938 ], [ 110.704, -6.7942 ], [ 110.7042, -6.7944 ], [ 110.7048, -6.7948 ], [ 110.705, -6.7948 ], [ 110.749, -6.7948 ], [ 110.7582, -6.7941 ], [ 110.7608, -6.7953 ], [ 110.7757, -6.8026 ], [ 110.7763, -6.803 ], [ 110.7769, -6.8035 ], [ 110.7788, -6.8052 ], [ 110.7789, -6.8053 ], [ 110.7902, -6.8216 ], [ 110.7955, -6.8322 ], [ 110.7962, -6.8333 ], [ 110.7967, -6.8339 ], [ 110.7979, -6.8352 ], [ 110.816, -6.8459 ], [ 110.8264, -6.8467 ], [ 110.8255, -6.8617 ], [ 110.8082, -6.8826 ], [ 110.7869, -6.9105 ], [ 110.7746, -6.9433 ], [ 110.7795, -6.949 ], [ 110.8023, -6.9701 ] ] ] ] } },
{ "type": "Feature", "properties": { "fid": 8, "id_wilayah": "M010", "id_parent": 100, "id_level_wilayah": 3, "nama_wilayah": "Sarbagita" }, "geometry": { "type": "MultiPolygon", "coordinates": [ [ [ [ 115.27, -8.6535 ], [ 115.2685, -8.6548 ], [ 115.2667, -8.6567 ], [ 115.2649, -8.659 ], [ 115.2635, -8.661 ], [ 115.2615, -8.664 ], [ 115.2612, -8.6647 ], [ 115.2609, -8.666 ], [ 115.2608, -8.6667 ], [ 115.2608, -8.6671 ], [ 115.2608, -8.6678 ], [ 115.2608, -8.6679 ], [ 115.2607, -8.669 ], [ 115.2608, -8.6691 ], [ 115.2608, -8.6692 ], [ 115.2609, -8.6692 ], [ 115.261, -8.6692 ], [ 115.2615, -8.6701 ], [ 115.2619, -8.6708 ], [ 115.2622, -8.6713 ], [ 115.2638, -8.6742 ], [ 115.2642, -8.675 ], [ 115.2651, -8.6771 ], [ 115.267, -8.691 ], [ 115.2668, -8.6948 ], [ 115.2665, -8.6965 ], [ 115.2657, -8.7003 ], [ 115.2656, -8.7006 ], [ 115.2652, -8.7023 ], [ 115.2651, -8.7027 ], [ 115.265, -8.703 ], [ 115.2643, -8.7052 ], [ 115.2641, -8.7056 ], [ 115.2635, -8.7066 ], [ 115.2507, -8.7309 ], [ 115.2506, -8.731 ], [ 115.2398, -8.7429 ], [ 115.2343, -8.7482 ], [ 115.2299, -8.7521 ], [ 115.2296, -8.7523 ], [ 115.2293, -8.7525 ], [ 115.2291, -8.7525 ], [ 115.2288, -8.7525 ], [ 115.2286, -8.7525 ], [ 115.2199, -8.7491 ], [ 115.2197, -8.749 ], [ 115.2194, -8.7489 ], [ 115.2187, -8.7484 ], [ 115.2185, -8.7482 ], [ 115.2182, -8.7479 ], [ 115.2181, -8.7476 ], [ 115.218, -8.7473 ], [ 115.2179, -8.7472 ], [ 115.2179, -8.7468 ], [ 115.2179, -8.7465 ], [ 115.218, -8.7464 ], [ 115.218, -8.7461 ], [ 115.2218, -8.7327 ], [ 115.2261, -8.7285 ], [ 115.2273, -8.7275 ], [ 115.2274, -8.7274 ], [ 115.2276, -8.7268 ], [ 115.2274, -8.7266 ], [ 115.2271, -8.7264 ], [ 115.2241, -8.7255 ], [ 115.2138, -8.7263 ], [ 115.2048, -8.7291 ], [ 115.1873, -8.7358 ], [ 115.1845, -8.7488 ], [ 115.1859, -8.7628 ], [ 115.194, -8.7766 ], [ 115.1976, -8.7809 ], [ 115.2082, -8.7853 ], [ 115.2087, -8.7855 ], [ 115.209, -8.7856 ], [ 115.215, -8.7869 ], [ 115.2176, -8.7871 ], [ 115.22, -8.7872 ], [ 115.2203, -8.7872 ], [ 115.2148, -8.7749 ], [ 115.2153, -8.7593 ], [ 115.2164, -8.7552 ], [ 115.2165, -8.7547 ], [ 115.2167, -8.754 ], [ 115.2168, -8.7539 ], [ 115.2173, -8.753 ], [ 115.2179, -8.7524 ], [ 115.2182, -8.7522 ], [ 115.2185, -8.7523 ], [ 115.2213, -8.7535 ], [ 115.2215, -8.7537 ], [ 115.2234, -8.7598 ], [ 115.2364, -8.8013 ], [ 115.2195, -8.83 ], [ 115.2182, -8.832 ], [ 115.2171, -8.833 ], [ 115.2168, -8.8331 ], [ 115.2163, -8.8334 ], [ 115.2153, -8.8338 ], [ 115.2026, -8.8398 ], [ 115.1978, -8.8416 ], [ 115.187, -8.8451 ], [ 115.1819, -8.8465 ], [ 115.1802, -8.8469 ], [ 115.1704, -8.8489 ], [ 115.1702, -8.849 ], [ 115.1672, -8.8492 ], [ 115.1669, -8.8492 ], [ 115.1458, -8.8482 ], [ 115.1241, -8.8472 ], [ 115.1223, -8.8471 ], [ 115.1214, -8.847 ], [ 115.1148, -8.8458 ], [ 115.1081, -8.8441 ], [ 115.0959, -8.8403 ], [ 115.089, -8.8377 ], [ 115.0877, -8.8363 ], [ 115.0871, -8.8354 ], [ 115.0846, -8.8297 ], [ 115.0848, -8.8244 ], [ 115.0854, -8.8216 ], [ 115.0882, -8.8152 ], [ 115.0884, -8.8149 ], [ 115.1414, -8.7814 ], [ 115.1584, -8.7818 ], [ 115.1585, -8.782 ], [ 115.1592, -8.7823 ], [ 115.1594, -8.7824 ], [ 115.1605, -8.7827 ], [ 115.1609, -8.7827 ], [ 115.162, -8.7824 ], [ 115.1625, -8.782 ], [ 115.1629, -8.7817 ], [ 115.1639, -8.7807 ], [ 115.1657, -8.7777 ], [ 115.167, -8.7749 ], [ 115.1675, -8.774 ], [ 115.1679, -8.7725 ], [ 115.1679, -8.7721 ], [ 115.169, -8.7673 ], [ 115.1693, -8.7661 ], [ 115.1695, -8.7645 ], [ 115.1695, -8.7632 ], [ 115.1694, -8.7226 ], [ 115.1693, -8.7214 ], [ 115.1692, -8.7206 ], [ 115.1664, -8.7086 ], [ 115.1662, -8.7078 ], [ 115.1659, -8.7068 ], [ 115.1645, -8.7037 ], [ 115.1634, -8.7015 ], [ 115.1617, -8.698 ], [ 115.1615, -8.6975 ], [ 115.1597, -8.6947 ], [ 115.1487, -8.6783 ], [ 115.1456, -8.6741 ], [ 115.1438, -8.6717 ], [ 115.1381, -8.6658 ], [ 115.1375, -8.6653 ], [ 115.1202, -8.6507 ], [ 115.0992, -8.6357 ], [ 115.0941, -8.6305 ], [ 115.093, -8.629 ], [ 115.0888, -8.6237 ], [ 115.0885, -8.6232 ], [ 115.0869, -8.6207 ], [ 115.0849, -8.6156 ], [ 115.0838, -8.6118 ], [ 115.0838, -8.6116 ], [ 115.0839, -8.6115 ], [ 115.0838, -8.6111 ], [ 115.0838, -8.6106 ], [ 115.0834, -8.61 ], [ 115.0824, -8.6081 ], [ 115.082, -8.6074 ], [ 115.0818, -8.6071 ], [ 115.0701, -8.5932 ], [ 115.0666, -8.5894 ], [ 115.0564, -8.5797 ], [ 114.974, -8.5092 ], [ 114.9362, -8.4785 ], [ 114.9323, -8.4756 ], [ 114.9304, -8.4745 ], [ 114.9294, -8.4739 ], [ 114.9228, -8.4703 ], [ 114.9203, -8.4691 ], [ 114.9189, -8.4686 ], [ 114.9159, -8.4677 ], [ 114.9264, -8.4487 ], [ 114.9285, -8.4409 ], [ 114.937, -8.395 ], [ 114.9371, -8.3944 ], [ 114.937, -8.3924 ], [ 114.937, -8.392 ], [ 114.9368, -8.3918 ], [ 114.9317, -8.3831 ], [ 114.9291, -8.376 ], [ 114.9316, -8.3639 ], [ 114.9317, -8.3637 ], [ 114.9354, -8.3568 ], [ 114.9363, -8.357 ], [ 114.9375, -8.3574 ], [ 114.9379, -8.3576 ], [ 114.9381, -8.3577 ], [ 114.9385, -8.358 ], [ 114.9386, -8.358 ], [ 114.9389, -8.3582 ], [ 114.9393, -8.3585 ], [ 114.9403, -8.359 ], [ 114.9419, -8.3598 ], [ 114.9421, -8.3599 ], [ 114.9472, -8.3616 ], [ 114.9475, -8.3616 ], [ 114.9483, -8.3616 ], [ 114.95, -8.3607 ], [ 114.9501, -8.3605 ], [ 114.9519, -8.3554 ], [ 114.9606, -8.3311 ], [ 114.9607, -8.3287 ], [ 114.9604, -8.3275 ], [ 114.9603, -8.3273 ], [ 114.9591, -8.3182 ], [ 114.9635, -8.3095 ], [ 114.9688, -8.3047 ], [ 114.9833, -8.2965 ], [ 114.9929, -8.297 ], [ 114.9959, -8.2994 ], [ 115.0011, -8.3036 ], [ 115.0019, -8.3042 ], [ 115.009, -8.3071 ], [ 115.0675, -8.3149 ], [ 115.0855, -8.314 ], [ 115.0942, -8.3125 ], [ 115.0953, -8.3123 ], [ 115.0965, -8.312 ], [ 115.1008, -8.3104 ], [ 115.1014, -8.3101 ], [ 115.1027, -8.3093 ], [ 115.1032, -8.3086 ], [ 115.1069, -8.2983 ], [ 115.109, -8.2853 ], [ 115.1092, -8.2847 ], [ 115.1108, -8.2799 ], [ 115.1175, -8.2744 ], [ 115.1231, -8.2726 ], [ 115.1276, -8.2717 ], [ 115.1285, -8.2718 ], [ 115.1335, -8.2708 ], [ 115.1408, -8.2679 ], [ 115.1598, -8.2577 ], [ 115.1711, -8.2492 ], [ 115.1769, -8.2429 ], [ 115.1809, -8.2432 ], [ 115.1861, -8.2471 ], [ 115.2321, -8.2402 ], [ 115.2369, -8.244 ], [ 115.2468, -8.2525 ], [ 115.247, -8.2526 ], [ 115.2494, -8.2565 ], [ 115.2501, -8.2591 ], [ 115.2503, -8.2596 ], [ 115.251, -8.2638 ], [ 115.2509, -8.2649 ], [ 115.2502, -8.2697 ], [ 115.2461, -8.2876 ], [ 115.2436, -8.2948 ], [ 115.2488, -8.3093 ], [ 115.251, -8.3143 ], [ 115.2589, -8.3151 ], [ 115.2842, -8.3142 ], [ 115.3245, -8.3288 ], [ 115.3282, -8.3304 ], [ 115.3284, -8.3306 ], [ 115.3285, -8.3307 ], [ 115.3366, -8.3663 ], [ 115.3371, -8.38 ], [ 115.3371, -8.3803 ], [ 115.337, -8.3816 ], [ 115.3367, -8.3849 ], [ 115.3308, -8.4142 ], [ 115.3288, -8.4181 ], [ 115.3251, -8.4245 ], [ 115.3201, -8.4321 ], [ 115.3292, -8.5119 ], [ 115.3294, -8.5127 ], [ 115.3297, -8.5133 ], [ 115.3345, -8.5214 ], [ 115.3346, -8.5215 ], [ 115.3365, -8.5235 ], [ 115.3431, -8.5261 ], [ 115.3455, -8.5263 ], [ 115.3457, -8.5263 ], [ 115.3576, -8.5209 ], [ 115.3706, -8.5749 ], [ 115.3689, -8.5753 ], [ 115.3673, -8.5757 ], [ 115.3629, -8.5768 ], [ 115.3627, -8.5768 ], [ 115.3619, -8.5772 ], [ 115.3591, -8.5786 ], [ 115.3584, -8.579 ], [ 115.3555, -8.5811 ], [ 115.3548, -8.5816 ], [ 115.3544, -8.582 ], [ 115.3516, -8.5852 ], [ 115.3504, -8.5872 ], [ 115.3503, -8.5877 ], [ 115.35, -8.5883 ], [ 115.2891, -8.6395 ], [ 115.2864, -8.6416 ], [ 115.2832, -8.6439 ], [ 115.2767, -8.6486 ], [ 115.2746, -8.6501 ], [ 115.27, -8.6535 ] ] ] ] } },
{ "type": "Feature", "properties": { "fid": 9, "id_wilayah": "M001", "id_parent": 100, "id_level_wilayah": 3, "nama_wilayah": "Banjarbakula" }, "geometry": { "type": "MultiPolygon", "coordinates": [ [ [ [ 114.6177, -4.0622 ], [ 114.6178, -4.0622 ], [ 114.6179, -4.0626 ], [ 114.6181, -4.063 ], [ 114.6179, -4.0632 ], [ 114.6178, -4.0633 ], [ 114.6154, -4.0642 ], [ 114.6153, -4.0642 ], [ 114.6148, -4.0641 ], [ 114.6147, -4.064 ], [ 114.6146, -4.064 ], [ 114.6144, -4.0638 ], [ 114.6145, -4.0634 ], [ 114.6146, -4.063 ], [ 114.6146, -4.0629 ], [ 114.6148, -4.0627 ], [ 114.6151, -4.0622 ], [ 114.6152, -4.0622 ], [ 114.6152, -4.0621 ], [ 114.6154, -4.0621 ], [ 114.6164, -4.0617 ], [ 114.6165, -4.0616 ], [ 114.6166, -4.0617 ], [ 114.6167, -4.0618 ], [ 114.6167, -4.062 ], [ 114.6175, -4.0621 ], [ 114.6176, -4.0621 ], [ 114.6177, -4.0622 ] ] ], [ [ [ 115.2596, -3.6219 ], [ 115.2637, -3.6352 ], [ 115.2686, -3.6484 ], [ 115.2692, -3.6501 ], [ 115.2677, -3.6538 ], [ 115.2637, -3.6628 ], [ 115.262, -3.6667 ], [ 115.2833, -3.6999 ], [ 115.2835, -3.6998 ], [ 115.2901, -3.6968 ], [ 115.2951, -3.6944 ], [ 115.2996, -3.6946 ], [ 115.3041, -3.6948 ], [ 115.3168, -3.6971 ], [ 115.3244, -3.7054 ], [ 115.3259, -3.7152 ], [ 115.3261, -3.7167 ], [ 115.3311, -3.757 ], [ 115.3329, -3.7576 ], [ 115.3428, -3.7638 ], [ 115.3447, -3.7667 ], [ 115.3473, -3.7749 ], [ 115.3534, -3.809 ], [ 115.3628, -3.8144 ], [ 115.363, -3.8145 ], [ 115.3644, -3.8154 ], [ 115.3662, -3.8169 ], [ 115.3674, -3.8182 ], [ 115.3679, -3.8188 ], [ 115.3686, -3.8199 ], [ 115.3717, -3.8281 ], [ 115.3723, -3.8335 ], [ 115.3725, -3.8531 ], [ 115.376, -3.8596 ], [ 115.3676, -3.8644 ], [ 115.3296, -3.8788 ], [ 115.2921, -3.893 ], [ 115.2155, -3.9245 ], [ 115.1829, -3.9394 ], [ 115.1149, -3.9705 ], [ 115.1111, -3.9715 ], [ 115.1089, -3.9721 ], [ 115.1062, -3.9728 ], [ 115.1015, -3.9742 ], [ 115.0948, -3.9762 ], [ 115.0819, -3.9808 ], [ 115.0795, -3.9817 ], [ 115.0753, -3.9833 ], [ 115.0725, -3.9844 ], [ 115.057, -3.9908 ], [ 115.0157, -4.0089 ], [ 115.0074, -4.0129 ], [ 114.9998, -4.0169 ], [ 114.9887, -4.0228 ], [ 114.9538, -4.0418 ], [ 114.859, -4.0895 ], [ 114.8038, -4.1184 ], [ 114.8006, -4.1201 ], [ 114.7907, -4.1257 ], [ 114.7865, -4.1281 ], [ 114.7775, -4.1336 ], [ 114.7538, -4.1477 ], [ 114.7495, -4.1501 ], [ 114.735, -4.1577 ], [ 114.7263, -4.1621 ], [ 114.7163, -4.1668 ], [ 114.71, -4.1694 ], [ 114.7074, -4.1705 ], [ 114.7029, -4.1723 ], [ 114.7017, -4.1727 ], [ 114.6952, -4.1747 ], [ 114.6901, -4.1758 ], [ 114.6824, -4.1772 ], [ 114.6798, -4.1776 ], [ 114.6772, -4.1778 ], [ 114.6736, -4.178 ], [ 114.6621, -4.1779 ], [ 114.6584, -4.1778 ], [ 114.6506, -4.1765 ], [ 114.6487, -4.1762 ], [ 114.6438, -4.1751 ], [ 114.6385, -4.1739 ], [ 114.6368, -4.1734 ], [ 114.6321, -4.1712 ], [ 114.6293, -4.1697 ], [ 114.6286, -4.1693 ], [ 114.6281, -4.169 ], [ 114.6244, -4.1665 ], [ 114.6236, -4.1659 ], [ 114.6189, -4.1607 ], [ 114.6189, -4.1603 ], [ 114.6194, -4.1597 ], [ 114.6225, -4.1578 ], [ 114.6244, -4.1569 ], [ 114.6256, -4.1562 ], [ 114.6265, -4.1555 ], [ 114.6271, -4.1548 ], [ 114.6292, -4.1521 ], [ 114.6298, -4.1507 ], [ 114.6301, -4.1494 ], [ 114.6294, -4.0998 ], [ 114.6293, -4.0952 ], [ 114.6331, -4.0635 ], [ 114.6339, -4.0629 ], [ 114.6346, -4.0616 ], [ 114.6351, -4.0601 ], [ 114.6353, -4.0595 ], [ 114.6356, -4.0584 ], [ 114.6359, -4.0566 ], [ 114.6368, -4.0478 ], [ 114.6372, -4.0435 ], [ 114.6374, -4.041 ], [ 114.6372, -4.0304 ], [ 114.637, -4.0216 ], [ 114.6369, -4.02 ], [ 114.6366, -4.0181 ], [ 114.6357, -4.0119 ], [ 114.6336, -3.9984 ], [ 114.629, -3.9694 ], [ 114.6276, -3.9638 ], [ 114.6229, -3.9448 ], [ 114.6182, -3.9259 ], [ 114.6166, -3.9185 ], [ 114.6118, -3.8955 ], [ 114.6103, -3.8835 ], [ 114.606, -3.8357 ], [ 114.604, -3.8011 ], [ 114.6095, -3.7535 ], [ 114.6101, -3.749 ], [ 114.6107, -3.745 ], [ 114.6113, -3.7417 ], [ 114.6118, -3.7393 ], [ 114.6123, -3.7376 ], [ 114.6133, -3.7352 ], [ 114.6186, -3.7241 ], [ 114.6195, -3.7227 ], [ 114.6203, -3.7221 ], [ 114.621, -3.7223 ], [ 114.6211, -3.7219 ], [ 114.6216, -3.7194 ], [ 114.6227, -3.7119 ], [ 114.6221, -3.6978 ], [ 114.6211, -3.6871 ], [ 114.6202, -3.6774 ], [ 114.6195, -3.6708 ], [ 114.6181, -3.6625 ], [ 114.6176, -3.6592 ], [ 114.6167, -3.6556 ], [ 114.615, -3.6486 ], [ 114.6146, -3.6472 ], [ 114.6137, -3.6443 ], [ 114.6131, -3.6426 ], [ 114.606, -3.6264 ], [ 114.6002, -3.6148 ], [ 114.597, -3.6098 ], [ 114.5713, -3.5721 ], [ 114.5702, -3.5709 ], [ 114.5577, -3.5594 ], [ 114.5543, -3.5569 ], [ 114.5417, -3.5513 ], [ 114.527, -3.5465 ], [ 114.5151, -3.5438 ], [ 114.5139, -3.5136 ], [ 114.4935, -3.5086 ], [ 114.4401, -3.5031 ], [ 114.436, -3.5022 ], [ 114.4307, -3.5008 ], [ 114.4118, -3.4927 ], [ 114.3621, -3.4694 ], [ 114.3503, -3.4629 ], [ 114.3477, -3.4613 ], [ 114.3509, -3.4542 ], [ 114.3543, -3.4417 ], [ 114.3628, -3.3867 ], [ 114.3573, -3.3776 ], [ 114.3528, -3.3702 ], [ 114.3516, -3.3682 ], [ 114.3493, -3.3483 ], [ 114.3591, -3.3162 ], [ 114.3745, -3.287 ], [ 114.4121, -3.2631 ], [ 114.4229, -3.2544 ], [ 114.4248, -3.2529 ], [ 114.4251, -3.2525 ], [ 114.4293, -3.2483 ], [ 114.4314, -3.2462 ], [ 114.4356, -3.218 ], [ 114.4269, -3.1908 ], [ 114.4259, -3.1876 ], [ 114.4236, -3.1803 ], [ 114.4235, -3.1799 ], [ 114.4581, -3.1433 ], [ 114.4661, -3.1363 ], [ 114.4662, -3.1362 ], [ 114.4699, -3.1332 ], [ 114.5089, -3.1008 ], [ 114.5221, -3.0899 ], [ 114.5333, -3.081 ], [ 114.5436, -3.0707 ], [ 114.5462, -3.0682 ], [ 114.531, -3.0233 ], [ 114.5309, -3.0232 ], [ 114.5183, -3.0091 ], [ 114.511, -3.0018 ], [ 114.5081, -2.9997 ], [ 114.5384, -2.9569 ], [ 114.5386, -2.9276 ], [ 114.5472, -2.9048 ], [ 114.5673, -2.8641 ], [ 114.5912, -2.8798 ], [ 114.5936, -2.8822 ], [ 114.5943, -2.8836 ], [ 114.5956, -2.8864 ], [ 114.5987, -2.8911 ], [ 114.606, -2.8882 ], [ 114.6154, -2.8843 ], [ 114.6154, -2.8841 ], [ 114.6152, -2.8829 ], [ 114.6136, -2.8754 ], [ 114.6079, -2.8576 ], [ 114.6077, -2.8571 ], [ 114.6068, -2.8545 ], [ 114.6067, -2.8543 ], [ 114.6066, -2.854 ], [ 114.6059, -2.8531 ], [ 114.6031, -2.8465 ], [ 114.5972, -2.8184 ], [ 114.5971, -2.8178 ], [ 114.5969, -2.8159 ], [ 114.5969, -2.8158 ], [ 114.6271, -2.8069 ], [ 114.6382, -2.805 ], [ 114.6384, -2.805 ], [ 114.6453, -2.8041 ], [ 114.6478, -2.804 ], [ 114.6503, -2.8039 ], [ 114.6523, -2.8039 ], [ 114.6563, -2.8034 ], [ 114.6569, -2.8033 ], [ 114.6573, -2.8032 ], [ 114.6601, -2.8024 ], [ 114.6624, -2.8015 ], [ 114.6647, -2.8002 ], [ 114.6665, -2.7984 ], [ 114.6683, -2.7963 ], [ 114.6711, -2.7928 ], [ 114.6734, -2.79 ], [ 114.6742, -2.7889 ], [ 114.6756, -2.7871 ], [ 114.6761, -2.7865 ], [ 114.6763, -2.7861 ], [ 114.6774, -2.7841 ], [ 114.6788, -2.7816 ], [ 114.6789, -2.7812 ], [ 114.6794, -2.7787 ], [ 114.6797, -2.7775 ], [ 114.68, -2.7739 ], [ 114.6797, -2.7714 ], [ 114.679, -2.7691 ], [ 114.6785, -2.7683 ], [ 114.678, -2.7674 ], [ 114.6776, -2.7669 ], [ 114.6766, -2.7655 ], [ 114.6763, -2.7651 ], [ 114.6722, -2.7597 ], [ 114.6712, -2.7573 ], [ 114.6709, -2.7558 ], [ 114.6708, -2.7553 ], [ 114.6708, -2.7551 ], [ 114.6709, -2.7528 ], [ 114.6723, -2.7482 ], [ 114.6729, -2.7467 ], [ 114.6737, -2.745 ], [ 114.6744, -2.7439 ], [ 114.6759, -2.742 ], [ 114.6765, -2.7414 ], [ 114.6766, -2.7413 ], [ 114.677, -2.7409 ], [ 114.6776, -2.7403 ], [ 114.6787, -2.7393 ], [ 114.6796, -2.7385 ], [ 114.6811, -2.7375 ], [ 114.6827, -2.7368 ], [ 114.6858, -2.7357 ], [ 114.6879, -2.7354 ], [ 114.6905, -2.7353 ], [ 114.6911, -2.7353 ], [ 114.6934, -2.7354 ], [ 114.6954, -2.7357 ], [ 114.6968, -2.736 ], [ 114.6971, -2.7361 ], [ 114.6971, -2.7362 ], [ 114.6976, -2.7364 ], [ 114.7017, -2.7382 ], [ 114.7055, -2.7398 ], [ 114.7076, -2.7403 ], [ 114.7093, -2.7406 ], [ 114.7152, -2.7409 ], [ 114.7193, -2.7401 ], [ 114.7336, -2.7343 ], [ 114.7386, -2.732 ], [ 114.7596, -2.7216 ], [ 114.7605, -2.721 ], [ 114.7606, -2.7209 ], [ 114.7617, -2.7199 ], [ 114.7618, -2.7199 ], [ 114.7859, -2.6833 ], [ 114.7863, -2.6826 ], [ 114.7869, -2.6815 ], [ 114.7885, -2.6782 ], [ 114.789, -2.6771 ], [ 114.7891, -2.677 ], [ 114.7898, -2.6744 ], [ 114.7902, -2.673 ], [ 114.7905, -2.6722 ], [ 114.7905, -2.6719 ], [ 114.7914, -2.6673 ], [ 114.7915, -2.6666 ], [ 114.7921, -2.6618 ], [ 114.7923, -2.6575 ], [ 114.7929, -2.6441 ], [ 114.7923, -2.6359 ], [ 114.7917, -2.6291 ], [ 114.7916, -2.627 ], [ 114.7917, -2.6263 ], [ 114.7923, -2.6167 ], [ 114.7941, -2.6019 ], [ 114.7948, -2.5983 ], [ 114.7957, -2.5956 ], [ 114.7976, -2.5919 ], [ 114.7993, -2.5885 ], [ 114.8003, -2.5868 ], [ 114.8025, -2.5835 ], [ 114.8043, -2.5817 ], [ 114.8056, -2.5805 ], [ 114.8068, -2.5794 ], [ 114.8091, -2.5778 ], [ 114.812, -2.5762 ], [ 114.8137, -2.5753 ], [ 114.817, -2.5737 ], [ 114.8208, -2.5716 ], [ 114.8231, -2.5702 ], [ 114.827, -2.5676 ], [ 114.8273, -2.5674 ], [ 114.8332, -2.5625 ], [ 114.8376, -2.5574 ], [ 114.8385, -2.5564 ], [ 114.8389, -2.5557 ], [ 114.8407, -2.5528 ], [ 114.8419, -2.5502 ], [ 114.8422, -2.5496 ], [ 114.8422, -2.5495 ], [ 114.8444, -2.544 ], [ 114.8471, -2.5373 ], [ 114.8493, -2.5326 ], [ 114.8506, -2.5305 ], [ 114.8513, -2.5293 ], [ 114.8525, -2.5279 ], [ 114.8531, -2.527 ], [ 114.8562, -2.5244 ], [ 114.8587, -2.5231 ], [ 114.8598, -2.5266 ], [ 114.8562, -2.5412 ], [ 114.8468, -2.5754 ], [ 114.8435, -2.5881 ], [ 114.8254, -2.6589 ], [ 114.8084, -2.7257 ], [ 114.8044, -2.7416 ], [ 114.8044, -2.7417 ], [ 114.8042, -2.7423 ], [ 114.805, -2.7525 ], [ 114.8068, -2.7687 ], [ 114.8071, -2.7709 ], [ 114.8077, -2.7763 ], [ 114.8079, -2.7789 ], [ 114.8098, -2.7959 ], [ 114.8104, -2.799 ], [ 114.8105, -2.8 ], [ 114.811, -2.8025 ], [ 114.8118, -2.8067 ], [ 114.8119, -2.8067 ], [ 114.8124, -2.8079 ], [ 114.8142, -2.812 ], [ 114.8229, -2.8316 ], [ 114.829, -2.8455 ], [ 114.8322, -2.8527 ], [ 114.8366, -2.8626 ], [ 114.8387, -2.8672 ], [ 114.839, -2.868 ], [ 114.8399, -2.87 ], [ 114.8402, -2.8707 ], [ 114.8401, -2.8718 ], [ 114.8398, -2.8744 ], [ 114.8398, -2.8746 ], [ 114.8387, -2.8769 ], [ 114.8153, -2.93 ], [ 114.8142, -2.9312 ], [ 114.8138, -2.9318 ], [ 114.8136, -2.932 ], [ 114.813, -2.9322 ], [ 114.8113, -2.9324 ], [ 114.8034, -2.9398 ], [ 114.803, -2.9402 ], [ 114.8027, -2.9406 ], [ 114.8027, -2.9407 ], [ 114.7986, -2.9565 ], [ 114.8022, -2.9681 ], [ 114.8156, -2.9997 ], [ 114.8242, -3.0109 ], [ 114.8284, -3.0154 ], [ 114.8708, -3.0387 ], [ 114.8772, -3.0427 ], [ 114.9143, -3.0666 ], [ 114.9269, -3.0747 ], [ 114.9413, -3.0841 ], [ 114.9622, -3.0974 ], [ 114.9877, -3.1137 ], [ 114.9977, -3.1199 ], [ 115.0068, -3.1255 ], [ 115.0257, -3.1343 ], [ 115.0307, -3.1396 ], [ 115.0311, -3.1435 ], [ 115.0313, -3.1448 ], [ 115.0303, -3.1497 ], [ 115.0274, -3.1578 ], [ 115.0251, -3.1629 ], [ 115.051, -3.1668 ], [ 115.0629, -3.1676 ], [ 115.0646, -3.1678 ], [ 115.0748, -3.1738 ], [ 115.0813, -3.178 ], [ 115.0849, -3.1823 ], [ 115.0901, -3.1851 ], [ 115.1006, -3.1898 ], [ 115.1083, -3.1926 ], [ 115.1113, -3.1936 ], [ 115.1231, -3.1961 ], [ 115.1248, -3.1959 ], [ 115.1653, -3.1883 ], [ 115.1661, -3.1879 ], [ 115.1668, -3.1872 ], [ 115.1702, -3.176 ], [ 115.1709, -3.1735 ], [ 115.199, -3.1745 ], [ 115.225, -3.1815 ], [ 115.2377, -3.1667 ], [ 115.2417, -3.1608 ], [ 115.2444, -3.1557 ], [ 115.2421, -3.1368 ], [ 115.2419, -3.1358 ], [ 115.2182, -3.127 ], [ 115.2138, -3.126 ], [ 115.2114, -3.1254 ], [ 115.2079, -3.1263 ], [ 115.2048, -3.1277 ], [ 115.2044, -3.1279 ], [ 115.2011, -3.1291 ], [ 115.1959, -3.13 ], [ 115.1948, -3.1302 ], [ 115.1901, -3.1307 ], [ 115.1842, -3.1313 ], [ 115.1812, -3.1307 ], [ 115.1718, -3.1164 ], [ 115.2039, -3.0622 ], [ 115.2141, -3.0494 ], [ 115.2163, -3.0473 ], [ 115.2189, -3.0471 ], [ 115.2349, -3.0469 ], [ 115.2443, -3.0406 ], [ 115.2589, -3.028 ], [ 115.2668, -3.0197 ], [ 115.2683, -3.0156 ], [ 115.2691, -3.0131 ], [ 115.276, -3.003 ], [ 115.2808, -2.9964 ], [ 115.2829, -2.9938 ], [ 115.3131, -2.9737 ], [ 115.3153, -2.9723 ], [ 115.3218, -2.9692 ], [ 115.3225, -2.9689 ], [ 115.3276, -2.9681 ], [ 115.3451, -2.9653 ], [ 115.3875, -2.979 ], [ 115.3914, -2.9867 ], [ 115.3925, -2.9891 ], [ 115.3931, -2.9901 ], [ 115.3986, -2.9959 ], [ 115.3998, -2.9956 ], [ 115.4016, -2.995 ], [ 115.4299, -2.9768 ], [ 115.4385, -2.9693 ], [ 115.4422, -2.9635 ], [ 115.4476, -2.9563 ], [ 115.4653, -2.9411 ], [ 115.4767, -2.941 ], [ 115.4948, -2.9111 ], [ 115.5041, -2.8929 ], [ 115.5061, -2.8867 ], [ 115.5076, -2.8864 ], [ 115.511, -2.8852 ], [ 115.5126, -2.8845 ], [ 115.5399, -2.8475 ], [ 115.5557, -2.8311 ], [ 115.5716, -2.8516 ], [ 115.5769, -2.8713 ], [ 115.5773, -2.8835 ], [ 115.5869, -2.8861 ], [ 115.5949, -2.889 ], [ 115.5958, -2.8916 ], [ 115.5772, -2.9308 ], [ 115.5681, -2.9404 ], [ 115.5681, -2.9405 ], [ 115.5542, -2.9444 ], [ 115.5542, -2.9445 ], [ 115.5552, -2.9577 ], [ 115.5572, -2.9845 ], [ 115.5571, -2.9824 ], [ 115.5556, -2.9628 ], [ 115.5555, -2.9615 ], [ 115.5573, -2.9846 ], [ 115.5505, -2.9824 ], [ 115.5465, -2.9811 ], [ 115.5443, -2.9774 ], [ 115.5326, -2.9798 ], [ 115.5276, -2.9841 ], [ 115.5275, -2.9841 ], [ 115.5268, -2.9852 ], [ 115.5124, -3.0077 ], [ 115.5109, -3.0129 ], [ 115.5109, -3.013 ], [ 115.5112, -3.0137 ], [ 115.5204, -3.0281 ], [ 115.5055, -3.0365 ], [ 115.4893, -3.0581 ], [ 115.4804, -3.0752 ], [ 115.4845, -3.0825 ], [ 115.4865, -3.0861 ], [ 115.4888, -3.0852 ], [ 115.4905, -3.0856 ], [ 115.4923, -3.0866 ], [ 115.4902, -3.0922 ], [ 115.4873, -3.0961 ], [ 115.4786, -3.1042 ], [ 115.4454, -3.1227 ], [ 115.4421, -3.1229 ], [ 115.4396, -3.1195 ], [ 115.4341, -3.1243 ], [ 115.4206, -3.1576 ], [ 115.4204, -3.158 ], [ 115.4193, -3.1628 ], [ 115.4208, -3.1811 ], [ 115.424, -3.1913 ], [ 115.4247, -3.1993 ], [ 115.4173, -3.2264 ], [ 115.4105, -3.2313 ], [ 115.3947, -3.2473 ], [ 115.3927, -3.2501 ], [ 115.4137, -3.2729 ], [ 115.42, -3.2794 ], [ 115.4222, -3.283 ], [ 115.4246, -3.2873 ], [ 115.4276, -3.2936 ], [ 115.4279, -3.2955 ], [ 115.4279, -3.2967 ], [ 115.4274, -3.2982 ], [ 115.4163, -3.3213 ], [ 115.4044, -3.339 ], [ 115.4036, -3.3398 ], [ 115.403, -3.3405 ], [ 115.4023, -3.342 ], [ 115.3962, -3.3617 ], [ 115.3952, -3.4126 ], [ 115.4063, -3.4473 ], [ 115.4074, -3.448 ], [ 115.4085, -3.4487 ], [ 115.4095, -3.4493 ], [ 115.4103, -3.4501 ], [ 115.41, -3.4527 ], [ 115.399, -3.4633 ], [ 115.3563, -3.5 ], [ 115.3522, -3.503 ], [ 115.3505, -3.5039 ], [ 115.3474, -3.5048 ], [ 115.3394, -3.5054 ], [ 115.3348, -3.5056 ], [ 115.3306, -3.506 ], [ 115.3285, -3.5064 ], [ 115.3204, -3.5082 ], [ 115.3168, -3.5091 ], [ 115.314, -3.5101 ], [ 115.3108, -3.5123 ], [ 115.3073, -3.515 ], [ 115.3036, -3.5178 ], [ 115.2978, -3.5229 ], [ 115.2956, -3.5249 ], [ 115.2883, -3.5329 ], [ 115.27, -3.5587 ], [ 115.25, -3.5905 ], [ 115.2596, -3.6219 ] ] ] ] } },
{ "type": "Feature", "properties": { "fid": 10, "id_wilayah": "M003", "id_parent": 100, "id_level_wilayah": 3, "nama_wilayah": "Cekungan Bandung" }, "geometry": { "type": "MultiPolygon", "coordinates": [ [ [ [ 107.7459, -6.8226 ], [ 107.7458, -6.8231 ], [ 107.7456, -6.8237 ], [ 107.7452, -6.8251 ], [ 107.7446, -6.828 ], [ 107.7408, -6.855 ], [ 107.7439, -6.8742 ], [ 107.7442, -6.8758 ], [ 107.7444, -6.8762 ], [ 107.7445, -6.8764 ], [ 107.746, -6.879 ], [ 107.7488, -6.8837 ], [ 107.754, -6.8886 ], [ 107.7557, -6.8898 ], [ 107.7565, -6.8903 ], [ 107.7569, -6.8905 ], [ 107.7573, -6.8906 ], [ 107.7582, -6.8914 ], [ 107.7586, -6.8918 ], [ 107.7594, -6.8944 ], [ 107.7598, -6.8961 ], [ 107.7571, -6.9461 ], [ 107.7557, -6.9477 ], [ 107.7538, -6.9504 ], [ 107.7529, -6.9522 ], [ 107.7526, -6.9531 ], [ 107.7526, -6.9533 ], [ 107.7527, -6.954 ], [ 107.7527, -6.9543 ], [ 107.753, -6.9547 ], [ 107.7563, -6.9554 ], [ 107.7995, -6.9642 ], [ 107.7998, -6.9643 ], [ 107.7999, -6.9643 ], [ 107.8078, -6.9656 ], [ 107.8111, -6.9661 ], [ 107.8456, -6.9698 ], [ 107.8475, -6.9697 ], [ 107.889, -6.9637 ], [ 107.8919, -6.9606 ], [ 107.8938, -6.9586 ], [ 107.9, -6.9531 ], [ 107.9002, -6.953 ], [ 107.9023, -6.9527 ], [ 107.9147, -6.9528 ], [ 107.9154, -6.968 ], [ 107.906, -6.989 ], [ 107.9059, -7.0142 ], [ 107.9102, -7.035 ], [ 107.9111, -7.0359 ], [ 107.9144, -7.0367 ], [ 107.9148, -7.0368 ], [ 107.9149, -7.0368 ], [ 107.9167, -7.0361 ], [ 107.9168, -7.036 ], [ 107.9175, -7.0356 ], [ 107.9178, -7.0354 ], [ 107.9184, -7.0347 ], [ 107.9207, -7.0338 ], [ 107.9293, -7.0331 ], [ 107.9344, -7.0349 ], [ 107.9345, -7.035 ], [ 107.9354, -7.0357 ], [ 107.9356, -7.0361 ], [ 107.934, -7.0424 ], [ 107.9337, -7.043 ], [ 107.9332, -7.0437 ], [ 107.9262, -7.0521 ], [ 107.9257, -7.0525 ], [ 107.9245, -7.0532 ], [ 107.9237, -7.0534 ], [ 107.9234, -7.0534 ], [ 107.9204, -7.0536 ], [ 107.9016, -7.0547 ], [ 107.9015, -7.0547 ], [ 107.8952, -7.0544 ], [ 107.8951, -7.0544 ], [ 107.8943, -7.0543 ], [ 107.8937, -7.0541 ], [ 107.8933, -7.0538 ], [ 107.8929, -7.0536 ], [ 107.8926, -7.0531 ], [ 107.8925, -7.0527 ], [ 107.8924, -7.0525 ], [ 107.8921, -7.0511 ], [ 107.892, -7.0506 ], [ 107.8755, -7.054 ], [ 107.8558, -7.0594 ], [ 107.8368, -7.0677 ], [ 107.8326, -7.0696 ], [ 107.8121, -7.0989 ], [ 107.8119, -7.1282 ], [ 107.8119, -7.1286 ], [ 107.8119, -7.1293 ], [ 107.8113, -7.1365 ], [ 107.808, -7.1438 ], [ 107.8032, -7.1509 ], [ 107.8023, -7.1523 ], [ 107.7999, -7.1554 ], [ 107.799, -7.1564 ], [ 107.798, -7.1574 ], [ 107.7971, -7.1582 ], [ 107.796, -7.159 ], [ 107.766, -7.1717 ], [ 107.7575, -7.1727 ], [ 107.7553, -7.1726 ], [ 107.7541, -7.1726 ], [ 107.7519, -7.1721 ], [ 107.7515, -7.172 ], [ 107.7501, -7.1715 ], [ 107.7395, -7.1705 ], [ 107.7243, -7.1925 ], [ 107.7218, -7.1973 ], [ 107.7071, -7.2285 ], [ 107.7062, -7.2374 ], [ 107.7062, -7.2379 ], [ 107.7063, -7.2383 ], [ 107.7087, -7.2459 ], [ 107.709, -7.2465 ], [ 107.7098, -7.2476 ], [ 107.7105, -7.2482 ], [ 107.7113, -7.2487 ], [ 107.7119, -7.2492 ], [ 107.7122, -7.2493 ], [ 107.7123, -7.2494 ], [ 107.7129, -7.2497 ], [ 107.7136, -7.25 ], [ 107.7138, -7.25 ], [ 107.7199, -7.2531 ], [ 107.7316, -7.2595 ], [ 107.732, -7.2598 ], [ 107.7326, -7.2601 ], [ 107.7334, -7.2606 ], [ 107.7343, -7.2613 ], [ 107.7352, -7.2619 ], [ 107.7359, -7.2625 ], [ 107.7366, -7.2632 ], [ 107.7381, -7.2647 ], [ 107.7385, -7.2653 ], [ 107.7388, -7.2659 ], [ 107.739, -7.2667 ], [ 107.7391, -7.2674 ], [ 107.7392, -7.2714 ], [ 107.7391, -7.2724 ], [ 107.7235, -7.3132 ], [ 107.7233, -7.3137 ], [ 107.7229, -7.3141 ], [ 107.7229, -7.3142 ], [ 107.7223, -7.3146 ], [ 107.7217, -7.3148 ], [ 107.7212, -7.3149 ], [ 107.72, -7.3149 ], [ 107.7194, -7.3148 ], [ 107.682, -7.3067 ], [ 107.6515, -7.2945 ], [ 107.62, -7.307 ], [ 107.6156, -7.3084 ], [ 107.6133, -7.3092 ], [ 107.6129, -7.3092 ], [ 107.6102, -7.3093 ], [ 107.6095, -7.3091 ], [ 107.6082, -7.3087 ], [ 107.6058, -7.3081 ], [ 107.6052, -7.3078 ], [ 107.6049, -7.3077 ], [ 107.6047, -7.3072 ], [ 107.597, -7.2833 ], [ 107.5737, -7.2629 ], [ 107.5732, -7.2624 ], [ 107.5612, -7.2539 ], [ 107.5603, -7.2533 ], [ 107.5575, -7.2515 ], [ 107.5573, -7.2514 ], [ 107.5567, -7.2514 ], [ 107.5559, -7.2513 ], [ 107.5554, -7.2514 ], [ 107.554, -7.2518 ], [ 107.5485, -7.2549 ], [ 107.5482, -7.2551 ], [ 107.522, -7.2563 ], [ 107.5007, -7.2572 ], [ 107.5, -7.2571 ], [ 107.4905, -7.2547 ], [ 107.4766, -7.2565 ], [ 107.475, -7.2549 ], [ 107.4749, -7.2548 ], [ 107.4748, -7.2547 ], [ 107.4747, -7.2547 ], [ 107.4746, -7.2546 ], [ 107.4745, -7.2546 ], [ 107.4743, -7.2546 ], [ 107.4644, -7.2524 ], [ 107.4641, -7.2524 ], [ 107.463, -7.2526 ], [ 107.4626, -7.2527 ], [ 107.4608, -7.2536 ], [ 107.4605, -7.2539 ], [ 107.459, -7.2557 ], [ 107.4583, -7.2567 ], [ 107.4576, -7.2578 ], [ 107.4573, -7.2582 ], [ 107.457, -7.2586 ], [ 107.4565, -7.2594 ], [ 107.4562, -7.2599 ], [ 107.4559, -7.2601 ], [ 107.4556, -7.2603 ], [ 107.4551, -7.2603 ], [ 107.4543, -7.2604 ], [ 107.4504, -7.2607 ], [ 107.4495, -7.2607 ], [ 107.448, -7.2608 ], [ 107.4251, -7.2603 ], [ 107.4243, -7.2602 ], [ 107.4236, -7.2601 ], [ 107.423, -7.26 ], [ 107.4178, -7.2588 ], [ 107.4171, -7.2586 ], [ 107.4164, -7.2583 ], [ 107.3583, -7.2364 ], [ 107.3384, -7.2209 ], [ 107.3382, -7.2192 ], [ 107.3382, -7.2187 ], [ 107.3381, -7.2182 ], [ 107.3379, -7.2176 ], [ 107.3376, -7.2164 ], [ 107.3375, -7.216 ], [ 107.3258, -7.2042 ], [ 107.3254, -7.2039 ], [ 107.3253, -7.2038 ], [ 107.325, -7.2038 ], [ 107.3244, -7.2038 ], [ 107.3219, -7.2039 ], [ 107.3198, -7.2041 ], [ 107.3188, -7.2042 ], [ 107.3139, -7.205 ], [ 107.3129, -7.2052 ], [ 107.3084, -7.2068 ], [ 107.3039, -7.2085 ], [ 107.2899, -7.2084 ], [ 107.2897, -7.2084 ], [ 107.2844, -7.2077 ], [ 107.2514, -7.2013 ], [ 107.251, -7.1999 ], [ 107.251, -7.1998 ], [ 107.2532, -7.1957 ], [ 107.2534, -7.1955 ], [ 107.2763, -7.1802 ], [ 107.2882, -7.173 ], [ 107.2927, -7.1707 ], [ 107.3055, -7.1635 ], [ 107.3068, -7.1625 ], [ 107.3074, -7.1621 ], [ 107.3078, -7.1618 ], [ 107.308, -7.1616 ], [ 107.3089, -7.1608 ], [ 107.3091, -7.1606 ], [ 107.3092, -7.1605 ], [ 107.3118, -7.158 ], [ 107.3148, -7.1538 ], [ 107.3151, -7.1534 ], [ 107.3152, -7.1532 ], [ 107.3156, -7.1524 ], [ 107.3156, -7.1522 ], [ 107.3157, -7.1518 ], [ 107.316, -7.1505 ], [ 107.3168, -7.1452 ], [ 107.3166, -7.1429 ], [ 107.3149, -7.1293 ], [ 107.3092, -7.1241 ], [ 107.309, -7.1229 ], [ 107.3088, -7.1214 ], [ 107.3085, -7.119 ], [ 107.3084, -7.1181 ], [ 107.3085, -7.1147 ], [ 107.3091, -7.1105 ], [ 107.3118, -7.1081 ], [ 107.3112, -7.0973 ], [ 107.3075, -7.0915 ], [ 107.3064, -7.0903 ], [ 107.2998, -7.0842 ], [ 107.2995, -7.0839 ], [ 107.2993, -7.0839 ], [ 107.2989, -7.084 ], [ 107.2966, -7.0848 ], [ 107.2965, -7.085 ], [ 107.2964, -7.0851 ], [ 107.2964, -7.0852 ], [ 107.2963, -7.0854 ], [ 107.2957, -7.0872 ], [ 107.2956, -7.0875 ], [ 107.2955, -7.088 ], [ 107.2927, -7.0878 ], [ 107.2703, -7.071 ], [ 107.2614, -7.0611 ], [ 107.2572, -7.0538 ], [ 107.2518, -7.0495 ], [ 107.2402, -7.0467 ], [ 107.2381, -7.047 ], [ 107.2249, -7.0492 ], [ 107.2025, -7.0556 ], [ 107.1858, -7.0496 ], [ 107.1849, -6.9831 ], [ 107.1849, -6.9827 ], [ 107.185, -6.9821 ], [ 107.1864, -6.973 ], [ 107.1866, -6.9728 ], [ 107.1902, -6.9682 ], [ 107.1903, -6.9681 ], [ 107.2328, -6.9387 ], [ 107.2505, -6.9287 ], [ 107.2509, -6.9285 ], [ 107.252, -6.928 ], [ 107.2524, -6.9279 ], [ 107.2552, -6.9271 ], [ 107.2554, -6.9271 ], [ 107.2661, -6.9265 ], [ 107.2767, -6.9248 ], [ 107.282, -6.9232 ], [ 107.2835, -6.9226 ], [ 107.3401, -6.8863 ], [ 107.3408, -6.8858 ], [ 107.341, -6.8855 ], [ 107.3413, -6.885 ], [ 107.3416, -6.8843 ], [ 107.3489, -6.8664 ], [ 107.3502, -6.856 ], [ 107.3502, -6.8554 ], [ 107.3495, -6.8535 ], [ 107.3491, -6.8529 ], [ 107.349, -6.8528 ], [ 107.3488, -6.8526 ], [ 107.3487, -6.8526 ], [ 107.3485, -6.8525 ], [ 107.3483, -6.8524 ], [ 107.3416, -6.851 ], [ 107.3228, -6.8317 ], [ 107.3051, -6.7959 ], [ 107.3043, -6.7955 ], [ 107.2916, -6.7878 ], [ 107.2828, -6.7713 ], [ 107.2907, -6.7345 ], [ 107.2927, -6.7305 ], [ 107.2948, -6.7285 ], [ 107.295, -6.7286 ], [ 107.2984, -6.7302 ], [ 107.3158, -6.7273 ], [ 107.3225, -6.7255 ], [ 107.3313, -6.7133 ], [ 107.3318, -6.7122 ], [ 107.3335, -6.7078 ], [ 107.3348, -6.7042 ], [ 107.3378, -6.6965 ], [ 107.3401, -6.695 ], [ 107.3425, -6.6941 ], [ 107.344, -6.694 ], [ 107.4014, -6.6929 ], [ 107.4212, -6.6944 ], [ 107.4539, -6.7027 ], [ 107.4752, -6.7224 ], [ 107.4764, -6.7245 ], [ 107.4774, -6.726 ], [ 107.4789, -6.7275 ], [ 107.4855, -6.7335 ], [ 107.4856, -6.7336 ], [ 107.4876, -6.735 ], [ 107.5482, -6.7711 ], [ 107.5737, -6.7752 ], [ 107.5786, -6.7737 ], [ 107.5727, -6.7462 ], [ 107.5726, -6.7458 ], [ 107.5723, -6.7456 ], [ 107.5719, -6.7454 ], [ 107.5709, -6.7452 ], [ 107.5699, -6.7451 ], [ 107.5692, -6.7449 ], [ 107.5687, -6.7445 ], [ 107.5686, -6.7444 ], [ 107.5684, -6.7436 ], [ 107.5684, -6.7433 ], [ 107.571, -6.7366 ], [ 107.5713, -6.7362 ], [ 107.5771, -6.7302 ], [ 107.5777, -6.7297 ], [ 107.579, -6.729 ], [ 107.581, -6.7281 ], [ 107.5821, -6.7275 ], [ 107.5831, -6.7271 ], [ 107.5841, -6.7269 ], [ 107.5848, -6.7268 ], [ 107.5856, -6.7268 ], [ 107.5912, -6.7279 ], [ 107.5919, -6.7281 ], [ 107.5945, -6.7291 ], [ 107.595, -6.7294 ], [ 107.5953, -6.7295 ], [ 107.5958, -6.7298 ], [ 107.5966, -6.7302 ], [ 107.5973, -6.7306 ], [ 107.5974, -6.7307 ], [ 107.5977, -6.7311 ], [ 107.5979, -6.7315 ], [ 107.5982, -6.7318 ], [ 107.5984, -6.7323 ], [ 107.5991, -6.7335 ], [ 107.5997, -6.735 ], [ 107.5998, -6.7355 ], [ 107.6014, -6.7461 ], [ 107.6256, -6.7724 ], [ 107.6258, -6.7725 ], [ 107.6268, -6.7733 ], [ 107.6275, -6.7737 ], [ 107.6277, -6.7738 ], [ 107.6279, -6.7739 ], [ 107.6283, -6.7741 ], [ 107.6508, -6.7812 ], [ 107.6771, -6.7836 ], [ 107.7077, -6.7926 ], [ 107.7086, -6.7928 ], [ 107.723, -6.8007 ], [ 107.7237, -6.8012 ], [ 107.7244, -6.8017 ], [ 107.7249, -6.8021 ], [ 107.7253, -6.8026 ], [ 107.7257, -6.8032 ], [ 107.7264, -6.8044 ], [ 107.7266, -6.8061 ], [ 107.7265, -6.8107 ], [ 107.75, -6.8128 ], [ 107.7475, -6.8183 ], [ 107.7459, -6.8226 ] ] ] ] } }
]
}
