<?xml version="1.0" encoding="UTF-8" standalone="yes"?>
<gpx
 version="1.1"
 creator="Global Mapper - http://www.globalmapper.com"
 xmlns:globalmapper="http://www.bluemarblegeo.com/globalmapper"
 xmlns:xsi="http://www.w3.org/2001/XMLSchema-instance"
 xmlns="http://www.topografix.com/GPX/1/1"
 xsi:schemaLocation="http://www.topografix.com/GPX/1/1 http://www.topografix.com/GPX/1/1/gpx.xsd">
 <metadata>
 </metadata>
<wpt lat="-7.89552731" lon="112.46081745">
 <name>AIR TERJUN SUMBER PITU</name>
</wpt>
<wpt lat="-7.95069038" lon="112.46812538">
 <name>CAMP(AIR)</name>
</wpt>
<wpt lat="-7.95742901" lon="112.46999103">
 <name>ALTAR</name>
</wpt>
<wpt lat="-7.92916741" lon="112.51070604">
 <ele>1362</ele>
 <name>BATAS HUTAN</name>
</wpt>
<wpt lat="-7.95434522" lon="112.45842115">
 <name>CAMP</name>
</wpt>
<wpt lat="-7.95589998" lon="112.45254996">
 <ele>2162</ele>
 <name>CAMP</name>
</wpt>
<wpt lat="-7.94861670" lon="112.46848790">
 <name>CEMORO KANDANG</name>
</wpt>
<wpt lat="-7.95992757" lon="112.47342107">
 <ele>2597.829</ele>
 <name>CEMORO KANDANG</name>
</wpt>
<wpt lat="-7.92718023" lon="112.52786086">
 <ele>1051</ele>
 <name>DESA MRINCI</name>
</wpt>
<wpt lat="-7.99915521" lon="112.48411671">
 <name>HINDU SHRINE</name>
</wpt>
<wpt lat="-7.95379998" lon="112.45906698">
 <ele>2580</ele>
 <name>Hutan Lumut</name>
</wpt>
<wpt lat="-7.97126225" lon="112.47576197">
 <ele>2591.58</ele>
 <name>HUTAN LUMUT
</name>
</wpt>
<wpt lat="-8.00334306" lon="112.48586811">
 <name>KRATON KAWI 1160M</name>
</wpt>
<wpt lat="-7.95406083" lon="112.46869166">
 <ele>2715</ele>
 <name>MUSHOLA</name>
</wpt>
<wpt lat="-7.91787523" lon="112.45198418">
 <name>OUNCAK REDI KAWI/TUGU 2651M</name>
</wpt>
<wpt lat="-7.88708741" lon="112.49794350">
 <ele>1309</ele>
 <name>PANDERMAN 1305M</name>
</wpt>
<wpt lat="-7.88235457" lon="112.45944676">
 <name>PARKIR AREA SUMBER PITU 1360M</name>
</wpt>
<wpt lat="-7.95716004" lon="112.46987846">
 <ele>2741.064</ele>
 <name>PASEBAN AGUNG</name>
</wpt>
<wpt lat="-7.98938990" lon="112.48167670">
 <name>POS 1 KUBURAN DOWO</name>
</wpt>
<wpt lat="-7.95898989" lon="112.44418130">
 <name>POS 1</name>
</wpt>
<wpt lat="-7.89758314" lon="112.46466299">
 <name>POS 1
</name>
</wpt>
<wpt lat="-7.98647750" lon="112.47989047">
 <name>POS 2 GEDANG CICI</name>
</wpt>
<wpt lat="-7.89437510" lon="112.49216070">
 <name>POS 1 LATAR OMBO</name>
</wpt>
<wpt lat="-7.95641698" lon="112.44971696">
 <ele>2028</ele>
 <name>POS 2</name>
</wpt>
<wpt lat="-7.89640532" lon="112.48876180">
 <name>POS 2
</name>
</wpt>
<wpt lat="-7.91182182" lon="112.45898995">
 <name>POS 2</name>
</wpt>
<wpt lat="-7.97532080" lon="112.47684010">
 <name>POS 3 PUNCAK PITRANG 2551M</name>
</wpt>
<wpt lat="-7.89830885" lon="112.49249308">
 <name>POS 2 WATU GEDE</name>
</wpt>
<wpt lat="-7.95579194" lon="112.45453756">
 <name>POS 3</name>
</wpt>
<wpt lat="-7.95491500" lon="112.45657830">
 <name>POS 4</name>
</wpt>
<wpt lat="-7.90873230" lon="112.48048500">
 <name>POS 4
</name>
</wpt>
<wpt lat="-7.95286699" lon="112.46185002">
 <ele>2718</ele>
 <name>POS 5
</name>
</wpt>
<wpt lat="-7.92912460" lon="112.48019120">
 <name>POS 5
</name>
</wpt>
<wpt lat="-7.94006580" lon="112.47218440">
 <name>POS 6
</name>
</wpt>
<wpt lat="-7.88908710" lon="112.49710500">
 <name>POS DAFTAR</name>
</wpt>
<wpt lat="-7.97752085" lon="112.47689336">
 <ele>2441.135</ele>
 <name>POS MEJA BUNDAR</name>
</wpt>
<wpt lat="-7.96740373" lon="112.47604494">
 <name>POS 5 SABANA 2
</name>
</wpt>
<wpt lat="-7.90544160" lon="112.48870950">
 <name>POS 3
</name>
</wpt>
<wpt lat="-7.97247010" lon="112.47678890">
 <name>PUNCAK BATU TULIS</name>
</wpt>
<wpt lat="-7.95538299" lon="112.46513296">
 <ele>2838</ele>
 <name>PUNCAK BUTAK 2868M</name>
</wpt>
<wpt lat="-7.92316714" lon="112.45190808">
 <name>PUNCAK KAWI SELATAN  2646</name>
</wpt>
<wpt lat="-7.96469280" lon="112.47591950">
 <name>PUNCAK KONDANG (CAMP)
</name>
</wpt>
<wpt lat="-7.90268714" lon="112.49778550">
 <name>PUNCAK PANDERMAN 2045M</name>
</wpt>
<wpt lat="-7.86960309" lon="112.46397768">
 <name>REGISTRASI 1219M
</name>
</wpt>
<wpt lat="-7.96864048" lon="112.47501187">
 <ele>2563.942</ele>
 <name>POS 4 SABANA 1
</name>
</wpt>
<wpt lat="-7.89092062" lon="112.46093170">
 <name>SHELTER (AIR)</name>
</wpt>
<wpt lat="-7.88779878" lon="112.45914225">
 <name>SHELTER</name>
</wpt>
<wpt lat="-7.97679464" lon="112.42947903">
 <name>SIRAH KENCONG 1085</name>
</wpt>
<wpt lat="-7.92954158" lon="112.48085607">
 <ele>2145</ele>
 <name>Sungai</name>
</wpt>
<wpt lat="-7.99675673" lon="112.48358362">
 <name>TITIK PANALUKI</name>
</wpt>
<wpt lat="-7.98369823" lon="112.47882438">
 <name>TITIK RESAPAN</name>
</wpt>
<wpt lat="-7.96527171" lon="112.43542414">
 <name>WUKIR NEGORO</name>
</wpt>
<wpt lat="-7.90225790" lon="112.49511290">
 <name>PUNCAK BAYANGAN
</name>
</wpt>
<wpt lat="-7.96577010" lon="112.43395920">
 <name>TANAH LAPANG
</name>
</wpt>
<trk>
 <name>2 006</name>
 <trkseg>
  <trkpt lat="-7.89065651" lon="112.49283574"></trkpt>
  <trkpt lat="-7.89118951" lon="112.49279768"></trkpt>
  <trkpt lat="-7.89141800" lon="112.49256928"></trkpt>
  <trkpt lat="-7.89149411" lon="112.49230273"></trkpt>
  <trkpt lat="-7.89191287" lon="112.49184583"></trkpt>
  <trkpt lat="-7.89236977" lon="112.49150318"></trkpt>
  <trkpt lat="-7.89263623" lon="112.49146513"></trkpt>
  <trkpt lat="-7.89381648" lon="112.49116053"></trkpt>
  <trkpt lat="-7.89408294" lon="112.49127469"></trkpt>
  <trkpt lat="-7.89492055" lon="112.49131283"></trkpt>
  <trkpt lat="-7.89526320" lon="112.49116053"></trkpt>
  <trkpt lat="-7.89552966" lon="112.49112239"></trkpt>
  <trkpt lat="-7.89575807" lon="112.49093204"></trkpt>
  <trkpt lat="-7.89598656" lon="112.49081779"></trkpt>
  <trkpt lat="-7.89625302" lon="112.49070363"></trkpt>
  <trkpt lat="-7.89674797" lon="112.49058939"></trkpt>
  <trkpt lat="-7.89701443" lon="112.49058939"></trkpt>
  <trkpt lat="-7.89735708" lon="112.49058939"></trkpt>
  <trkpt lat="-7.89735708" lon="112.49024673"></trkpt>
  <trkpt lat="-7.89701443" lon="112.48990400"></trkpt>
  <trkpt lat="-7.89674797" lon="112.48952329"></trkpt>
  <trkpt lat="-7.89644337" lon="112.48948524"></trkpt>
  <trkpt lat="-7.89648143" lon="112.48887604"></trkpt>
  <trkpt lat="-7.89640532" lon="112.48876180"></trkpt>
  <trkpt lat="-7.89648143" lon="112.48887604"></trkpt>
  <trkpt lat="-7.89670992" lon="112.48906639"></trkpt>
  <trkpt lat="-7.89712868" lon="112.48948524"></trkpt>
  <trkpt lat="-7.89769974" lon="112.48940905"></trkpt>
  <trkpt lat="-7.89766168" lon="112.48902834"></trkpt>
  <trkpt lat="-7.89789009" lon="112.48902834"></trkpt>
  <trkpt lat="-7.89827080" lon="112.48910445"></trkpt>
  <trkpt lat="-7.89853734" lon="112.48921869"></trkpt>
  <trkpt lat="-7.89910840" lon="112.48891409"></trkpt>
  <trkpt lat="-7.89948910" lon="112.48876180"></trkpt>
  <trkpt lat="-7.90017441" lon="112.48879985"></trkpt>
  <trkpt lat="-7.90059317" lon="112.48879985"></trkpt>
  <trkpt lat="-7.90162113" lon="112.48860950"></trkpt>
  <trkpt lat="-7.90200183" lon="112.48876180"></trkpt>
  <trkpt lat="-7.90242059" lon="112.48868569"></trkpt>
  <trkpt lat="-7.90306784" lon="112.48868569"></trkpt>
  <trkpt lat="-7.90341041" lon="112.48857144"></trkpt>
  <trkpt lat="-7.90371501" lon="112.48849525"></trkpt>
  <trkpt lat="-7.90432421" lon="112.48864755"></trkpt>
  <trkpt lat="-7.90455261" lon="112.48872374"></trkpt>
  <trkpt lat="-7.90478102" lon="112.48868569"></trkpt>
  <trkpt lat="-7.90535208" lon="112.48872374"></trkpt>
  <trkpt lat="-7.90565668" lon="112.48838109"></trkpt>
  <trkpt lat="-7.90569473" lon="112.48819065"></trkpt>
  <trkpt lat="-7.90558049" lon="112.48773376"></trkpt>
  <trkpt lat="-7.90565668" lon="112.48739110"></trkpt>
  <trkpt lat="-7.90550438" lon="112.48720075"></trkpt>
  <trkpt lat="-7.90531402" lon="112.48689615"></trkpt>
  <trkpt lat="-7.90516173" lon="112.48655350"></trkpt>
  <trkpt lat="-7.90497137" lon="112.48632501"></trkpt>
  <trkpt lat="-7.90493332" lon="112.48609660"></trkpt>
  <trkpt lat="-7.90508562" lon="112.48571581"></trkpt>
  <trkpt lat="-7.90535208" lon="112.48544935"></trkpt>
  <trkpt lat="-7.90558049" lon="112.48522086"></trkpt>
  <trkpt lat="-7.90577084" lon="112.48506856"></trkpt>
  <trkpt lat="-7.90588508" lon="112.48461166"></trkpt>
  <trkpt lat="-7.90607544" lon="112.48434512"></trkpt>
  <trkpt lat="-7.90645614" lon="112.48388822"></trkpt>
  <trkpt lat="-7.90653233" lon="112.48350752"></trkpt>
  <trkpt lat="-7.90676074" lon="112.48335522"></trkpt>
  <trkpt lat="-7.90721755" lon="112.48316486"></trkpt>
  <trkpt lat="-7.90744605" lon="112.48297451"></trkpt>
  <trkpt lat="-7.90767445" lon="112.48286027"></trkpt>
  <trkpt lat="-7.90790286" lon="112.48263177"></trkpt>
  <trkpt lat="-7.90824551" lon="112.48240337"></trkpt>
  <trkpt lat="-7.90851206" lon="112.48206072"></trkpt>
  <trkpt lat="-7.90870241" lon="112.48187028"></trkpt>
  <trkpt lat="-7.90900692" lon="112.48137533"></trkpt>
  <trkpt lat="-7.90893082" lon="112.48099462"></trkpt>
  <trkpt lat="-7.90877852" lon="112.48065197"></trkpt>
  <trkpt lat="-7.90889276" lon="112.48034737"></trkpt>
  <trkpt lat="-7.90904506" lon="112.47996658"></trkpt>
  <trkpt lat="-7.90938763" lon="112.47977623"></trkpt>
  <trkpt lat="-7.90961612" lon="112.47973817"></trkpt>
  <trkpt lat="-7.91030134" lon="112.47981428"></trkpt>
  <trkpt lat="-7.91091054" lon="112.48000463"></trkpt>
  <trkpt lat="-7.91117700" lon="112.47981428"></trkpt>
  <trkpt lat="-7.91136735" lon="112.47985234"></trkpt>
  <trkpt lat="-7.91186230" lon="112.48008083"></trkpt>
  <trkpt lat="-7.91212876" lon="112.48011888"></trkpt>
  <trkpt lat="-7.91247142" lon="112.48008083"></trkpt>
  <trkpt lat="-7.91273796" lon="112.48011888"></trkpt>
  <trkpt lat="-7.91296637" lon="112.48057578"></trkpt>
  <trkpt lat="-7.91334707" lon="112.48076613"></trkpt>
  <trkpt lat="-7.91395627" lon="112.48091843"></trkpt>
  <trkpt lat="-7.91460344" lon="112.48122303"></trkpt>
  <trkpt lat="-7.91517450" lon="112.48129922"></trkpt>
  <trkpt lat="-7.91544104" lon="112.48122303"></trkpt>
  <trkpt lat="-7.91578361" lon="112.48171798"></trkpt>
  <trkpt lat="-7.91646891" lon="112.48183222"></trkpt>
  <trkpt lat="-7.91681156" lon="112.48187028"></trkpt>
  <trkpt lat="-7.91734457" lon="112.48194647"></trkpt>
  <trkpt lat="-7.91757298" lon="112.48187028"></trkpt>
  <trkpt lat="-7.91783952" lon="112.48190842"></trkpt>
  <trkpt lat="-7.91841058" lon="112.48179417"></trkpt>
  <trkpt lat="-7.91913394" lon="112.48152763"></trkpt>
  <trkpt lat="-7.91943854" lon="112.48129922"></trkpt>
  <trkpt lat="-7.91962889" lon="112.48122303"></trkpt>
  <trkpt lat="-7.92004765" lon="112.48099462"></trkpt>
  <trkpt lat="-7.92050455" lon="112.48099462"></trkpt>
  <trkpt lat="-7.92138012" lon="112.48091843"></trkpt>
  <trkpt lat="-7.92176083" lon="112.48069002"></trkpt>
  <trkpt lat="-7.92229383" lon="112.48061383"></trkpt>
  <trkpt lat="-7.92271268" lon="112.48072808"></trkpt>
  <trkpt lat="-7.92286489" lon="112.48091843"></trkpt>
  <trkpt lat="-7.92313144" lon="112.48107073"></trkpt>
  <trkpt lat="-7.92347409" lon="112.48137533"></trkpt>
  <trkpt lat="-7.92374055" lon="112.48152763"></trkpt>
  <trkpt lat="-7.92503497" lon="112.48179417"></trkpt>
  <trkpt lat="-7.92533956" lon="112.48175612"></trkpt>
  <trkpt lat="-7.92568222" lon="112.48171798"></trkpt>
  <trkpt lat="-7.92644363" lon="112.48145152"></trkpt>
  <trkpt lat="-7.92701469" lon="112.48122303"></trkpt>
  <trkpt lat="-7.92789035" lon="112.48072808"></trkpt>
  <trkpt lat="-7.92815689" lon="112.48061383"></trkpt>
  <trkpt lat="-7.92853760" lon="112.48042348"></trkpt>
  <trkpt lat="-7.92880406" lon="112.48038542"></trkpt>
  <trkpt lat="-7.92910866" lon="112.48030923"></trkpt>
  <trkpt lat="-7.92922282" lon="112.48011888"></trkpt>
  <trkpt lat="-7.92990812" lon="112.47973817"></trkpt>
  <trkpt lat="-7.93021272" lon="112.47950968"></trkpt>
  <trkpt lat="-7.93055537" lon="112.47935738"></trkpt>
  <trkpt lat="-7.93108838" lon="112.47901473"></trkpt>
  <trkpt lat="-7.93162138" lon="112.47886243"></trkpt>
  <trkpt lat="-7.93207820" lon="112.47874819"></trkpt>
  <trkpt lat="-7.93257315" lon="112.47859589"></trkpt>
  <trkpt lat="-7.93306810" lon="112.47844359"></trkpt>
  <trkpt lat="-7.93329651" lon="112.47832934"></trkpt>
  <trkpt lat="-7.93379146" lon="112.47791058"></trkpt>
  <trkpt lat="-7.93413403" lon="112.47779634"></trkpt>
  <trkpt lat="-7.93470517" lon="112.47745369"></trkpt>
  <trkpt lat="-7.93500968" lon="112.47737749"></trkpt>
  <trkpt lat="-7.93535233" lon="112.47711103"></trkpt>
  <trkpt lat="-7.93554269" lon="112.47676830"></trkpt>
  <trkpt lat="-7.93577109" lon="112.47634954"></trkpt>
  <trkpt lat="-7.93592339" lon="112.47604494"></trkpt>
  <trkpt lat="-7.93607569" lon="112.47547380"></trkpt>
  <trkpt lat="-7.93618994" lon="112.47513114"></trkpt>
  <trkpt lat="-7.93622799" lon="112.47471230"></trkpt>
  <trkpt lat="-7.93657064" lon="112.47406505"></trkpt>
  <trkpt lat="-7.93668489" lon="112.47376045"></trkpt>
  <trkpt lat="-7.93698940" lon="112.47345585"></trkpt>
  <trkpt lat="-7.93736533" lon="112.47357010"></trkpt>
  <trkpt lat="-7.93774612" lon="112.47345585"></trkpt>
  <trkpt lat="-7.93805064" lon="112.47353196"></trkpt>
  <trkpt lat="-7.93839329" lon="112.47353196"></trkpt>
  <trkpt lat="-7.93865983" lon="112.47345585"></trkpt>
  <trkpt lat="-7.93892629" lon="112.47334161"></trkpt>
  <trkpt lat="-7.93942125" lon="112.47296090"></trkpt>
  <trkpt lat="-7.93961160" lon="112.47277047"></trkpt>
  <trkpt lat="-7.93999230" lon="112.47246595"></trkpt>
  <trkpt lat="-7.94025877" lon="112.47208516"></trkpt>
  <trkpt lat="-7.94056336" lon="112.47200897"></trkpt>
  <trkpt lat="-7.94113442" lon="112.47189481"></trkpt>
  <trkpt lat="-7.94143902" lon="112.47200897"></trkpt>
  <trkpt lat="-7.94185778" lon="112.47200897"></trkpt>
  <trkpt lat="-7.94208619" lon="112.47185667"></trkpt>
  <trkpt lat="-7.94246698" lon="112.47174251"></trkpt>
  <trkpt lat="-7.94265733" lon="112.47151402"></trkpt>
  <trkpt lat="-7.94288574" lon="112.47139986"></trkpt>
  <trkpt lat="-7.94315220" lon="112.47113331"></trkpt>
  <trkpt lat="-7.94376140" lon="112.47094296"></trkpt>
  <trkpt lat="-7.94410405" lon="112.47079066"></trkpt>
  <trkpt lat="-7.94429440" lon="112.47063836"></trkpt>
  <trkpt lat="-7.94448475" lon="112.47040987"></trkpt>
  <trkpt lat="-7.94463697" lon="112.47021952"></trkpt>
  <trkpt lat="-7.94475121" lon="112.46995297"></trkpt>
  <trkpt lat="-7.94478927" lon="112.46976262"></trkpt>
  <trkpt lat="-7.94520811" lon="112.46968651"></trkpt>
  <trkpt lat="-7.94547457" lon="112.46957227"></trkpt>
  <trkpt lat="-7.94589333" lon="112.46972457"></trkpt>
  <trkpt lat="-7.94623598" lon="112.46968651"></trkpt>
  <trkpt lat="-7.94642634" lon="112.46926767"></trkpt>
  <trkpt lat="-7.94688324" lon="112.46919148"></trkpt>
  <trkpt lat="-7.94722589" lon="112.46896307"></trkpt>
  <trkpt lat="-7.94756854" lon="112.46888688"></trkpt>
  <trkpt lat="-7.94791119" lon="112.46881077"></trkpt>
  <trkpt lat="-7.94855836" lon="112.46850617"></trkpt>
  <trkpt lat="-7.94916747" lon="112.46831582"></trkpt>
  <trkpt lat="-7.94973853" lon="112.46823963"></trkpt>
  <trkpt lat="-7.94996702" lon="112.46827768"></trkpt>
  <trkpt lat="-7.95023348" lon="112.46823963"></trkpt>
  <trkpt lat="-7.95057613" lon="112.46823963"></trkpt>
  <trkpt lat="-7.95069038" lon="112.46812538"></trkpt>
 </trkseg>
</trk>
<trk>
 <name>Path</name>
 <trkseg>
  <trkpt lat="-7.97649901" lon="112.42986199">
   <ele>1081.62</ele>
  </trkpt>
  <trkpt lat="-7.97641603" lon="112.42980600">
   <ele>1083.06</ele>
  </trkpt>
  <trkpt lat="-7.97629500" lon="112.42981799">
   <ele>1084.99</ele>
  </trkpt>
  <trkpt lat="-7.97603399" lon="112.42997297">
   <ele>1088.83</ele>
  </trkpt>
  <trkpt lat="-7.97591899" lon="112.42997004">
   <ele>1091.71</ele>
  </trkpt>
  <trkpt lat="-7.97588697" lon="112.42999703">
   <ele>1092.68</ele>
  </trkpt>
  <trkpt lat="-7.97584204" lon="112.43022501">
   <ele>1097.48</ele>
  </trkpt>
  <trkpt lat="-7.97576702" lon="112.43030297">
   <ele>1099.4</ele>
  </trkpt>
  <trkpt lat="-7.97510502" lon="112.43074302">
   <ele>1117.67</ele>
  </trkpt>
  <trkpt lat="-7.97496001" lon="112.43074796">
   <ele>1121.03</ele>
  </trkpt>
  <trkpt lat="-7.97495297" lon="112.43080404">
   <ele>1121.03</ele>
  </trkpt>
  <trkpt lat="-7.97482599" lon="112.43099397">
   <ele>1126.8</ele>
  </trkpt>
  <trkpt lat="-7.97464703" lon="112.43113697">
   <ele>1132.57</ele>
  </trkpt>
  <trkpt lat="-7.97457101" lon="112.43125398">
   <ele>1136.42</ele>
  </trkpt>
  <trkpt lat="-7.97423598" lon="112.43159797">
   <ele>1150.35</ele>
  </trkpt>
  <trkpt lat="-7.97411403" lon="112.43157500">
   <ele>1154.68</ele>
  </trkpt>
  <trkpt lat="-7.97407396" lon="112.43149403">
   <ele>1156.12</ele>
  </trkpt>
  <trkpt lat="-7.97406902" lon="112.43122296">
   <ele>1159.49</ele>
  </trkpt>
  <trkpt lat="-7.97414102" lon="112.43086397">
   <ele>1163.33</ele>
  </trkpt>
  <trkpt lat="-7.97406499" lon="112.43033800">
   <ele>1172.95</ele>
  </trkpt>
  <trkpt lat="-7.97409701" lon="112.43024798">
   <ele>1173.91</ele>
  </trkpt>
  <trkpt lat="-7.97425602" lon="112.43010901">
   <ele>1175.35</ele>
  </trkpt>
  <trkpt lat="-7.97419701" lon="112.43007598">
   <ele>1176.79</ele>
  </trkpt>
  <trkpt lat="-7.97407899" lon="112.43008898">
   <ele>1181.12</ele>
  </trkpt>
  <trkpt lat="-7.97359100" lon="112.43035099">
   <ele>1195.06</ele>
  </trkpt>
  <trkpt lat="-7.97354196" lon="112.43041000">
   <ele>1196.98</ele>
  </trkpt>
  <trkpt lat="-7.97349100" lon="112.43060899">
   <ele>1201.3</ele>
  </trkpt>
  <trkpt lat="-7.97348304" lon="112.43086103">
   <ele>1205.63</ele>
  </trkpt>
  <trkpt lat="-7.97330501" lon="112.43118801">
   <ele>1210.44</ele>
  </trkpt>
  <trkpt lat="-7.97306503" lon="112.43143796">
   <ele>1220.05</ele>
  </trkpt>
  <trkpt lat="-7.97290804" lon="112.43147903">
   <ele>1225.34</ele>
  </trkpt>
  <trkpt lat="-7.97280704" lon="112.43189896">
   <ele>1237.35</ele>
  </trkpt>
  <trkpt lat="-7.97282296" lon="112.43193098">
   <ele>1240.24</ele>
  </trkpt>
  <trkpt lat="-7.97262398" lon="112.43226903">
   <ele>1251.77</ele>
  </trkpt>
  <trkpt lat="-7.97241502" lon="112.43244303">
   <ele>1255.62</ele>
  </trkpt>
  <trkpt lat="-7.97211503" lon="112.43249500">
   <ele>1257.54</ele>
  </trkpt>
  <trkpt lat="-7.97174103" lon="112.43247002">
   <ele>1260.91</ele>
  </trkpt>
  <trkpt lat="-7.97165796" lon="112.43241102">
   <ele>1262.83</ele>
  </trkpt>
  <trkpt lat="-7.97165402" lon="112.43221496">
   <ele>1263.79</ele>
  </trkpt>
  <trkpt lat="-7.97170599" lon="112.43204196">
   <ele>1264.75</ele>
  </trkpt>
  <trkpt lat="-7.97160398" lon="112.43193702">
   <ele>1264.27</ele>
  </trkpt>
  <trkpt lat="-7.97149401" lon="112.43171901">
   <ele>1267.16</ele>
  </trkpt>
  <trkpt lat="-7.97138798" lon="112.43166201">
   <ele>1267.16</ele>
  </trkpt>
  <trkpt lat="-7.97128396" lon="112.43166704">
   <ele>1269.08</ele>
  </trkpt>
  <trkpt lat="-7.97112001" lon="112.43174197">
   <ele>1270.04</ele>
  </trkpt>
  <trkpt lat="-7.97099998" lon="112.43169696">
   <ele>1271</ele>
  </trkpt>
  <trkpt lat="-7.97094399" lon="112.43153896">
   <ele>1270.52</ele>
  </trkpt>
  <trkpt lat="-7.97092798" lon="112.43131097">
   <ele>1272.44</ele>
  </trkpt>
  <trkpt lat="-7.97082396" lon="112.43114199">
   <ele>1274.36</ele>
  </trkpt>
  <trkpt lat="-7.97072497" lon="112.43107502">
   <ele>1274.85</ele>
  </trkpt>
  <trkpt lat="-7.97052800" lon="112.43112297">
   <ele>1277.25</ele>
  </trkpt>
  <trkpt lat="-7.97029196" lon="112.43164097">
   <ele>1286.38</ele>
  </trkpt>
  <trkpt lat="-7.97022801" lon="112.43170199">
   <ele>1287.82</ele>
  </trkpt>
  <trkpt lat="-7.97020303" lon="112.43159696">
   <ele>1290.23</ele>
  </trkpt>
  <trkpt lat="-7.96998099" lon="112.43146797">
   <ele>1290.23</ele>
  </trkpt>
  <trkpt lat="-7.96972300" lon="112.43105600">
   <ele>1292.15</ele>
  </trkpt>
  <trkpt lat="-7.96974496" lon="112.43094200">
   <ele>1292.15</ele>
  </trkpt>
  <trkpt lat="-7.96970397" lon="112.43086003">
   <ele>1291.19</ele>
  </trkpt>
  <trkpt lat="-7.96950599" lon="112.43081200">
   <ele>1295.03</ele>
  </trkpt>
  <trkpt lat="-7.96916602" lon="112.43089599">
   <ele>1296.96</ele>
  </trkpt>
  <trkpt lat="-7.96906502" lon="112.43087302">
   <ele>1294.07</ele>
  </trkpt>
  <trkpt lat="-7.96902797" lon="112.43093404">
   <ele>1295.51</ele>
  </trkpt>
  <trkpt lat="-7.96902596" lon="112.43088802">
   <ele>1297.44</ele>
  </trkpt>
  <trkpt lat="-7.96890199" lon="112.43091803">
   <ele>1297.92</ele>
  </trkpt>
  <trkpt lat="-7.96867099" lon="112.43083203">
   <ele>1303.2</ele>
  </trkpt>
  <trkpt lat="-7.96840603" lon="112.43083304">
   <ele>1308.01</ele>
  </trkpt>
  <trkpt lat="-7.96828500" lon="112.43130997">
   <ele>1314.74</ele>
  </trkpt>
  <trkpt lat="-7.96834602" lon="112.43181196">
   <ele>1320.99</ele>
  </trkpt>
  <trkpt lat="-7.96834703" lon="112.43215998">
   <ele>1328.68</ele>
  </trkpt>
  <trkpt lat="-7.96828701" lon="112.43246600">
   <ele>1331.56</ele>
  </trkpt>
  <trkpt lat="-7.96823102" lon="112.43256901">
   <ele>1333.49</ele>
  </trkpt>
  <trkpt lat="-7.96812298" lon="112.43266096">
   <ele>1334.93</ele>
  </trkpt>
  <trkpt lat="-7.96810504" lon="112.43272902">
   <ele>1337.33</ele>
  </trkpt>
  <trkpt lat="-7.96814301" lon="112.43317201">
   <ele>1355.6</ele>
  </trkpt>
  <trkpt lat="-7.96790002" lon="112.43331701">
   <ele>1359.44</ele>
  </trkpt>
  <trkpt lat="-7.96780799" lon="112.43333202">
   <ele>1360.4</ele>
  </trkpt>
  <trkpt lat="-7.96759802" lon="112.43322196">
   <ele>1363.77</ele>
  </trkpt>
  <trkpt lat="-7.96732200" lon="112.43349597">
   <ele>1365.21</ele>
  </trkpt>
  <trkpt lat="-7.96709703" lon="112.43355900">
   <ele>1365.21</ele>
  </trkpt>
  <trkpt lat="-7.96699301" lon="112.43352296">
   <ele>1367.13</ele>
  </trkpt>
  <trkpt lat="-7.96686402" lon="112.43329799">
   <ele>1368.09</ele>
  </trkpt>
  <trkpt lat="-7.96690903" lon="112.43299004">
   <ele>1372.42</ele>
  </trkpt>
  <trkpt lat="-7.96701103" lon="112.43283204">
   <ele>1373.38</ele>
  </trkpt>
  <trkpt lat="-7.96697902" lon="112.43272802">
   <ele>1372.9</ele>
  </trkpt>
  <trkpt lat="-7.96688899" lon="112.43266901">
   <ele>1374.82</ele>
  </trkpt>
  <trkpt lat="-7.96669101" lon="112.43263800">
   <ele>1376.26</ele>
  </trkpt>
  <trkpt lat="-7.96649898" lon="112.43251998">
   <ele>1376.26</ele>
  </trkpt>
  <trkpt lat="-7.96646797" lon="112.43272198">
   <ele>1381.07</ele>
  </trkpt>
  <trkpt lat="-7.96655204" lon="112.43305600">
   <ele>1390.2</ele>
  </trkpt>
  <trkpt lat="-7.96653201" lon="112.43313898">
   <ele>1389.72</ele>
  </trkpt>
  <trkpt lat="-7.96642900" lon="112.43315499">
   <ele>1390.2</ele>
  </trkpt>
  <trkpt lat="-7.96628399" lon="112.43310797">
   <ele>1394.05</ele>
  </trkpt>
  <trkpt lat="-7.96610897" lon="112.43312096">
   <ele>1395.97</ele>
  </trkpt>
  <trkpt lat="-7.96594997" lon="112.43321501">
   <ele>1396.93</ele>
  </trkpt>
  <trkpt lat="-7.96580798" lon="112.43342699">
   <ele>1404.14</ele>
  </trkpt>
  <trkpt lat="-7.96583396" lon="112.43382999">
   <ele>1405.1</ele>
  </trkpt>
  <trkpt lat="-7.96581603" lon="112.43411003">
   <ele>1408.47</ele>
  </trkpt>
  <trkpt lat="-7.96585903" lon="112.43420298">
   <ele>1410.87</ele>
  </trkpt>
  <trkpt lat="-7.96601702" lon="112.43434899">
   <ele>1412.79</ele>
  </trkpt>
  <trkpt lat="-7.96599498" lon="112.43447497">
   <ele>1415.68</ele>
  </trkpt>
  <trkpt lat="-7.96584302" lon="112.43458704">
   <ele>1416.64</ele>
  </trkpt>
  <trkpt lat="-7.96528604" lon="112.43533697">
   <ele>1427.21</ele>
  </trkpt>
  <trkpt lat="-7.96521303" lon="112.43532197">
   <ele>1427.7</ele>
  </trkpt>
  <trkpt lat="-7.96521496" lon="112.43542297">
   <ele>1428.18</ele>
  </trkpt>
  <trkpt lat="-7.96511304" lon="112.43567501">
   <ele>1437.31</ele>
  </trkpt>
  <trkpt lat="-7.96514698" lon="112.43591398">
   <ele>1442.11</ele>
  </trkpt>
  <trkpt lat="-7.96506199" lon="112.43599696">
   <ele>1445.48</ele>
  </trkpt>
  <trkpt lat="-7.96506300" lon="112.43606896">
   <ele>1446.92</ele>
  </trkpt>
  <trkpt lat="-7.96488597" lon="112.43642000">
   <ele>1453.17</ele>
  </trkpt>
  <trkpt lat="-7.96479997" lon="112.43644204">
   <ele>1453.17</ele>
  </trkpt>
  <trkpt lat="-7.96452303" lon="112.43675804">
   <ele>1458.46</ele>
  </trkpt>
  <trkpt lat="-7.96444802" lon="112.43696901">
   <ele>1462.3</ele>
  </trkpt>
  <trkpt lat="-7.96437803" lon="112.43705199">
   <ele>1460.86</ele>
  </trkpt>
  <trkpt lat="-7.96422003" lon="112.43714201">
   <ele>1460.86</ele>
  </trkpt>
  <trkpt lat="-7.96403797" lon="112.43731703">
   <ele>1464.71</ele>
  </trkpt>
  <trkpt lat="-7.96400403" lon="112.43747503">
   <ele>1472.4</ele>
  </trkpt>
  <trkpt lat="-7.96378803" lon="112.43777300">
   <ele>1479.61</ele>
  </trkpt>
  <trkpt lat="-7.96365702" lon="112.43805304">
   <ele>1488.74</ele>
  </trkpt>
  <trkpt lat="-7.96343397" lon="112.43825697">
   <ele>1494.03</ele>
  </trkpt>
  <trkpt lat="-7.96340296" lon="112.43847499">
   <ele>1499.31</ele>
  </trkpt>
  <trkpt lat="-7.96331797" lon="112.43866702">
   <ele>1505.56</ele>
  </trkpt>
  <trkpt lat="-7.96332501" lon="112.43875603">
   <ele>1506.52</ele>
  </trkpt>
  <trkpt lat="-7.96327497" lon="112.43875402">
   <ele>1506.52</ele>
  </trkpt>
  <trkpt lat="-7.96305603" lon="112.43893197">
   <ele>1509.41</ele>
  </trkpt>
  <trkpt lat="-7.96293600" lon="112.43945902">
   <ele>1516.62</ele>
  </trkpt>
  <trkpt lat="-7.96287800" lon="112.43957603">
   <ele>1520.46</ele>
  </trkpt>
  <trkpt lat="-7.96279402" lon="112.43961099">
   <ele>1522.87</ele>
  </trkpt>
  <trkpt lat="-7.96283400" lon="112.43964502">
   <ele>1522.87</ele>
  </trkpt>
  <trkpt lat="-7.96269301" lon="112.43966597">
   <ele>1523.83</ele>
  </trkpt>
  <trkpt lat="-7.96259796" lon="112.43963303">
   <ele>1525.27</ele>
  </trkpt>
  <trkpt lat="-7.96242597" lon="112.43980704">
   <ele>1535.84</ele>
  </trkpt>
  <trkpt lat="-7.96238196" lon="112.43998499">
   <ele>1541.61</ele>
  </trkpt>
  <trkpt lat="-7.96233997" lon="112.44002497">
   <ele>1545.94</ele>
  </trkpt>
  <trkpt lat="-7.96212698" lon="112.44001801">
   <ele>1558.43</ele>
  </trkpt>
  <trkpt lat="-7.96190503" lon="112.44009504">
   <ele>1570.93</ele>
  </trkpt>
  <trkpt lat="-7.96184300" lon="112.44007601">
   <ele>1571.41</ele>
  </trkpt>
  <trkpt lat="-7.96151703" lon="112.44017702">
   <ele>1586.31</ele>
  </trkpt>
  <trkpt lat="-7.96146699" lon="112.44016604">
   <ele>1595.93</ele>
  </trkpt>
  <trkpt lat="-7.96132802" lon="112.44025899">
   <ele>1597.85</ele>
  </trkpt>
  <trkpt lat="-7.96127899" lon="112.44022798">
   <ele>1601.69</ele>
  </trkpt>
  <trkpt lat="-7.96102996" lon="112.44054004">
   <ele>1630.53</ele>
  </trkpt>
  <trkpt lat="-7.96073399" lon="112.44074497">
   <ele>1633.9</ele>
  </trkpt>
  <trkpt lat="-7.96059896" lon="112.44095100">
   <ele>1634.86</ele>
  </trkpt>
  <trkpt lat="-7.96056099" lon="112.44108796">
   <ele>1635.34</ele>
  </trkpt>
  <trkpt lat="-7.96038397" lon="112.44127404">
   <ele>1635.82</ele>
  </trkpt>
  <trkpt lat="-7.96004903" lon="112.44213402">
   <ele>1645.43</ele>
  </trkpt>
  <trkpt lat="-7.95972104" lon="112.44247399">
   <ele>1651.2</ele>
  </trkpt>
  <trkpt lat="-7.95970201" lon="112.44254700">
   <ele>1653.6</ele>
  </trkpt>
  <trkpt lat="-7.95965097" lon="112.44259302">
   <ele>1659.37</ele>
  </trkpt>
  <trkpt lat="-7.95949599" lon="112.44292301">
   <ele>1669.95</ele>
  </trkpt>
  <trkpt lat="-7.95943304" lon="112.44315402">
   <ele>1681.48</ele>
  </trkpt>
  <trkpt lat="-7.95936003" lon="112.44327698">
   <ele>1688.69</ele>
  </trkpt>
  <trkpt lat="-7.95936104" lon="112.44336298">
   <ele>1691.58</ele>
  </trkpt>
  <trkpt lat="-7.95915702" lon="112.44380001">
   <ele>1703.59</ele>
  </trkpt>
  <trkpt lat="-7.95910698" lon="112.44384703">
   <ele>1708.4</ele>
  </trkpt>
  <trkpt lat="-7.95898000" lon="112.44419103">
   <ele>1717.05</ele>
  </trkpt>
  <trkpt lat="-7.95892099" lon="112.44416404">
   <ele>1723.78</ele>
  </trkpt>
  <trkpt lat="-7.95898897" lon="112.44422598">
   <ele>1730.03</ele>
  </trkpt>
  <trkpt lat="-7.95898100" lon="112.44418901">
   <ele>1739.16</ele>
  </trkpt>
  <trkpt lat="-7.95893700" lon="112.44429404">
   <ele>1742.05</ele>
  </trkpt>
  <trkpt lat="-7.95899198" lon="112.44435598">
   <ele>1744.93</ele>
  </trkpt>
  <trkpt lat="-7.95897497" lon="112.44438297">
   <ele>1748.78</ele>
  </trkpt>
  <trkpt lat="-7.95901000" lon="112.44444801">
   <ele>1753.1</ele>
  </trkpt>
  <trkpt lat="-7.95898997" lon="112.44477600">
   <ele>1770.41</ele>
  </trkpt>
  <trkpt lat="-7.95901897" lon="112.44483702">
   <ele>1772.81</ele>
  </trkpt>
  <trkpt lat="-7.95902400" lon="112.44511697">
   <ele>1783.38</ele>
  </trkpt>
  <trkpt lat="-7.95897698" lon="112.44516199">
   <ele>1786.27</ele>
  </trkpt>
  <trkpt lat="-7.95899400" lon="112.44538796">
   <ele>1796.84</ele>
  </trkpt>
  <trkpt lat="-7.95844699" lon="112.44611300">
   <ele>1815.11</ele>
  </trkpt>
  <trkpt lat="-7.95843299" lon="112.44626597">
   <ele>1821.84</ele>
  </trkpt>
  <trkpt lat="-7.95815899" lon="112.44687701">
   <ele>1844.43</ele>
  </trkpt>
  <trkpt lat="-7.95802597" lon="112.44705797">
   <ele>1849.71</ele>
  </trkpt>
  <trkpt lat="-7.95798297" lon="112.44705998">
   <ele>1850.68</ele>
  </trkpt>
  <trkpt lat="-7.95786898" lon="112.44729602">
   <ele>1856.44</ele>
  </trkpt>
  <trkpt lat="-7.95771198" lon="112.44744597">
   <ele>1862.21</ele>
  </trkpt>
  <trkpt lat="-7.95755298" lon="112.44747296">
   <ele>1867.5</ele>
  </trkpt>
  <trkpt lat="-7.95742599" lon="112.44771402">
   <ele>1878.07</ele>
  </trkpt>
  <trkpt lat="-7.95731996" lon="112.44778904">
   <ele>1885.76</ele>
  </trkpt>
  <trkpt lat="-7.95728602" lon="112.44778200">
   <ele>1889.13</ele>
  </trkpt>
  <trkpt lat="-7.95717001" lon="112.44791402">
   <ele>1895.86</ele>
  </trkpt>
  <trkpt lat="-7.95707496" lon="112.44790404">
   <ele>1898.26</ele>
  </trkpt>
  <trkpt lat="-7.95705803" lon="112.44801996">
   <ele>1906.43</ele>
  </trkpt>
  <trkpt lat="-7.95684697" lon="112.44824099">
   <ele>1917.49</ele>
  </trkpt>
  <trkpt lat="-7.95681604" lon="112.44833697">
   <ele>1921.81</ele>
  </trkpt>
  <trkpt lat="-7.95685200" lon="112.44839396">
   <ele>1927.58</ele>
  </trkpt>
  <trkpt lat="-7.95678503" lon="112.44877199">
   <ele>1954.98</ele>
  </trkpt>
  <trkpt lat="-7.95671504" lon="112.44882102">
   <ele>1962.67</ele>
  </trkpt>
  <trkpt lat="-7.95658696" lon="112.44908203">
   <ele>1974.69</ele>
  </trkpt>
  <trkpt lat="-7.95661102" lon="112.44917197">
   <ele>1976.61</ele>
  </trkpt>
  <trkpt lat="-7.95662602" lon="112.44915596">
   <ele>1979.97</ele>
  </trkpt>
  <trkpt lat="-7.95658403" lon="112.44914599">
   <ele>1982.38</ele>
  </trkpt>
  <trkpt lat="-7.95628396" lon="112.45036799">
   <ele>2057.36</ele>
  </trkpt>
  <trkpt lat="-7.95632503" lon="112.45039397">
   <ele>2060.24</ele>
  </trkpt>
  <trkpt lat="-7.95627801" lon="112.45037000">
   <ele>2062.17</ele>
  </trkpt>
  <trkpt lat="-7.95625202" lon="112.45057804">
   <ele>2069.38</ele>
  </trkpt>
  <trkpt lat="-7.95628304" lon="112.45055297">
   <ele>2068.89</ele>
  </trkpt>
  <trkpt lat="-7.95620601" lon="112.45063503">
   <ele>2069.38</ele>
  </trkpt>
  <trkpt lat="-7.95626200" lon="112.45062296">
   <ele>2069.86</ele>
  </trkpt>
  <trkpt lat="-7.95624901" lon="112.45093100">
   <ele>2087.16</ele>
  </trkpt>
  <trkpt lat="-7.95630097" lon="112.45105002">
   <ele>2094.85</ele>
  </trkpt>
  <trkpt lat="-7.95628002" lon="112.45135797">
   <ele>2108.79</ele>
  </trkpt>
  <trkpt lat="-7.95591700" lon="112.45255399">
   <ele>2162.14</ele>
  </trkpt>
  <trkpt lat="-7.95586604" lon="112.45261501">
   <ele>2165.03</ele>
  </trkpt>
  <trkpt lat="-7.95583301" lon="112.45294098">
   <ele>2186.66</ele>
  </trkpt>
  <trkpt lat="-7.95575900" lon="112.45323602">
   <ele>2203.48</ele>
  </trkpt>
  <trkpt lat="-7.95569999" lon="112.45332504">
   <ele>2208.29</ele>
  </trkpt>
  <trkpt lat="-7.95566202" lon="112.45364204">
   <ele>2216.46</ele>
  </trkpt>
  <trkpt lat="-7.95561500" lon="112.45368403">
   <ele>2218.86</ele>
  </trkpt>
  <trkpt lat="-7.95574601" lon="112.45388797">
   <ele>2231.84</ele>
  </trkpt>
  <trkpt lat="-7.95578096" lon="112.45402803">
   <ele>2240.97</ele>
  </trkpt>
  <trkpt lat="-7.95574701" lon="112.45417002">
   <ele>2257.79</ele>
  </trkpt>
  <trkpt lat="-7.95574802" lon="112.45444997">
   <ele>2272.69</ele>
  </trkpt>
  <trkpt lat="-7.95578096" lon="112.45444897">
   <ele>2273.17</ele>
  </trkpt>
  <trkpt lat="-7.95575397" lon="112.45443597">
   <ele>2275.58</ele>
  </trkpt>
  <trkpt lat="-7.95559103" lon="112.45501399">
   <ele>2304.42</ele>
  </trkpt>
  <trkpt lat="-7.95556001" lon="112.45502899">
   <ele>2306.34</ele>
  </trkpt>
  <trkpt lat="-7.95556303" lon="112.45510703">
   <ele>2309.22</ele>
  </trkpt>
  <trkpt lat="-7.95539598" lon="112.45559100">
   <ele>2334.22</ele>
  </trkpt>
  <trkpt lat="-7.95524603" lon="112.45575696">
   <ele>2346.23</ele>
  </trkpt>
  <trkpt lat="-7.95518702" lon="112.45590096">
   <ele>2354.89</ele>
  </trkpt>
  <trkpt lat="-7.95509800" lon="112.45599099">
   <ele>2361.14</ele>
  </trkpt>
  <trkpt lat="-7.95511100" lon="112.45607598">
   <ele>2367.38</ele>
  </trkpt>
  <trkpt lat="-7.95497898" lon="112.45634202">
   <ele>2385.65</ele>
  </trkpt>
  <trkpt lat="-7.95486700" lon="112.45691199">
   <ele>2418.81</ele>
  </trkpt>
  <trkpt lat="-7.95479198" lon="112.45705599">
   <ele>2425.54</ele>
  </trkpt>
  <trkpt lat="-7.95469902" lon="112.45749998">
   <ele>2451.98</ele>
  </trkpt>
  <trkpt lat="-7.95470799" lon="112.45762101">
   <ele>2457.27</ele>
  </trkpt>
  <trkpt lat="-7.95464496" lon="112.45781296">
   <ele>2471.21</ele>
  </trkpt>
  <trkpt lat="-7.95444002" lon="112.45795503">
   <ele>2489.47</ele>
  </trkpt>
  <trkpt lat="-7.95440700" lon="112.45802896">
   <ele>2497.16</ele>
  </trkpt>
  <trkpt lat="-7.95441597" lon="112.45810096">
   <ele>2498.6</ele>
  </trkpt>
  <trkpt lat="-7.95435503" lon="112.45820004">
   <ele>2508.22</ele>
  </trkpt>
  <trkpt lat="-7.95435796" lon="112.45833297">
   <ele>2510.14</ele>
  </trkpt>
  <trkpt lat="-7.95424297" lon="112.45840698">
   <ele>2522.64</ele>
  </trkpt>
  <trkpt lat="-7.95411397" lon="112.45858904">
   <ele>2534.65</ele>
  </trkpt>
  <trkpt lat="-7.95404800" lon="112.45859700">
   <ele>2538.98</ele>
  </trkpt>
  <trkpt lat="-7.95398497" lon="112.45881300">
   <ele>2549.55</ele>
  </trkpt>
  <trkpt lat="-7.95373200" lon="112.45917904">
   <ele>2591.37</ele>
  </trkpt>
  <trkpt lat="-7.95357401" lon="112.45975899">
   <ele>2600.98</ele>
  </trkpt>
  <trkpt lat="-7.95359798" lon="112.45980098">
   <ele>2602.91</ele>
  </trkpt>
  <trkpt lat="-7.95358197" lon="112.46008202">
   <ele>2615.88</ele>
  </trkpt>
  <trkpt lat="-7.95349102" lon="112.46025796">
   <ele>2627.42</ele>
  </trkpt>
  <trkpt lat="-7.95335096" lon="112.46042099">
   <ele>2643.28</ele>
  </trkpt>
  <trkpt lat="-7.95336697" lon="112.46048997">
   <ele>2644.72</ele>
  </trkpt>
  <trkpt lat="-7.95325197" lon="112.46082097">
   <ele>2663.95</ele>
  </trkpt>
  <trkpt lat="-7.95312298" lon="112.46099498">
   <ele>2673.08</ele>
  </trkpt>
  <trkpt lat="-7.95310504" lon="112.46116304">
   <ele>2681.73</ele>
  </trkpt>
  <trkpt lat="-7.95299297" lon="112.46149102">
   <ele>2703.85</ele>
  </trkpt>
  <trkpt lat="-7.95301904" lon="112.46168900">
   <ele>2714.9</ele>
  </trkpt>
  <trkpt lat="-7.95295802" lon="112.46178598">
   <ele>2717.3</ele>
  </trkpt>
  <trkpt lat="-7.95286699" lon="112.46185304">
   <ele>2718.27</ele>
  </trkpt>
  <trkpt lat="-7.95285802" lon="112.46207197">
   <ele>2724.03</ele>
  </trkpt>
  <trkpt lat="-7.95281502" lon="112.46216401">
   <ele>2729.8</ele>
  </trkpt>
  <trkpt lat="-7.95283296" lon="112.46231404">
   <ele>2738.93</ele>
  </trkpt>
  <trkpt lat="-7.95288200" lon="112.46234799">
   <ele>2747.1</ele>
  </trkpt>
  <trkpt lat="-7.95297101" lon="112.46254303">
   <ele>2765.37</ele>
  </trkpt>
  <trkpt lat="-7.95304100" lon="112.46293698">
   <ele>2775.46</ele>
  </trkpt>
  <trkpt lat="-7.95312700" lon="112.46300999">
   <ele>2784.12</ele>
  </trkpt>
  <trkpt lat="-7.95320696" lon="112.46330604">
   <ele>2795.65</ele>
  </trkpt>
  <trkpt lat="-7.95308702" lon="112.46361701">
   <ele>2823.53</ele>
  </trkpt>
  <trkpt lat="-7.95313404" lon="112.46409897">
   <ele>2838.91</ele>
  </trkpt>
  <trkpt lat="-7.95347803" lon="112.46436099">
   <ele>2834.1</ele>
  </trkpt>
  <trkpt lat="-7.95384197" lon="112.46443198">
   <ele>2836.51</ele>
  </trkpt>
  <trkpt lat="-7.95399503" lon="112.46459803">
   <ele>2839.39</ele>
  </trkpt>
  <trkpt lat="-7.95470598" lon="112.46498602">
   <ele>2849.48</ele>
  </trkpt>
 </trkseg>
</trk>
<trk>
 <name>Track 010</name>
 <trkseg>
  <trkpt lat="-7.92717788" lon="112.52751611">
   <ele>1056.626</ele>
  </trkpt>
  <trkpt lat="-7.92690220" lon="112.52681388">
   <ele>1071.527</ele>
  </trkpt>
  <trkpt lat="-7.92701259" lon="112.52550362">
   <ele>1089.792</ele>
  </trkpt>
  <trkpt lat="-7.92688049" lon="112.52452788">
   <ele>1099.885</ele>
  </trkpt>
  <trkpt lat="-7.92698837" lon="112.52371517">
   <ele>1106.134</ele>
  </trkpt>
  <trkpt lat="-7.92681972" lon="112.52337797">
   <ele>1110.46</ele>
  </trkpt>
  <trkpt lat="-7.92648462" lon="112.52323019">
   <ele>1114.305</ele>
  </trkpt>
  <trkpt lat="-7.92662049" lon="112.52282761">
   <ele>1122.477</ele>
  </trkpt>
  <trkpt lat="-7.92716850" lon="112.52203904">
   <ele>1147.471</ele>
  </trkpt>
  <trkpt lat="-7.92764224" lon="112.51870740">
   <ele>1206.111</ele>
  </trkpt>
  <trkpt lat="-7.92823459" lon="112.51773720">
   <ele>1223.415</ele>
  </trkpt>
  <trkpt lat="-7.92831137" lon="112.51659357">
   <ele>1236.393</ele>
  </trkpt>
  <trkpt lat="-7.92827684" lon="112.51619543">
   <ele>1246.487</ele>
  </trkpt>
  <trkpt lat="-7.92850851" lon="112.51543259">
   <ele>1262.829</ele>
  </trkpt>
  <trkpt lat="-7.92843433" lon="112.51497670">
   <ele>1273.884</ele>
  </trkpt>
  <trkpt lat="-7.92852863" lon="112.51419039">
   <ele>1288.304</ele>
  </trkpt>
  <trkpt lat="-7.92883574" lon="112.51320653">
   <ele>1303.204</ele>
  </trkpt>
  <trkpt lat="-7.92910840" lon="112.51293881">
   <ele>1309.453</ele>
  </trkpt>
  <trkpt lat="-7.92917772" lon="112.51251192">
   <ele>1319.547</ele>
  </trkpt>
  <trkpt lat="-7.92931116" lon="112.51232148">
   <ele>1324.834</ele>
  </trkpt>
  <trkpt lat="-7.92916884" lon="112.51164607">
   <ele>1339.734</ele>
  </trkpt>
  <trkpt lat="-7.92915459" lon="112.51032081">
   <ele>1371.458</ele>
  </trkpt>
  <trkpt lat="-7.92928836" lon="112.50997874">
   <ele>1383.955</ele>
  </trkpt>
  <trkpt lat="-7.92992899" lon="112.50933124">
   <ele>1390.684</ele>
  </trkpt>
  <trkpt lat="-7.93032981" lon="112.50857427">
   <ele>1401.74</ele>
  </trkpt>
  <trkpt lat="-7.93047876" lon="112.50819071">
   <ele>1410.391</ele>
  </trkpt>
  <trkpt lat="-7.93055227" lon="112.50788050">
   <ele>1426.734</ele>
  </trkpt>
  <trkpt lat="-7.93098520" lon="112.50602206">
   <ele>1466.148</ele>
  </trkpt>
  <trkpt lat="-7.93101604" lon="112.50556651">
   <ele>1477.203</ele>
  </trkpt>
  <trkpt lat="-7.93068797" lon="112.50489126">
   <ele>1505.081</ele>
  </trkpt>
  <trkpt lat="-7.93063014" lon="112.50412717">
   <ele>1529.114</ele>
  </trkpt>
  <trkpt lat="-7.93048228" lon="112.50314388">
   <ele>1572.374</ele>
  </trkpt>
  <trkpt lat="-7.93072083" lon="112.50256377">
   <ele>1593.522</ele>
  </trkpt>
  <trkpt lat="-7.93114454" lon="112.50191141">
   <ele>1629.091</ele>
  </trkpt>
  <trkpt lat="-7.93118318" lon="112.50146289">
   <ele>1641.108</ele>
  </trkpt>
  <trkpt lat="-7.93158358" lon="112.50060249">
   <ele>1656.969</ele>
  </trkpt>
  <trkpt lat="-7.93174032" lon="112.49975827">
   <ele>1673.312</ele>
  </trkpt>
  <trkpt lat="-7.93188918" lon="112.49954394">
   <ele>1686.77</ele>
  </trkpt>
  <trkpt lat="-7.93206814" lon="112.49857893">
   <ele>1714.168</ele>
  </trkpt>
  <trkpt lat="-7.93216160" lon="112.49773714">
   <ele>1747.814</ele>
  </trkpt>
  <trkpt lat="-7.93211776" lon="112.49713121">
   <ele>1776.173</ele>
  </trkpt>
  <trkpt lat="-7.93229277" lon="112.49596721">
   <ele>1819.913</ele>
  </trkpt>
  <trkpt lat="-7.93197820" lon="112.49489282">
   <ele>1881.918</ele>
  </trkpt>
  <trkpt lat="-7.93200267" lon="112.49376194">
   <ele>1929.022</ele>
  </trkpt>
  <trkpt lat="-7.93197862" lon="112.49329674">
   <ele>1957.862</ele>
  </trkpt>
  <trkpt lat="-7.93176136" lon="112.49207307">
   <ele>2022.751</ele>
  </trkpt>
  <trkpt lat="-7.93156514" lon="112.49161667">
   <ele>2047.746</ele>
  </trkpt>
  <trkpt lat="-7.93169900" lon="112.49112021">
   <ele>2072.259</ele>
  </trkpt>
  <trkpt lat="-7.93204249" lon="112.49074772">
   <ele>2098.695</ele>
  </trkpt>
  <trkpt lat="-7.93187737" lon="112.49048880">
   <ele>2117.441</ele>
  </trkpt>
  <trkpt lat="-7.93183646" lon="112.49005102">
   <ele>2137.629</ele>
  </trkpt>
  <trkpt lat="-7.93176589" lon="112.48949756">
   <ele>2148.203</ele>
  </trkpt>
  <trkpt lat="-7.93153027" lon="112.48908416">
   <ele>2161.662</ele>
  </trkpt>
  <trkpt lat="-7.93119332" lon="112.48864068">
   <ele>2163.584</ele>
  </trkpt>
  <trkpt lat="-7.93116851" lon="112.48802310">
   <ele>2167.429</ele>
  </trkpt>
  <trkpt lat="-7.93082158" lon="112.48632694">
   <ele>2179.927</ele>
  </trkpt>
  <trkpt lat="-7.93101579" lon="112.48602728">
   <ele>2183.291</ele>
  </trkpt>
  <trkpt lat="-7.93105929" lon="112.48566116">
   <ele>2187.136</ele>
  </trkpt>
  <trkpt lat="-7.93098947" lon="112.48487008">
   <ele>2198.192</ele>
  </trkpt>
  <trkpt lat="-7.93084597" lon="112.48466942">
   <ele>2200.595</ele>
  </trkpt>
  <trkpt lat="-7.93062008" lon="112.48460429">
   <ele>2201.556</ele>
  </trkpt>
  <trkpt lat="-7.93037516" lon="112.48422903">
   <ele>2200.595</ele>
  </trkpt>
  <trkpt lat="-7.93021892" lon="112.48381237">
   <ele>2195.308</ele>
  </trkpt>
  <trkpt lat="-7.93020920" lon="112.48321641">
   <ele>2201.556</ele>
  </trkpt>
  <trkpt lat="-7.92991608" lon="112.48295766">
   <ele>2201.076</ele>
  </trkpt>
  <trkpt lat="-7.92990753" lon="112.48268207">
   <ele>2202.518</ele>
  </trkpt>
  <trkpt lat="-7.93004642" lon="112.48247922">
   <ele>2199.153</ele>
  </trkpt>
  <trkpt lat="-7.92996101" lon="112.48209449">
   <ele>2195.789</ele>
  </trkpt>
  <trkpt lat="-7.92934863" lon="112.48156954">
   <ele>2172.236</ele>
  </trkpt>
  <trkpt lat="-7.92954879" lon="112.48093578">
   <ele>2146.281</ele>
  </trkpt>
  <trkpt lat="-7.92945047" lon="112.48086043">
   <ele>2139.551</ele>
  </trkpt>
  <trkpt lat="-7.92948090" lon="112.48074434">
   <ele>2136.187</ele>
  </trkpt>
  <trkpt lat="-7.92951962" lon="112.48101491">
   <ele>2135.706</ele>
  </trkpt>
  <trkpt lat="-7.92952054" lon="112.48103879">
   <ele>2148.684</ele>
  </trkpt>
  <trkpt lat="-7.92941334" lon="112.48079136">
   <ele>2160.7</ele>
  </trkpt>
  <trkpt lat="-7.92926179" lon="112.48075088">
   <ele>2164.065</ele>
  </trkpt>
  <trkpt lat="-7.92902316" lon="112.48022692">
   <ele>2196.269</ele>
  </trkpt>
 </trkseg>
</trk>
<trk>
 <name>Track 242</name>
 <trkseg>
  <trkpt lat="-8.00182024" lon="112.48472591"></trkpt>
  <trkpt lat="-8.00197254" lon="112.48480202"></trkpt>
  <trkpt lat="-8.00208670" lon="112.48487821"></trkpt>
  <trkpt lat="-8.00220095" lon="112.48491626"></trkpt>
  <trkpt lat="-8.00231519" lon="112.48499245"></trkpt>
  <trkpt lat="-8.00246749" lon="112.48506856"></trkpt>
  <trkpt lat="-8.00265784" lon="112.48510662"></trkpt>
  <trkpt lat="-8.00277201" lon="112.48514475"></trkpt>
  <trkpt lat="-8.00292430" lon="112.48518281"></trkpt>
  <trkpt lat="-8.00307660" lon="112.48522086"></trkpt>
  <trkpt lat="-8.00322890" lon="112.48529705"></trkpt>
  <trkpt lat="-8.00330501" lon="112.48533511"></trkpt>
  <trkpt lat="-8.00330501" lon="112.48544935"></trkpt>
  <trkpt lat="-8.00334306" lon="112.48552546"></trkpt>
  <trkpt lat="-8.00334306" lon="112.48563970"></trkpt>
  <trkpt lat="-8.00330501" lon="112.48575395"></trkpt>
  <trkpt lat="-8.00334306" lon="112.48586811"></trkpt>
  <trkpt lat="-8.00334306" lon="112.48590625"></trkpt>
 </trkseg>
</trk>
<trk>
 <name>Track 244</name>
 <trkseg>
  <trkpt lat="-7.95715886" lon="112.46991240">
   <ele>2746.144</ele>
  </trkpt>
  <trkpt lat="-7.95718904" lon="112.46993386">
   <ele>2735.088</ele>
  </trkpt>
  <trkpt lat="-7.95720949" lon="112.47000854">
   <ele>2735.568</ele>
  </trkpt>
  <trkpt lat="-7.95723053" lon="112.47011357">
   <ele>2738.453</ele>
  </trkpt>
  <trkpt lat="-7.95723069" lon="112.47020066">
   <ele>2742.298</ele>
  </trkpt>
  <trkpt lat="-7.95722416" lon="112.47025388">
   <ele>2743.74</ele>
  </trkpt>
  <trkpt lat="-7.95722927" lon="112.47030158">
   <ele>2738.453</ele>
  </trkpt>
  <trkpt lat="-7.95723346" lon="112.47039562">
   <ele>2739.414</ele>
  </trkpt>
  <trkpt lat="-7.95726682" lon="112.47046293">
   <ele>2737.011</ele>
  </trkpt>
  <trkpt lat="-7.95730848" lon="112.47056720">
   <ele>2733.166</ele>
  </trkpt>
  <trkpt lat="-7.95735198" lon="112.47061548">
   <ele>2730.281</ele>
  </trkpt>
  <trkpt lat="-7.95733195" lon="112.47073123">
   <ele>2732.685</ele>
  </trkpt>
  <trkpt lat="-7.95731108" lon="112.47085989">
   <ele>2729.32</ele>
  </trkpt>
  <trkpt lat="-7.95728987" lon="112.47094623">
   <ele>2732.685</ele>
  </trkpt>
  <trkpt lat="-7.95737285" lon="112.47104757">
   <ele>2737.972</ele>
  </trkpt>
  <trkpt lat="-7.95742683" lon="112.47116550">
   <ele>2752.392</ele>
  </trkpt>
  <trkpt lat="-7.95749028" lon="112.47116977">
   <ele>2738.933</ele>
  </trkpt>
  <trkpt lat="-7.95747352" lon="112.47119660">
   <ele>2737.491</ele>
  </trkpt>
  <trkpt lat="-7.95744175" lon="112.47128896">
   <ele>2737.972</ele>
  </trkpt>
  <trkpt lat="-7.95739473" lon="112.47138896">
   <ele>2737.491</ele>
  </trkpt>
  <trkpt lat="-7.95737109" lon="112.47145250">
   <ele>2736.53</ele>
  </trkpt>
  <trkpt lat="-7.95734754" lon="112.47149482">
   <ele>2738.453</ele>
  </trkpt>
  <trkpt lat="-7.95738174" lon="112.47149818">
   <ele>2740.856</ele>
  </trkpt>
  <trkpt lat="-7.95744083" lon="112.47160697">
   <ele>2743.74</ele>
  </trkpt>
  <trkpt lat="-7.95745139" lon="112.47172893">
   <ele>2740.856</ele>
  </trkpt>
  <trkpt lat="-7.95751208" lon="112.47170035">
   <ele>2728.839</ele>
  </trkpt>
  <trkpt lat="-7.95752884" lon="112.47177025">
   <ele>2728.359</ele>
  </trkpt>
  <trkpt lat="-7.95755516" lon="112.47182893">
   <ele>2727.397</ele>
  </trkpt>
  <trkpt lat="-7.95758483" lon="112.47188265">
   <ele>2729.32</ele>
  </trkpt>
  <trkpt lat="-7.95760813" lon="112.47193714">
   <ele>2732.204</ele>
  </trkpt>
  <trkpt lat="-7.95755147" lon="112.47199900">
   <ele>2730.281</ele>
  </trkpt>
  <trkpt lat="-7.95755264" lon="112.47206052">
   <ele>2726.436</ele>
  </trkpt>
  <trkpt lat="-7.95754309" lon="112.47206982">
   <ele>2727.397</ele>
  </trkpt>
  <trkpt lat="-7.95755776" lon="112.47209254">
   <ele>2727.397</ele>
  </trkpt>
  <trkpt lat="-7.95757703" lon="112.47215993">
   <ele>2725.956</ele>
  </trkpt>
  <trkpt lat="-7.95760193" lon="112.47220938">
   <ele>2721.63</ele>
  </trkpt>
  <trkpt lat="-7.95763395" lon="112.47221625">
   <ele>2718.746</ele>
  </trkpt>
  <trkpt lat="-7.95769547" lon="112.47228423">
   <ele>2725.956</ele>
  </trkpt>
  <trkpt lat="-7.95774224" lon="112.47233092">
   <ele>2717.304</ele>
  </trkpt>
  <trkpt lat="-7.95780368" lon="112.47235933">
   <ele>2713.458</ele>
  </trkpt>
  <trkpt lat="-7.95786856" lon="112.47241138">
   <ele>2715.862</ele>
  </trkpt>
  <trkpt lat="-7.95790829" lon="112.47242404">
   <ele>2715.381</ele>
  </trkpt>
  <trkpt lat="-7.95791332" lon="112.47243578">
   <ele>2723.072</ele>
  </trkpt>
  <trkpt lat="-7.95789437" lon="112.47245229">
   <ele>2725.475</ele>
  </trkpt>
  <trkpt lat="-7.95791005" lon="112.47242915">
   <ele>2720.188</ele>
  </trkpt>
  <trkpt lat="-7.95794844" lon="112.47251515">
   <ele>2720.188</ele>
  </trkpt>
  <trkpt lat="-7.95794433" lon="112.47254566">
   <ele>2707.69</ele>
  </trkpt>
  <trkpt lat="-7.95798448" lon="112.47258338">
   <ele>2712.497</ele>
  </trkpt>
  <trkpt lat="-7.95807023" lon="112.47262998">
   <ele>2712.978</ele>
  </trkpt>
  <trkpt lat="-7.95808062" lon="112.47272973">
   <ele>2700.48</ele>
  </trkpt>
  <trkpt lat="-7.95809554" lon="112.47280433">
   <ele>2701.922</ele>
  </trkpt>
  <trkpt lat="-7.95810778" lon="112.47283249">
   <ele>2711.055</ele>
  </trkpt>
  <trkpt lat="-7.95813024" lon="112.47279762">
   <ele>2704.326</ele>
  </trkpt>
  <trkpt lat="-7.95812437" lon="112.47281472">
   <ele>2713.939</ele>
  </trkpt>
  <trkpt lat="-7.95809738" lon="112.47275253">
   <ele>2707.69</ele>
  </trkpt>
  <trkpt lat="-7.95812555" lon="112.47277197">
   <ele>2704.806</ele>
  </trkpt>
  <trkpt lat="-7.95812823" lon="112.47276208">
   <ele>2707.69</ele>
  </trkpt>
  <trkpt lat="-7.95810074" lon="112.47273786">
   <ele>2703.364</ele>
  </trkpt>
  <trkpt lat="-7.95809286" lon="112.47275814">
   <ele>2703.845</ele>
  </trkpt>
  <trkpt lat="-7.95803854" lon="112.47277826">
   <ele>2703.845</ele>
  </trkpt>
  <trkpt lat="-7.95811675" lon="112.47279134">
   <ele>2709.133</ele>
  </trkpt>
  <trkpt lat="-7.95818330" lon="112.47274088">
   <ele>2704.806</ele>
  </trkpt>
  <trkpt lat="-7.95823485" lon="112.47282637">
   <ele>2691.348</ele>
  </trkpt>
  <trkpt lat="-7.95832135" lon="112.47300792">
   <ele>2686.542</ele>
  </trkpt>
  <trkpt lat="-7.95843878" lon="112.47306593">
   <ele>2681.735</ele>
  </trkpt>
  <trkpt lat="-7.95848094" lon="112.47306844">
   <ele>2665.393</ele>
  </trkpt>
  <trkpt lat="-7.95858504" lon="112.47309200">
   <ele>2663.951</ele>
  </trkpt>
  <trkpt lat="-7.95859979" lon="112.47315813">
   <ele>2664.912</ele>
  </trkpt>
  <trkpt lat="-7.95860373" lon="112.47314983">
   <ele>2658.183</ele>
  </trkpt>
  <trkpt lat="-7.95857524" lon="112.47314748">
   <ele>2659.625</ele>
  </trkpt>
  <trkpt lat="-7.95864799" lon="112.47312628">
   <ele>2654.337</ele>
  </trkpt>
  <trkpt lat="-7.95872930" lon="112.47318319">
   <ele>2649.05</ele>
  </trkpt>
  <trkpt lat="-7.95885796" lon="112.47325226">
   <ele>2638.476</ele>
  </trkpt>
  <trkpt lat="-7.95892484" lon="112.47330925">
   <ele>2644.725</ele>
  </trkpt>
  <trkpt lat="-7.95898260" lon="112.47333784">
   <ele>2642.321</ele>
  </trkpt>
  <trkpt lat="-7.95900615" lon="112.47338654">
   <ele>2644.244</ele>
  </trkpt>
  <trkpt lat="-7.95897296" lon="112.47334806">
   <ele>2637.514</ele>
  </trkpt>
  <trkpt lat="-7.95897832" lon="112.47332392">
   <ele>2638.476</ele>
  </trkpt>
  <trkpt lat="-7.95900959" lon="112.47335276">
   <ele>2639.437</ele>
  </trkpt>
  <trkpt lat="-7.95899173" lon="112.47335854">
   <ele>2646.167</ele>
  </trkpt>
  <trkpt lat="-7.95899156" lon="112.47335049">
   <ele>2644.244</ele>
  </trkpt>
  <trkpt lat="-7.95899693" lon="112.47336533">
   <ele>2646.167</ele>
  </trkpt>
  <trkpt lat="-7.95897849" lon="112.47332702">
   <ele>2639.917</ele>
  </trkpt>
  <trkpt lat="-7.95901202" lon="112.47337069">
   <ele>2651.934</ele>
  </trkpt>
  <trkpt lat="-7.95900808" lon="112.47337296">
   <ele>2644.725</ele>
  </trkpt>
  <trkpt lat="-7.95900305" lon="112.47336986">
   <ele>2644.244</ele>
  </trkpt>
  <trkpt lat="-7.95899844" lon="112.47336240">
   <ele>2646.167</ele>
  </trkpt>
  <trkpt lat="-7.95901059" lon="112.47337430">
   <ele>2648.089</ele>
  </trkpt>
  <trkpt lat="-7.95900196" lon="112.47336525">
   <ele>2646.647</ele>
  </trkpt>
  <trkpt lat="-7.95898419" lon="112.47336776">
   <ele>2642.801</ele>
  </trkpt>
  <trkpt lat="-7.95896659" lon="112.47338939">
   <ele>2650.012</ele>
  </trkpt>
  <trkpt lat="-7.95900355" lon="112.47338084">
   <ele>2642.801</ele>
  </trkpt>
  <trkpt lat="-7.95904169" lon="112.47339567">
   <ele>2642.801</ele>
  </trkpt>
  <trkpt lat="-7.95907949" lon="112.47340338">
   <ele>2639.437</ele>
  </trkpt>
  <trkpt lat="-7.95913288" lon="112.47337874">
   <ele>2637.034</ele>
  </trkpt>
  <trkpt lat="-7.95917119" lon="112.47337488">
   <ele>2636.072</ele>
  </trkpt>
  <trkpt lat="-7.95922215" lon="112.47340917">
   <ele>2635.111</ele>
  </trkpt>
  <trkpt lat="-7.95929038" lon="112.47340866">
   <ele>2630.304</ele>
  </trkpt>
  <trkpt lat="-7.95934084" lon="112.47338939">
   <ele>2626.459</ele>
  </trkpt>
  <trkpt lat="-7.95937805" lon="112.47338276">
   <ele>2621.653</ele>
  </trkpt>
  <trkpt lat="-7.95943589" lon="112.47337740">
   <ele>2622.614</ele>
  </trkpt>
  <trkpt lat="-7.95950613" lon="112.47339567">
   <ele>2619.73</ele>
  </trkpt>
  <trkpt lat="-7.95954544" lon="112.47340539">
   <ele>2615.404</ele>
  </trkpt>
  <trkpt lat="-7.95957285" lon="112.47340003">
   <ele>2613.481</ele>
  </trkpt>
  <trkpt lat="-7.95962289" lon="112.47345367">
   <ele>2609.636</ele>
  </trkpt>
  <trkpt lat="-7.95966145" lon="112.47348050">
   <ele>2606.271</ele>
  </trkpt>
  <trkpt lat="-7.95968802" lon="112.47347790">
   <ele>2604.829</ele>
  </trkpt>
  <trkpt lat="-7.95971593" lon="112.47344806">
   <ele>2602.907</ele>
  </trkpt>
  <trkpt lat="-7.95974082" lon="112.47341545">
   <ele>2603.387</ele>
  </trkpt>
  <trkpt lat="-7.95981852" lon="112.47340866">
   <ele>2599.062</ele>
  </trkpt>
  <trkpt lat="-7.95986773" lon="112.47339257">
   <ele>2600.023</ele>
  </trkpt>
  <trkpt lat="-7.95993377" lon="112.47337815">
   <ele>2603.868</ele>
  </trkpt>
  <trkpt lat="-7.95995758" lon="112.47336198">
   <ele>2608.194</ele>
  </trkpt>
  <trkpt lat="-7.95988399" lon="112.47341746">
   <ele>2585.603</ele>
  </trkpt>
  <trkpt lat="-7.95997619" lon="112.47337036">
   <ele>2571.183</ele>
  </trkpt>
  <trkpt lat="-7.95999203" lon="112.47332535">
   <ele>2569.741</ele>
  </trkpt>
  <trkpt lat="-7.96004115" lon="112.47331772">
   <ele>2570.222</ele>
  </trkpt>
  <trkpt lat="-7.96020283" lon="112.47333222">
   <ele>2570.222</ele>
  </trkpt>
  <trkpt lat="-7.96024315" lon="112.47327338">
   <ele>2567.819</ele>
  </trkpt>
  <trkpt lat="-7.96027877" lon="112.47327506">
   <ele>2567.819</ele>
  </trkpt>
  <trkpt lat="-7.96025472" lon="112.47325779">
   <ele>2563.012</ele>
  </trkpt>
  <trkpt lat="-7.96028447" lon="112.47333976">
   <ele>2577.432</ele>
  </trkpt>
  <trkpt lat="-7.96025413" lon="112.47331738">
   <ele>2575.99</ele>
  </trkpt>
  <trkpt lat="-7.96036796" lon="112.47329350">
   <ele>2577.913</ele>
  </trkpt>
  <trkpt lat="-7.96039998" lon="112.47326843">
   <ele>2575.029</ele>
  </trkpt>
  <trkpt lat="-7.96043007" lon="112.47325712">
   <ele>2570.703</ele>
  </trkpt>
  <trkpt lat="-7.96054054" lon="112.47322678">
   <ele>2571.664</ele>
  </trkpt>
  <trkpt lat="-7.96049645" lon="112.47324589">
   <ele>2568.78</ele>
  </trkpt>
  <trkpt lat="-7.96045597" lon="112.47321848">
   <ele>2565.896</ele>
  </trkpt>
  <trkpt lat="-7.96054993" lon="112.47317774">
   <ele>2567.338</ele>
  </trkpt>
  <trkpt lat="-7.96066878" lon="112.47313424">
   <ele>2562.531</ele>
  </trkpt>
  <trkpt lat="-7.96066023" lon="112.47312779">
   <ele>2564.935</ele>
  </trkpt>
  <trkpt lat="-7.96073483" lon="112.47312435">
   <ele>2566.377</ele>
  </trkpt>
  <trkpt lat="-7.96083894" lon="112.47312644">
   <ele>2564.454</ele>
  </trkpt>
  <trkpt lat="-7.96091194" lon="112.47310960">
   <ele>2557.244</ele>
  </trkpt>
  <trkpt lat="-7.96098378" lon="112.47310054">
   <ele>2558.206</ele>
  </trkpt>
  <trkpt lat="-7.96111386" lon="112.47311153">
   <ele>2561.09</ele>
  </trkpt>
  <trkpt lat="-7.96117480" lon="112.47310390">
   <ele>2558.686</ele>
  </trkpt>
  <trkpt lat="-7.96127412" lon="112.47314539">
   <ele>2558.206</ele>
  </trkpt>
  <trkpt lat="-7.96135794" lon="112.47319727">
   <ele>2556.764</ele>
  </trkpt>
  <trkpt lat="-7.96146649" lon="112.47318855">
   <ele>2554.841</ele>
  </trkpt>
  <trkpt lat="-7.96154913" lon="112.47323097">
   <ele>2557.725</ele>
  </trkpt>
  <trkpt lat="-7.96161024" lon="112.47323038">
   <ele>2554.36</ele>
  </trkpt>
  <trkpt lat="-7.96166774" lon="112.47326517">
   <ele>2550.996</ele>
  </trkpt>
  <trkpt lat="-7.96173119" lon="112.47327858">
   <ele>2549.554</ele>
  </trkpt>
  <trkpt lat="-7.96177712" lon="112.47330456">
   <ele>2550.034</ele>
  </trkpt>
  <trkpt lat="-7.96185139" lon="112.47337488">
   <ele>2549.554</ele>
  </trkpt>
  <trkpt lat="-7.96191257" lon="112.47341889">
   <ele>2547.631</ele>
  </trkpt>
  <trkpt lat="-7.96196069" lon="112.47349014">
   <ele>2543.786</ele>
  </trkpt>
  <trkpt lat="-7.96204794" lon="112.47351042">
   <ele>2545.228</ele>
  </trkpt>
  <trkpt lat="-7.96212338" lon="112.47351008">
   <ele>2545.228</ele>
  </trkpt>
  <trkpt lat="-7.96217903" lon="112.47351092">
   <ele>2550.034</ele>
  </trkpt>
  <trkpt lat="-7.96222002" lon="112.47353062">
   <ele>2550.034</ele>
  </trkpt>
  <trkpt lat="-7.96229186" lon="112.47355375">
   <ele>2548.112</ele>
  </trkpt>
  <trkpt lat="-7.96234977" lon="112.47356499">
   <ele>2547.15</ele>
  </trkpt>
  <trkpt lat="-7.96241725" lon="112.47354118">
   <ele>2551.476</ele>
  </trkpt>
  <trkpt lat="-7.96247173" lon="112.47354839">
   <ele>2548.112</ele>
  </trkpt>
  <trkpt lat="-7.96251758" lon="112.47354085">
   <ele>2550.996</ele>
  </trkpt>
  <trkpt lat="-7.96251129" lon="112.47356289">
   <ele>2547.15</ele>
  </trkpt>
  <trkpt lat="-7.96257617" lon="112.47360438">
   <ele>2543.786</ele>
  </trkpt>
  <trkpt lat="-7.96260945" lon="112.47365383">
   <ele>2545.708</ele>
  </trkpt>
  <trkpt lat="-7.96264515" lon="112.47370915">
   <ele>2545.228</ele>
  </trkpt>
  <trkpt lat="-7.96267793" lon="112.47373782">
   <ele>2543.305</ele>
  </trkpt>
  <trkpt lat="-7.96277264" lon="112.47375123">
   <ele>2541.383</ele>
  </trkpt>
  <trkpt lat="-7.96284246" lon="112.47380488">
   <ele>2538.979</ele>
  </trkpt>
  <trkpt lat="-7.96286794" lon="112.47388534">
   <ele>2539.46</ele>
  </trkpt>
  <trkpt lat="-7.96285034" lon="112.47400294">
   <ele>2539.94</ele>
  </trkpt>
  <trkpt lat="-7.96281924" lon="112.47408978">
   <ele>2538.979</ele>
  </trkpt>
  <trkpt lat="-7.96284833" lon="112.47413462">
   <ele>2539.94</ele>
  </trkpt>
  <trkpt lat="-7.96281137" lon="112.47423629">
   <ele>2538.979</ele>
  </trkpt>
  <trkpt lat="-7.96278840" lon="112.47431508">
   <ele>2540.421</ele>
  </trkpt>
  <trkpt lat="-7.96280072" lon="112.47432875">
   <ele>2533.692</ele>
  </trkpt>
  <trkpt lat="-7.96282687" lon="112.47438448">
   <ele>2527.443</ele>
  </trkpt>
  <trkpt lat="-7.96288177" lon="112.47447543">
   <ele>2527.443</ele>
  </trkpt>
  <trkpt lat="-7.96292427" lon="112.47455263">
   <ele>2525.04</ele>
  </trkpt>
  <trkpt lat="-7.96296258" lon="112.47464684">
   <ele>2526.482</ele>
  </trkpt>
  <trkpt lat="-7.96299149" lon="112.47476167">
   <ele>2528.405</ele>
  </trkpt>
  <trkpt lat="-7.96307699" lon="112.47485404">
   <ele>2528.405</ele>
  </trkpt>
  <trkpt lat="-7.96314647" lon="112.47492445">
   <ele>2526.963</ele>
  </trkpt>
  <trkpt lat="-7.96314916" lon="112.47499796">
   <ele>2526.482</ele>
  </trkpt>
  <trkpt lat="-7.96319014" lon="112.47504733">
   <ele>2526.001</ele>
  </trkpt>
  <trkpt lat="-7.96318503" lon="112.47509108">
   <ele>2527.443</ele>
  </trkpt>
  <trkpt lat="-7.96319308" lon="112.47508479">
   <ele>2527.443</ele>
  </trkpt>
  <trkpt lat="-7.96318092" lon="112.47508035">
   <ele>2528.405</ele>
  </trkpt>
  <trkpt lat="-7.96318009" lon="112.47507666">
   <ele>2529.847</ele>
  </trkpt>
  <trkpt lat="-7.96318528" lon="112.47507499">
   <ele>2531.289</ele>
  </trkpt>
  <trkpt lat="-7.96319174" lon="112.47508035">
   <ele>2531.289</ele>
  </trkpt>
  <trkpt lat="-7.96318922" lon="112.47509116">
   <ele>2531.289</ele>
  </trkpt>
  <trkpt lat="-7.96320079" lon="112.47508538">
   <ele>2531.289</ele>
  </trkpt>
  <trkpt lat="-7.96318872" lon="112.47509737">
   <ele>2531.289</ele>
  </trkpt>
  <trkpt lat="-7.96317145" lon="112.47511178">
   <ele>2535.134</ele>
  </trkpt>
  <trkpt lat="-7.96319207" lon="112.47509552">
   <ele>2532.25</ele>
  </trkpt>
  <trkpt lat="-7.96317816" lon="112.47509460">
   <ele>2528.885</ele>
  </trkpt>
  <trkpt lat="-7.96318595" lon="112.47507859">
   <ele>2531.289</ele>
  </trkpt>
  <trkpt lat="-7.96317564" lon="112.47509066">
   <ele>2530.327</ele>
  </trkpt>
  <trkpt lat="-7.96318679" lon="112.47508337">
   <ele>2530.327</ele>
  </trkpt>
  <trkpt lat="-7.96318495" lon="112.47508588">
   <ele>2528.885</ele>
  </trkpt>
  <trkpt lat="-7.96321722" lon="112.47505386">
   <ele>2530.327</ele>
  </trkpt>
  <trkpt lat="-7.96324186" lon="112.47505646">
   <ele>2527.443</ele>
  </trkpt>
  <trkpt lat="-7.96321085" lon="112.47504456">
   <ele>2526.963</ele>
  </trkpt>
  <trkpt lat="-7.96317782" lon="112.47507742">
   <ele>2526.963</ele>
  </trkpt>
  <trkpt lat="-7.96317707" lon="112.47509846">
   <ele>2524.56</ele>
  </trkpt>
  <trkpt lat="-7.96317732" lon="112.47511874">
   <ele>2522.637</ele>
  </trkpt>
  <trkpt lat="-7.96321118" lon="112.47520407">
   <ele>2521.675</ele>
  </trkpt>
  <trkpt lat="-7.96330079" lon="112.47527213">
   <ele>2523.598</ele>
  </trkpt>
  <trkpt lat="-7.96336667" lon="112.47530716">
   <ele>2517.349</ele>
  </trkpt>
  <trkpt lat="-7.96344537" lon="112.47535888">
   <ele>2513.985</ele>
  </trkpt>
  <trkpt lat="-7.96352349" lon="112.47541286">
   <ele>2515.907</ele>
  </trkpt>
  <trkpt lat="-7.96359256" lon="112.47538973">
   <ele>2516.869</ele>
  </trkpt>
  <trkpt lat="-7.96362123" lon="112.47537246">
   <ele>2516.388</ele>
  </trkpt>
  <trkpt lat="-7.96366313" lon="112.47536073">
   <ele>2511.582</ele>
  </trkpt>
  <trkpt lat="-7.96371628" lon="112.47535226">
   <ele>2505.813</ele>
  </trkpt>
  <trkpt lat="-7.96376497" lon="112.47537799">
   <ele>2501.968</ele>
  </trkpt>
  <trkpt lat="-7.96380085" lon="112.47543314">
   <ele>2500.046</ele>
  </trkpt>
  <trkpt lat="-7.96380487" lon="112.47548092">
   <ele>2497.162</ele>
  </trkpt>
  <trkpt lat="-7.96385475" lon="112.47550422">
   <ele>2495.72</ele>
  </trkpt>
  <trkpt lat="-7.96387704" lon="112.47555535">
   <ele>2493.797</ele>
  </trkpt>
  <trkpt lat="-7.96391157" lon="112.47559232">
   <ele>2491.394</ele>
  </trkpt>
  <trkpt lat="-7.96395382" lon="112.47562543">
   <ele>2491.394</ele>
  </trkpt>
  <trkpt lat="-7.96398483" lon="112.47563808">
   <ele>2492.836</ele>
  </trkpt>
  <trkpt lat="-7.96399673" lon="112.47565116">
   <ele>2490.913</ele>
  </trkpt>
  <trkpt lat="-7.96403680" lon="112.47565434">
   <ele>2488.029</ele>
  </trkpt>
  <trkpt lat="-7.96408089" lon="112.47568427">
   <ele>2483.703</ele>
  </trkpt>
  <trkpt lat="-7.96410427" lon="112.47573037">
   <ele>2482.742</ele>
  </trkpt>
  <trkpt lat="-7.96416010" lon="112.47578502">
   <ele>2476.974</ele>
  </trkpt>
  <trkpt lat="-7.96421366" lon="112.47586272">
   <ele>2479.858</ele>
  </trkpt>
  <trkpt lat="-7.96426412" lon="112.47591175">
   <ele>2480.339</ele>
  </trkpt>
  <trkpt lat="-7.96432237" lon="112.47594042">
   <ele>2476.013</ele>
  </trkpt>
  <trkpt lat="-7.96435623" lon="112.47598819">
   <ele>2478.416</ele>
  </trkpt>
  <trkpt lat="-7.96436353" lon="112.47599658">
   <ele>2480.339</ele>
  </trkpt>
  <trkpt lat="-7.96447425" lon="112.47605902">
   <ele>2479.858</ele>
  </trkpt>
  <trkpt lat="-7.96458623" lon="112.47612666">
   <ele>2480.82</ele>
  </trkpt>
  <trkpt lat="-7.96468489" lon="112.47619246">
   <ele>2479.858</ele>
  </trkpt>
  <trkpt lat="-7.96476619" lon="112.47626999">
   <ele>2479.858</ele>
  </trkpt>
  <trkpt lat="-7.96486904" lon="112.47629397">
   <ele>2480.82</ele>
  </trkpt>
  <trkpt lat="-7.96493249" lon="112.47630092">
   <ele>2482.261</ele>
  </trkpt>
  <trkpt lat="-7.96497842" lon="112.47627905">
   <ele>2482.742</ele>
  </trkpt>
  <trkpt lat="-7.96499309" lon="112.47626329">
   <ele>2482.261</ele>
  </trkpt>
  <trkpt lat="-7.96504917" lon="112.47628466">
   <ele>2482.742</ele>
  </trkpt>
  <trkpt lat="-7.96516140" lon="112.47628366">
   <ele>2485.626</ele>
  </trkpt>
  <trkpt lat="-7.96528562" lon="112.47630218">
   <ele>2488.029</ele>
  </trkpt>
  <trkpt lat="-7.96537707" lon="112.47631534">
   <ele>2490.913</ele>
  </trkpt>
  <trkpt lat="-7.96546566" lon="112.47630277">
   <ele>2493.797</ele>
  </trkpt>
  <trkpt lat="-7.96553565" lon="112.47631006">
   <ele>2497.643</ele>
  </trkpt>
  <trkpt lat="-7.96554009" lon="112.47629967">
   <ele>2499.565</ele>
  </trkpt>
  <trkpt lat="-7.96557882" lon="112.47628919">
   <ele>2501.968</ele>
  </trkpt>
  <trkpt lat="-7.96562534" lon="112.47631836">
   <ele>2504.852</ele>
  </trkpt>
  <trkpt lat="-7.96567840" lon="112.47631073">
   <ele>2508.698</ele>
  </trkpt>
  <trkpt lat="-7.96573455" lon="112.47628106">
   <ele>2511.582</ele>
  </trkpt>
  <trkpt lat="-7.96575719" lon="112.47630193">
   <ele>2513.024</ele>
  </trkpt>
  <trkpt lat="-7.96584017" lon="112.47630813">
   <ele>2518.792</ele>
  </trkpt>
  <trkpt lat="-7.96588786" lon="112.47630662">
   <ele>2523.598</ele>
  </trkpt>
  <trkpt lat="-7.96594569" lon="112.47628709">
   <ele>2527.443</ele>
  </trkpt>
  <trkpt lat="-7.96597294" lon="112.47630344">
   <ele>2528.885</ele>
  </trkpt>
  <trkpt lat="-7.96602105" lon="112.47631065">
   <ele>2531.289</ele>
  </trkpt>
  <trkpt lat="-7.96605759" lon="112.47633068">
   <ele>2532.73</ele>
  </trkpt>
  <trkpt lat="-7.96610294" lon="112.47634493">
   <ele>2535.615</ele>
  </trkpt>
  <trkpt lat="-7.96613923" lon="112.47635717">
   <ele>2540.902</ele>
  </trkpt>
  <trkpt lat="-7.96616614" lon="112.47638122">
   <ele>2539.94</ele>
  </trkpt>
  <trkpt lat="-7.96622263" lon="112.47646638">
   <ele>2541.863</ele>
  </trkpt>
  <trkpt lat="-7.96631978" lon="112.47651726">
   <ele>2544.747</ele>
  </trkpt>
  <trkpt lat="-7.96641508" lon="112.47657543">
   <ele>2547.15</ele>
  </trkpt>
  <trkpt lat="-7.96646898" lon="112.47659588">
   <ele>2549.073</ele>
  </trkpt>
  <trkpt lat="-7.96646998" lon="112.47661399">
   <ele>2550.996</ele>
  </trkpt>
  <trkpt lat="-7.96648976" lon="112.47659999">
   <ele>2550.034</ele>
  </trkpt>
  <trkpt lat="-7.96647744" lon="112.47659907">
   <ele>2550.515</ele>
  </trkpt>
  <trkpt lat="-7.96648943" lon="112.47658566">
   <ele>2550.034</ele>
  </trkpt>
  <trkpt lat="-7.96653989" lon="112.47657082">
   <ele>2549.554</ele>
  </trkpt>
  <trkpt lat="-7.96660066" lon="112.47651885">
   <ele>2545.708</ele>
  </trkpt>
  <trkpt lat="-7.96665522" lon="112.47643352">
   <ele>2550.515</ele>
  </trkpt>
  <trkpt lat="-7.96673728" lon="112.47637426">
   <ele>2551.476</ele>
  </trkpt>
  <trkpt lat="-7.96681833" lon="112.47632942">
   <ele>2550.996</ele>
  </trkpt>
  <trkpt lat="-7.96688472" lon="112.47629724">
   <ele>2551.957</ele>
  </trkpt>
  <trkpt lat="-7.96695244" lon="112.47625985">
   <ele>2549.073</ele>
  </trkpt>
  <trkpt lat="-7.96704004" lon="112.47624904">
   <ele>2550.034</ele>
  </trkpt>
  <trkpt lat="-7.96711028" lon="112.47617863">
   <ele>2549.073</ele>
  </trkpt>
  <trkpt lat="-7.96718965" lon="112.47611484">
   <ele>2553.399</ele>
  </trkpt>
  <trkpt lat="-7.96725134" lon="112.47607813">
   <ele>2551.476</ele>
  </trkpt>
  <trkpt lat="-7.96735855" lon="112.47600119">
   <ele>2551.957</ele>
  </trkpt>
  <trkpt lat="-7.96744714" lon="112.47587915">
   <ele>2557.725</ele>
  </trkpt>
  <trkpt lat="-7.96756977" lon="112.47577412">
   <ele>2559.167</ele>
  </trkpt>
  <trkpt lat="-7.96767614" lon="112.47565736">
   <ele>2560.128</ele>
  </trkpt>
  <trkpt lat="-7.96778963" lon="112.47557396">
   <ele>2560.609</ele>
  </trkpt>
  <trkpt lat="-7.96792047" lon="112.47547262">
   <ele>2563.012</ele>
  </trkpt>
  <trkpt lat="-7.96799708" lon="112.47536500">
   <ele>2563.973</ele>
  </trkpt>
  <trkpt lat="-7.96811149" lon="112.47525503">
   <ele>2565.416</ele>
  </trkpt>
  <trkpt lat="-7.96821199" lon="112.47514757">
   <ele>2565.896</ele>
  </trkpt>
  <trkpt lat="-7.96835960" lon="112.47509049">
   <ele>2566.377</ele>
  </trkpt>
  <trkpt lat="-7.96840956" lon="112.47506325">
   <ele>2564.454</ele>
  </trkpt>
  <trkpt lat="-7.96848935" lon="112.47504045">
   <ele>2563.493</ele>
  </trkpt>
  <trkpt lat="-7.96857887" lon="112.47504297">
   <ele>2562.051</ele>
  </trkpt>
  <trkpt lat="-7.96857619" lon="112.47504397">
   <ele>2561.09</ele>
  </trkpt>
  <trkpt lat="-7.96856303" lon="112.47502654">
   <ele>2561.09</ele>
  </trkpt>
  <trkpt lat="-7.96855733" lon="112.47503266">
   <ele>2558.686</ele>
  </trkpt>
  <trkpt lat="-7.96858247" lon="112.47506937">
   <ele>2563.012</ele>
  </trkpt>
  <trkpt lat="-7.96857744" lon="112.47503852">
   <ele>2562.531</ele>
  </trkpt>
  <trkpt lat="-7.96857216" lon="112.47504749">
   <ele>2564.454</ele>
  </trkpt>
  <trkpt lat="-7.96857250" lon="112.47504313">
   <ele>2563.973</ele>
  </trkpt>
  <trkpt lat="-7.96856512" lon="112.47506124">
   <ele>2564.935</ele>
  </trkpt>
  <trkpt lat="-7.96857015" lon="112.47508219">
   <ele>2567.338</ele>
  </trkpt>
  <trkpt lat="-7.96854425" lon="112.47502545">
   <ele>2560.609</ele>
  </trkpt>
  <trkpt lat="-7.96857057" lon="112.47502067">
   <ele>2563.012</ele>
  </trkpt>
  <trkpt lat="-7.96858340" lon="112.47503148">
   <ele>2563.493</ele>
  </trkpt>
  <trkpt lat="-7.96864467" lon="112.47501330">
   <ele>2562.531</ele>
  </trkpt>
  <trkpt lat="-7.96863327" lon="112.47499896">
   <ele>2564.454</ele>
  </trkpt>
  <trkpt lat="-7.96861743" lon="112.47499326">
   <ele>2561.57</ele>
  </trkpt>
  <trkpt lat="-7.96856236" lon="112.47503425">
   <ele>2558.686</ele>
  </trkpt>
  <trkpt lat="-7.96858574" lon="112.47504883">
   <ele>2558.206</ele>
  </trkpt>
  <trkpt lat="-7.96862723" lon="112.47507473">
   <ele>2562.051</ele>
  </trkpt>
  <trkpt lat="-7.96876763" lon="112.47516995">
   <ele>2565.896</ele>
  </trkpt>
  <trkpt lat="-7.96887408" lon="112.47523793">
   <ele>2572.145</ele>
  </trkpt>
  <trkpt lat="-7.96892789" lon="112.47531865">
   <ele>2576.471</ele>
  </trkpt>
  <trkpt lat="-7.96894063" lon="112.47536743">
   <ele>2579.835</ele>
  </trkpt>
  <trkpt lat="-7.96898657" lon="112.47541504">
   <ele>2584.161</ele>
  </trkpt>
  <trkpt lat="-7.96898397" lon="112.47543516">
   <ele>2585.603</ele>
  </trkpt>
  <trkpt lat="-7.96907223" lon="112.47551654">
   <ele>2589.929</ele>
  </trkpt>
  <trkpt lat="-7.96906586" lon="112.47551084">
   <ele>2594.255</ele>
  </trkpt>
  <trkpt lat="-7.96908782" lon="112.47552417">
   <ele>2593.774</ele>
  </trkpt>
  <trkpt lat="-7.96910333" lon="112.47554798">
   <ele>2592.813</ele>
  </trkpt>
  <trkpt lat="-7.96912914" lon="112.47559978">
   <ele>2591.852</ele>
  </trkpt>
  <trkpt lat="-7.96922931" lon="112.47567748">
   <ele>2589.929</ele>
  </trkpt>
  <trkpt lat="-7.96930315" lon="112.47562526">
   <ele>2586.564</ele>
  </trkpt>
  <trkpt lat="-7.96938345" lon="112.47560338">
   <ele>2581.277</ele>
  </trkpt>
  <trkpt lat="-7.96939619" lon="112.47559424">
   <ele>2575.99</ele>
  </trkpt>
  <trkpt lat="-7.96945637" lon="112.47555292">
   <ele>2590.41</ele>
  </trkpt>
  <trkpt lat="-7.96954262" lon="112.47554714">
   <ele>2583.2</ele>
  </trkpt>
  <trkpt lat="-7.96969274" lon="112.47555074">
   <ele>2584.642</ele>
  </trkpt>
  <trkpt lat="-7.96978620" lon="112.47555225">
   <ele>2588.968</ele>
  </trkpt>
  <trkpt lat="-7.96986608" lon="112.47559215">
   <ele>2588.968</ele>
  </trkpt>
  <trkpt lat="-7.96995107" lon="112.47557363">
   <ele>2588.968</ele>
  </trkpt>
  <trkpt lat="-7.97001285" lon="112.47556533">
   <ele>2590.41</ele>
  </trkpt>
  <trkpt lat="-7.97009993" lon="112.47557044">
   <ele>2588.487</ele>
  </trkpt>
  <trkpt lat="-7.97016364" lon="112.47553582">
   <ele>2592.333</ele>
  </trkpt>
  <trkpt lat="-7.97019205" lon="112.47553859">
   <ele>2593.774</ele>
  </trkpt>
  <trkpt lat="-7.97027168" lon="112.47553607">
   <ele>2594.255</ele>
  </trkpt>
  <trkpt lat="-7.97035902" lon="112.47553130">
   <ele>2597.139</ele>
  </trkpt>
  <trkpt lat="-7.97046388" lon="112.47556977">
   <ele>2593.774</ele>
  </trkpt>
  <trkpt lat="-7.97056144" lon="112.47560958">
   <ele>2597.62</ele>
  </trkpt>
  <trkpt lat="-7.97055189" lon="112.47558679">
   <ele>2594.255</ele>
  </trkpt>
  <trkpt lat="-7.97055759" lon="112.47564605">
   <ele>2598.1</ele>
  </trkpt>
  <trkpt lat="-7.97063168" lon="112.47570380">
   <ele>2597.139</ele>
  </trkpt>
  <trkpt lat="-7.97063638" lon="112.47566549">
   <ele>2597.139</ele>
  </trkpt>
  <trkpt lat="-7.97071206" lon="112.47571184">
   <ele>2598.1</ele>
  </trkpt>
  <trkpt lat="-7.97079454" lon="112.47573992">
   <ele>2601.465</ele>
  </trkpt>
  <trkpt lat="-7.97088909" lon="112.47572852">
   <ele>2597.139</ele>
  </trkpt>
  <trkpt lat="-7.97097358" lon="112.47572492">
   <ele>2594.255</ele>
  </trkpt>
  <trkpt lat="-7.97104348" lon="112.47576213">
   <ele>2592.333</ele>
  </trkpt>
  <trkpt lat="-7.97109235" lon="112.47574545">
   <ele>2596.178</ele>
  </trkpt>
  <trkpt lat="-7.97116754" lon="112.47574143">
   <ele>2597.62</ele>
  </trkpt>
  <trkpt lat="-7.97124582" lon="112.47575082">
   <ele>2595.697</ele>
  </trkpt>
  <trkpt lat="-7.97125563" lon="112.47576482">
   <ele>2593.294</ele>
  </trkpt>
  <trkpt lat="-7.97128354" lon="112.47575895">
   <ele>2590.41</ele>
  </trkpt>
  <trkpt lat="-7.97131875" lon="112.47579784">
   <ele>2587.526</ele>
  </trkpt>
  <trkpt lat="-7.97133576" lon="112.47583548">
   <ele>2582.719</ele>
  </trkpt>
  <trkpt lat="-7.97137532" lon="112.47589700">
   <ele>2582.239</ele>
  </trkpt>
  <trkpt lat="-7.97141413" lon="112.47592826">
   <ele>2580.316</ele>
  </trkpt>
  <trkpt lat="-7.97141120" lon="112.47596523">
   <ele>2582.239</ele>
  </trkpt>
  <trkpt lat="-7.97140592" lon="112.47600974">
   <ele>2578.874</ele>
  </trkpt>
  <trkpt lat="-7.97145495" lon="112.47603748">
   <ele>2579.354</ele>
  </trkpt>
  <trkpt lat="-7.97148412" lon="112.47603857">
   <ele>2576.471</ele>
  </trkpt>
  <trkpt lat="-7.97152863" lon="112.47606665">
   <ele>2577.913</ele>
  </trkpt>
  <trkpt lat="-7.97160239" lon="112.47609875">
   <ele>2573.587</ele>
  </trkpt>
  <trkpt lat="-7.97158638" lon="112.47607537">
   <ele>2574.067</ele>
  </trkpt>
  <trkpt lat="-7.97164472" lon="112.47606732">
   <ele>2570.703</ele>
  </trkpt>
  <trkpt lat="-7.97171320" lon="112.47612926">
   <ele>2571.664</ele>
  </trkpt>
  <trkpt lat="-7.97176014" lon="112.47619305">
   <ele>2575.029</ele>
  </trkpt>
  <trkpt lat="-7.97182376" lon="112.47623890">
   <ele>2583.2</ele>
  </trkpt>
  <trkpt lat="-7.97189089" lon="112.47628173">
   <ele>2588.487</ele>
  </trkpt>
  <trkpt lat="-7.97197865" lon="112.47638944">
   <ele>2601.465</ele>
  </trkpt>
  <trkpt lat="-7.97197572" lon="112.47629749">
   <ele>2578.874</ele>
  </trkpt>
  <trkpt lat="-7.97205845" lon="112.47635842">
   <ele>2591.371</ele>
  </trkpt>
  <trkpt lat="-7.97207555" lon="112.47636219">
   <ele>2593.294</ele>
  </trkpt>
  <trkpt lat="-7.97211193" lon="112.47637519">
   <ele>2597.139</ele>
  </trkpt>
  <trkpt lat="-7.97214353" lon="112.47640067">
   <ele>2604.349</ele>
  </trkpt>
  <trkpt lat="-7.97213925" lon="112.47640369">
   <ele>2605.791</ele>
  </trkpt>
  <trkpt lat="-7.97218703" lon="112.47642053">
   <ele>2611.078</ele>
  </trkpt>
  <trkpt lat="-7.97222366" lon="112.47642447">
   <ele>2596.178</ele>
  </trkpt>
  <trkpt lat="-7.97219122" lon="112.47642154">
   <ele>2591.852</ele>
  </trkpt>
  <trkpt lat="-7.97219583" lon="112.47642539">
   <ele>2590.89</ele>
  </trkpt>
  <trkpt lat="-7.97222659" lon="112.47644166">
   <ele>2591.371</ele>
  </trkpt>
  <trkpt lat="-7.97228409" lon="112.47650217">
   <ele>2592.333</ele>
  </trkpt>
  <trkpt lat="-7.97233128" lon="112.47651818">
   <ele>2588.487</ele>
  </trkpt>
  <trkpt lat="-7.97227428" lon="112.47650687">
   <ele>2605.31</ele>
  </trkpt>
  <trkpt lat="-7.97229482" lon="112.47652120">
   <ele>2597.62</ele>
  </trkpt>
  <trkpt lat="-7.97232290" lon="112.47654299">
   <ele>2607.232</ele>
  </trkpt>
  <trkpt lat="-7.97235584" lon="112.47652715">
   <ele>2604.349</ele>
  </trkpt>
  <trkpt lat="-7.97235492" lon="112.47652438">
   <ele>2604.349</ele>
  </trkpt>
  <trkpt lat="-7.97235039" lon="112.47651667">
   <ele>2611.078</ele>
  </trkpt>
  <trkpt lat="-7.97235123" lon="112.47654886">
   <ele>2607.713</ele>
  </trkpt>
  <trkpt lat="-7.97234687" lon="112.47655489">
   <ele>2602.907</ele>
  </trkpt>
  <trkpt lat="-7.97235483" lon="112.47654718">
   <ele>2606.271</ele>
  </trkpt>
  <trkpt lat="-7.97240152" lon="112.47657912">
   <ele>2609.636</ele>
  </trkpt>
  <trkpt lat="-7.97240982" lon="112.47657208">
   <ele>2608.675</ele>
  </trkpt>
  <trkpt lat="-7.97242365" lon="112.47659286">
   <ele>2605.791</ele>
  </trkpt>
  <trkpt lat="-7.97242776" lon="112.47659018">
   <ele>2605.791</ele>
  </trkpt>
  <trkpt lat="-7.97240286" lon="112.47659463">
   <ele>2612.52</ele>
  </trkpt>
  <trkpt lat="-7.97242424" lon="112.47657719">
   <ele>2608.675</ele>
  </trkpt>
  <trkpt lat="-7.97246346" lon="112.47659580">
   <ele>2610.597</ele>
  </trkpt>
  <trkpt lat="-7.97249280" lon="112.47664894">
   <ele>2611.559</ele>
  </trkpt>
  <trkpt lat="-7.97248492" lon="112.47668683">
   <ele>2614.443</ele>
  </trkpt>
  <trkpt lat="-7.97249867" lon="112.47669982">
   <ele>2612.52</ele>
  </trkpt>
  <trkpt lat="-7.97249573" lon="112.47669672">
   <ele>2610.117</ele>
  </trkpt>
  <trkpt lat="-7.97250822" lon="112.47668607">
   <ele>2607.713</ele>
  </trkpt>
  <trkpt lat="-7.97249456" lon="112.47671566">
   <ele>2609.155</ele>
  </trkpt>
  <trkpt lat="-7.97247243" lon="112.47672027">
   <ele>2613.481</ele>
  </trkpt>
  <trkpt lat="-7.97246975" lon="112.47677048">
   <ele>2612.04</ele>
  </trkpt>
  <trkpt lat="-7.97245785" lon="112.47678406">
   <ele>2615.404</ele>
  </trkpt>
  <trkpt lat="-7.97246346" lon="112.47678355">
   <ele>2615.404</ele>
  </trkpt>
  <trkpt lat="-7.97246665" lon="112.47676997">
   <ele>2616.846</ele>
  </trkpt>
  <trkpt lat="-7.97250453" lon="112.47671046">
   <ele>2615.885</ele>
  </trkpt>
  <trkpt lat="-7.97254292" lon="112.47670284">
   <ele>2614.923</ele>
  </trkpt>
  <trkpt lat="-7.97260964" lon="112.47668884">
   <ele>2613.001</ele>
  </trkpt>
  <trkpt lat="-7.97267385" lon="112.47668574">
   <ele>2606.752</ele>
  </trkpt>
  <trkpt lat="-7.97272850" lon="112.47667819">
   <ele>2602.426</ele>
  </trkpt>
  <trkpt lat="-7.97278474" lon="112.47670468">
   <ele>2597.62</ele>
  </trkpt>
  <trkpt lat="-7.97283185" lon="112.47672983">
   <ele>2597.139</ele>
  </trkpt>
  <trkpt lat="-7.97287183" lon="112.47676352">
   <ele>2595.697</ele>
  </trkpt>
  <trkpt lat="-7.97291483" lon="112.47678632">
   <ele>2597.139</ele>
  </trkpt>
  <trkpt lat="-7.97290930" lon="112.47678456">
   <ele>2596.178</ele>
  </trkpt>
  <trkpt lat="-7.97290963" lon="112.47679889">
   <ele>2601.945</ele>
  </trkpt>
  <trkpt lat="-7.97290963" lon="112.47677769">
   <ele>2598.1</ele>
  </trkpt>
  <trkpt lat="-7.97291424" lon="112.47678875">
   <ele>2598.1</ele>
  </trkpt>
  <trkpt lat="-7.97292313" lon="112.47678582">
   <ele>2597.139</ele>
  </trkpt>
  <trkpt lat="-7.97295154" lon="112.47678598">
   <ele>2596.658</ele>
  </trkpt>
  <trkpt lat="-7.97298063" lon="112.47680367">
   <ele>2596.658</ele>
  </trkpt>
  <trkpt lat="-7.97299856" lon="112.47680828">
   <ele>2594.255</ele>
  </trkpt>
  <trkpt lat="-7.97301005" lon="112.47677777">
   <ele>2593.294</ele>
  </trkpt>
  <trkpt lat="-7.97304366" lon="112.47676754">
   <ele>2591.852</ele>
  </trkpt>
  <trkpt lat="-7.97306696" lon="112.47676478">
   <ele>2589.929</ele>
  </trkpt>
  <trkpt lat="-7.97307023" lon="112.47673234">
   <ele>2579.835</ele>
  </trkpt>
  <trkpt lat="-7.97311415" lon="112.47669429">
   <ele>2574.548</ele>
  </trkpt>
  <trkpt lat="-7.97314919" lon="112.47668163">
   <ele>2576.951</ele>
  </trkpt>
  <trkpt lat="-7.97310904" lon="112.47671935">
   <ele>2573.106</ele>
  </trkpt>
  <trkpt lat="-7.97313762" lon="112.47667920">
   <ele>2575.029</ele>
  </trkpt>
  <trkpt lat="-7.97317903" lon="112.47666755">
   <ele>2572.625</ele>
  </trkpt>
  <trkpt lat="-7.97319512" lon="112.47668775">
   <ele>2572.145</ele>
  </trkpt>
  <trkpt lat="-7.97322404" lon="112.47665766">
   <ele>2567.819</ele>
  </trkpt>
  <trkpt lat="-7.97323175" lon="112.47668758">
   <ele>2566.857</ele>
  </trkpt>
  <trkpt lat="-7.97326729" lon="112.47666319">
   <ele>2569.261</ele>
  </trkpt>
  <trkpt lat="-7.97328648" lon="112.47668188">
   <ele>2564.454</ele>
  </trkpt>
  <trkpt lat="-7.97329612" lon="112.47663553">
   <ele>2563.973</ele>
  </trkpt>
  <trkpt lat="-7.97328958" lon="112.47660343">
   <ele>2562.051</ele>
  </trkpt>
  <trkpt lat="-7.97333778" lon="112.47655867">
   <ele>2563.012</ele>
  </trkpt>
  <trkpt lat="-7.97336259" lon="112.47652053">
   <ele>2563.973</ele>
  </trkpt>
  <trkpt lat="-7.97339058" lon="112.47649639">
   <ele>2563.973</ele>
  </trkpt>
  <trkpt lat="-7.97340198" lon="112.47651123">
   <ele>2561.57</ele>
  </trkpt>
  <trkpt lat="-7.97343945" lon="112.47652153">
   <ele>2560.128</ele>
  </trkpt>
  <trkpt lat="-7.97347340" lon="112.47650209">
   <ele>2558.686</ele>
  </trkpt>
  <trkpt lat="-7.97348673" lon="112.47650888">
   <ele>2556.764</ele>
  </trkpt>
  <trkpt lat="-7.97352729" lon="112.47648348">
   <ele>2549.554</ele>
  </trkpt>
  <trkpt lat="-7.97353953" lon="112.47646999">
   <ele>2549.554</ele>
  </trkpt>
  <trkpt lat="-7.97351782" lon="112.47644920">
   <ele>2555.322</ele>
  </trkpt>
  <trkpt lat="-7.97355353" lon="112.47646010">
   <ele>2551.957</ele>
  </trkpt>
  <trkpt lat="-7.97362268" lon="112.47645934">
   <ele>2553.399</ele>
  </trkpt>
  <trkpt lat="-7.97365922" lon="112.47647049">
   <ele>2550.996</ele>
  </trkpt>
  <trkpt lat="-7.97370574" lon="112.47646806">
   <ele>2550.996</ele>
  </trkpt>
  <trkpt lat="-7.97375084" lon="112.47644124">
   <ele>2544.266</ele>
  </trkpt>
  <trkpt lat="-7.97380406" lon="112.47642288">
   <ele>2543.305</ele>
  </trkpt>
  <trkpt lat="-7.97384907" lon="112.47640436">
   <ele>2541.383</ele>
  </trkpt>
  <trkpt lat="-7.97388906" lon="112.47641274">
   <ele>2539.94</ele>
  </trkpt>
  <trkpt lat="-7.97394639" lon="112.47638944">
   <ele>2544.747</ele>
  </trkpt>
  <trkpt lat="-7.97396692" lon="112.47637929">
   <ele>2539.46</ele>
  </trkpt>
  <trkpt lat="-7.97400498" lon="112.47638726">
   <ele>2534.653</ele>
  </trkpt>
  <trkpt lat="-7.97403616" lon="112.47633873">
   <ele>2536.576</ele>
  </trkpt>
  <trkpt lat="-7.97408385" lon="112.47631442">
   <ele>2533.692</ele>
  </trkpt>
  <trkpt lat="-7.97413037" lon="112.47626337">
   <ele>2534.173</ele>
  </trkpt>
  <trkpt lat="-7.97415392" lon="112.47623018">
   <ele>2539.46</ele>
  </trkpt>
  <trkpt lat="-7.97419189" lon="112.47621082">
   <ele>2542.344</ele>
  </trkpt>
  <trkpt lat="-7.97420925" lon="112.47622490">
   <ele>2534.173</ele>
  </trkpt>
  <trkpt lat="-7.97426012" lon="112.47622515">
   <ele>2534.653</ele>
  </trkpt>
  <trkpt lat="-7.97432165" lon="112.47624812">
   <ele>2532.73</ele>
  </trkpt>
  <trkpt lat="-7.97439524" lon="112.47627695">
   <ele>2532.25</ele>
  </trkpt>
  <trkpt lat="-7.97442533" lon="112.47627418">
   <ele>2534.653</ele>
  </trkpt>
  <trkpt lat="-7.97447277" lon="112.47627812">
   <ele>2538.018</ele>
  </trkpt>
  <trkpt lat="-7.97452633" lon="112.47629506">
   <ele>2541.383</ele>
  </trkpt>
  <trkpt lat="-7.97456522" lon="112.47633236">
   <ele>2539.94</ele>
  </trkpt>
  <trkpt lat="-7.97463857" lon="112.47639178">
   <ele>2542.824</ele>
  </trkpt>
  <trkpt lat="-7.97471887" lon="112.47640570">
   <ele>2547.631</ele>
  </trkpt>
  <trkpt lat="-7.97479087" lon="112.47644467">
   <ele>2550.034</ele>
  </trkpt>
  <trkpt lat="-7.97485826" lon="112.47643939">
   <ele>2553.399</ele>
  </trkpt>
  <trkpt lat="-7.97491760" lon="112.47648055">
   <ele>2556.764</ele>
  </trkpt>
  <trkpt lat="-7.97494945" lon="112.47652598">
   <ele>2557.244</ele>
  </trkpt>
  <trkpt lat="-7.97498407" lon="112.47650988">
   <ele>2556.283</ele>
  </trkpt>
  <trkpt lat="-7.97504165" lon="112.47652070">
   <ele>2560.609</ele>
  </trkpt>
  <trkpt lat="-7.97504727" lon="112.47650846">
   <ele>2562.051</ele>
  </trkpt>
  <trkpt lat="-7.97505263" lon="112.47653629">
   <ele>2564.454</ele>
  </trkpt>
  <trkpt lat="-7.97505800" lon="112.47653503">
   <ele>2565.416</ele>
  </trkpt>
  <trkpt lat="-7.97509018" lon="112.47655573">
   <ele>2567.338</ele>
  </trkpt>
  <trkpt lat="-7.97511248" lon="112.47660158">
   <ele>2570.222</ele>
  </trkpt>
  <trkpt lat="-7.97513134" lon="112.47661642">
   <ele>2569.741</ele>
  </trkpt>
  <trkpt lat="-7.97515967" lon="112.47665070">
   <ele>2566.857</ele>
  </trkpt>
  <trkpt lat="-7.97521348" lon="112.47670929">
   <ele>2568.78</ele>
  </trkpt>
  <trkpt lat="-7.97526495" lon="112.47675036">
   <ele>2570.222</ele>
  </trkpt>
  <trkpt lat="-7.97526897" lon="112.47678548">
   <ele>2571.183</ele>
  </trkpt>
  <trkpt lat="-7.97525967" lon="112.47683988">
   <ele>2569.741</ele>
  </trkpt>
  <trkpt lat="-7.97527157" lon="112.47684122">
   <ele>2569.741</ele>
  </trkpt>
  <trkpt lat="-7.97527995" lon="112.47685455">
   <ele>2570.222</ele>
  </trkpt>
  <trkpt lat="-7.97527165" lon="112.47686234">
   <ele>2569.261</ele>
  </trkpt>
  <trkpt lat="-7.97527718" lon="112.47685639">
   <ele>2570.703</ele>
  </trkpt>
  <trkpt lat="-7.97528146" lon="112.47684499">
   <ele>2570.222</ele>
  </trkpt>
  <trkpt lat="-7.97528733" lon="112.47683879">
   <ele>2574.067</ele>
  </trkpt>
  <trkpt lat="-7.97528707" lon="112.47684105">
   <ele>2575.509</ele>
  </trkpt>
  <trkpt lat="-7.97529395" lon="112.47685078">
   <ele>2575.029</ele>
  </trkpt>
  <trkpt lat="-7.97528137" lon="112.47686469">
   <ele>2574.548</ele>
  </trkpt>
  <trkpt lat="-7.97527459" lon="112.47684365">
   <ele>2572.625</ele>
  </trkpt>
  <trkpt lat="-7.97527157" lon="112.47684558">
   <ele>2572.145</ele>
  </trkpt>
  <trkpt lat="-7.97527383" lon="112.47685212">
   <ele>2574.067</ele>
  </trkpt>
  <trkpt lat="-7.97527324" lon="112.47686687">
   <ele>2574.067</ele>
  </trkpt>
  <trkpt lat="-7.97525698" lon="112.47681758">
   <ele>2567.338</ele>
  </trkpt>
  <trkpt lat="-7.97526754" lon="112.47686117">
   <ele>2573.587</ele>
  </trkpt>
  <trkpt lat="-7.97527685" lon="112.47687634">
   <ele>2574.548</ele>
  </trkpt>
  <trkpt lat="-7.97528154" lon="112.47686008">
   <ele>2576.471</ele>
  </trkpt>
  <trkpt lat="-7.97528196" lon="112.47684885">
   <ele>2576.951</ele>
  </trkpt>
  <trkpt lat="-7.97527442" lon="112.47684374">
   <ele>2575.509</ele>
  </trkpt>
  <trkpt lat="-7.97526218" lon="112.47683242">
   <ele>2572.625</ele>
  </trkpt>
  <trkpt lat="-7.97526143" lon="112.47682764">
   <ele>2574.548</ele>
  </trkpt>
  <trkpt lat="-7.97527282" lon="112.47683795">
   <ele>2573.587</ele>
  </trkpt>
  <trkpt lat="-7.97527928" lon="112.47685404">
   <ele>2572.625</ele>
  </trkpt>
  <trkpt lat="-7.97526059" lon="112.47683653">
   <ele>2574.067</ele>
  </trkpt>
  <trkpt lat="-7.97527635" lon="112.47683544">
   <ele>2574.067</ele>
  </trkpt>
  <trkpt lat="-7.97529252" lon="112.47683125">
   <ele>2574.067</ele>
  </trkpt>
  <trkpt lat="-7.97527945" lon="112.47683418">
   <ele>2573.106</ele>
  </trkpt>
  <trkpt lat="-7.97525799" lon="112.47682756">
   <ele>2574.067</ele>
  </trkpt>
  <trkpt lat="-7.97526352" lon="112.47682320">
   <ele>2572.625</ele>
  </trkpt>
  <trkpt lat="-7.97526914" lon="112.47682429">
   <ele>2572.625</ele>
  </trkpt>
  <trkpt lat="-7.97527626" lon="112.47684256">
   <ele>2572.145</ele>
  </trkpt>
  <trkpt lat="-7.97527576" lon="112.47685187">
   <ele>2572.625</ele>
  </trkpt>
  <trkpt lat="-7.97529009" lon="112.47686435">
   <ele>2575.029</ele>
  </trkpt>
  <trkpt lat="-7.97531306" lon="112.47683460">
   <ele>2575.029</ele>
  </trkpt>
  <trkpt lat="-7.97532530" lon="112.47681767">
   <ele>2571.664</ele>
  </trkpt>
  <trkpt lat="-7.97533670" lon="112.47679872">
   <ele>2570.703</ele>
  </trkpt>
  <trkpt lat="-7.97534323" lon="112.47676972">
   <ele>2573.587</ele>
  </trkpt>
  <trkpt lat="-7.97534030" lon="112.47678716">
   <ele>2571.183</ele>
  </trkpt>
  <trkpt lat="-7.97533209" lon="112.47681515">
   <ele>2571.664</ele>
  </trkpt>
  <trkpt lat="-7.97533963" lon="112.47680233">
   <ele>2571.183</ele>
  </trkpt>
  <trkpt lat="-7.97532253" lon="112.47684189">
   <ele>2571.664</ele>
  </trkpt>
  <trkpt lat="-7.97527400" lon="112.47682747">
   <ele>2571.183</ele>
  </trkpt>
  <trkpt lat="-7.97526386" lon="112.47682798">
   <ele>2571.664</ele>
  </trkpt>
  <trkpt lat="-7.97526956" lon="112.47684533">
   <ele>2574.548</ele>
  </trkpt>
  <trkpt lat="-7.97527844" lon="112.47685086">
   <ele>2573.587</ele>
  </trkpt>
  <trkpt lat="-7.97527693" lon="112.47686335">
   <ele>2574.067</ele>
  </trkpt>
  <trkpt lat="-7.97528766" lon="112.47684943">
   <ele>2572.145</ele>
  </trkpt>
  <trkpt lat="-7.97530359" lon="112.47684835">
   <ele>2570.703</ele>
  </trkpt>
  <trkpt lat="-7.97536829" lon="112.47685748">
   <ele>2572.145</ele>
  </trkpt>
  <trkpt lat="-7.97537819" lon="112.47688405">
   <ele>2570.703</ele>
  </trkpt>
  <trkpt lat="-7.97544667" lon="112.47693862">
   <ele>2569.261</ele>
  </trkpt>
  <trkpt lat="-7.97553593" lon="112.47696879">
   <ele>2568.78</ele>
  </trkpt>
  <trkpt lat="-7.97557323" lon="112.47696863">
   <ele>2568.299</ele>
  </trkpt>
  <trkpt lat="-7.97562193" lon="112.47697257">
   <ele>2566.377</ele>
  </trkpt>
  <trkpt lat="-7.97568178" lon="112.47699578">
   <ele>2563.493</ele>
  </trkpt>
  <trkpt lat="-7.97572955" lon="112.47700819">
   <ele>2563.012</ele>
  </trkpt>
  <trkpt lat="-7.97575294" lon="112.47705462">
   <ele>2560.609</ele>
  </trkpt>
  <trkpt lat="-7.97575856" lon="112.47703015">
   <ele>2556.764</ele>
  </trkpt>
  <trkpt lat="-7.97579426" lon="112.47701908">
   <ele>2555.802</ele>
  </trkpt>
  <trkpt lat="-7.97582310" lon="112.47702110">
   <ele>2554.841</ele>
  </trkpt>
  <trkpt lat="-7.97586828" lon="112.47703610">
   <ele>2552.438</ele>
  </trkpt>
  <trkpt lat="-7.97590633" lon="112.47702252">
   <ele>2549.073</ele>
  </trkpt>
  <trkpt lat="-7.97596425" lon="112.47702747">
   <ele>2547.15</ele>
  </trkpt>
  <trkpt lat="-7.97600507" lon="112.47702747">
   <ele>2545.708</ele>
  </trkpt>
  <trkpt lat="-7.97600876" lon="112.47701322">
   <ele>2538.979</ele>
  </trkpt>
  <trkpt lat="-7.97604379" lon="112.47703585">
   <ele>2538.018</ele>
  </trkpt>
  <trkpt lat="-7.97606978" lon="112.47705194">
   <ele>2537.537</ele>
  </trkpt>
  <trkpt lat="-7.97608503" lon="112.47706435">
   <ele>2535.615</ele>
  </trkpt>
  <trkpt lat="-7.97606483" lon="112.47706736">
   <ele>2530.327</ele>
  </trkpt>
  <trkpt lat="-7.97609668" lon="112.47707399">
   <ele>2533.211</ele>
  </trkpt>
  <trkpt lat="-7.97612158" lon="112.47709075">
   <ele>2534.173</ele>
  </trkpt>
  <trkpt lat="-7.97613918" lon="112.47711950">
   <ele>2523.598</ele>
  </trkpt>
  <trkpt lat="-7.97617145" lon="112.47712520">
   <ele>2522.637</ele>
  </trkpt>
  <trkpt lat="-7.97622216" lon="112.47712134">
   <ele>2522.156</ele>
  </trkpt>
  <trkpt lat="-7.97626566" lon="112.47712528">
   <ele>2517.349</ele>
  </trkpt>
  <trkpt lat="-7.97630380" lon="112.47713065">
   <ele>2513.985</ele>
  </trkpt>
  <trkpt lat="-7.97633498" lon="112.47715345">
   <ele>2513.024</ele>
  </trkpt>
  <trkpt lat="-7.97635392" lon="112.47716627">
   <ele>2507.736</ele>
  </trkpt>
  <trkpt lat="-7.97635526" lon="112.47715537">
   <ele>2506.294</ele>
  </trkpt>
  <trkpt lat="-7.97638284" lon="112.47716124">
   <ele>2504.372</ele>
  </trkpt>
  <trkpt lat="-7.97640564" lon="112.47716367">
   <ele>2502.449</ele>
  </trkpt>
  <trkpt lat="-7.97646373" lon="112.47718572">
   <ele>2497.643</ele>
  </trkpt>
  <trkpt lat="-7.97652592" lon="112.47721983">
   <ele>2498.123</ele>
  </trkpt>
  <trkpt lat="-7.97658359" lon="112.47720952">
   <ele>2493.797</ele>
  </trkpt>
  <trkpt lat="-7.97665425" lon="112.47722059">
   <ele>2493.797</ele>
  </trkpt>
  <trkpt lat="-7.97667763" lon="112.47721648">
   <ele>2491.394</ele>
  </trkpt>
  <trkpt lat="-7.97673664" lon="112.47720826">
   <ele>2487.068</ele>
  </trkpt>
  <trkpt lat="-7.97678299" lon="112.47722796">
   <ele>2484.184</ele>
  </trkpt>
  <trkpt lat="-7.97681543" lon="112.47722888">
   <ele>2481.781</ele>
  </trkpt>
  <trkpt lat="-7.97687645" lon="112.47721866">
   <ele>2482.742</ele>
  </trkpt>
  <trkpt lat="-7.97689858" lon="112.47720634">
   <ele>2481.781</ele>
  </trkpt>
  <trkpt lat="-7.97694149" lon="112.47721153">
   <ele>2479.377</ele>
  </trkpt>
  <trkpt lat="-7.97697594" lon="112.47720047">
   <ele>2477.936</ele>
  </trkpt>
  <trkpt lat="-7.97698625" lon="112.47717155">
   <ele>2476.013</ele>
  </trkpt>
  <trkpt lat="-7.97698718" lon="112.47716325">
   <ele>2474.09</ele>
  </trkpt>
  <trkpt lat="-7.97701819" lon="112.47714213">
   <ele>2468.803</ele>
  </trkpt>
  <trkpt lat="-7.97708114" lon="112.47715588">
   <ele>2464.958</ele>
  </trkpt>
  <trkpt lat="-7.97711475" lon="112.47715437">
   <ele>2464.477</ele>
  </trkpt>
  <trkpt lat="-7.97717032" lon="112.47714372">
   <ele>2462.074</ele>
  </trkpt>
  <trkpt lat="-7.97721877" lon="112.47714775">
   <ele>2460.632</ele>
  </trkpt>
  <trkpt lat="-7.97723344" lon="112.47714934">
   <ele>2459.67</ele>
  </trkpt>
  <trkpt lat="-7.97728457" lon="112.47712377">
   <ele>2456.306</ele>
  </trkpt>
  <trkpt lat="-7.97732027" lon="112.47711288">
   <ele>2453.422</ele>
  </trkpt>
  <trkpt lat="-7.97732513" lon="112.47708907">
   <ele>2451.499</ele>
  </trkpt>
  <trkpt lat="-7.97735154" lon="112.47707910">
   <ele>2451.019</ele>
  </trkpt>
  <trkpt lat="-7.97738926" lon="112.47705077">
   <ele>2448.135</ele>
  </trkpt>
  <trkpt lat="-7.97744273" lon="112.47702185">
   <ele>2444.77</ele>
  </trkpt>
  <trkpt lat="-7.97749160" lon="112.47700073">
   <ele>2442.367</ele>
  </trkpt>
  <trkpt lat="-7.97753292" lon="112.47695304">
   <ele>2439.483</ele>
  </trkpt>
  <trkpt lat="-7.97754524" lon="112.47692219">
   <ele>2439.963</ele>
  </trkpt>
  <trkpt lat="-7.97754608" lon="112.47690769">
   <ele>2440.925</ele>
  </trkpt>
  <trkpt lat="-7.97754642" lon="112.47689369">
   <ele>2439.002</ele>
  </trkpt>
  <trkpt lat="-7.97752689" lon="112.47688523">
   <ele>2436.118</ele>
  </trkpt>
  <trkpt lat="-7.97753954" lon="112.47689210">
   <ele>2439.963</ele>
  </trkpt>
  <trkpt lat="-7.97754616" lon="112.47688523">
   <ele>2444.77</ele>
  </trkpt>
  <trkpt lat="-7.97754809" lon="112.47688598">
   <ele>2442.367</ele>
  </trkpt>
  <trkpt lat="-7.97755195" lon="112.47688162">
   <ele>2442.367</ele>
  </trkpt>
  <trkpt lat="-7.97756620" lon="112.47684742">
   <ele>2441.886</ele>
  </trkpt>
  <trkpt lat="-7.97755983" lon="112.47688162">
   <ele>2444.289</ele>
  </trkpt>
  <trkpt lat="-7.97755513" lon="112.47686955">
   <ele>2447.173</ele>
  </trkpt>
  <trkpt lat="-7.97754239" lon="112.47687777">
   <ele>2449.096</ele>
  </trkpt>
  <trkpt lat="-7.97755103" lon="112.47688246">
   <ele>2444.289</ele>
  </trkpt>
  <trkpt lat="-7.97754030" lon="112.47689679">
   <ele>2443.809</ele>
  </trkpt>
  <trkpt lat="-7.97755295" lon="112.47690442">
   <ele>2445.251</ele>
  </trkpt>
  <trkpt lat="-7.97755522" lon="112.47688883">
   <ele>2447.654</ele>
  </trkpt>
  <trkpt lat="-7.97755715" lon="112.47688162">
   <ele>2449.096</ele>
  </trkpt>
  <trkpt lat="-7.97756276" lon="112.47689143">
   <ele>2448.135</ele>
  </trkpt>
  <trkpt lat="-7.97755958" lon="112.47689118">
   <ele>2448.135</ele>
  </trkpt>
  <trkpt lat="-7.97754415" lon="112.47695463">
   <ele>2444.77</ele>
  </trkpt>
  <trkpt lat="-7.97751968" lon="112.47692144">
   <ele>2438.041</ele>
  </trkpt>
  <trkpt lat="-7.97753057" lon="112.47695278">
   <ele>2435.157</ele>
  </trkpt>
  <trkpt lat="-7.97755765" lon="112.47691439">
   <ele>2439.483</ele>
  </trkpt>
  <trkpt lat="-7.97755178" lon="112.47691942">
   <ele>2447.654</ele>
  </trkpt>
  <trkpt lat="-7.97755446" lon="112.47692839">
   <ele>2448.135</ele>
  </trkpt>
  <trkpt lat="-7.97756016" lon="112.47692462">
   <ele>2444.77</ele>
  </trkpt>
  <trkpt lat="-7.97755907" lon="112.47690509">
   <ele>2452.46</ele>
  </trkpt>
  <trkpt lat="-7.97750333" lon="112.47690677">
   <ele>2429.87</ele>
  </trkpt>
  <trkpt lat="-7.97755622" lon="112.47679076">
   <ele>2451.499</ele>
  </trkpt>
  <trkpt lat="-7.97754549" lon="112.47689780">
   <ele>2450.057</ele>
  </trkpt>
  <trkpt lat="-7.97755622" lon="112.47679076">
   <ele>2437.079</ele>
  </trkpt>
  <trkpt lat="-7.97752655" lon="112.47688883">
   <ele>2457.267</ele>
  </trkpt>
  <trkpt lat="-7.97752613" lon="112.47688933">
   <ele>2441.886</ele>
  </trkpt>
  <trkpt lat="-7.97752638" lon="112.47689470">
   <ele>2441.886</ele>
  </trkpt>
  <trkpt lat="-7.97750786" lon="112.47690869">
   <ele>2437.56</ele>
  </trkpt>
  <trkpt lat="-7.97752462" lon="112.47691339">
   <ele>2438.521</ele>
  </trkpt>
  <trkpt lat="-7.97760475" lon="112.47690685">
   <ele>2434.676</ele>
  </trkpt>
  <trkpt lat="-7.97766670" lon="112.47686553">
   <ele>2437.079</ele>
  </trkpt>
  <trkpt lat="-7.97769436" lon="112.47689428">
   <ele>2432.273</ele>
  </trkpt>
  <trkpt lat="-7.97774842" lon="112.47690216">
   <ele>2429.87</ele>
  </trkpt>
  <trkpt lat="-7.97776409" lon="112.47692009">
   <ele>2428.428</ele>
  </trkpt>
  <trkpt lat="-7.97779234" lon="112.47694306">
   <ele>2423.621</ele>
  </trkpt>
  <trkpt lat="-7.97780919" lon="112.47695019">
   <ele>2426.986</ele>
  </trkpt>
  <trkpt lat="-7.97784414" lon="112.47696603">
   <ele>2426.024</ele>
  </trkpt>
  <trkpt lat="-7.97785864" lon="112.47701179">
   <ele>2412.085</ele>
  </trkpt>
  <trkpt lat="-7.97789938" lon="112.47704004">
   <ele>2408.72</ele>
  </trkpt>
  <trkpt lat="-7.97795227" lon="112.47702328">
   <ele>2408.24</ele>
  </trkpt>
  <trkpt lat="-7.97798714" lon="112.47703023">
   <ele>2408.24</ele>
  </trkpt>
  <trkpt lat="-7.97802133" lon="112.47704708">
   <ele>2404.395</ele>
  </trkpt>
  <trkpt lat="-7.97806324" lon="112.47707415">
   <ele>2398.627</ele>
  </trkpt>
  <trkpt lat="-7.97808336" lon="112.47708505">
   <ele>2397.185</ele>
  </trkpt>
  <trkpt lat="-7.97810725" lon="112.47710072">
   <ele>2394.301</ele>
  </trkpt>
  <trkpt lat="-7.97815234" lon="112.47711422">
   <ele>2393.82</ele>
  </trkpt>
  <trkpt lat="-7.97819937" lon="112.47713207">
   <ele>2391.897</ele>
  </trkpt>
  <trkpt lat="-7.97827279" lon="112.47717608">
   <ele>2391.417</ele>
  </trkpt>
  <trkpt lat="-7.97827363" lon="112.47721690">
   <ele>2381.804</ele>
  </trkpt>
  <trkpt lat="-7.97831613" lon="112.47723995">
   <ele>2377.958</ele>
  </trkpt>
  <trkpt lat="-7.97833214" lon="112.47727348">
   <ele>2373.632</ele>
  </trkpt>
  <trkpt lat="-7.97836608" lon="112.47730608">
   <ele>2373.152</ele>
  </trkpt>
  <trkpt lat="-7.97839793" lon="112.47732192">
   <ele>2367.384</ele>
  </trkpt>
  <trkpt lat="-7.97843155" lon="112.47732293">
   <ele>2367.865</ele>
  </trkpt>
  <trkpt lat="-7.97846055" lon="112.47733039">
   <ele>2367.384</ele>
  </trkpt>
  <trkpt lat="-7.97851788" lon="112.47734028">
   <ele>2363.538</ele>
  </trkpt>
  <trkpt lat="-7.97852936" lon="112.47735780">
   <ele>2362.096</ele>
  </trkpt>
  <trkpt lat="-7.97856582" lon="112.47736970">
   <ele>2358.251</ele>
  </trkpt>
  <trkpt lat="-7.97860865" lon="112.47737247">
   <ele>2355.367</ele>
  </trkpt>
  <trkpt lat="-7.97865735" lon="112.47739107">
   <ele>2352.964</ele>
  </trkpt>
  <trkpt lat="-7.97869893" lon="112.47739845">
   <ele>2351.522</ele>
  </trkpt>
  <trkpt lat="-7.97871016" lon="112.47743567">
   <ele>2345.273</ele>
  </trkpt>
  <trkpt lat="-7.97877437" lon="112.47741588">
   <ele>2346.715</ele>
  </trkpt>
  <trkpt lat="-7.97879222" lon="112.47740055">
   <ele>2343.832</ele>
  </trkpt>
  <trkpt lat="-7.97879532" lon="112.47740247">
   <ele>2334.219</ele>
  </trkpt>
  <trkpt lat="-7.97884896" lon="112.47746676">
   <ele>2339.986</ele>
  </trkpt>
  <trkpt lat="-7.97889842" lon="112.47748889">
   <ele>2326.047</ele>
  </trkpt>
  <trkpt lat="-7.97899758" lon="112.47746232">
   <ele>2328.931</ele>
  </trkpt>
  <trkpt lat="-7.97896262" lon="112.47746148">
   <ele>2311.627</ele>
  </trkpt>
  <trkpt lat="-7.97897570" lon="112.47749333">
   <ele>2320.279</ele>
  </trkpt>
  <trkpt lat="-7.97899045" lon="112.47744547">
   <ele>2319.799</ele>
  </trkpt>
  <trkpt lat="-7.97903915" lon="112.47746056">
   <ele>2323.163</ele>
  </trkpt>
  <trkpt lat="-7.97907393" lon="112.47749509">
   <ele>2310.185</ele>
  </trkpt>
  <trkpt lat="-7.97908123" lon="112.47749199">
   <ele>2304.417</ele>
  </trkpt>
  <trkpt lat="-7.97910159" lon="112.47748453">
   <ele>2314.031</ele>
  </trkpt>
  <trkpt lat="-7.97914074" lon="112.47746852">
   <ele>2320.76</ele>
  </trkpt>
  <trkpt lat="-7.97912674" lon="112.47751035">
   <ele>2315.473</ele>
  </trkpt>
  <trkpt lat="-7.97917468" lon="112.47754815">
   <ele>2308.743</ele>
  </trkpt>
  <trkpt lat="-7.97922556" lon="112.47756944">
   <ele>2295.766</ele>
  </trkpt>
  <trkpt lat="-7.97929044" lon="112.47757799">
   <ele>2292.401</ele>
  </trkpt>
  <trkpt lat="-7.97930402" lon="112.47758905">
   <ele>2297.208</ele>
  </trkpt>
  <trkpt lat="-7.97937409" lon="112.47764404">
   <ele>2281.826</ele>
  </trkpt>
  <trkpt lat="-7.97939639" lon="112.47764982">
   <ele>2283.268</ele>
  </trkpt>
  <trkpt lat="-7.97940703" lon="112.47767002">
   <ele>2273.175</ele>
  </trkpt>
  <trkpt lat="-7.97948884" lon="112.47764748">
   <ele>2267.406</ele>
  </trkpt>
  <trkpt lat="-7.97945472" lon="112.47767312">
   <ele>2272.694</ele>
  </trkpt>
  <trkpt lat="-7.97951306" lon="112.47758956">
   <ele>2279.904</ele>
  </trkpt>
  <trkpt lat="-7.97946009" lon="112.47759509">
   <ele>2263.561</ele>
  </trkpt>
  <trkpt lat="-7.97948096" lon="112.47767304">
   <ele>2281.826</ele>
  </trkpt>
  <trkpt lat="-7.97950577" lon="112.47765980">
   <ele>2284.23</ele>
  </trkpt>
  <trkpt lat="-7.97950443" lon="112.47766935">
   <ele>2283.268</ele>
  </trkpt>
  <trkpt lat="-7.97949722" lon="112.47765443">
   <ele>2283.749</ele>
  </trkpt>
  <trkpt lat="-7.97949135" lon="112.47762409">
   <ele>2278.462</ele>
  </trkpt>
  <trkpt lat="-7.97952253" lon="112.47765418">
   <ele>2288.075</ele>
  </trkpt>
  <trkpt lat="-7.97952052" lon="112.47764228">
   <ele>2285.191</ele>
  </trkpt>
  <trkpt lat="-7.97951063" lon="112.47768369">
   <ele>2287.594</ele>
  </trkpt>
  <trkpt lat="-7.97951172" lon="112.47768779">
   <ele>2282.307</ele>
  </trkpt>
  <trkpt lat="-7.97947836" lon="112.47767463">
   <ele>2279.423</ele>
  </trkpt>
  <trkpt lat="-7.97952245" lon="112.47766064">
   <ele>2282.788</ele>
  </trkpt>
  <trkpt lat="-7.97963787" lon="112.47766323">
   <ele>2278.462</ele>
  </trkpt>
  <trkpt lat="-7.97967114" lon="112.47763138">
   <ele>2277.5</ele>
  </trkpt>
  <trkpt lat="-7.97974306" lon="112.47760708">
   <ele>2278.462</ele>
  </trkpt>
  <trkpt lat="-7.97976779" lon="112.47767924">
   <ele>2265.003</ele>
  </trkpt>
  <trkpt lat="-7.97983157" lon="112.47766139">
   <ele>2261.158</ele>
  </trkpt>
  <trkpt lat="-7.97997189" lon="112.47765594">
   <ele>2264.523</ele>
  </trkpt>
  <trkpt lat="-7.97999108" lon="112.47769617">
   <ele>2245.296</ele>
  </trkpt>
  <trkpt lat="-7.98001547" lon="112.47766952">
   <ele>2250.103</ele>
  </trkpt>
  <trkpt lat="-7.98020583" lon="112.47767824">
   <ele>2255.39</ele>
  </trkpt>
  <trkpt lat="-7.98018043" lon="112.47771202">
   <ele>2239.048</ele>
  </trkpt>
  <trkpt lat="-7.98028193" lon="112.47768989">
   <ele>2228.954</ele>
  </trkpt>
  <trkpt lat="-7.98043826" lon="112.47765996">
   <ele>2239.529</ele>
  </trkpt>
  <trkpt lat="-7.98037975" lon="112.47764396">
   <ele>2218.86</ele>
  </trkpt>
  <trkpt lat="-7.98029107" lon="112.47758017">
   <ele>2199.634</ele>
  </trkpt>
  <trkpt lat="-7.98043599" lon="112.47767832">
   <ele>2219.341</ele>
  </trkpt>
  <trkpt lat="-7.98052669" lon="112.47776080">
   <ele>2216.938</ele>
  </trkpt>
  <trkpt lat="-7.98053515" lon="112.47774077">
   <ele>2220.783</ele>
  </trkpt>
  <trkpt lat="-7.98054504" lon="112.47782249">
   <ele>2203.96</ele>
  </trkpt>
  <trkpt lat="-7.98063808" lon="112.47779014">
   <ele>2213.092</ele>
  </trkpt>
  <trkpt lat="-7.98081963" lon="112.47780313">
   <ele>2202.518</ele>
  </trkpt>
  <trkpt lat="-7.98074193" lon="112.47782132">
   <ele>2182.811</ele>
  </trkpt>
  <trkpt lat="-7.98095316" lon="112.47785266">
   <ele>2188.579</ele>
  </trkpt>
  <trkpt lat="-7.98101728" lon="112.47786775">
   <ele>2182.811</ele>
  </trkpt>
  <trkpt lat="-7.98096615" lon="112.47777379">
   <ele>2171.275</ele>
  </trkpt>
  <trkpt lat="-7.98095726" lon="112.47776499">
   <ele>2158.778</ele>
  </trkpt>
  <trkpt lat="-7.98113303" lon="112.47787152">
   <ele>2161.181</ele>
  </trkpt>
  <trkpt lat="-7.98116572" lon="112.47795526">
   <ele>2166.949</ele>
  </trkpt>
  <trkpt lat="-7.98131048" lon="112.47789902">
   <ele>2180.407</ele>
  </trkpt>
  <trkpt lat="-7.98136915" lon="112.47792039">
   <ele>2163.104</ele>
  </trkpt>
  <trkpt lat="-7.98142749" lon="112.47802206">
   <ele>2160.22</ele>
  </trkpt>
  <trkpt lat="-7.98146596" lon="112.47800756">
   <ele>2152.048</ele>
  </trkpt>
  <trkpt lat="-7.98148566" lon="112.47798284">
   <ele>2145.319</ele>
  </trkpt>
  <trkpt lat="-7.98153805" lon="112.47803296">
   <ele>2137.629</ele>
  </trkpt>
  <trkpt lat="-7.98160242" lon="112.47810555">
   <ele>2121.767</ele>
  </trkpt>
  <trkpt lat="-7.98173075" lon="112.47805492">
   <ele>2132.342</ele>
  </trkpt>
  <trkpt lat="-7.98174952" lon="112.47809306">
   <ele>2131.861</ele>
  </trkpt>
  <trkpt lat="-7.98175933" lon="112.47811116">
   <ele>2120.806</ele>
  </trkpt>
  <trkpt lat="-7.98178045" lon="112.47815165">
   <ele>2121.286</ele>
  </trkpt>
  <trkpt lat="-7.98177307" lon="112.47808459">
   <ele>2120.806</ele>
  </trkpt>
  <trkpt lat="-7.98175598" lon="112.47807872">
   <ele>2127.054</ele>
  </trkpt>
  <trkpt lat="-7.98186947" lon="112.47806959">
   <ele>2144.839</ele>
  </trkpt>
  <trkpt lat="-7.98173184" lon="112.47806657">
   <ele>2124.651</ele>
  </trkpt>
  <trkpt lat="-7.98172446" lon="112.47805609">
   <ele>2125.132</ele>
  </trkpt>
  <trkpt lat="-7.98172932" lon="112.47807428">
   <ele>2129.458</ele>
  </trkpt>
  <trkpt lat="-7.98174608" lon="112.47813497">
   <ele>2128.016</ele>
  </trkpt>
  <trkpt lat="-7.98173904" lon="112.47812734">
   <ele>2128.016</ele>
  </trkpt>
  <trkpt lat="-7.98164140" lon="112.47806607">
   <ele>2116.96</ele>
  </trkpt>
  <trkpt lat="-7.98173360" lon="112.47810655">
   <ele>2127.054</ele>
  </trkpt>
  <trkpt lat="-7.98175505" lon="112.47801787">
   <ele>2125.612</ele>
  </trkpt>
  <trkpt lat="-7.98172169" lon="112.47808526">
   <ele>2123.209</ele>
  </trkpt>
  <trkpt lat="-7.98174039" lon="112.47810706">
   <ele>2122.728</ele>
  </trkpt>
  <trkpt lat="-7.98180736" lon="112.47807227">
   <ele>2117.922</ele>
  </trkpt>
  <trkpt lat="-7.98178456" lon="112.47815676">
   <ele>2121.767</ele>
  </trkpt>
  <trkpt lat="-7.98187458" lon="112.47814067">
   <ele>2115.038</ele>
  </trkpt>
  <trkpt lat="-7.98189545" lon="112.47811837">
   <ele>2114.076</ele>
  </trkpt>
  <trkpt lat="-7.98189889" lon="112.47812038">
   <ele>2109.27</ele>
  </trkpt>
  <trkpt lat="-7.98193627" lon="112.47817478">
   <ele>2113.115</ele>
  </trkpt>
  <trkpt lat="-7.98198656" lon="112.47817118">
   <ele>2103.021</ele>
  </trkpt>
  <trkpt lat="-7.98202939" lon="112.47822717">
   <ele>2104.463</ele>
  </trkpt>
  <trkpt lat="-7.98206577" lon="112.47824418">
   <ele>2105.905</ele>
  </trkpt>
  <trkpt lat="-7.98211615" lon="112.47818928">
   <ele>2101.099</ele>
  </trkpt>
  <trkpt lat="-7.98220634" lon="112.47824159">
   <ele>2092.447</ele>
  </trkpt>
  <trkpt lat="-7.98226534" lon="112.47826095">
   <ele>2088.602</ele>
  </trkpt>
  <trkpt lat="-7.98227674" lon="112.47830663">
   <ele>2085.718</ele>
  </trkpt>
  <trkpt lat="-7.98226316" lon="112.47830068">
   <ele>2081.392</ele>
  </trkpt>
  <trkpt lat="-7.98234732" lon="112.47833513">
   <ele>2079.95</ele>
  </trkpt>
  <trkpt lat="-7.98242343" lon="112.47827243">
   <ele>2078.027</ele>
  </trkpt>
  <trkpt lat="-7.98240473" lon="112.47834443">
   <ele>2074.182</ele>
  </trkpt>
  <trkpt lat="-7.98238747" lon="112.47837000">
   <ele>2069.375</ele>
  </trkpt>
  <trkpt lat="-7.98239635" lon="112.47837880">
   <ele>2063.127</ele>
  </trkpt>
  <trkpt lat="-7.98242602" lon="112.47841786">
   <ele>2063.127</ele>
  </trkpt>
  <trkpt lat="-7.98247129" lon="112.47847100">
   <ele>2066.01</ele>
  </trkpt>
  <trkpt lat="-7.98250188" lon="112.47848776">
   <ele>2064.569</ele>
  </trkpt>
  <trkpt lat="-7.98255896" lon="112.47847083">
   <ele>2055.917</ele>
  </trkpt>
  <trkpt lat="-7.98265343" lon="112.47852674">
   <ele>2056.397</ele>
  </trkpt>
  <trkpt lat="-7.98266265" lon="112.47853168">
   <ele>2049.668</ele>
  </trkpt>
  <trkpt lat="-7.98268368" lon="112.47856303">
   <ele>2049.188</ele>
  </trkpt>
  <trkpt lat="-7.98271679" lon="112.47860762">
   <ele>2045.342</ele>
  </trkpt>
  <trkpt lat="-7.98273398" lon="112.47859153">
   <ele>2043.9</ele>
  </trkpt>
  <trkpt lat="-7.98273339" lon="112.47859228">
   <ele>2044.381</ele>
  </trkpt>
  <trkpt lat="-7.98272626" lon="112.47859245">
   <ele>2044.381</ele>
  </trkpt>
  <trkpt lat="-7.98273515" lon="112.47858239">
   <ele>2043.9</ele>
  </trkpt>
  <trkpt lat="-7.98275242" lon="112.47861542">
   <ele>2044.381</ele>
  </trkpt>
  <trkpt lat="-7.98278267" lon="112.47865884">
   <ele>2042.939</ele>
  </trkpt>
  <trkpt lat="-7.98278578" lon="112.47863394">
   <ele>2041.978</ele>
  </trkpt>
  <trkpt lat="-7.98282668" lon="112.47872765">
   <ele>2043.419</ele>
  </trkpt>
  <trkpt lat="-7.98288108" lon="112.47873704">
   <ele>2039.574</ele>
  </trkpt>
  <trkpt lat="-7.98292072" lon="112.47874693">
   <ele>2037.652</ele>
  </trkpt>
  <trkpt lat="-7.98305274" lon="112.47873528">
   <ele>2025.154</ele>
  </trkpt>
  <trkpt lat="-7.98310529" lon="112.47876956">
   <ele>2025.635</ele>
  </trkpt>
  <trkpt lat="-7.98316514" lon="112.47879026">
   <ele>2022.271</ele>
  </trkpt>
  <trkpt lat="-7.98320663" lon="112.47878155">
   <ele>2016.503</ele>
  </trkpt>
  <trkpt lat="-7.98325223" lon="112.47881549">
   <ele>2017.945</ele>
  </trkpt>
  <trkpt lat="-7.98329799" lon="112.47884567">
   <ele>2015.061</ele>
  </trkpt>
  <trkpt lat="-7.98333806" lon="112.47885925">
   <ele>2012.177</ele>
  </trkpt>
  <trkpt lat="-7.98341626" lon="112.47886067">
   <ele>2015.542</ele>
  </trkpt>
  <trkpt lat="-7.98355834" lon="112.47878482">
   <ele>1999.68</ele>
  </trkpt>
  <trkpt lat="-7.98356437" lon="112.47884835">
   <ele>2000.16</ele>
  </trkpt>
  <trkpt lat="-7.98360754" lon="112.47881164">
   <ele>1993.431</ele>
  </trkpt>
  <trkpt lat="-7.98373402" lon="112.47887434">
   <ele>1985.26</ele>
  </trkpt>
  <trkpt lat="-7.98374877" lon="112.47890049">
   <ele>1984.299</ele>
  </trkpt>
  <trkpt lat="-7.98379018" lon="112.47886579">
   <ele>1983.337</ele>
  </trkpt>
  <trkpt lat="-7.98383125" lon="112.47888599">
   <ele>1983.337</ele>
  </trkpt>
  <trkpt lat="-7.98387836" lon="112.47887970">
   <ele>1982.376</ele>
  </trkpt>
  <trkpt lat="-7.98393058" lon="112.47891482">
   <ele>1979.011</ele>
  </trkpt>
  <trkpt lat="-7.98396729" lon="112.47891859">
   <ele>1974.205</ele>
  </trkpt>
  <trkpt lat="-7.98400467" lon="112.47892270">
   <ele>1971.801</ele>
  </trkpt>
  <trkpt lat="-7.98405077" lon="112.47895874">
   <ele>1970.84</ele>
  </trkpt>
  <trkpt lat="-7.98411364" lon="112.47893653">
   <ele>1969.879</ele>
  </trkpt>
  <trkpt lat="-7.98410769" lon="112.47894290">
   <ele>1970.359</ele>
  </trkpt>
  <trkpt lat="-7.98413225" lon="112.47896519">
   <ele>1975.166</ele>
  </trkpt>
  <trkpt lat="-7.98413803" lon="112.47896419">
   <ele>1973.724</ele>
  </trkpt>
  <trkpt lat="-7.98413325" lon="112.47895296">
   <ele>1975.166</ele>
  </trkpt>
  <trkpt lat="-7.98413476" lon="112.47895212">
   <ele>1975.166</ele>
  </trkpt>
  <trkpt lat="-7.98416695" lon="112.47896402">
   <ele>1978.531</ele>
  </trkpt>
  <trkpt lat="-7.98413225" lon="112.47897056">
   <ele>1976.127</ele>
  </trkpt>
  <trkpt lat="-7.98412252" lon="112.47898238">
   <ele>1971.321</ele>
  </trkpt>
  <trkpt lat="-7.98411012" lon="112.47898439">
   <ele>1972.763</ele>
  </trkpt>
  <trkpt lat="-7.98412185" lon="112.47898757">
   <ele>1974.685</ele>
  </trkpt>
  <trkpt lat="-7.98414473" lon="112.47898045">
   <ele>1973.724</ele>
  </trkpt>
  <trkpt lat="-7.98417030" lon="112.47896595">
   <ele>1968.917</ele>
  </trkpt>
  <trkpt lat="-7.98411967" lon="112.47895706">
   <ele>1974.205</ele>
  </trkpt>
  <trkpt lat="-7.98409964" lon="112.47894432">
   <ele>1969.398</ele>
  </trkpt>
  <trkpt lat="-7.98412965" lon="112.47894625">
   <ele>1970.84</ele>
  </trkpt>
  <trkpt lat="-7.98412696" lon="112.47894952">
   <ele>1968.917</ele>
  </trkpt>
  <trkpt lat="-7.98412395" lon="112.47895723">
   <ele>1970.359</ele>
  </trkpt>
  <trkpt lat="-7.98415798" lon="112.47898632">
   <ele>1970.84</ele>
  </trkpt>
  <trkpt lat="-7.98423124" lon="112.47896939">
   <ele>1962.669</ele>
  </trkpt>
  <trkpt lat="-7.98435386" lon="112.47900434">
   <ele>1957.382</ele>
  </trkpt>
  <trkpt lat="-7.98442729" lon="112.47895497">
   <ele>1952.094</ele>
  </trkpt>
  <trkpt lat="-7.98449024" lon="112.47901532">
   <ele>1953.056</ele>
  </trkpt>
  <trkpt lat="-7.98453642" lon="112.47903787">
   <ele>1948.73</ele>
  </trkpt>
  <trkpt lat="-7.98452485" lon="112.47902177">
   <ele>1951.133</ele>
  </trkpt>
  <trkpt lat="-7.98453307" lon="112.47901565">
   <ele>1946.807</ele>
  </trkpt>
  <trkpt lat="-7.98458696" lon="112.47903493">
   <ele>1940.558</ele>
  </trkpt>
  <trkpt lat="-7.98463256" lon="112.47901934">
   <ele>1940.078</ele>
  </trkpt>
  <trkpt lat="-7.98468428" lon="112.47908237">
   <ele>1948.249</ele>
  </trkpt>
  <trkpt lat="-7.98472459" lon="112.47910107">
   <ele>1935.752</ele>
  </trkpt>
  <trkpt lat="-7.98476885" lon="112.47911305">
   <ele>1935.752</ele>
  </trkpt>
  <trkpt lat="-7.98477782" lon="112.47910903">
   <ele>1929.984</ele>
  </trkpt>
  <trkpt lat="-7.98479056" lon="112.47909168">
   <ele>1933.829</ele>
  </trkpt>
  <trkpt lat="-7.98483884" lon="112.47912093">
   <ele>1930.465</ele>
  </trkpt>
  <trkpt lat="-7.98490330" lon="112.47914515">
   <ele>1923.735</ele>
  </trkpt>
  <trkpt lat="-7.98493112" lon="112.47915412">
   <ele>1922.293</ele>
  </trkpt>
  <trkpt lat="-7.98493993" lon="112.47914675">
   <ele>1922.293</ele>
  </trkpt>
  <trkpt lat="-7.98495644" lon="112.47916619">
   <ele>1924.697</ele>
  </trkpt>
  <trkpt lat="-7.98495786" lon="112.47920609">
   <ele>1924.216</ele>
  </trkpt>
  <trkpt lat="-7.98498267" lon="112.47918983">
   <ele>1920.852</ele>
  </trkpt>
  <trkpt lat="-7.98502525" lon="112.47922922">
   <ele>1919.41</ele>
  </trkpt>
  <trkpt lat="-7.98506632" lon="112.47923015">
   <ele>1915.564</ele>
  </trkpt>
  <trkpt lat="-7.98511242" lon="112.47925345">
   <ele>1912.68</ele>
  </trkpt>
  <trkpt lat="-7.98512768" lon="112.47929133">
   <ele>1911.719</ele>
  </trkpt>
  <trkpt lat="-7.98514662" lon="112.47932025">
   <ele>1910.277</ele>
  </trkpt>
  <trkpt lat="-7.98519448" lon="112.47931472">
   <ele>1903.067</ele>
  </trkpt>
  <trkpt lat="-7.98521603" lon="112.47931849">
   <ele>1902.106</ele>
  </trkpt>
  <trkpt lat="-7.98524503" lon="112.47933408">
   <ele>1906.432</ele>
  </trkpt>
  <trkpt lat="-7.98524335" lon="112.47933014">
   <ele>1906.432</ele>
  </trkpt>
  <trkpt lat="-7.98524444" lon="112.47933123">
   <ele>1906.432</ele>
  </trkpt>
  <trkpt lat="-7.98524427" lon="112.47932226">
   <ele>1904.029</ele>
  </trkpt>
  <trkpt lat="-7.98525995" lon="112.47933283">
   <ele>1908.835</ele>
  </trkpt>
  <trkpt lat="-7.98525559" lon="112.47931698">
   <ele>1910.758</ele>
  </trkpt>
  <trkpt lat="-7.98526338" lon="112.47931723">
   <ele>1908.835</ele>
  </trkpt>
  <trkpt lat="-7.98526288" lon="112.47932528">
   <ele>1907.874</ele>
  </trkpt>
  <trkpt lat="-7.98524913" lon="112.47933635">
   <ele>1905.951</ele>
  </trkpt>
  <trkpt lat="-7.98523648" lon="112.47930902">
   <ele>1908.835</ele>
  </trkpt>
  <trkpt lat="-7.98523874" lon="112.47932922">
   <ele>1905.47</ele>
  </trkpt>
  <trkpt lat="-7.98525257" lon="112.47933945">
   <ele>1904.99</ele>
  </trkpt>
  <trkpt lat="-7.98529834" lon="112.47935495">
   <ele>1905.47</ele>
  </trkpt>
  <trkpt lat="-7.98533597" lon="112.47935135">
   <ele>1902.586</ele>
  </trkpt>
  <trkpt lat="-7.98537017" lon="112.47933442">
   <ele>1901.145</ele>
  </trkpt>
  <trkpt lat="-7.98539774" lon="112.47930206">
   <ele>1894.415</ele>
  </trkpt>
  <trkpt lat="-7.98543639" lon="112.47930273">
   <ele>1896.818</ele>
  </trkpt>
  <trkpt lat="-7.98550277" lon="112.47933626">
   <ele>1894.415</ele>
  </trkpt>
  <trkpt lat="-7.98554602" lon="112.47938789">
   <ele>1890.57</ele>
  </trkpt>
  <trkpt lat="-7.98559078" lon="112.47941262">
   <ele>1889.609</ele>
  </trkpt>
  <trkpt lat="-7.98561995" lon="112.47943215">
   <ele>1886.725</ele>
  </trkpt>
  <trkpt lat="-7.98564987" lon="112.47945688">
   <ele>1886.725</ele>
  </trkpt>
  <trkpt lat="-7.98567963" lon="112.47944196">
   <ele>1884.322</ele>
  </trkpt>
  <trkpt lat="-7.98570645" lon="112.47943098">
   <ele>1881.918</ele>
  </trkpt>
  <trkpt lat="-7.98577057" lon="112.47941388">
   <ele>1875.669</ele>
  </trkpt>
  <trkpt lat="-7.98580184" lon="112.47942452">
   <ele>1874.708</ele>
  </trkpt>
  <trkpt lat="-7.98582078" lon="112.47945562">
   <ele>1876.631</ele>
  </trkpt>
  <trkpt lat="-7.98586252" lon="112.47949753">
   <ele>1871.344</ele>
  </trkpt>
  <trkpt lat="-7.98590996" lon="112.47951496">
   <ele>1873.747</ele>
  </trkpt>
  <trkpt lat="-7.98595095" lon="112.47957347">
   <ele>1871.344</ele>
  </trkpt>
  <trkpt lat="-7.98597878" lon="112.47957909">
   <ele>1864.134</ele>
  </trkpt>
  <trkpt lat="-7.98604189" lon="112.47961077">
   <ele>1863.172</ele>
  </trkpt>
  <trkpt lat="-7.98607450" lon="112.47964229">
   <ele>1863.172</ele>
  </trkpt>
  <trkpt lat="-7.98608808" lon="112.47963097">
   <ele>1859.327</ele>
  </trkpt>
  <trkpt lat="-7.98613996" lon="112.47966517">
   <ele>1856.443</ele>
  </trkpt>
  <trkpt lat="-7.98618380" lon="112.47969635">
   <ele>1851.156</ele>
  </trkpt>
  <trkpt lat="-7.98620149" lon="112.47972493">
   <ele>1849.233</ele>
  </trkpt>
  <trkpt lat="-7.98620936" lon="112.47976315">
   <ele>1844.907</ele>
  </trkpt>
  <trkpt lat="-7.98620987" lon="112.47981973">
   <ele>1848.752</ele>
  </trkpt>
  <trkpt lat="-7.98622856" lon="112.47981369">
   <ele>1847.791</ele>
  </trkpt>
  <trkpt lat="-7.98625538" lon="112.47978956">
   <ele>1843.465</ele>
  </trkpt>
  <trkpt lat="-7.98630928" lon="112.47981403">
   <ele>1842.985</ele>
  </trkpt>
  <trkpt lat="-7.98634834" lon="112.47984295">
   <ele>1840.581</ele>
  </trkpt>
  <trkpt lat="-7.98639628" lon="112.47989198">
   <ele>1831.449</ele>
  </trkpt>
  <trkpt lat="-7.98644188" lon="112.47989869">
   <ele>1833.852</ele>
  </trkpt>
  <trkpt lat="-7.98654372" lon="112.47995024">
   <ele>1824.239</ele>
  </trkpt>
  <trkpt lat="-7.98660826" lon="112.48001712">
   <ele>1823.278</ele>
  </trkpt>
  <trkpt lat="-7.98668420" lon="112.48006440">
   <ele>1818.471</ele>
  </trkpt>
  <trkpt lat="-7.98675654" lon="112.48011176">
   <ele>1826.642</ele>
  </trkpt>
  <trkpt lat="-7.98679409" lon="112.48014579">
   <ele>1824.72</ele>
  </trkpt>
  <trkpt lat="-7.98673307" lon="112.48007194">
   <ele>1817.99</ele>
  </trkpt>
  <trkpt lat="-7.98674698" lon="112.48006976">
   <ele>1826.162</ele>
  </trkpt>
  <trkpt lat="-7.98674539" lon="112.48005652">
   <ele>1829.526</ele>
  </trkpt>
  <trkpt lat="-7.98671664" lon="112.48010606">
   <ele>1815.106</ele>
  </trkpt>
  <trkpt lat="-7.98668923" lon="112.48007177">
   <ele>1817.51</ele>
  </trkpt>
  <trkpt lat="-7.98671605" lon="112.48007454">
   <ele>1823.278</ele>
  </trkpt>
  <trkpt lat="-7.98672225" lon="112.48009742">
   <ele>1822.797</ele>
  </trkpt>
  <trkpt lat="-7.98674908" lon="112.48009223">
   <ele>1825.2</ele>
  </trkpt>
  <trkpt lat="-7.98678956" lon="112.48012743">
   <ele>1830.488</ele>
  </trkpt>
  <trkpt lat="-7.98679023" lon="112.48012994">
   <ele>1831.929</ele>
  </trkpt>
  <trkpt lat="-7.98671454" lon="112.48003313">
   <ele>1825.681</ele>
  </trkpt>
  <trkpt lat="-7.98669593" lon="112.48008753">
   <ele>1813.664</ele>
  </trkpt>
  <trkpt lat="-7.98673860" lon="112.48011083">
   <ele>1811.742</ele>
  </trkpt>
  <trkpt lat="-7.98678394" lon="112.48016909">
   <ele>1801.648</ele>
  </trkpt>
  <trkpt lat="-7.98680205" lon="112.48021544">
   <ele>1810.781</ele>
  </trkpt>
  <trkpt lat="-7.98688729" lon="112.48027705">
   <ele>1797.803</ele>
  </trkpt>
  <trkpt lat="-7.98694228" lon="112.48029993">
   <ele>1796.841</ele>
  </trkpt>
  <trkpt lat="-7.98694169" lon="112.48026816">
   <ele>1790.112</ele>
  </trkpt>
  <trkpt lat="-7.98698050" lon="112.48032524">
   <ele>1794.919</ele>
  </trkpt>
  <trkpt lat="-7.98694999" lon="112.48040294">
   <ele>1785.305</ele>
  </trkpt>
  <trkpt lat="-7.98705166" lon="112.48044569">
   <ele>1790.112</ele>
  </trkpt>
  <trkpt lat="-7.98699383" lon="112.48041585">
   <ele>1792.516</ele>
  </trkpt>
  <trkpt lat="-7.98702744" lon="112.48042323">
   <ele>1788.67</ele>
  </trkpt>
  <trkpt lat="-7.98711654" lon="112.48054049">
   <ele>1778.096</ele>
  </trkpt>
  <trkpt lat="-7.98720178" lon="112.48058810">
   <ele>1775.212</ele>
  </trkpt>
  <trkpt lat="-7.98721964" lon="112.48063370">
   <ele>1771.366</ele>
  </trkpt>
  <trkpt lat="-7.98736062" lon="112.48072280">
   <ele>1778.096</ele>
  </trkpt>
  <trkpt lat="-7.98732768" lon="112.48069019">
   <ele>1776.654</ele>
  </trkpt>
  <trkpt lat="-7.98735517" lon="112.48072053">
   <ele>1775.212</ele>
  </trkpt>
  <trkpt lat="-7.98739457" lon="112.48072095">
   <ele>1772.809</ele>
  </trkpt>
  <trkpt lat="-7.98738535" lon="112.48071936">
   <ele>1766.56</ele>
  </trkpt>
  <trkpt lat="-7.98745207" lon="112.48074451">
   <ele>1753.582</ele>
  </trkpt>
  <trkpt lat="-7.98746145" lon="112.48082137">
   <ele>1755.985</ele>
  </trkpt>
  <trkpt lat="-7.98746908" lon="112.48084744">
   <ele>1756.947</ele>
  </trkpt>
  <trkpt lat="-7.98757377" lon="112.48090938">
   <ele>1757.427</ele>
  </trkpt>
  <trkpt lat="-7.98771216" lon="112.48091575">
   <ele>1749.737</ele>
  </trkpt>
  <trkpt lat="-7.98793076" lon="112.48090209">
   <ele>1732.914</ele>
  </trkpt>
  <trkpt lat="-7.98792254" lon="112.48082489">
   <ele>1744.449</ele>
  </trkpt>
  <trkpt lat="-7.98794903" lon="112.48085389">
   <ele>1734.836</ele>
  </trkpt>
  <trkpt lat="-7.98798868" lon="112.48083042">
   <ele>1740.604</ele>
  </trkpt>
  <trkpt lat="-7.98802698" lon="112.48083168">
   <ele>1738.682</ele>
  </trkpt>
  <trkpt lat="-7.98813452" lon="112.48093427">
   <ele>1730.51</ele>
  </trkpt>
  <trkpt lat="-7.98814307" lon="112.48097744">
   <ele>1727.146</ele>
  </trkpt>
  <trkpt lat="-7.98819168" lon="112.48105497">
   <ele>1726.185</ele>
  </trkpt>
  <trkpt lat="-7.98822035" lon="112.48112538">
   <ele>1723.781</ele>
  </trkpt>
  <trkpt lat="-7.98827433" lon="112.48120585">
   <ele>1730.03</ele>
  </trkpt>
  <trkpt lat="-7.98825958" lon="112.48125589">
   <ele>1719.936</ele>
  </trkpt>
  <trkpt lat="-7.98837240" lon="112.48133744">
   <ele>1715.129</ele>
  </trkpt>
  <trkpt lat="-7.98839495" lon="112.48135949">
   <ele>1712.245</ele>
  </trkpt>
  <trkpt lat="-7.98845555" lon="112.48142252">
   <ele>1701.671</ele>
  </trkpt>
  <trkpt lat="-7.98860399" lon="112.48144892">
   <ele>1706.958</ele>
  </trkpt>
  <trkpt lat="-7.98865730" lon="112.48148505">
   <ele>1702.632</ele>
  </trkpt>
  <trkpt lat="-7.98872662" lon="112.48147415">
   <ele>1699.748</ele>
  </trkpt>
  <trkpt lat="-7.98874422" lon="112.48149636">
   <ele>1706.958</ele>
  </trkpt>
  <trkpt lat="-7.98873827" lon="112.48142319">
   <ele>1708.4</ele>
  </trkpt>
  <trkpt lat="-7.98880524" lon="112.48151606">
   <ele>1707.439</ele>
  </trkpt>
  <trkpt lat="-7.98876693" lon="112.48150634">
   <ele>1706.477</ele>
  </trkpt>
  <trkpt lat="-7.98868538" lon="112.48146024">
   <ele>1691.096</ele>
  </trkpt>
  <trkpt lat="-7.98875662" lon="112.48148714">
   <ele>1701.19</ele>
  </trkpt>
  <trkpt lat="-7.98875109" lon="112.48152880">
   <ele>1691.577</ele>
  </trkpt>
  <trkpt lat="-7.98877825" lon="112.48157289">
   <ele>1689.654</ele>
  </trkpt>
  <trkpt lat="-7.98889174" lon="112.48157918">
   <ele>1692.539</ele>
  </trkpt>
  <trkpt lat="-7.98900926" lon="112.48158580">
   <ele>1692.058</ele>
  </trkpt>
  <trkpt lat="-7.98909903" lon="112.48159024">
   <ele>1670.909</ele>
  </trkpt>
  <trkpt lat="-7.98923599" lon="112.48158454">
   <ele>1674.754</ele>
  </trkpt>
  <trkpt lat="-7.98938795" lon="112.48161254">
   <ele>1671.389</ele>
  </trkpt>
  <trkpt lat="-7.98933816" lon="112.48160516">
   <ele>1672.351</ele>
  </trkpt>
  <trkpt lat="-7.98937588" lon="112.48166978">
   <ele>1678.599</ele>
  </trkpt>
  <trkpt lat="-7.98935208" lon="112.48163542">
   <ele>1668.986</ele>
  </trkpt>
  <trkpt lat="-7.98953924" lon="112.48163852">
   <ele>1663.218</ele>
  </trkpt>
  <trkpt lat="-7.98961015" lon="112.48164824">
   <ele>1656.969</ele>
  </trkpt>
  <trkpt lat="-7.98969179" lon="112.48161673">
   <ele>1657.45</ele>
  </trkpt>
  <trkpt lat="-7.98974016" lon="112.48162695">
   <ele>1652.644</ele>
  </trkpt>
  <trkpt lat="-7.98991417" lon="112.48158948">
   <ele>1645.915</ele>
  </trkpt>
  <trkpt lat="-7.99001056" lon="112.48160558">
   <ele>1647.356</ele>
  </trkpt>
  <trkpt lat="-7.99005163" lon="112.48161698">
   <ele>1645.434</ele>
  </trkpt>
  <trkpt lat="-7.99012296" lon="112.48160516">
   <ele>1642.55</ele>
  </trkpt>
  <trkpt lat="-7.99029236" lon="112.48161639">
   <ele>1635.821</ele>
  </trkpt>
  <trkpt lat="-7.99039797" lon="112.48162435">
   <ele>1635.34</ele>
  </trkpt>
  <trkpt lat="-7.99047106" lon="112.48165822">
   <ele>1633.898</ele>
  </trkpt>
  <trkpt lat="-7.99056904" lon="112.48163165">
   <ele>1624.765</ele>
  </trkpt>
  <trkpt lat="-7.99057424" lon="112.48160625">
   <ele>1614.191</ele>
  </trkpt>
  <trkpt lat="-7.99057072" lon="112.48157993">
   <ele>1606.5</ele>
  </trkpt>
  <trkpt lat="-7.99059318" lon="112.48156258">
   <ele>1619.959</ele>
  </trkpt>
  <trkpt lat="-7.99057893" lon="112.48156987">
   <ele>1623.323</ele>
  </trkpt>
  <trkpt lat="-7.99055974" lon="112.48157255">
   <ele>1621.401</ele>
  </trkpt>
  <trkpt lat="-7.99059117" lon="112.48156392">
   <ele>1629.572</ele>
  </trkpt>
  <trkpt lat="-7.99062428" lon="112.48160030">
   <ele>1638.705</ele>
  </trkpt>
  <trkpt lat="-7.99060886" lon="112.48162293">
   <ele>1625.727</ele>
  </trkpt>
  <trkpt lat="-7.99063384" lon="112.48162662">
   <ele>1631.975</ele>
  </trkpt>
  <trkpt lat="-7.99063694" lon="112.48157306">
   <ele>1622.843</ele>
  </trkpt>
  <trkpt lat="-7.99066150" lon="112.48163533">
   <ele>1622.362</ele>
  </trkpt>
  <trkpt lat="-7.99069360" lon="112.48163533">
   <ele>1625.727</ele>
  </trkpt>
  <trkpt lat="-7.99075655" lon="112.48172167">
   <ele>1626.207</ele>
  </trkpt>
  <trkpt lat="-7.99089493" lon="112.48180004">
   <ele>1638.705</ele>
  </trkpt>
  <trkpt lat="-7.99091823" lon="112.48178059">
   <ele>1631.975</ele>
  </trkpt>
  <trkpt lat="-7.99080675" lon="112.48174153">
   <ele>1620.92</ele>
  </trkpt>
  <trkpt lat="-7.99069058" lon="112.48167230">
   <ele>1622.362</ele>
  </trkpt>
  <trkpt lat="-7.99064867" lon="112.48159745">
   <ele>1628.13</ele>
  </trkpt>
  <trkpt lat="-7.99061825" lon="112.48154799">
   <ele>1634.379</ele>
  </trkpt>
  <trkpt lat="-7.99062914" lon="112.48151019">
   <ele>1640.146</ele>
  </trkpt>
  <trkpt lat="-7.99069712" lon="112.48152402">
   <ele>1645.434</ele>
  </trkpt>
  <trkpt lat="-7.99072763" lon="112.48149988">
   <ele>1652.163</ele>
  </trkpt>
  <trkpt lat="-7.99062269" lon="112.48155353">
   <ele>1628.611</ele>
  </trkpt>
  <trkpt lat="-7.99060433" lon="112.48155822">
   <ele>1626.688</ele>
  </trkpt>
  <trkpt lat="-7.99064607" lon="112.48158630">
   <ele>1629.091</ele>
  </trkpt>
  <trkpt lat="-7.99065412" lon="112.48159225">
   <ele>1628.611</ele>
  </trkpt>
  <trkpt lat="-7.99073123" lon="112.48164489">
   <ele>1628.611</ele>
  </trkpt>
  <trkpt lat="-7.99077876" lon="112.48169862">
   <ele>1630.053</ele>
  </trkpt>
  <trkpt lat="-7.99088638" lon="112.48168990">
   <ele>1634.859</ele>
  </trkpt>
  <trkpt lat="-7.99093257" lon="112.48169878">
   <ele>1647.356</ele>
  </trkpt>
  <trkpt lat="-7.99082813" lon="112.48166266">
   <ele>1627.169</ele>
  </trkpt>
  <trkpt lat="-7.99077515" lon="112.48171949">
   <ele>1624.285</ele>
  </trkpt>
  <trkpt lat="-7.99083182" lon="112.48167967">
   <ele>1629.091</ele>
  </trkpt>
  <trkpt lat="-7.99083089" lon="112.48175352">
   <ele>1611.307</ele>
  </trkpt>
  <trkpt lat="-7.99092947" lon="112.48178076">
   <ele>1609.384</ele>
  </trkpt>
  <trkpt lat="-7.99097129" lon="112.48180205">
   <ele>1616.114</ele>
  </trkpt>
  <trkpt lat="-7.99097582" lon="112.48181303">
   <ele>1608.423</ele>
  </trkpt>
  <trkpt lat="-7.99107087" lon="112.48184731">
   <ele>1604.578</ele>
  </trkpt>
  <trkpt lat="-7.99110959" lon="112.48186927">
   <ele>1600.732</ele>
  </trkpt>
  <trkpt lat="-7.99116089" lon="112.48188646">
   <ele>1606.981</ele>
  </trkpt>
  <trkpt lat="-7.99125074" lon="112.48188377">
   <ele>1608.423</ele>
  </trkpt>
  <trkpt lat="-7.99123985" lon="112.48186466">
   <ele>1601.213</ele>
  </trkpt>
  <trkpt lat="-7.99128184" lon="112.48192443">
   <ele>1598.81</ele>
  </trkpt>
  <trkpt lat="-7.99131478" lon="112.48192945">
   <ele>1596.407</ele>
  </trkpt>
  <trkpt lat="-7.99141143" lon="112.48188243">
   <ele>1603.136</ele>
  </trkpt>
  <trkpt lat="-7.99143028" lon="112.48193909">
   <ele>1587.755</ele>
  </trkpt>
  <trkpt lat="-7.99151989" lon="112.48201948">
   <ele>1584.39</ele>
  </trkpt>
  <trkpt lat="-7.99160739" lon="112.48203079">
   <ele>1587.274</ele>
  </trkpt>
  <trkpt lat="-7.99160974" lon="112.48202677">
   <ele>1584.39</ele>
  </trkpt>
  <trkpt lat="-7.99163095" lon="112.48202979">
   <ele>1577.18</ele>
  </trkpt>
  <trkpt lat="-7.99162374" lon="112.48206340">
   <ele>1570.932</ele>
  </trkpt>
  <trkpt lat="-7.99177679" lon="112.48213875">
   <ele>1578.141</ele>
  </trkpt>
  <trkpt lat="-7.99186975" lon="112.48213699">
   <ele>1572.854</ele>
  </trkpt>
  <trkpt lat="-7.99187612" lon="112.48214722">
   <ele>1566.606</ele>
  </trkpt>
  <trkpt lat="-7.99189548" lon="112.48219692">
   <ele>1572.374</ele>
  </trkpt>
  <trkpt lat="-7.99193186" lon="112.48230597">
   <ele>1576.699</ele>
  </trkpt>
  <trkpt lat="-7.99202699" lon="112.48223045">
   <ele>1569.49</ele>
  </trkpt>
  <trkpt lat="-7.99211659" lon="112.48228024">
   <ele>1570.932</ele>
  </trkpt>
  <trkpt lat="-7.99219723" lon="112.48230614">
   <ele>1565.164</ele>
  </trkpt>
  <trkpt lat="-7.99217384" lon="112.48231159">
   <ele>1559.876</ele>
  </trkpt>
  <trkpt lat="-7.99221760" lon="112.48234243">
   <ele>1552.667</ele>
  </trkpt>
  <trkpt lat="-7.99230100" lon="112.48234972">
   <ele>1555.07</ele>
  </trkpt>
  <trkpt lat="-7.99235565" lon="112.48238049">
   <ele>1549.783</ele>
  </trkpt>
  <trkpt lat="-7.99240116" lon="112.48238635">
   <ele>1548.821</ele>
  </trkpt>
  <trkpt lat="-7.99239487" lon="112.48242105">
   <ele>1549.302</ele>
  </trkpt>
  <trkpt lat="-7.99242413" lon="112.48247327">
   <ele>1550.744</ele>
  </trkpt>
  <trkpt lat="-7.99250082" lon="112.48252105">
   <ele>1548.341</ele>
  </trkpt>
  <trkpt lat="-7.99253653" lon="112.48253605">
   <ele>1543.053</ele>
  </trkpt>
  <trkpt lat="-7.99250166" lon="112.48257235">
   <ele>1536.805</ele>
  </trkpt>
  <trkpt lat="-7.99253946" lon="112.48260227">
   <ele>1531.517</ele>
  </trkpt>
  <trkpt lat="-7.99255094" lon="112.48265642">
   <ele>1536.324</ele>
  </trkpt>
  <trkpt lat="-7.99260509" lon="112.48270738">
   <ele>1529.114</ele>
  </trkpt>
  <trkpt lat="-7.99267265" lon="112.48274216">
   <ele>1527.192</ele>
  </trkpt>
  <trkpt lat="-7.99272185" lon="112.48284878">
   <ele>1521.424</ele>
  </trkpt>
  <trkpt lat="-7.99279117" lon="112.48293713">
   <ele>1522.385</ele>
  </trkpt>
  <trkpt lat="-7.99279075" lon="112.48295884">
   <ele>1517.098</ele>
  </trkpt>
  <trkpt lat="-7.99283794" lon="112.48299119">
   <ele>1529.595</ele>
  </trkpt>
  <trkpt lat="-7.99281389" lon="112.48306897">
   <ele>1537.285</ele>
  </trkpt>
  <trkpt lat="-7.99281640" lon="112.48299664">
   <ele>1528.153</ele>
  </trkpt>
  <trkpt lat="-7.99283668" lon="112.48293604">
   <ele>1523.827</ele>
  </trkpt>
  <trkpt lat="-7.99279494" lon="112.48292757">
   <ele>1516.136</ele>
  </trkpt>
  <trkpt lat="-7.99276963" lon="112.48292606">
   <ele>1509.407</ele>
  </trkpt>
  <trkpt lat="-7.99286208" lon="112.48287980">
   <ele>1521.904</ele>
  </trkpt>
  <trkpt lat="-7.99292352" lon="112.48294006">
   <ele>1515.656</ele>
  </trkpt>
  <trkpt lat="-7.99301782" lon="112.48300234">
   <ele>1515.175</ele>
  </trkpt>
  <trkpt lat="-7.99300239" lon="112.48302950">
   <ele>1512.291</ele>
  </trkpt>
  <trkpt lat="-7.99299787" lon="112.48308398">
   <ele>1511.33</ele>
  </trkpt>
  <trkpt lat="-7.99303844" lon="112.48310493">
   <ele>1512.291</ele>
  </trkpt>
  <trkpt lat="-7.99308797" lon="112.48316864">
   <ele>1505.081</ele>
  </trkpt>
  <trkpt lat="-7.99312024" lon="112.48321516">
   <ele>1499.313</ele>
  </trkpt>
  <trkpt lat="-7.99315000" lon="112.48319906">
   <ele>1502.197</ele>
  </trkpt>
  <trkpt lat="-7.99323239" lon="112.48320250">
   <ele>1498.833</ele>
  </trkpt>
  <trkpt lat="-7.99332024" lon="112.48314575">
   <ele>1501.717</ele>
  </trkpt>
  <trkpt lat="-7.99331294" lon="112.48313502">
   <ele>1499.794</ele>
  </trkpt>
  <trkpt lat="-7.99340297" lon="112.48319118">
   <ele>1503.159</ele>
  </trkpt>
  <trkpt lat="-7.99344705" lon="112.48316587">
   <ele>1500.275</ele>
  </trkpt>
  <trkpt lat="-7.99345979" lon="112.48314156">
   <ele>1494.026</ele>
  </trkpt>
  <trkpt lat="-7.99350933" lon="112.48308524">
   <ele>1490.661</ele>
  </trkpt>
  <trkpt lat="-7.99357228" lon="112.48312312">
   <ele>1477.203</ele>
  </trkpt>
  <trkpt lat="-7.99375609" lon="112.48320728">
   <ele>1483.451</ele>
  </trkpt>
  <trkpt lat="-7.99374386" lon="112.48321029">
   <ele>1481.048</ele>
  </trkpt>
  <trkpt lat="-7.99381443" lon="112.48322756">
   <ele>1484.894</ele>
  </trkpt>
  <trkpt lat="-7.99387285" lon="112.48334675">
   <ele>1477.684</ele>
  </trkpt>
  <trkpt lat="-7.99392742" lon="112.48339185">
   <ele>1470.474</ele>
  </trkpt>
  <trkpt lat="-7.99405659" lon="112.48344306">
   <ele>1460.38</ele>
  </trkpt>
  <trkpt lat="-7.99412364" lon="112.48343292">
   <ele>1458.457</ele>
  </trkpt>
  <trkpt lat="-7.99421685" lon="112.48342990">
   <ele>1452.689</ele>
  </trkpt>
  <trkpt lat="-7.99430469" lon="112.48341858">
   <ele>1449.805</ele>
  </trkpt>
  <trkpt lat="-7.99436940" lon="112.48341657">
   <ele>1451.728</ele>
  </trkpt>
  <trkpt lat="-7.99437485" lon="112.48344624">
   <ele>1450.767</ele>
  </trkpt>
  <trkpt lat="-7.99445867" lon="112.48344683">
   <ele>1444.518</ele>
  </trkpt>
  <trkpt lat="-7.99453653" lon="112.48352453">
   <ele>1436.828</ele>
  </trkpt>
  <trkpt lat="-7.99461314" lon="112.48354884">
   <ele>1437.789</ele>
  </trkpt>
  <trkpt lat="-7.99465313" lon="112.48356619">
   <ele>1441.634</ele>
  </trkpt>
  <trkpt lat="-7.99464826" lon="112.48353803">
   <ele>1439.712</ele>
  </trkpt>
  <trkpt lat="-7.99466335" lon="112.48355093">
   <ele>1436.828</ele>
  </trkpt>
  <trkpt lat="-7.99474508" lon="112.48361648">
   <ele>1432.982</ele>
  </trkpt>
  <trkpt lat="-7.99482219" lon="112.48368982">
   <ele>1426.734</ele>
  </trkpt>
  <trkpt lat="-7.99486418" lon="112.48374975">
   <ele>1421.927</ele>
  </trkpt>
  <trkpt lat="-7.99496502" lon="112.48375059">
   <ele>1416.64</ele>
  </trkpt>
  <trkpt lat="-7.99504012" lon="112.48373676">
   <ele>1415.198</ele>
  </trkpt>
  <trkpt lat="-7.99505009" lon="112.48372218">
   <ele>1413.756</ele>
  </trkpt>
  <trkpt lat="-7.99510743" lon="112.48377574">
   <ele>1413.275</ele>
  </trkpt>
  <trkpt lat="-7.99522142" lon="112.48377373">
   <ele>1411.353</ele>
  </trkpt>
  <trkpt lat="-7.99532175" lon="112.48378269">
   <ele>1406.065</ele>
  </trkpt>
  <trkpt lat="-7.99537062" lon="112.48374137">
   <ele>1405.585</ele>
  </trkpt>
  <trkpt lat="-7.99545645" lon="112.48381714">
   <ele>1402.701</ele>
  </trkpt>
  <trkpt lat="-7.99554764" lon="112.48384162">
   <ele>1400.298</ele>
  </trkpt>
  <trkpt lat="-7.99563423" lon="112.48383399">
   <ele>1394.53</ele>
  </trkpt>
  <trkpt lat="-7.99574554" lon="112.48380516">
   <ele>1388.762</ele>
  </trkpt>
  <trkpt lat="-7.99583204" lon="112.48382242">
   <ele>1384.917</ele>
  </trkpt>
  <trkpt lat="-7.99592257" lon="112.48382955">
   <ele>1383.474</ele>
  </trkpt>
  <trkpt lat="-7.99600898" lon="112.48379812">
   <ele>1386.358</ele>
  </trkpt>
  <trkpt lat="-7.99604972" lon="112.48379996">
   <ele>1379.148</ele>
  </trkpt>
  <trkpt lat="-7.99610915" lon="112.48380164">
   <ele>1375.784</ele>
  </trkpt>
  <trkpt lat="-7.99619230" lon="112.48379124">
   <ele>1374.823</ele>
  </trkpt>
  <trkpt lat="-7.99625776" lon="112.48376316">
   <ele>1375.303</ele>
  </trkpt>
  <trkpt lat="-7.99636194" lon="112.48375889">
   <ele>1376.265</ele>
  </trkpt>
  <trkpt lat="-7.99641165" lon="112.48377775">
   <ele>1369.055</ele>
  </trkpt>
  <trkpt lat="-7.99647066" lon="112.48376484">
   <ele>1361.364</ele>
  </trkpt>
  <trkpt lat="-7.99653419" lon="112.48377733">
   <ele>1366.171</ele>
  </trkpt>
  <trkpt lat="-7.99659153" lon="112.48374213">
   <ele>1365.209</ele>
  </trkpt>
  <trkpt lat="-7.99664726" lon="112.48370038">
   <ele>1368.574</ele>
  </trkpt>
  <trkpt lat="-7.99670124" lon="112.48368588">
   <ele>1363.287</ele>
  </trkpt>
  <trkpt lat="-7.99674215" lon="112.48367507">
   <ele>1361.364</ele>
  </trkpt>
  <trkpt lat="-7.99676009" lon="112.48367046">
   <ele>1354.635</ele>
  </trkpt>
  <trkpt lat="-7.99676210" lon="112.48364883">
   <ele>1351.751</ele>
  </trkpt>
  <trkpt lat="-7.99676922" lon="112.48365973">
   <ele>1355.115</ele>
  </trkpt>
  <trkpt lat="-7.99677274" lon="112.48368404">
   <ele>1356.077</ele>
  </trkpt>
  <trkpt lat="-7.99677542" lon="112.48366845">
   <ele>1355.115</ele>
  </trkpt>
  <trkpt lat="-7.99677366" lon="112.48368295">
   <ele>1360.403</ele>
  </trkpt>
  <trkpt lat="-7.99681524" lon="112.48366945">
   <ele>1360.884</ele>
  </trkpt>
  <trkpt lat="-7.99694155" lon="112.48366828">
   <ele>1362.806</ele>
  </trkpt>
  <trkpt lat="-7.99701573" lon="112.48359745">
   <ele>1354.154</ele>
  </trkpt>
  <trkpt lat="-7.99709897" lon="112.48358999">
   <ele>1353.193</ele>
  </trkpt>
  <trkpt lat="-7.99705429" lon="112.48357222">
   <ele>1350.309</ele>
  </trkpt>
  <trkpt lat="-7.99712629" lon="112.48355529">
   <ele>1349.348</ele>
  </trkpt>
  <trkpt lat="-7.99724188" lon="112.48351338">
   <ele>1346.464</ele>
  </trkpt>
  <trkpt lat="-7.99729083" lon="112.48353082">
   <ele>1343.099</ele>
  </trkpt>
  <trkpt lat="-7.99741555" lon="112.48354976">
   <ele>1338.292</ele>
  </trkpt>
  <trkpt lat="-7.99754002" lon="112.48355060">
   <ele>1337.812</ele>
  </trkpt>
  <trkpt lat="-7.99765334" lon="112.48353836">
   <ele>1335.889</ele>
  </trkpt>
  <trkpt lat="-7.99764689" lon="112.48356426">
   <ele>1344.541</ele>
  </trkpt>
  <trkpt lat="-7.99775242" lon="112.48358672">
   <ele>1340.696</ele>
  </trkpt>
  <trkpt lat="-7.99784655" lon="112.48361112">
   <ele>1337.812</ele>
  </trkpt>
  <trkpt lat="-7.99792039" lon="112.48362587">
   <ele>1333.486</ele>
  </trkpt>
  <trkpt lat="-7.99801243" lon="112.48363978">
   <ele>1329.16</ele>
  </trkpt>
  <trkpt lat="-7.99808803" lon="112.48367188">
   <ele>1328.199</ele>
  </trkpt>
  <trkpt lat="-7.99819825" lon="112.48363928">
   <ele>1326.276</ele>
  </trkpt>
  <trkpt lat="-7.99825634" lon="112.48367457">
   <ele>1320.989</ele>
  </trkpt>
  <trkpt lat="-7.99830370" lon="112.48373156">
   <ele>1318.105</ele>
  </trkpt>
  <trkpt lat="-7.99835516" lon="112.48378353">
   <ele>1320.508</ele>
  </trkpt>
  <trkpt lat="-7.99843638" lon="112.48381689">
   <ele>1316.663</ele>
  </trkpt>
  <trkpt lat="-7.99856546" lon="112.48382016">
   <ele>1319.547</ele>
  </trkpt>
  <trkpt lat="-7.99856597" lon="112.48382586">
   <ele>1313.779</ele>
  </trkpt>
  <trkpt lat="-7.99866085" lon="112.48384573">
   <ele>1309.934</ele>
  </trkpt>
  <trkpt lat="-7.99874727" lon="112.48388185">
   <ele>1306.088</ele>
  </trkpt>
  <trkpt lat="-7.99882237" lon="112.48391178">
   <ele>1303.685</ele>
  </trkpt>
  <trkpt lat="-7.99889747" lon="112.48395226">
   <ele>1301.762</ele>
  </trkpt>
  <trkpt lat="-7.99895983" lon="112.48395804">
   <ele>1297.437</ele>
  </trkpt>
  <trkpt lat="-7.99897852" lon="112.48402267">
   <ele>1294.552</ele>
  </trkpt>
  <trkpt lat="-7.99903317" lon="112.48404153">
   <ele>1295.033</ele>
  </trkpt>
  <trkpt lat="-7.99909025" lon="112.48408729">
   <ele>1292.63</ele>
  </trkpt>
  <trkpt lat="-7.99917349" lon="112.48410422">
   <ele>1290.707</ele>
  </trkpt>
  <trkpt lat="-7.99925680" lon="112.48415586">
   <ele>1287.343</ele>
  </trkpt>
  <trkpt lat="-7.99937298" lon="112.48417748">
   <ele>1286.862</ele>
  </trkpt>
  <trkpt lat="-7.99945445" lon="112.48415384">
   <ele>1285.42</ele>
  </trkpt>
  <trkpt lat="-7.99953986" lon="112.48416910">
   <ele>1278.691</ele>
  </trkpt>
  <trkpt lat="-7.99965905" lon="112.48412912">
   <ele>1280.614</ele>
  </trkpt>
  <trkpt lat="-7.99971278" lon="112.48410188">
   <ele>1277.729</ele>
  </trkpt>
  <trkpt lat="-7.99979542" lon="112.48411269">
   <ele>1273.884</ele>
  </trkpt>
  <trkpt lat="-7.99990523" lon="112.48409836">
   <ele>1273.404</ele>
  </trkpt>
  <trkpt lat="-8.00000045" lon="112.48413683">
   <ele>1268.116</ele>
  </trkpt>
  <trkpt lat="-8.00009198" lon="112.48417740">
   <ele>1263.31</ele>
  </trkpt>
  <trkpt lat="-8.00010589" lon="112.48414429">
   <ele>1268.597</ele>
  </trkpt>
  <trkpt lat="-8.00019893" lon="112.48415678">
   <ele>1265.713</ele>
  </trkpt>
  <trkpt lat="-8.00032197" lon="112.48418444">
   <ele>1257.542</ele>
  </trkpt>
  <trkpt lat="-8.00042960" lon="112.48420296">
   <ele>1254.177</ele>
  </trkpt>
  <trkpt lat="-8.00056798" lon="112.48419475">
   <ele>1256.58</ele>
  </trkpt>
  <trkpt lat="-8.00064744" lon="112.48423783">
   <ele>1247.448</ele>
  </trkpt>
  <trkpt lat="-8.00074962" lon="112.48427186">
   <ele>1246.487</ele>
  </trkpt>
  <trkpt lat="-8.00080310" lon="112.48432048">
   <ele>1246.967</ele>
  </trkpt>
  <trkpt lat="-8.00082833" lon="112.48432609">
   <ele>1246.487</ele>
  </trkpt>
  <trkpt lat="-8.00083470" lon="112.48433263">
   <ele>1246.487</ele>
  </trkpt>
  <trkpt lat="-8.00089387" lon="112.48435870">
   <ele>1247.448</ele>
  </trkpt>
  <trkpt lat="-8.00096076" lon="112.48440002">
   <ele>1244.083</ele>
  </trkpt>
  <trkpt lat="-8.00103762" lon="112.48442517">
   <ele>1242.161</ele>
  </trkpt>
  <trkpt lat="-8.00111130" lon="112.48447244">
   <ele>1238.796</ele>
  </trkpt>
  <trkpt lat="-8.00123636" lon="112.48449993">
   <ele>1237.354</ele>
  </trkpt>
  <trkpt lat="-8.00129478" lon="112.48451787">
   <ele>1232.067</ele>
  </trkpt>
  <trkpt lat="-8.00135655" lon="112.48454629">
   <ele>1229.183</ele>
  </trkpt>
  <trkpt lat="-8.00142059" lon="112.48458945">
   <ele>1224.857</ele>
  </trkpt>
  <trkpt lat="-8.00148429" lon="112.48460798">
   <ele>1226.78</ele>
  </trkpt>
  <trkpt lat="-8.00157934" lon="112.48467369">
   <ele>1219.57</ele>
  </trkpt>
  <trkpt lat="-8.00166878" lon="112.48470269">
   <ele>1216.205</ele>
  </trkpt>
  <trkpt lat="-8.00175520" lon="112.48472348">
   <ele>1215.725</ele>
  </trkpt>
  <trkpt lat="-8.00184103" lon="112.48476245">
   <ele>1216.205</ele>
  </trkpt>
  <trkpt lat="-8.00191814" lon="112.48482247">
   <ele>1210.437</ele>
  </trkpt>
  <trkpt lat="-8.00194622" lon="112.48489288">
   <ele>1207.073</ele>
  </trkpt>
  <trkpt lat="-8.00201386" lon="112.48490185">
   <ele>1207.073</ele>
  </trkpt>
  <trkpt lat="-8.00209349" lon="112.48495314">
   <ele>1208.995</ele>
  </trkpt>
  <trkpt lat="-8.00213993" lon="112.48506890">
   <ele>1210.918</ele>
  </trkpt>
  <trkpt lat="-8.00219089" lon="112.48517426">
   <ele>1205.15</ele>
  </trkpt>
  <trkpt lat="-8.00224747" lon="112.48524617">
   <ele>1202.266</ele>
  </trkpt>
  <trkpt lat="-8.00232559" lon="112.48527543">
   <ele>1198.901</ele>
  </trkpt>
  <trkpt lat="-8.00237336" lon="112.48527735">
   <ele>1213.802</ele>
  </trkpt>
  <trkpt lat="-8.00241670" lon="112.48534902">
   <ele>1207.553</ele>
  </trkpt>
  <trkpt lat="-8.00251703" lon="112.48544935">
   <ele>1197.459</ele>
  </trkpt>
  <trkpt lat="-8.00259909" lon="112.48549537">
   <ele>1194.575</ele>
  </trkpt>
  <trkpt lat="-8.00268425" lon="112.48549445">
   <ele>1196.498</ele>
  </trkpt>
  <trkpt lat="-8.00274024" lon="112.48552437">
   <ele>1194.095</ele>
  </trkpt>
  <trkpt lat="-8.00281517" lon="112.48554599">
   <ele>1196.018</ele>
  </trkpt>
  <trkpt lat="-8.00287619" lon="112.48562403">
   <ele>1191.691</ele>
  </trkpt>
  <trkpt lat="-8.00285314" lon="112.48575076">
   <ele>1184.001</ele>
  </trkpt>
  <trkpt lat="-8.00288944" lon="112.48583056">
   <ele>1185.924</ele>
  </trkpt>
  <trkpt lat="-8.00295942" lon="112.48582612">
   <ele>1187.846</ele>
  </trkpt>
  <trkpt lat="-8.00299622" lon="112.48583056">
   <ele>1183.04</ele>
  </trkpt>
  <trkpt lat="-8.00302380" lon="112.48583375">
   <ele>1182.559</ele>
  </trkpt>
  <trkpt lat="-8.00306437" lon="112.48586467">
   <ele>1179.675</ele>
  </trkpt>
  <trkpt lat="-8.00303486" lon="112.48588479">
   <ele>1176.791</ele>
  </trkpt>
 </trkseg>
</trk>
<trk>
 <name>Track 253</name>
 <trkseg>
  <trkpt lat="-7.95236550" lon="112.46747813"></trkpt>
  <trkpt lat="-7.95263196" lon="112.46728778"></trkpt>
  <trkpt lat="-7.95301267" lon="112.46672141"></trkpt>
  <trkpt lat="-7.95308886" lon="112.46641682"></trkpt>
  <trkpt lat="-7.95327921" lon="112.46618841"></trkpt>
  <trkpt lat="-7.95339346" lon="112.46580762"></trkpt>
  <trkpt lat="-7.95354567" lon="112.46561727"></trkpt>
  <trkpt lat="-7.95381222" lon="112.46538877"></trkpt>
  <trkpt lat="-7.95407868" lon="112.46542691"></trkpt>
  <trkpt lat="-7.95430717" lon="112.46538877"></trkpt>
  <trkpt lat="-7.95453558" lon="112.46500807"></trkpt>
 </trkseg>
</trk>
<trk>
 <name>Track 257</name>
 <trkseg>
  <trkpt lat="-7.96826664" lon="112.43126378"></trkpt>
  <trkpt lat="-7.96822859" lon="112.43126378"></trkpt>
  <trkpt lat="-7.96819045" lon="112.43133998"></trkpt>
  <trkpt lat="-7.96807629" lon="112.43137803"></trkpt>
  <trkpt lat="-7.96800010" lon="112.43141608"></trkpt>
  <trkpt lat="-7.96784788" lon="112.43141608"></trkpt>
  <trkpt lat="-7.96769558" lon="112.43141608"></trkpt>
  <trkpt lat="-7.96758134" lon="112.43145422"></trkpt>
  <trkpt lat="-7.96742904" lon="112.43145422"></trkpt>
  <trkpt lat="-7.96735293" lon="112.43149227"></trkpt>
  <trkpt lat="-7.96727674" lon="112.43149227"></trkpt>
  <trkpt lat="-7.96720063" lon="112.43149227"></trkpt>
  <trkpt lat="-7.96712453" lon="112.43149227"></trkpt>
  <trkpt lat="-7.96708639" lon="112.43149227"></trkpt>
  <trkpt lat="-7.96697223" lon="112.43149227"></trkpt>
  <trkpt lat="-7.96681993" lon="112.43149227"></trkpt>
  <trkpt lat="-7.96670568" lon="112.43149227"></trkpt>
  <trkpt lat="-7.96674382" lon="112.43149227"></trkpt>
  <trkpt lat="-7.96670568" lon="112.43149227"></trkpt>
  <trkpt lat="-7.96670568" lon="112.43156838"></trkpt>
  <trkpt lat="-7.96666763" lon="112.43164457"></trkpt>
  <trkpt lat="-7.96662957" lon="112.43175874"></trkpt>
  <trkpt lat="-7.96662957" lon="112.43183493"></trkpt>
  <trkpt lat="-7.96662957" lon="112.43187298"></trkpt>
  <trkpt lat="-7.96662957" lon="112.43191103"></trkpt>
  <trkpt lat="-7.96662957" lon="112.43198723"></trkpt>
  <trkpt lat="-7.96662957" lon="112.43202528"></trkpt>
  <trkpt lat="-7.96662957" lon="112.43210147"></trkpt>
  <trkpt lat="-7.96662957" lon="112.43221563"></trkpt>
  <trkpt lat="-7.96662957" lon="112.43229182"></trkpt>
  <trkpt lat="-7.96662957" lon="112.43236793"></trkpt>
  <trkpt lat="-7.96659152" lon="112.43244412"></trkpt>
  <trkpt lat="-7.96659152" lon="112.43248218"></trkpt>
  <trkpt lat="-7.96659152" lon="112.43252023"></trkpt>
  <trkpt lat="-7.96655338" lon="112.43252023"></trkpt>
 </trkseg>
</trk>
<trk>
 <name>Track 269</name>
 <trkseg>
  <trkpt lat="-7.88723007" lon="112.49854691"></trkpt>
  <trkpt lat="-7.88726821" lon="112.49854691"></trkpt>
  <trkpt lat="-7.88726821" lon="112.49850886"></trkpt>
  <trkpt lat="-7.88726821" lon="112.49847081"></trkpt>
  <trkpt lat="-7.88726821" lon="112.49839461"></trkpt>
  <trkpt lat="-7.88726821" lon="112.49831851"></trkpt>
  <trkpt lat="-7.88723007" lon="112.49828045"></trkpt>
  <trkpt lat="-7.88723007" lon="112.49824231"></trkpt>
  <trkpt lat="-7.88723007" lon="112.49812815"></trkpt>
  <trkpt lat="-7.88726821" lon="112.49805196"></trkpt>
  <trkpt lat="-7.88726821" lon="112.49801391"></trkpt>
  <trkpt lat="-7.88734431" lon="112.49793772"></trkpt>
  <trkpt lat="-7.88745856" lon="112.49786161"></trkpt>
  <trkpt lat="-7.88753467" lon="112.49786161"></trkpt>
  <trkpt lat="-7.88764891" lon="112.49778550"></trkpt>
  <trkpt lat="-7.88776307" lon="112.49770931"></trkpt>
  <trkpt lat="-7.88787732" lon="112.49763312"></trkpt>
  <trkpt lat="-7.88799156" lon="112.49755701"></trkpt>
  <trkpt lat="-7.88810573" lon="112.49751896"></trkpt>
  <trkpt lat="-7.88818192" lon="112.49748082"></trkpt>
  <trkpt lat="-7.88829608" lon="112.49740471"></trkpt>
  <trkpt lat="-7.88841032" lon="112.49740471"></trkpt>
  <trkpt lat="-7.88848643" lon="112.49736666"></trkpt>
  <trkpt lat="-7.88860068" lon="112.49736666"></trkpt>
  <trkpt lat="-7.88867687" lon="112.49736666"></trkpt>
  <trkpt lat="-7.88875298" lon="112.49736666"></trkpt>
  <trkpt lat="-7.88890528" lon="112.49732852"></trkpt>
  <trkpt lat="-7.88898138" lon="112.49729047"></trkpt>
  <trkpt lat="-7.88909563" lon="112.49729047"></trkpt>
  <trkpt lat="-7.88909563" lon="112.49725241"></trkpt>
  <trkpt lat="-7.88913368" lon="112.49725241"></trkpt>
  <trkpt lat="-7.88920979" lon="112.49721436"></trkpt>
  <trkpt lat="-7.88924793" lon="112.49717622"></trkpt>
  <trkpt lat="-7.88928598" lon="112.49713817"></trkpt>
  <trkpt lat="-7.88928598" lon="112.49710011"></trkpt>
  <trkpt lat="-7.88932404" lon="112.49706206"></trkpt>
  <trkpt lat="-7.88940014" lon="112.49702401"></trkpt>
  <trkpt lat="-7.88940014" lon="112.49698587"></trkpt>
  <trkpt lat="-7.88940014" lon="112.49690976"></trkpt>
  <trkpt lat="-7.88947633" lon="112.49683357"></trkpt>
  <trkpt lat="-7.88951439" lon="112.49675746"></trkpt>
  <trkpt lat="-7.88959058" lon="112.49664322"></trkpt>
  <trkpt lat="-7.88966669" lon="112.49656711"></trkpt>
  <trkpt lat="-7.88970474" lon="112.49641481"></trkpt>
  <trkpt lat="-7.88974280" lon="112.49633862"></trkpt>
  <trkpt lat="-7.88981899" lon="112.49626251"></trkpt>
  <trkpt lat="-7.88985704" lon="112.49611021"></trkpt>
  <trkpt lat="-7.88993315" lon="112.49599596"></trkpt>
  <trkpt lat="-7.88997129" lon="112.49591977"></trkpt>
  <trkpt lat="-7.88997129" lon="112.49588172"></trkpt>
  <trkpt lat="-7.89000934" lon="112.49576747"></trkpt>
  <trkpt lat="-7.89004739" lon="112.49569137"></trkpt>
  <trkpt lat="-7.89008545" lon="112.49565331"></trkpt>
  <trkpt lat="-7.89019969" lon="112.49557712"></trkpt>
  <trkpt lat="-7.89027580" lon="112.49553907"></trkpt>
  <trkpt lat="-7.89035199" lon="112.49550101"></trkpt>
  <trkpt lat="-7.89046615" lon="112.49546288"></trkpt>
  <trkpt lat="-7.89058040" lon="112.49542482"></trkpt>
  <trkpt lat="-7.89069464" lon="112.49534871"></trkpt>
  <trkpt lat="-7.89080881" lon="112.49534871"></trkpt>
  <trkpt lat="-7.89084686" lon="112.49531058"></trkpt>
  <trkpt lat="-7.89084686" lon="112.49515836"></trkpt>
  <trkpt lat="-7.89084686" lon="112.49504412"></trkpt>
  <trkpt lat="-7.89092305" lon="112.49492987"></trkpt>
  <trkpt lat="-7.89099916" lon="112.49485368"></trkpt>
  <trkpt lat="-7.89107535" lon="112.49473952"></trkpt>
  <trkpt lat="-7.89122765" lon="112.49466333"></trkpt>
  <trkpt lat="-7.89130376" lon="112.49458722"></trkpt>
  <trkpt lat="-7.89134181" lon="112.49451103"></trkpt>
  <trkpt lat="-7.89137986" lon="112.49435873"></trkpt>
  <trkpt lat="-7.89145606" lon="112.49428262"></trkpt>
  <trkpt lat="-7.89157022" lon="112.49420643"></trkpt>
  <trkpt lat="-7.89164641" lon="112.49409227"></trkpt>
  <trkpt lat="-7.89172252" lon="112.49401608"></trkpt>
  <trkpt lat="-7.89160836" lon="112.49393997"></trkpt>
  <trkpt lat="-7.89153216" lon="112.49397802"></trkpt>
  <trkpt lat="-7.89141800" lon="112.49397802"></trkpt>
  <trkpt lat="-7.89130376" lon="112.49401608"></trkpt>
  <trkpt lat="-7.89126570" lon="112.49401608"></trkpt>
  <trkpt lat="-7.89122765" lon="112.49405413"></trkpt>
  <trkpt lat="-7.89115146" lon="112.49409227"></trkpt>
  <trkpt lat="-7.89099916" lon="112.49416837"></trkpt>
  <trkpt lat="-7.89088500" lon="112.49416837"></trkpt>
  <trkpt lat="-7.89080881" lon="112.49413032"></trkpt>
  <trkpt lat="-7.89069464" lon="112.49416837"></trkpt>
  <trkpt lat="-7.89061845" lon="112.49413032"></trkpt>
  <trkpt lat="-7.89058040" lon="112.49413032"></trkpt>
  <trkpt lat="-7.89054235" lon="112.49409227"></trkpt>
  <trkpt lat="-7.89042810" lon="112.49401608"></trkpt>
  <trkpt lat="-7.89035199" lon="112.49393997"></trkpt>
  <trkpt lat="-7.89031394" lon="112.49386378"></trkpt>
  <trkpt lat="-7.89031394" lon="112.49374953"></trkpt>
  <trkpt lat="-7.89027580" lon="112.49367342"></trkpt>
  <trkpt lat="-7.89027580" lon="112.49359723"></trkpt>
  <trkpt lat="-7.89035199" lon="112.49355918"></trkpt>
  <trkpt lat="-7.89042810" lon="112.49355918"></trkpt>
  <trkpt lat="-7.89054235" lon="112.49355918"></trkpt>
  <trkpt lat="-7.89065651" lon="112.49355918"></trkpt>
  <trkpt lat="-7.89077075" lon="112.49355918"></trkpt>
  <trkpt lat="-7.89084686" lon="112.49355918"></trkpt>
  <trkpt lat="-7.89096111" lon="112.49359723"></trkpt>
  <trkpt lat="-7.89103721" lon="112.49359723"></trkpt>
  <trkpt lat="-7.89107535" lon="112.49355918"></trkpt>
  <trkpt lat="-7.89103721" lon="112.49352112"></trkpt>
  <trkpt lat="-7.89099916" lon="112.49340688"></trkpt>
  <trkpt lat="-7.89092305" lon="112.49336882"></trkpt>
  <trkpt lat="-7.89084686" lon="112.49329263"></trkpt>
  <trkpt lat="-7.89077075" lon="112.49321653"></trkpt>
  <trkpt lat="-7.89069464" lon="112.49317847"></trkpt>
  <trkpt lat="-7.89058040" lon="112.49310228"></trkpt>
  <trkpt lat="-7.89058040" lon="112.49298804"></trkpt>
  <trkpt lat="-7.89058040" lon="112.49291193"></trkpt>
  <trkpt lat="-7.89065651" lon="112.49283574"></trkpt>
  <trkpt lat="-7.89073270" lon="112.49279768"></trkpt>
  <trkpt lat="-7.89080881" lon="112.49275963"></trkpt>
  <trkpt lat="-7.89096111" lon="112.49275963"></trkpt>
  <trkpt lat="-7.89107535" lon="112.49272157"></trkpt>
  <trkpt lat="-7.89118951" lon="112.49264538"></trkpt>
  <trkpt lat="-7.89126570" lon="112.49249308"></trkpt>
  <trkpt lat="-7.89126570" lon="112.49241698"></trkpt>
  <trkpt lat="-7.89130376" lon="112.49234078"></trkpt>
  <trkpt lat="-7.89130376" lon="112.49226468"></trkpt>
  <trkpt lat="-7.89134181" lon="112.49215043"></trkpt>
  <trkpt lat="-7.89141800" lon="112.49207424"></trkpt>
  <trkpt lat="-7.89153216" lon="112.49199813"></trkpt>
  <trkpt lat="-7.89157022" lon="112.49192194"></trkpt>
  <trkpt lat="-7.89160836" lon="112.49188389"></trkpt>
  <trkpt lat="-7.89172252" lon="112.49173159"></trkpt>
  <trkpt lat="-7.89176057" lon="112.49165548"></trkpt>
  <trkpt lat="-7.89183676" lon="112.49157929"></trkpt>
  <trkpt lat="-7.89191287" lon="112.49150318"></trkpt>
  <trkpt lat="-7.89198906" lon="112.49142699"></trkpt>
  <trkpt lat="-7.89210322" lon="112.49135088"></trkpt>
  <trkpt lat="-7.89221747" lon="112.49123664"></trkpt>
  <trkpt lat="-7.89229358" lon="112.49119858"></trkpt>
  <trkpt lat="-7.89236977" lon="112.49119858"></trkpt>
  <trkpt lat="-7.89248393" lon="112.49119858"></trkpt>
  <trkpt lat="-7.89252207" lon="112.49119858"></trkpt>
  <trkpt lat="-7.89259817" lon="112.49116053"></trkpt>
  <trkpt lat="-7.89271242" lon="112.49108434"></trkpt>
  <trkpt lat="-7.89282658" lon="112.49108434"></trkpt>
  <trkpt lat="-7.89290277" lon="112.49104628"></trkpt>
  <trkpt lat="-7.89301693" lon="112.49100823"></trkpt>
  <trkpt lat="-7.89313118" lon="112.49100823"></trkpt>
  <trkpt lat="-7.89324543" lon="112.49100823"></trkpt>
  <trkpt lat="-7.89332153" lon="112.49100823"></trkpt>
  <trkpt lat="-7.89343578" lon="112.49097009"></trkpt>
  <trkpt lat="-7.89354994" lon="112.49097009"></trkpt>
  <trkpt lat="-7.89366418" lon="112.49097009"></trkpt>
  <trkpt lat="-7.89370224" lon="112.49093204"></trkpt>
  <trkpt lat="-7.89385454" lon="112.49093204"></trkpt>
  <trkpt lat="-7.89393065" lon="112.49093204"></trkpt>
  <trkpt lat="-7.89404489" lon="112.49089398"></trkpt>
  <trkpt lat="-7.89412100" lon="112.49089398"></trkpt>
  <trkpt lat="-7.89419719" lon="112.49085593"></trkpt>
  <trkpt lat="-7.89415914" lon="112.49085593"></trkpt>
  <trkpt lat="-7.89419719" lon="112.49085593"></trkpt>
  <trkpt lat="-7.89427330" lon="112.49085593"></trkpt>
  <trkpt lat="-7.89438754" lon="112.49085593"></trkpt>
  <trkpt lat="-7.89446365" lon="112.49081779"></trkpt>
  <trkpt lat="-7.89453984" lon="112.49074169"></trkpt>
  <trkpt lat="-7.89457790" lon="112.49066549"></trkpt>
  <trkpt lat="-7.89461595" lon="112.49058939"></trkpt>
  <trkpt lat="-7.89473020" lon="112.49047514"></trkpt>
  <trkpt lat="-7.89480630" lon="112.49043709"></trkpt>
  <trkpt lat="-7.89488249" lon="112.49036090"></trkpt>
  <trkpt lat="-7.89495860" lon="112.49032284"></trkpt>
  <trkpt lat="-7.89488249" lon="112.49020860"></trkpt>
  <trkpt lat="-7.89480630" lon="112.49013249"></trkpt>
  <trkpt lat="-7.89469214" lon="112.49001824"></trkpt>
  <trkpt lat="-7.89469214" lon="112.48994214"></trkpt>
  <trkpt lat="-7.89473020" lon="112.48990400"></trkpt>
  <trkpt lat="-7.89480630" lon="112.48986594"></trkpt>
  <trkpt lat="-7.89484436" lon="112.48975170"></trkpt>
  <trkpt lat="-7.89492055" lon="112.48963754"></trkpt>
  <trkpt lat="-7.89492055" lon="112.48959940"></trkpt>
  <trkpt lat="-7.89499666" lon="112.48956135"></trkpt>
  <trkpt lat="-7.89507285" lon="112.48948524"></trkpt>
  <trkpt lat="-7.89518701" lon="112.48940905"></trkpt>
  <trkpt lat="-7.89530125" lon="112.48933294"></trkpt>
  <trkpt lat="-7.89530125" lon="112.48929480"></trkpt>
  <trkpt lat="-7.89533931" lon="112.48929480"></trkpt>
  <trkpt lat="-7.89533931" lon="112.48925675"></trkpt>
  <trkpt lat="-7.89537736" lon="112.48921869"></trkpt>
  <trkpt lat="-7.89541550" lon="112.48925675"></trkpt>
  <trkpt lat="-7.89541550" lon="112.48929480"></trkpt>
  <trkpt lat="-7.89545355" lon="112.48940905"></trkpt>
  <trkpt lat="-7.89549161" lon="112.48944710"></trkpt>
  <trkpt lat="-7.89552966" lon="112.48940905"></trkpt>
  <trkpt lat="-7.89560585" lon="112.48933294"></trkpt>
  <trkpt lat="-7.89568196" lon="112.48925675"></trkpt>
  <trkpt lat="-7.89575807" lon="112.48918064"></trkpt>
  <trkpt lat="-7.89579621" lon="112.48910445"></trkpt>
  <trkpt lat="-7.89587231" lon="112.48906639"></trkpt>
  <trkpt lat="-7.89591037" lon="112.48902834"></trkpt>
  <trkpt lat="-7.89598656" lon="112.48895215"></trkpt>
  <trkpt lat="-7.89606267" lon="112.48891409"></trkpt>
  <trkpt lat="-7.89621497" lon="112.48883799"></trkpt>
  <trkpt lat="-7.89640532" lon="112.48876180"></trkpt>
 </trkseg>
</trk>
<trk>
 <name>Track 271</name>
 <trkseg>
  <trkpt lat="-7.89096111" lon="112.49489182"></trkpt>
  <trkpt lat="-7.89099916" lon="112.49496792"></trkpt>
  <trkpt lat="-7.89107535" lon="112.49504412"></trkpt>
  <trkpt lat="-7.89115146" lon="112.49515836"></trkpt>
  <trkpt lat="-7.89126570" lon="112.49519642"></trkpt>
  <trkpt lat="-7.89137986" lon="112.49531058"></trkpt>
  <trkpt lat="-7.89149411" lon="112.49534871"></trkpt>
  <trkpt lat="-7.89153216" lon="112.49542482"></trkpt>
  <trkpt lat="-7.89160836" lon="112.49550101"></trkpt>
  <trkpt lat="-7.89176057" lon="112.49553907"></trkpt>
  <trkpt lat="-7.89176057" lon="112.49557712"></trkpt>
  <trkpt lat="-7.89240782" lon="112.49572942"></trkpt>
  <trkpt lat="-7.89214136" lon="112.49553907"></trkpt>
  <trkpt lat="-7.89217941" lon="112.49531058"></trkpt>
  <trkpt lat="-7.89328348" lon="112.49409227"></trkpt>
  <trkpt lat="-7.89446365" lon="112.49390183"></trkpt>
  <trkpt lat="-7.89434949" lon="112.49378767"></trkpt>
  <trkpt lat="-7.89461595" lon="112.49374953"></trkpt>
  <trkpt lat="-7.89473020" lon="112.49348307"></trkpt>
  <trkpt lat="-7.89465400" lon="112.49344493"></trkpt>
  <trkpt lat="-7.89514896" lon="112.49333077"></trkpt>
  <trkpt lat="-7.89545355" lon="112.49344493"></trkpt>
  <trkpt lat="-7.89568196" lon="112.49336882"></trkpt>
  <trkpt lat="-7.89564391" lon="112.49336882"></trkpt>
  <trkpt lat="-7.89564391" lon="112.49333077"></trkpt>
  <trkpt lat="-7.89564391" lon="112.49329263"></trkpt>
  <trkpt lat="-7.89564391" lon="112.49333077"></trkpt>
  <trkpt lat="-7.89556772" lon="112.49325458"></trkpt>
  <trkpt lat="-7.89556772" lon="112.49317847"></trkpt>
  <trkpt lat="-7.89560585" lon="112.49321653"></trkpt>
  <trkpt lat="-7.89564391" lon="112.49321653"></trkpt>
  <trkpt lat="-7.89564391" lon="112.49317847"></trkpt>
  <trkpt lat="-7.89545355" lon="112.49310228"></trkpt>
  <trkpt lat="-7.89511090" lon="112.49245503"></trkpt>
  <trkpt lat="-7.89507285" lon="112.49249308"></trkpt>
  <trkpt lat="-7.89442560" lon="112.49211238"></trkpt>
  <trkpt lat="-7.89473020" lon="112.49218849"></trkpt>
  <trkpt lat="-7.89552966" lon="112.49199813"></trkpt>
  <trkpt lat="-7.89632921" lon="112.49215043"></trkpt>
  <trkpt lat="-7.89690027" lon="112.49199813"></trkpt>
  <trkpt lat="-7.89716673" lon="112.49203619"></trkpt>
  <trkpt lat="-7.89728098" lon="112.49226468"></trkpt>
  <trkpt lat="-7.89830885" lon="112.49249308"></trkpt>
  <trkpt lat="-7.89929875" lon="112.49306423"></trkpt>
  <trkpt lat="-7.90040282" lon="112.49333077"></trkpt>
  <trkpt lat="-7.90070741" lon="112.49382572"></trkpt>
  <trkpt lat="-7.90150688" lon="112.49443492"></trkpt>
  <trkpt lat="-7.90169723" lon="112.49473952"></trkpt>
  <trkpt lat="-7.90226829" lon="112.49496792"></trkpt>
  <trkpt lat="-7.90253484" lon="112.49553907"></trkpt>
  <trkpt lat="-7.90276324" lon="112.49557712"></trkpt>
  <trkpt lat="-7.90314395" lon="112.49614826"></trkpt>
  <trkpt lat="-7.90295360" lon="112.49710011"></trkpt>
  <trkpt lat="-7.90261094" lon="112.49744277"></trkpt>
  <trkpt lat="-7.90268714" lon="112.49778550"></trkpt>
 </trkseg>
</trk>
<trk>
 <name>Track 273</name>
 <trkseg>
  <trkpt lat="-7.89556537" lon="112.46093170"></trkpt>
  <trkpt lat="-7.89552731" lon="112.46081745"></trkpt>
  <trkpt lat="-7.89552731" lon="112.46077940"></trkpt>
  <trkpt lat="-7.89556537" lon="112.46074134"></trkpt>
  <trkpt lat="-7.89552731" lon="112.46074134"></trkpt>
  <trkpt lat="-7.89548926" lon="112.46070329"></trkpt>
  <trkpt lat="-7.89545112" lon="112.46070329"></trkpt>
  <trkpt lat="-7.89537502" lon="112.46066515"></trkpt>
  <trkpt lat="-7.89518466" lon="112.46077940"></trkpt>
  <trkpt lat="-7.89491812" lon="112.46077940"></trkpt>
  <trkpt lat="-7.89488006" lon="112.46077940"></trkpt>
  <trkpt lat="-7.89484201" lon="112.46077940"></trkpt>
  <trkpt lat="-7.89480396" lon="112.46077940"></trkpt>
  <trkpt lat="-7.89476590" lon="112.46077940"></trkpt>
  <trkpt lat="-7.89468971" lon="112.46081745"></trkpt>
  <trkpt lat="-7.89457555" lon="112.46081745"></trkpt>
  <trkpt lat="-7.89446130" lon="112.46077940"></trkpt>
  <trkpt lat="-7.89442325" lon="112.46074134"></trkpt>
  <trkpt lat="-7.89434706" lon="112.46070329"></trkpt>
  <trkpt lat="-7.89423290" lon="112.46070329"></trkpt>
  <trkpt lat="-7.89408060" lon="112.46074134"></trkpt>
  <trkpt lat="-7.89392830" lon="112.46074134"></trkpt>
  <trkpt lat="-7.89373795" lon="112.46077940"></trkpt>
  <trkpt lat="-7.89366184" lon="112.46085559"></trkpt>
  <trkpt lat="-7.89350954" lon="112.46100789"></trkpt>
  <trkpt lat="-7.89335724" lon="112.46108400"></trkpt>
  <trkpt lat="-7.89320494" lon="112.46112205"></trkpt>
  <trkpt lat="-7.89312883" lon="112.46112205"></trkpt>
  <trkpt lat="-7.89301459" lon="112.46112205"></trkpt>
  <trkpt lat="-7.89297653" lon="112.46112205"></trkpt>
  <trkpt lat="-7.89282423" lon="112.46112205"></trkpt>
  <trkpt lat="-7.89274804" lon="112.46116019"></trkpt>
  <trkpt lat="-7.89267194" lon="112.46116019"></trkpt>
  <trkpt lat="-7.89255769" lon="112.46116019"></trkpt>
  <trkpt lat="-7.89232928" lon="112.46112205"></trkpt>
  <trkpt lat="-7.89221512" lon="112.46108400"></trkpt>
  <trkpt lat="-7.89210088" lon="112.46104594"></trkpt>
  <trkpt lat="-7.89198663" lon="112.46104594"></trkpt>
  <trkpt lat="-7.89194858" lon="112.46100789"></trkpt>
  <trkpt lat="-7.89187247" lon="112.46100789"></trkpt>
  <trkpt lat="-7.89179628" lon="112.46104594"></trkpt>
  <trkpt lat="-7.89172017" lon="112.46104594"></trkpt>
  <trkpt lat="-7.89152982" lon="112.46104594"></trkpt>
  <trkpt lat="-7.89149176" lon="112.46104594"></trkpt>
  <trkpt lat="-7.89145363" lon="112.46104594"></trkpt>
  <trkpt lat="-7.89141557" lon="112.46104594"></trkpt>
  <trkpt lat="-7.89137752" lon="112.46104594"></trkpt>
 </trkseg>
</trk>
<trk>
 <name>Track 279</name>
 <trkseg>
  <trkpt lat="-7.95453558" lon="112.46500807"></trkpt>
  <trkpt lat="-7.95480204" lon="112.46497001"></trkpt>
  <trkpt lat="-7.95503053" lon="112.46500807"></trkpt>
  <trkpt lat="-7.95541123" lon="112.46519842"></trkpt>
  <trkpt lat="-7.95541123" lon="112.46523648"></trkpt>
  <trkpt lat="-7.95552540" lon="112.46535072"></trkpt>
  <trkpt lat="-7.95567770" lon="112.46538877"></trkpt>
  <trkpt lat="-7.95571575" lon="112.46542691"></trkpt>
  <trkpt lat="-7.95582999" lon="112.46550302"></trkpt>
  <trkpt lat="-7.95586805" lon="112.46554107"></trkpt>
  <trkpt lat="-7.95590610" lon="112.46557921"></trkpt>
  <trkpt lat="-7.95598229" lon="112.46565532"></trkpt>
  <trkpt lat="-7.95598229" lon="112.46569337"></trkpt>
  <trkpt lat="-7.95609654" lon="112.46576956"></trkpt>
  <trkpt lat="-7.95609654" lon="112.46588381"></trkpt>
  <trkpt lat="-7.95613459" lon="112.46599797"></trkpt>
  <trkpt lat="-7.95617265" lon="112.46607416"></trkpt>
  <trkpt lat="-7.95621070" lon="112.46618841"></trkpt>
  <trkpt lat="-7.95624875" lon="112.46630257"></trkpt>
  <trkpt lat="-7.95628681" lon="112.46637876"></trkpt>
  <trkpt lat="-7.95632495" lon="112.46645487"></trkpt>
  <trkpt lat="-7.95632495" lon="112.46649301"></trkpt>
  <trkpt lat="-7.95632495" lon="112.46653106"></trkpt>
  <trkpt lat="-7.95632495" lon="112.46664531"></trkpt>
  <trkpt lat="-7.95636300" lon="112.46672141"></trkpt>
  <trkpt lat="-7.95640105" lon="112.46683566"></trkpt>
  <trkpt lat="-7.95647725" lon="112.46691177"></trkpt>
  <trkpt lat="-7.95651530" lon="112.46698318"></trkpt>
  <trkpt lat="-7.95659141" lon="112.46709743"></trkpt>
  <trkpt lat="-7.95666760" lon="112.46721159"></trkpt>
  <trkpt lat="-7.95666760" lon="112.46724973"></trkpt>
  <trkpt lat="-7.95670565" lon="112.46728778"></trkpt>
  <trkpt lat="-7.95670565" lon="112.46736389"></trkpt>
  <trkpt lat="-7.95674371" lon="112.46744008"></trkpt>
  <trkpt lat="-7.95678176" lon="112.46755432"></trkpt>
  <trkpt lat="-7.95685795" lon="112.46770662"></trkpt>
  <trkpt lat="-7.95689601" lon="112.46785892"></trkpt>
  <trkpt lat="-7.95697211" lon="112.46801122"></trkpt>
  <trkpt lat="-7.95701025" lon="112.46812538"></trkpt>
  <trkpt lat="-7.95704830" lon="112.46820157"></trkpt>
  <trkpt lat="-7.95701025" lon="112.46823963"></trkpt>
  <trkpt lat="-7.95701025" lon="112.46827768"></trkpt>
  <trkpt lat="-7.95701025" lon="112.46831582"></trkpt>
  <trkpt lat="-7.95701025" lon="112.46835387"></trkpt>
  <trkpt lat="-7.95701025" lon="112.46842998"></trkpt>
  <trkpt lat="-7.95701025" lon="112.46846812"></trkpt>
  <trkpt lat="-7.95701025" lon="112.46854423"></trkpt>
  <trkpt lat="-7.95704830" lon="112.46862042"></trkpt>
  <trkpt lat="-7.95704830" lon="112.46865847"></trkpt>
  <trkpt lat="-7.95708636" lon="112.46869653"></trkpt>
  <trkpt lat="-7.95708636" lon="112.46873458"></trkpt>
  <trkpt lat="-7.95712441" lon="112.46873458"></trkpt>
  <trkpt lat="-7.95708636" lon="112.46877272"></trkpt>
  <trkpt lat="-7.95712441" lon="112.46881077"></trkpt>
  <trkpt lat="-7.95712441" lon="112.46884882"></trkpt>
  <trkpt lat="-7.95716247" lon="112.46892502"></trkpt>
  <trkpt lat="-7.95720060" lon="112.46900112"></trkpt>
  <trkpt lat="-7.95723866" lon="112.46900112"></trkpt>
  <trkpt lat="-7.95727671" lon="112.46903918"></trkpt>
  <trkpt lat="-7.95727671" lon="112.46907732"></trkpt>
  <trkpt lat="-7.95727671" lon="112.46911537"></trkpt>
  <trkpt lat="-7.95731477" lon="112.46919148"></trkpt>
  <trkpt lat="-7.95735282" lon="112.46930572"></trkpt>
  <trkpt lat="-7.95735282" lon="112.46938183"></trkpt>
  <trkpt lat="-7.95735282" lon="112.46945802"></trkpt>
  <trkpt lat="-7.95739096" lon="112.46957227"></trkpt>
  <trkpt lat="-7.95742901" lon="112.46968651"></trkpt>
  <trkpt lat="-7.95742901" lon="112.46980067"></trkpt>
  <trkpt lat="-7.95739096" lon="112.46987686"></trkpt>
  <trkpt lat="-7.95739096" lon="112.46991492"></trkpt>
  <trkpt lat="-7.95742901" lon="112.46999103"></trkpt>
  <trkpt lat="-7.95746706" lon="112.47010527"></trkpt>
  <trkpt lat="-7.95750512" lon="112.47014333"></trkpt>
  <trkpt lat="-7.95750512" lon="112.47018146"></trkpt>
  <trkpt lat="-7.95750512" lon="112.47021952"></trkpt>
  <trkpt lat="-7.95754317" lon="112.47025757"></trkpt>
  <trkpt lat="-7.95758131" lon="112.47025757"></trkpt>
  <trkpt lat="-7.95761936" lon="112.47033376"></trkpt>
  <trkpt lat="-7.95765742" lon="112.47040987"></trkpt>
  <trkpt lat="-7.95769547" lon="112.47048606"></trkpt>
  <trkpt lat="-7.95769547" lon="112.47052412"></trkpt>
  <trkpt lat="-7.95765742" lon="112.47063836"></trkpt>
  <trkpt lat="-7.95765742" lon="112.47075252"></trkpt>
  <trkpt lat="-7.95758131" lon="112.47079066"></trkpt>
  <trkpt lat="-7.95754317" lon="112.47082871"></trkpt>
  <trkpt lat="-7.95754317" lon="112.47086677"></trkpt>
  <trkpt lat="-7.95758131" lon="112.47090482"></trkpt>
  <trkpt lat="-7.95758131" lon="112.47098101"></trkpt>
  <trkpt lat="-7.95758131" lon="112.47101907"></trkpt>
  <trkpt lat="-7.95754317" lon="112.47113331"></trkpt>
  <trkpt lat="-7.95750512" lon="112.47117137"></trkpt>
 </trkseg>
</trk>
<trk>
 <name>Track 281</name>
 <trkseg>
  <trkpt lat="-7.91680922" lon="112.45110853"></trkpt>
  <trkpt lat="-7.91684727" lon="112.45110853"></trkpt>
  <trkpt lat="-7.91680922" lon="112.45110853"></trkpt>
  <trkpt lat="-7.91680922" lon="112.45114658"></trkpt>
  <trkpt lat="-7.91684727" lon="112.45114658"></trkpt>
  <trkpt lat="-7.91684727" lon="112.45110853"></trkpt>
  <trkpt lat="-7.91684727" lon="112.45114658"></trkpt>
  <trkpt lat="-7.91692338" lon="112.45122269"></trkpt>
  <trkpt lat="-7.91699957" lon="112.45133693"></trkpt>
  <trkpt lat="-7.91711373" lon="112.45141304"></trkpt>
 </trkseg>
</trk>
<trk>
 <name>Track 287</name>
 <trkseg>
  <trkpt lat="-7.86971726" lon="112.46401574"></trkpt>
  <trkpt lat="-7.86971726" lon="112.46397768"></trkpt>
  <trkpt lat="-7.86975531" lon="112.46397768"></trkpt>
  <trkpt lat="-7.86975531" lon="112.46401574"></trkpt>
  <trkpt lat="-7.86975531" lon="112.46397768"></trkpt>
  <trkpt lat="-7.86967920" lon="112.46397768"></trkpt>
  <trkpt lat="-7.86960309" lon="112.46397768"></trkpt>
  <trkpt lat="-7.86960309" lon="112.46393963"></trkpt>
  <trkpt lat="-7.86956496" lon="112.46367308"></trkpt>
  <trkpt lat="-7.86956496" lon="112.46359689"></trkpt>
  <trkpt lat="-7.86994566" lon="112.46359689"></trkpt>
  <trkpt lat="-7.87036451" lon="112.46371114"></trkpt>
  <trkpt lat="-7.87070716" lon="112.46378733"></trkpt>
  <trkpt lat="-7.87104981" lon="112.46390149"></trkpt>
  <trkpt lat="-7.87150662" lon="112.46412998"></trkpt>
  <trkpt lat="-7.87188733" lon="112.46424423"></trkpt>
  <trkpt lat="-7.87230609" lon="112.46424423"></trkpt>
  <trkpt lat="-7.87272493" lon="112.46424423"></trkpt>
  <trkpt lat="-7.87310564" lon="112.46428228"></trkpt>
  <trkpt lat="-7.87344829" lon="112.46439653"></trkpt>
  <trkpt lat="-7.87348635" lon="112.46439653"></trkpt>
  <trkpt lat="-7.87363864" lon="112.46405379"></trkpt>
  <trkpt lat="-7.87344829" lon="112.46371114"></trkpt>
  <trkpt lat="-7.87329599" lon="112.46359689"></trkpt>
  <trkpt lat="-7.87291529" lon="112.46336848"></trkpt>
  <trkpt lat="-7.87261069" lon="112.46321619"></trkpt>
  <trkpt lat="-7.87261069" lon="112.46298769"></trkpt>
  <trkpt lat="-7.87249653" lon="112.46260699"></trkpt>
  <trkpt lat="-7.87230609" lon="112.46226434"></trkpt>
  <trkpt lat="-7.87215387" lon="112.46195974"></trkpt>
  <trkpt lat="-7.87215387" lon="112.46188355"></trkpt>
  <trkpt lat="-7.87196352" lon="112.46154089"></trkpt>
  <trkpt lat="-7.87173503" lon="112.46131249"></trkpt>
  <trkpt lat="-7.87150662" lon="112.46112205"></trkpt>
  <trkpt lat="-7.87116397" lon="112.46081745"></trkpt>
  <trkpt lat="-7.87104981" lon="112.46077940"></trkpt>
  <trkpt lat="-7.87116397" lon="112.46062710"></trkpt>
  <trkpt lat="-7.87124016" lon="112.46074134"></trkpt>
  <trkpt lat="-7.87135432" lon="112.46081745"></trkpt>
  <trkpt lat="-7.87146857" lon="112.46081745"></trkpt>
  <trkpt lat="-7.87162087" lon="112.46085559"></trkpt>
  <trkpt lat="-7.87162087" lon="112.46089364"></trkpt>
  <trkpt lat="-7.87188733" lon="112.46096975"></trkpt>
  <trkpt lat="-7.87211574" lon="112.46108400"></trkpt>
  <trkpt lat="-7.87219193" lon="112.46112205"></trkpt>
  <trkpt lat="-7.87238228" lon="112.46119824"></trkpt>
  <trkpt lat="-7.87242034" lon="112.46123630"></trkpt>
  <trkpt lat="-7.87272493" lon="112.46138860"></trkpt>
  <trkpt lat="-7.87291529" lon="112.46146479"></trkpt>
  <trkpt lat="-7.87314369" lon="112.46157895"></trkpt>
  <trkpt lat="-7.87344829" lon="112.46169319"></trkpt>
  <trkpt lat="-7.87379094" lon="112.46165514"></trkpt>
  <trkpt lat="-7.87405740" lon="112.46157895"></trkpt>
  <trkpt lat="-7.87432395" lon="112.46131249"></trkpt>
  <trkpt lat="-7.87455236" lon="112.46108400"></trkpt>
  <trkpt lat="-7.87481882" lon="112.46081745"></trkpt>
  <trkpt lat="-7.87489501" lon="112.46047480"></trkpt>
  <trkpt lat="-7.87500917" lon="112.46024639"></trkpt>
  <trkpt lat="-7.87516147" lon="112.46017020"></trkpt>
  <trkpt lat="-7.87538988" lon="112.45997985"></trkpt>
  <trkpt lat="-7.87565642" lon="112.45978950"></trkpt>
  <trkpt lat="-7.87592288" lon="112.45948490"></trkpt>
  <trkpt lat="-7.87630359" lon="112.45937065"></trkpt>
  <trkpt lat="-7.87660819" lon="112.45940871"></trkpt>
  <trkpt lat="-7.87676048" lon="112.45944676"></trkpt>
  <trkpt lat="-7.87683659" lon="112.45944676"></trkpt>
  <trkpt lat="-7.87721730" lon="112.45940871"></trkpt>
  <trkpt lat="-7.87759809" lon="112.45933260"></trkpt>
  <trkpt lat="-7.87797879" lon="112.45929454"></trkpt>
  <trkpt lat="-7.87801685" lon="112.45929454"></trkpt>
  <trkpt lat="-7.87832145" lon="112.45929454"></trkpt>
  <trkpt lat="-7.87839755" lon="112.45925641"></trkpt>
  <trkpt lat="-7.87851180" lon="112.45925641"></trkpt>
  <trkpt lat="-7.87889251" lon="112.45906605"></trkpt>
  <trkpt lat="-7.87915897" lon="112.45883765"></trkpt>
  <trkpt lat="-7.87942551" lon="112.45887570"></trkpt>
  <trkpt lat="-7.87950162" lon="112.45891375"></trkpt>
  <trkpt lat="-7.87961586" lon="112.45891375"></trkpt>
  <trkpt lat="-7.88030108" lon="112.45887570"></trkpt>
  <trkpt lat="-7.88086980" lon="112.45895181"></trkpt>
  <trkpt lat="-7.88136475" lon="112.45910411"></trkpt>
  <trkpt lat="-7.88151705" lon="112.45914225"></trkpt>
  <trkpt lat="-7.88166935" lon="112.45918030"></trkpt>
  <trkpt lat="-7.88185970" lon="112.45925641"></trkpt>
  <trkpt lat="-7.88208811" lon="112.45929454"></trkpt>
  <trkpt lat="-7.88216421" lon="112.45933260"></trkpt>
  <trkpt lat="-7.88235457" lon="112.45944676"></trkpt>
  <trkpt lat="-7.88239270" lon="112.45944676"></trkpt>
  <trkpt lat="-7.88243076" lon="112.45944676"></trkpt>
  <trkpt lat="-7.88246881" lon="112.45944676"></trkpt>
  <trkpt lat="-7.88254492" lon="112.45940871"></trkpt>
  <trkpt lat="-7.88258306" lon="112.45940871"></trkpt>
  <trkpt lat="-7.88269722" lon="112.45933260"></trkpt>
  <trkpt lat="-7.88277341" lon="112.45937065"></trkpt>
  <trkpt lat="-7.88281146" lon="112.45933260"></trkpt>
  <trkpt lat="-7.88281146" lon="112.45929454"></trkpt>
  <trkpt lat="-7.88296376" lon="112.45929454"></trkpt>
  <trkpt lat="-7.88311598" lon="112.45929454"></trkpt>
  <trkpt lat="-7.88326828" lon="112.45929454"></trkpt>
  <trkpt lat="-7.88342058" lon="112.45921835"></trkpt>
  <trkpt lat="-7.88357288" lon="112.45918030"></trkpt>
  <trkpt lat="-7.88368712" lon="112.45914225"></trkpt>
  <trkpt lat="-7.88383942" lon="112.45910411"></trkpt>
  <trkpt lat="-7.88387747" lon="112.45910411"></trkpt>
  <trkpt lat="-7.88402977" lon="112.45914225"></trkpt>
  <trkpt lat="-7.88410588" lon="112.45914225"></trkpt>
  <trkpt lat="-7.88425818" lon="112.45910411"></trkpt>
  <trkpt lat="-7.88429623" lon="112.45918030"></trkpt>
  <trkpt lat="-7.88425818" lon="112.45929454"></trkpt>
  <trkpt lat="-7.88433429" lon="112.45929454"></trkpt>
  <trkpt lat="-7.88448659" lon="112.45921835"></trkpt>
  <trkpt lat="-7.88460083" lon="112.45921835"></trkpt>
  <trkpt lat="-7.88475305" lon="112.45914225"></trkpt>
  <trkpt lat="-7.88486729" lon="112.45914225"></trkpt>
  <trkpt lat="-7.88494349" lon="112.45910411"></trkpt>
  <trkpt lat="-7.88498154" lon="112.45910411"></trkpt>
  <trkpt lat="-7.88513384" lon="112.45918030"></trkpt>
  <trkpt lat="-7.88524800" lon="112.45910411"></trkpt>
  <trkpt lat="-7.88540030" lon="112.45914225"></trkpt>
  <trkpt lat="-7.88559065" lon="112.45914225"></trkpt>
  <trkpt lat="-7.88578101" lon="112.45910411"></trkpt>
  <trkpt lat="-7.88589525" lon="112.45910411"></trkpt>
  <trkpt lat="-7.88597136" lon="112.45910411"></trkpt>
  <trkpt lat="-7.88619985" lon="112.45906605"></trkpt>
  <trkpt lat="-7.88635206" lon="112.45906605"></trkpt>
  <trkpt lat="-7.88646631" lon="112.45906605"></trkpt>
  <trkpt lat="-7.88658055" lon="112.45898995"></trkpt>
  <trkpt lat="-7.88665666" lon="112.45898995"></trkpt>
  <trkpt lat="-7.88673277" lon="112.45902800"></trkpt>
  <trkpt lat="-7.88684702" lon="112.45906605"></trkpt>
  <trkpt lat="-7.88692312" lon="112.45910411"></trkpt>
  <trkpt lat="-7.88703737" lon="112.45914225"></trkpt>
  <trkpt lat="-7.88707542" lon="112.45914225"></trkpt>
  <trkpt lat="-7.88718967" lon="112.45918030"></trkpt>
  <trkpt lat="-7.88734197" lon="112.45914225"></trkpt>
  <trkpt lat="-7.88745613" lon="112.45914225"></trkpt>
  <trkpt lat="-7.88760843" lon="112.45914225"></trkpt>
  <trkpt lat="-7.88764648" lon="112.45914225"></trkpt>
  <trkpt lat="-7.88772267" lon="112.45914225"></trkpt>
  <trkpt lat="-7.88787497" lon="112.45914225"></trkpt>
  <trkpt lat="-7.88795108" lon="112.45918030"></trkpt>
  <trkpt lat="-7.88810338" lon="112.45914225"></trkpt>
  <trkpt lat="-7.88814143" lon="112.45918030"></trkpt>
  <trkpt lat="-7.88817949" lon="112.45925641"></trkpt>
  <trkpt lat="-7.88833179" lon="112.45933260"></trkpt>
  <trkpt lat="-7.88852214" lon="112.45944676"></trkpt>
  <trkpt lat="-7.88863638" lon="112.45952295"></trkpt>
  <trkpt lat="-7.88878868" lon="112.45967525"></trkpt>
  <trkpt lat="-7.88894098" lon="112.45982755"></trkpt>
  <trkpt lat="-7.88894098" lon="112.45990374"></trkpt>
  <trkpt lat="-7.88905514" lon="112.45994180"></trkpt>
  <trkpt lat="-7.88913134" lon="112.46009409"></trkpt>
  <trkpt lat="-7.88935974" lon="112.46017020"></trkpt>
  <trkpt lat="-7.88955010" lon="112.46028445"></trkpt>
  <trkpt lat="-7.88974045" lon="112.46036055"></trkpt>
  <trkpt lat="-7.89000691" lon="112.46047480"></trkpt>
  <trkpt lat="-7.89004505" lon="112.46047480"></trkpt>
  <trkpt lat="-7.89015921" lon="112.46051285"></trkpt>
  <trkpt lat="-7.89023540" lon="112.46051285"></trkpt>
  <trkpt lat="-7.89031151" lon="112.46051285"></trkpt>
  <trkpt lat="-7.89038770" lon="112.46058905"></trkpt>
  <trkpt lat="-7.89042575" lon="112.46062710"></trkpt>
  <trkpt lat="-7.89050186" lon="112.46062710"></trkpt>
  <trkpt lat="-7.89061611" lon="112.46066515"></trkpt>
  <trkpt lat="-7.89076841" lon="112.46077940"></trkpt>
  <trkpt lat="-7.89080646" lon="112.46081745"></trkpt>
  <trkpt lat="-7.89092062" lon="112.46085559"></trkpt>
  <trkpt lat="-7.89092062" lon="112.46089364"></trkpt>
  <trkpt lat="-7.89099681" lon="112.46089364"></trkpt>
  <trkpt lat="-7.89099681" lon="112.46093170"></trkpt>
  <trkpt lat="-7.89099681" lon="112.46089364"></trkpt>
  <trkpt lat="-7.89099681" lon="112.46093170"></trkpt>
  <trkpt lat="-7.89111097" lon="112.46096975"></trkpt>
  <trkpt lat="-7.89114911" lon="112.46096975"></trkpt>
  <trkpt lat="-7.89126327" lon="112.46100789"></trkpt>
  <trkpt lat="-7.89137752" lon="112.46104594"></trkpt>
  <trkpt lat="-7.89141557" lon="112.46108400"></trkpt>
  <trkpt lat="-7.89160592" lon="112.46112205"></trkpt>
  <trkpt lat="-7.89172017" lon="112.46112205"></trkpt>
  <trkpt lat="-7.89183433" lon="112.46108400"></trkpt>
  <trkpt lat="-7.89194858" lon="112.46112205"></trkpt>
  <trkpt lat="-7.89206282" lon="112.46116019"></trkpt>
  <trkpt lat="-7.89221512" lon="112.46119824"></trkpt>
  <trkpt lat="-7.89236734" lon="112.46123630"></trkpt>
  <trkpt lat="-7.89248158" lon="112.46131249"></trkpt>
  <trkpt lat="-7.89263388" lon="112.46135054"></trkpt>
  <trkpt lat="-7.89274804" lon="112.46138860"></trkpt>
  <trkpt lat="-7.89282423" lon="112.46138860"></trkpt>
  <trkpt lat="-7.89286229" lon="112.46142665"></trkpt>
  <trkpt lat="-7.89290034" lon="112.46146479"></trkpt>
  <trkpt lat="-7.89297653" lon="112.46146479"></trkpt>
  <trkpt lat="-7.89301459" lon="112.46150284"></trkpt>
  <trkpt lat="-7.89305264" lon="112.46150284"></trkpt>
  <trkpt lat="-7.89312883" lon="112.46154089"></trkpt>
  <trkpt lat="-7.89316689" lon="112.46150284"></trkpt>
  <trkpt lat="-7.89320494" lon="112.46150284"></trkpt>
  <trkpt lat="-7.89328105" lon="112.46150284"></trkpt>
  <trkpt lat="-7.89331919" lon="112.46154089"></trkpt>
  <trkpt lat="-7.89339529" lon="112.46157895"></trkpt>
  <trkpt lat="-7.89343335" lon="112.46157895"></trkpt>
  <trkpt lat="-7.89347140" lon="112.46157895"></trkpt>
  <trkpt lat="-7.89354759" lon="112.46157895"></trkpt>
  <trkpt lat="-7.89358565" lon="112.46161709"></trkpt>
  <trkpt lat="-7.89362370" lon="112.46161709"></trkpt>
  <trkpt lat="-7.89369989" lon="112.46161709"></trkpt>
  <trkpt lat="-7.89377600" lon="112.46161709"></trkpt>
  <trkpt lat="-7.89385219" lon="112.46161709"></trkpt>
  <trkpt lat="-7.89389024" lon="112.46161709"></trkpt>
  <trkpt lat="-7.89396635" lon="112.46161709"></trkpt>
  <trkpt lat="-7.89400441" lon="112.46165514"></trkpt>
  <trkpt lat="-7.89408060" lon="112.46165514"></trkpt>
  <trkpt lat="-7.89411865" lon="112.46169319"></trkpt>
  <trkpt lat="-7.89423290" lon="112.46173125"></trkpt>
  <trkpt lat="-7.89434706" lon="112.46180744"></trkpt>
  <trkpt lat="-7.89442325" lon="112.46188355"></trkpt>
  <trkpt lat="-7.89446130" lon="112.46192168"></trkpt>
  <trkpt lat="-7.89453741" lon="112.46195974"></trkpt>
  <trkpt lat="-7.89461360" lon="112.46199779"></trkpt>
  <trkpt lat="-7.89468971" lon="112.46203585"></trkpt>
  <trkpt lat="-7.89472776" lon="112.46211204"></trkpt>
  <trkpt lat="-7.89476590" lon="112.46215009"></trkpt>
  <trkpt lat="-7.89476590" lon="112.46218815"></trkpt>
  <trkpt lat="-7.89480396" lon="112.46218815"></trkpt>
  <trkpt lat="-7.89484201" lon="112.46218815"></trkpt>
  <trkpt lat="-7.89484201" lon="112.46222620"></trkpt>
  <trkpt lat="-7.89488006" lon="112.46226434"></trkpt>
  <trkpt lat="-7.89488006" lon="112.46230239"></trkpt>
  <trkpt lat="-7.89491812" lon="112.46234044"></trkpt>
  <trkpt lat="-7.89491812" lon="112.46237850"></trkpt>
  <trkpt lat="-7.89499431" lon="112.46241664"></trkpt>
  <trkpt lat="-7.89503236" lon="112.46249274"></trkpt>
  <trkpt lat="-7.89507042" lon="112.46256894"></trkpt>
  <trkpt lat="-7.89510847" lon="112.46264504"></trkpt>
  <trkpt lat="-7.89518466" lon="112.46268318"></trkpt>
  <trkpt lat="-7.89522272" lon="112.46283548"></trkpt>
  <trkpt lat="-7.89522272" lon="112.46291159"></trkpt>
  <trkpt lat="-7.89526077" lon="112.46291159"></trkpt>
  <trkpt lat="-7.89529891" lon="112.46294964"></trkpt>
  <trkpt lat="-7.89529891" lon="112.46298769"></trkpt>
  <trkpt lat="-7.89533696" lon="112.46298769"></trkpt>
  <trkpt lat="-7.89537502" lon="112.46298769"></trkpt>
  <trkpt lat="-7.89537502" lon="112.46302583"></trkpt>
  <trkpt lat="-7.89541307" lon="112.46302583"></trkpt>
  <trkpt lat="-7.89545112" lon="112.46302583"></trkpt>
  <trkpt lat="-7.89548926" lon="112.46302583"></trkpt>
  <trkpt lat="-7.89552731" lon="112.46306389"></trkpt>
  <trkpt lat="-7.89556537" lon="112.46306389"></trkpt>
  <trkpt lat="-7.89564148" lon="112.46306389"></trkpt>
  <trkpt lat="-7.89571767" lon="112.46310194"></trkpt>
  <trkpt lat="-7.89579378" lon="112.46313999"></trkpt>
  <trkpt lat="-7.89586997" lon="112.46321619"></trkpt>
  <trkpt lat="-7.89598413" lon="112.46325424"></trkpt>
  <trkpt lat="-7.89609837" lon="112.46329229"></trkpt>
  <trkpt lat="-7.89621262" lon="112.46336848"></trkpt>
  <trkpt lat="-7.89640297" lon="112.46340654"></trkpt>
  <trkpt lat="-7.89647908" lon="112.46348273"></trkpt>
  <trkpt lat="-7.89663138" lon="112.46352078"></trkpt>
  <trkpt lat="-7.89666943" lon="112.46363503"></trkpt>
  <trkpt lat="-7.89674554" lon="112.46371114"></trkpt>
  <trkpt lat="-7.89693598" lon="112.46374919"></trkpt>
  <trkpt lat="-7.89701208" lon="112.46386344"></trkpt>
  <trkpt lat="-7.89701208" lon="112.46397768"></trkpt>
  <trkpt lat="-7.89708819" lon="112.46412998"></trkpt>
  <trkpt lat="-7.89708819" lon="112.46424423"></trkpt>
  <trkpt lat="-7.89712633" lon="112.46424423"></trkpt>
  <trkpt lat="-7.89727855" lon="112.46428228"></trkpt>
  <trkpt lat="-7.89735474" lon="112.46439653"></trkpt>
  <trkpt lat="-7.89739279" lon="112.46454882"></trkpt>
  <trkpt lat="-7.89746890" lon="112.46462493"></trkpt>
  <trkpt lat="-7.89758314" lon="112.46466299"></trkpt>
  <trkpt lat="-7.89762120" lon="112.46462493"></trkpt>
  <trkpt lat="-7.89773544" lon="112.46451069"></trkpt>
  <trkpt lat="-7.89777350" lon="112.46451069"></trkpt>
  <trkpt lat="-7.89796385" lon="112.46447263"></trkpt>
  <trkpt lat="-7.89815420" lon="112.46443458"></trkpt>
  <trkpt lat="-7.89826845" lon="112.46432033"></trkpt>
  <trkpt lat="-7.89834456" lon="112.46420609"></trkpt>
  <trkpt lat="-7.89845880" lon="112.46416803"></trkpt>
  <trkpt lat="-7.89864915" lon="112.46409193"></trkpt>
  <trkpt lat="-7.89876340" lon="112.46397768"></trkpt>
  <trkpt lat="-7.89887756" lon="112.46397768"></trkpt>
  <trkpt lat="-7.89902986" lon="112.46393963"></trkpt>
  <trkpt lat="-7.89918216" lon="112.46401574"></trkpt>
  <trkpt lat="-7.89929632" lon="112.46405379"></trkpt>
  <trkpt lat="-7.89941057" lon="112.46405379"></trkpt>
  <trkpt lat="-7.89956287" lon="112.46401574"></trkpt>
  <trkpt lat="-7.89960092" lon="112.46397768"></trkpt>
  <trkpt lat="-7.89971516" lon="112.46401574"></trkpt>
  <trkpt lat="-7.89975322" lon="112.46401574"></trkpt>
  <trkpt lat="-7.89990552" lon="112.46401574"></trkpt>
  <trkpt lat="-7.90005782" lon="112.46397768"></trkpt>
  <trkpt lat="-7.90017198" lon="112.46401574"></trkpt>
  <trkpt lat="-7.90032428" lon="112.46405379"></trkpt>
  <trkpt lat="-7.90043852" lon="112.46401574"></trkpt>
  <trkpt lat="-7.90051463" lon="112.46390149"></trkpt>
  <trkpt lat="-7.90062888" lon="112.46378733"></trkpt>
  <trkpt lat="-7.90078118" lon="112.46371114"></trkpt>
  <trkpt lat="-7.90085728" lon="112.46363503"></trkpt>
  <trkpt lat="-7.90104764" lon="112.46352078"></trkpt>
  <trkpt lat="-7.90116188" lon="112.46348273"></trkpt>
  <trkpt lat="-7.90135223" lon="112.46348273"></trkpt>
  <trkpt lat="-7.90146640" lon="112.46344459"></trkpt>
  <trkpt lat="-7.90158064" lon="112.46336848"></trkpt>
  <trkpt lat="-7.90165675" lon="112.46333043"></trkpt>
  <trkpt lat="-7.90173294" lon="112.46329229"></trkpt>
  <trkpt lat="-7.90180905" lon="112.46321619"></trkpt>
  <trkpt lat="-7.90196135" lon="112.46325424"></trkpt>
  <trkpt lat="-7.90203754" lon="112.46325424"></trkpt>
  <trkpt lat="-7.90215170" lon="112.46321619"></trkpt>
  <trkpt lat="-7.90226595" lon="112.46317813"></trkpt>
  <trkpt lat="-7.90245630" lon="112.46313999"></trkpt>
  <trkpt lat="-7.90260860" lon="112.46310194"></trkpt>
  <trkpt lat="-7.90276090" lon="112.46306389"></trkpt>
  <trkpt lat="-7.90295125" lon="112.46310194"></trkpt>
  <trkpt lat="-7.90310347" lon="112.46310194"></trkpt>
  <trkpt lat="-7.90329382" lon="112.46310194"></trkpt>
  <trkpt lat="-7.90340806" lon="112.46298769"></trkpt>
  <trkpt lat="-7.90352231" lon="112.46294964"></trkpt>
  <trkpt lat="-7.90367461" lon="112.46287353"></trkpt>
  <trkpt lat="-7.90378877" lon="112.46287353"></trkpt>
  <trkpt lat="-7.90397912" lon="112.46279734"></trkpt>
  <trkpt lat="-7.90401726" lon="112.46279734"></trkpt>
  <trkpt lat="-7.90416948" lon="112.46272123"></trkpt>
  <trkpt lat="-7.90432177" lon="112.46264504"></trkpt>
  <trkpt lat="-7.90439797" lon="112.46260699"></trkpt>
  <trkpt lat="-7.90451213" lon="112.46253088"></trkpt>
  <trkpt lat="-7.90458832" lon="112.46245469"></trkpt>
  <trkpt lat="-7.90470248" lon="112.46241664"></trkpt>
  <trkpt lat="-7.90485478" lon="112.46234044"></trkpt>
  <trkpt lat="-7.90489283" lon="112.46230239"></trkpt>
  <trkpt lat="-7.90500708" lon="112.46226434"></trkpt>
  <trkpt lat="-7.90500708" lon="112.46222620"></trkpt>
  <trkpt lat="-7.90512132" lon="112.46218815"></trkpt>
  <trkpt lat="-7.90515938" lon="112.46218815"></trkpt>
  <trkpt lat="-7.90519743" lon="112.46207390"></trkpt>
  <trkpt lat="-7.90523549" lon="112.46203585"></trkpt>
  <trkpt lat="-7.90527354" lon="112.46207390"></trkpt>
  <trkpt lat="-7.90531168" lon="112.46203585"></trkpt>
  <trkpt lat="-7.90534973" lon="112.46195974"></trkpt>
  <trkpt lat="-7.90542584" lon="112.46180744"></trkpt>
  <trkpt lat="-7.90554008" lon="112.46173125"></trkpt>
  <trkpt lat="-7.90565433" lon="112.46165514"></trkpt>
  <trkpt lat="-7.90573044" lon="112.46161709"></trkpt>
  <trkpt lat="-7.90580655" lon="112.46154089"></trkpt>
  <trkpt lat="-7.90592079" lon="112.46150284"></trkpt>
  <trkpt lat="-7.90599690" lon="112.46150284"></trkpt>
  <trkpt lat="-7.90595884" lon="112.46150284"></trkpt>
  <trkpt lat="-7.90599690" lon="112.46150284"></trkpt>
  <trkpt lat="-7.90595884" lon="112.46150284"></trkpt>
  <trkpt lat="-7.90599690" lon="112.46150284"></trkpt>
  <trkpt lat="-7.90595884" lon="112.46150284"></trkpt>
  <trkpt lat="-7.90599690" lon="112.46142665"></trkpt>
  <trkpt lat="-7.90607309" lon="112.46135054"></trkpt>
  <trkpt lat="-7.90611114" lon="112.46131249"></trkpt>
  <trkpt lat="-7.90614920" lon="112.46131249"></trkpt>
  <trkpt lat="-7.90626344" lon="112.46127435"></trkpt>
  <trkpt lat="-7.90637760" lon="112.46119824"></trkpt>
  <trkpt lat="-7.90645380" lon="112.46116019"></trkpt>
  <trkpt lat="-7.90656804" lon="112.46112205"></trkpt>
  <trkpt lat="-7.90664415" lon="112.46112205"></trkpt>
  <trkpt lat="-7.90672026" lon="112.46112205"></trkpt>
  <trkpt lat="-7.90683450" lon="112.46108400"></trkpt>
  <trkpt lat="-7.90694875" lon="112.46108400"></trkpt>
  <trkpt lat="-7.90706291" lon="112.46100789"></trkpt>
  <trkpt lat="-7.90717715" lon="112.46096975"></trkpt>
  <trkpt lat="-7.90729140" lon="112.46089364"></trkpt>
  <trkpt lat="-7.90732945" lon="112.46093170"></trkpt>
  <trkpt lat="-7.90736751" lon="112.46089364"></trkpt>
  <trkpt lat="-7.90748167" lon="112.46089364"></trkpt>
  <trkpt lat="-7.90751981" lon="112.46096975"></trkpt>
  <trkpt lat="-7.90759591" lon="112.46112205"></trkpt>
  <trkpt lat="-7.90771016" lon="112.46112205"></trkpt>
  <trkpt lat="-7.90778627" lon="112.46123630"></trkpt>
  <trkpt lat="-7.90782432" lon="112.46123630"></trkpt>
  <trkpt lat="-7.90790051" lon="112.46131249"></trkpt>
  <trkpt lat="-7.90793857" lon="112.46131249"></trkpt>
  <trkpt lat="-7.90797662" lon="112.46131249"></trkpt>
  <trkpt lat="-7.90797662" lon="112.46135054"></trkpt>
  <trkpt lat="-7.90801467" lon="112.46142665"></trkpt>
  <trkpt lat="-7.90801467" lon="112.46150284"></trkpt>
  <trkpt lat="-7.90809087" lon="112.46154089"></trkpt>
  <trkpt lat="-7.90824316" lon="112.46150284"></trkpt>
  <trkpt lat="-7.90828122" lon="112.46142665"></trkpt>
  <trkpt lat="-7.90831927" lon="112.46138860"></trkpt>
  <trkpt lat="-7.90843352" lon="112.46135054"></trkpt>
  <trkpt lat="-7.90847157" lon="112.46131249"></trkpt>
  <trkpt lat="-7.90858582" lon="112.46123630"></trkpt>
  <trkpt lat="-7.90866192" lon="112.46127435"></trkpt>
  <trkpt lat="-7.90873803" lon="112.46127435"></trkpt>
  <trkpt lat="-7.90877617" lon="112.46123630"></trkpt>
  <trkpt lat="-7.90881422" lon="112.46123630"></trkpt>
  <trkpt lat="-7.90889033" lon="112.46123630"></trkpt>
  <trkpt lat="-7.90896652" lon="112.46119824"></trkpt>
  <trkpt lat="-7.90904263" lon="112.46112205"></trkpt>
  <trkpt lat="-7.90908068" lon="112.46104594"></trkpt>
  <trkpt lat="-7.90915688" lon="112.46100789"></trkpt>
  <trkpt lat="-7.90927104" lon="112.46096975"></trkpt>
  <trkpt lat="-7.90934723" lon="112.46093170"></trkpt>
  <trkpt lat="-7.90942334" lon="112.46085559"></trkpt>
  <trkpt lat="-7.90946139" lon="112.46074134"></trkpt>
  <trkpt lat="-7.90949953" lon="112.46066515"></trkpt>
  <trkpt lat="-7.90957564" lon="112.46055099"></trkpt>
  <trkpt lat="-7.90961369" lon="112.46055099"></trkpt>
  <trkpt lat="-7.90968988" lon="112.46051285"></trkpt>
  <trkpt lat="-7.90980404" lon="112.46039869"></trkpt>
  <trkpt lat="-7.90988023" lon="112.46028445"></trkpt>
  <trkpt lat="-7.90991829" lon="112.46020826"></trkpt>
  <trkpt lat="-7.91003253" lon="112.46020826"></trkpt>
  <trkpt lat="-7.91010864" lon="112.46017020"></trkpt>
  <trkpt lat="-7.91018475" lon="112.46009409"></trkpt>
  <trkpt lat="-7.91029899" lon="112.46013215"></trkpt>
  <trkpt lat="-7.91041324" lon="112.46013215"></trkpt>
  <trkpt lat="-7.91048935" lon="112.46013215"></trkpt>
  <trkpt lat="-7.91056545" lon="112.46013215"></trkpt>
  <trkpt lat="-7.91060359" lon="112.46009409"></trkpt>
  <trkpt lat="-7.91067970" lon="112.46013215"></trkpt>
  <trkpt lat="-7.91075589" lon="112.46005604"></trkpt>
  <trkpt lat="-7.91079395" lon="112.46005604"></trkpt>
  <trkpt lat="-7.91087005" lon="112.46001790"></trkpt>
  <trkpt lat="-7.91094624" lon="112.45994180"></trkpt>
  <trkpt lat="-7.91098430" lon="112.45986560"></trkpt>
  <trkpt lat="-7.91102235" lon="112.45975136"></trkpt>
  <trkpt lat="-7.91106041" lon="112.45975136"></trkpt>
  <trkpt lat="-7.91106041" lon="112.45971330"></trkpt>
  <trkpt lat="-7.91113660" lon="112.45963720"></trkpt>
  <trkpt lat="-7.91117465" lon="112.45959906"></trkpt>
  <trkpt lat="-7.91121271" lon="112.45956101"></trkpt>
  <trkpt lat="-7.91121271" lon="112.45952295"></trkpt>
  <trkpt lat="-7.91128881" lon="112.45944676"></trkpt>
  <trkpt lat="-7.91132695" lon="112.45944676"></trkpt>
  <trkpt lat="-7.91136500" lon="112.45940871"></trkpt>
  <trkpt lat="-7.91147925" lon="112.45937065"></trkpt>
  <trkpt lat="-7.91155536" lon="112.45929454"></trkpt>
  <trkpt lat="-7.91163146" lon="112.45914225"></trkpt>
  <trkpt lat="-7.91166952" lon="112.45910411"></trkpt>
  <trkpt lat="-7.91174571" lon="112.45898995"></trkpt>
  <trkpt lat="-7.91178376" lon="112.45891375"></trkpt>
  <trkpt lat="-7.91182182" lon="112.45887570"></trkpt>
  <trkpt lat="-7.91182182" lon="112.45879951"></trkpt>
  <trkpt lat="-7.91189801" lon="112.45868535"></trkpt>
  <trkpt lat="-7.91193606" lon="112.45860916"></trkpt>
  <trkpt lat="-7.91201217" lon="112.45860916"></trkpt>
  <trkpt lat="-7.91205031" lon="112.45849491"></trkpt>
  <trkpt lat="-7.91208836" lon="112.45841880"></trkpt>
  <trkpt lat="-7.91212642" lon="112.45838075"></trkpt>
  <trkpt lat="-7.91216447" lon="112.45830456"></trkpt>
  <trkpt lat="-7.91216447" lon="112.45822845"></trkpt>
  <trkpt lat="-7.91220252" lon="112.45811420"></trkpt>
  <trkpt lat="-7.91227872" lon="112.45803801"></trkpt>
  <trkpt lat="-7.91235482" lon="112.45799996"></trkpt>
  <trkpt lat="-7.91239296" lon="112.45796191"></trkpt>
  <trkpt lat="-7.91243101" lon="112.45788571"></trkpt>
  <trkpt lat="-7.91246907" lon="112.45780961"></trkpt>
  <trkpt lat="-7.91250712" lon="112.45773342"></trkpt>
  <trkpt lat="-7.91250712" lon="112.45769536"></trkpt>
  <trkpt lat="-7.91250712" lon="112.45765731"></trkpt>
  <trkpt lat="-7.91254518" lon="112.45758112"></trkpt>
  <trkpt lat="-7.91258331" lon="112.45754306"></trkpt>
  <trkpt lat="-7.91258331" lon="112.45746695"></trkpt>
  <trkpt lat="-7.91258331" lon="112.45742882"></trkpt>
  <trkpt lat="-7.91262137" lon="112.45739076"></trkpt>
  <trkpt lat="-7.91262137" lon="112.45727660"></trkpt>
  <trkpt lat="-7.91269748" lon="112.45723846"></trkpt>
  <trkpt lat="-7.91273553" lon="112.45723846"></trkpt>
  <trkpt lat="-7.91277367" lon="112.45720041"></trkpt>
  <trkpt lat="-7.91277367" lon="112.45712422"></trkpt>
  <trkpt lat="-7.91277367" lon="112.45708616"></trkpt>
  <trkpt lat="-7.91281172" lon="112.45704811"></trkpt>
  <trkpt lat="-7.91284977" lon="112.45701006"></trkpt>
  <trkpt lat="-7.91288783" lon="112.45693387"></trkpt>
  <trkpt lat="-7.91292588" lon="112.45689581"></trkpt>
  <trkpt lat="-7.91296402" lon="112.45685776"></trkpt>
  <trkpt lat="-7.91300207" lon="112.45678157"></trkpt>
  <trkpt lat="-7.91304013" lon="112.45674351"></trkpt>
  <trkpt lat="-7.91304013" lon="112.45666732"></trkpt>
  <trkpt lat="-7.91307818" lon="112.45662927"></trkpt>
  <trkpt lat="-7.91311632" lon="112.45655316"></trkpt>
  <trkpt lat="-7.91311632" lon="112.45647697"></trkpt>
  <trkpt lat="-7.91311632" lon="112.45643891"></trkpt>
  <trkpt lat="-7.91319243" lon="112.45636281"></trkpt>
  <trkpt lat="-7.91323048" lon="112.45636281"></trkpt>
  <trkpt lat="-7.91330659" lon="112.45632467"></trkpt>
  <trkpt lat="-7.91338278" lon="112.45628661"></trkpt>
  <trkpt lat="-7.91345889" lon="112.45628661"></trkpt>
  <trkpt lat="-7.91349703" lon="112.45628661"></trkpt>
  <trkpt lat="-7.91353508" lon="112.45624856"></trkpt>
  <trkpt lat="-7.91357313" lon="112.45621051"></trkpt>
  <trkpt lat="-7.91361119" lon="112.45617237"></trkpt>
  <trkpt lat="-7.91364924" lon="112.45609626"></trkpt>
  <trkpt lat="-7.91364924" lon="112.45602007"></trkpt>
  <trkpt lat="-7.91368738" lon="112.45598202"></trkpt>
  <trkpt lat="-7.91372543" lon="112.45594396"></trkpt>
  <trkpt lat="-7.91376349" lon="112.45594396"></trkpt>
  <trkpt lat="-7.91380154" lon="112.45590591"></trkpt>
  <trkpt lat="-7.91383959" lon="112.45590591"></trkpt>
  <trkpt lat="-7.91383959" lon="112.45586777"></trkpt>
  <trkpt lat="-7.91383959" lon="112.45582972"></trkpt>
  <trkpt lat="-7.91387773" lon="112.45582972"></trkpt>
  <trkpt lat="-7.91387773" lon="112.45579166"></trkpt>
  <trkpt lat="-7.91391579" lon="112.45579166"></trkpt>
  <trkpt lat="-7.91395384" lon="112.45575361"></trkpt>
  <trkpt lat="-7.91395384" lon="112.45571547"></trkpt>
  <trkpt lat="-7.91399189" lon="112.45571547"></trkpt>
  <trkpt lat="-7.91403003" lon="112.45571547"></trkpt>
  <trkpt lat="-7.91410614" lon="112.45567742"></trkpt>
  <trkpt lat="-7.91414419" lon="112.45563936"></trkpt>
  <trkpt lat="-7.91418225" lon="112.45560131"></trkpt>
  <trkpt lat="-7.91422038" lon="112.45560131"></trkpt>
  <trkpt lat="-7.91425844" lon="112.45556317"></trkpt>
  <trkpt lat="-7.91429649" lon="112.45552512"></trkpt>
  <trkpt lat="-7.91433454" lon="112.45548707"></trkpt>
  <trkpt lat="-7.91437260" lon="112.45544901"></trkpt>
  <trkpt lat="-7.91441074" lon="112.45541087"></trkpt>
  <trkpt lat="-7.91444879" lon="112.45537282"></trkpt>
  <trkpt lat="-7.91448684" lon="112.45533477"></trkpt>
  <trkpt lat="-7.91452490" lon="112.45525857"></trkpt>
  <trkpt lat="-7.91460109" lon="112.45522052"></trkpt>
  <trkpt lat="-7.91463914" lon="112.45518247"></trkpt>
  <trkpt lat="-7.91471525" lon="112.45514441"></trkpt>
  <trkpt lat="-7.91475339" lon="112.45510628"></trkpt>
  <trkpt lat="-7.91482950" lon="112.45506822"></trkpt>
  <trkpt lat="-7.91490560" lon="112.45503017"></trkpt>
  <trkpt lat="-7.91490560" lon="112.45499211"></trkpt>
  <trkpt lat="-7.91490560" lon="112.45495398"></trkpt>
  <trkpt lat="-7.91494374" lon="112.45491592"></trkpt>
  <trkpt lat="-7.91498180" lon="112.45483981"></trkpt>
  <trkpt lat="-7.91505790" lon="112.45480168"></trkpt>
  <trkpt lat="-7.91509596" lon="112.45476362"></trkpt>
  <trkpt lat="-7.91513409" lon="112.45472557"></trkpt>
  <trkpt lat="-7.91524826" lon="112.45464946"></trkpt>
  <trkpt lat="-7.91528631" lon="112.45461132"></trkpt>
  <trkpt lat="-7.91532445" lon="112.45457327"></trkpt>
  <trkpt lat="-7.91540056" lon="112.45449708"></trkpt>
  <trkpt lat="-7.91547666" lon="112.45445902"></trkpt>
  <trkpt lat="-7.91555285" lon="112.45442097"></trkpt>
  <trkpt lat="-7.91559091" lon="112.45434478"></trkpt>
  <trkpt lat="-7.91562896" lon="112.45426867"></trkpt>
  <trkpt lat="-7.91559091" lon="112.45426867"></trkpt>
  <trkpt lat="-7.91559091" lon="112.45423062"></trkpt>
  <trkpt lat="-7.91562896" lon="112.45411637"></trkpt>
  <trkpt lat="-7.91566710" lon="112.45404018"></trkpt>
  <trkpt lat="-7.91570515" lon="112.45396407"></trkpt>
  <trkpt lat="-7.91570515" lon="112.45388797"></trkpt>
  <trkpt lat="-7.91570515" lon="112.45381177"></trkpt>
  <trkpt lat="-7.91570515" lon="112.45373567"></trkpt>
  <trkpt lat="-7.91570515" lon="112.45365947"></trkpt>
  <trkpt lat="-7.91566710" lon="112.45354523"></trkpt>
  <trkpt lat="-7.91566710" lon="112.45343107"></trkpt>
  <trkpt lat="-7.91566710" lon="112.45335488"></trkpt>
  <trkpt lat="-7.91566710" lon="112.45327877"></trkpt>
  <trkpt lat="-7.91570515" lon="112.45316452"></trkpt>
  <trkpt lat="-7.91570515" lon="112.45308833"></trkpt>
  <trkpt lat="-7.91574321" lon="112.45305028"></trkpt>
  <trkpt lat="-7.91581932" lon="112.45297417"></trkpt>
  <trkpt lat="-7.91581932" lon="112.45293603"></trkpt>
  <trkpt lat="-7.91589551" lon="112.45285993"></trkpt>
  <trkpt lat="-7.91597161" lon="112.45282187"></trkpt>
  <trkpt lat="-7.91600967" lon="112.45278373"></trkpt>
  <trkpt lat="-7.91604781" lon="112.45270763"></trkpt>
  <trkpt lat="-7.91608586" lon="112.45266957"></trkpt>
  <trkpt lat="-7.91608586" lon="112.45259338"></trkpt>
  <trkpt lat="-7.91612391" lon="112.45251727"></trkpt>
  <trkpt lat="-7.91616197" lon="112.45247914"></trkpt>
  <trkpt lat="-7.91616197" lon="112.45240303"></trkpt>
  <trkpt lat="-7.91616197" lon="112.45236497"></trkpt>
  <trkpt lat="-7.91620002" lon="112.45228878"></trkpt>
  <trkpt lat="-7.91623816" lon="112.45221267"></trkpt>
  <trkpt lat="-7.91627621" lon="112.45217454"></trkpt>
  <trkpt lat="-7.91627621" lon="112.45209843"></trkpt>
  <trkpt lat="-7.91631427" lon="112.45206038"></trkpt>
  <trkpt lat="-7.91635232" lon="112.45198418"></trkpt>
  <trkpt lat="-7.91639046" lon="112.45194613"></trkpt>
  <trkpt lat="-7.91639046" lon="112.45190808"></trkpt>
  <trkpt lat="-7.91642851" lon="112.45186994"></trkpt>
  <trkpt lat="-7.91654267" lon="112.45175578"></trkpt>
  <trkpt lat="-7.91661886" lon="112.45164153"></trkpt>
  <trkpt lat="-7.91665692" lon="112.45164153"></trkpt>
  <trkpt lat="-7.91669497" lon="112.45156534"></trkpt>
  <trkpt lat="-7.91677116" lon="112.45152729"></trkpt>
  <trkpt lat="-7.91680922" lon="112.45145118"></trkpt>
  <trkpt lat="-7.91684727" lon="112.45145118"></trkpt>
  <trkpt lat="-7.91692338" lon="112.45145118"></trkpt>
  <trkpt lat="-7.91696152" lon="112.45141304"></trkpt>
  <trkpt lat="-7.91703762" lon="112.45141304"></trkpt>
  <trkpt lat="-7.91715187" lon="112.45145118"></trkpt>
  <trkpt lat="-7.91718992" lon="112.45148923"></trkpt>
  <trkpt lat="-7.91726603" lon="112.45148923"></trkpt>
  <trkpt lat="-7.91734222" lon="112.45160348"></trkpt>
  <trkpt lat="-7.91741833" lon="112.45160348"></trkpt>
  <trkpt lat="-7.91745638" lon="112.45164153"></trkpt>
  <trkpt lat="-7.91749452" lon="112.45167959"></trkpt>
  <trkpt lat="-7.91764674" lon="112.45175578"></trkpt>
  <trkpt lat="-7.91776098" lon="112.45179383"></trkpt>
  <trkpt lat="-7.91787523" lon="112.45186994"></trkpt>
  <trkpt lat="-7.91791328" lon="112.45190808"></trkpt>
  <trkpt lat="-7.91795134" lon="112.45194613"></trkpt>
  <trkpt lat="-7.91798939" lon="112.45194613"></trkpt>
  <trkpt lat="-7.91806558" lon="112.45198418"></trkpt>
  <trkpt lat="-7.91817974" lon="112.45202224"></trkpt>
  <trkpt lat="-7.91829399" lon="112.45209843"></trkpt>
  <trkpt lat="-7.91837010" lon="112.45209843"></trkpt>
  <trkpt lat="-7.91848434" lon="112.45209843"></trkpt>
  <trkpt lat="-7.91859859" lon="112.45221267"></trkpt>
  <trkpt lat="-7.91867469" lon="112.45232684"></trkpt>
  <trkpt lat="-7.91871275" lon="112.45240303"></trkpt>
  <trkpt lat="-7.91882699" lon="112.45244108"></trkpt>
  <trkpt lat="-7.91894124" lon="112.45247914"></trkpt>
  <trkpt lat="-7.91901735" lon="112.45244108"></trkpt>
  <trkpt lat="-7.91905540" lon="112.45244108"></trkpt>
  <trkpt lat="-7.91916965" lon="112.45244108"></trkpt>
  <trkpt lat="-7.91924575" lon="112.45247914"></trkpt>
  <trkpt lat="-7.91932194" lon="112.45244108"></trkpt>
  <trkpt lat="-7.91936000" lon="112.45247914"></trkpt>
  <trkpt lat="-7.91951230" lon="112.45247914"></trkpt>
  <trkpt lat="-7.91958841" lon="112.45244108"></trkpt>
  <trkpt lat="-7.91974070" lon="112.45240303"></trkpt>
  <trkpt lat="-7.91985495" lon="112.45240303"></trkpt>
  <trkpt lat="-7.91989300" lon="112.45240303"></trkpt>
  <trkpt lat="-7.92000717" lon="112.45240303"></trkpt>
  <trkpt lat="-7.92004530" lon="112.45236497"></trkpt>
  <trkpt lat="-7.92012141" lon="112.45236497"></trkpt>
  <trkpt lat="-7.92023566" lon="112.45236497"></trkpt>
  <trkpt lat="-7.92038787" lon="112.45240303"></trkpt>
  <trkpt lat="-7.92050212" lon="112.45244108"></trkpt>
  <trkpt lat="-7.92054017" lon="112.45247914"></trkpt>
  <trkpt lat="-7.92057831" lon="112.45247914"></trkpt>
  <trkpt lat="-7.92061636" lon="112.45247914"></trkpt>
  <trkpt lat="-7.92069247" lon="112.45244108"></trkpt>
  <trkpt lat="-7.92076866" lon="112.45244108"></trkpt>
  <trkpt lat="-7.92084477" lon="112.45247914"></trkpt>
  <trkpt lat="-7.92103512" lon="112.45247914"></trkpt>
  <trkpt lat="-7.92107318" lon="112.45247914"></trkpt>
  <trkpt lat="-7.92118742" lon="112.45247914"></trkpt>
  <trkpt lat="-7.92130167" lon="112.45244108"></trkpt>
  <trkpt lat="-7.92141583" lon="112.45240303"></trkpt>
  <trkpt lat="-7.92156813" lon="112.45240303"></trkpt>
  <trkpt lat="-7.92164424" lon="112.45240303"></trkpt>
  <trkpt lat="-7.92168237" lon="112.45240303"></trkpt>
  <trkpt lat="-7.92179653" lon="112.45236497"></trkpt>
  <trkpt lat="-7.92191078" lon="112.45236497"></trkpt>
  <trkpt lat="-7.92202494" lon="112.45236497"></trkpt>
  <trkpt lat="-7.92210113" lon="112.45232684"></trkpt>
  <trkpt lat="-7.92217724" lon="112.45232684"></trkpt>
  <trkpt lat="-7.92229149" lon="112.45232684"></trkpt>
  <trkpt lat="-7.92236759" lon="112.45232684"></trkpt>
  <trkpt lat="-7.92244378" lon="112.45232684"></trkpt>
  <trkpt lat="-7.92251989" lon="112.45232684"></trkpt>
  <trkpt lat="-7.92251989" lon="112.45236497"></trkpt>
  <trkpt lat="-7.92259608" lon="112.45236497"></trkpt>
  <trkpt lat="-7.92267219" lon="112.45240303"></trkpt>
  <trkpt lat="-7.92278644" lon="112.45240303"></trkpt>
  <trkpt lat="-7.92286254" lon="112.45232684"></trkpt>
  <trkpt lat="-7.92286254" lon="112.45228878"></trkpt>
  <trkpt lat="-7.92286254" lon="112.45221267"></trkpt>
  <trkpt lat="-7.92290060" lon="112.45217454"></trkpt>
  <trkpt lat="-7.92293874" lon="112.45221267"></trkpt>
  <trkpt lat="-7.92297679" lon="112.45221267"></trkpt>
  <trkpt lat="-7.92301484" lon="112.45221267"></trkpt>
  <trkpt lat="-7.92297679" lon="112.45221267"></trkpt>
  <trkpt lat="-7.92301484" lon="112.45213648"></trkpt>
  <trkpt lat="-7.92305290" lon="112.45209843"></trkpt>
  <trkpt lat="-7.92305290" lon="112.45202224"></trkpt>
  <trkpt lat="-7.92305290" lon="112.45198418"></trkpt>
  <trkpt lat="-7.92305290" lon="112.45194613"></trkpt>
  <trkpt lat="-7.92309095" lon="112.45194613"></trkpt>
  <trkpt lat="-7.92316714" lon="112.45190808"></trkpt>
  <trkpt lat="-7.92316714" lon="112.45186994"></trkpt>
  <trkpt lat="-7.92320520" lon="112.45186994"></trkpt>
  <trkpt lat="-7.92324325" lon="112.45183188"></trkpt>
  <trkpt lat="-7.92328130" lon="112.45186994"></trkpt>
 </trkseg>
</trk>
<trk>
 <name>Track 313</name>
 <trkseg>
  <trkpt lat="-7.95718904" lon="112.46993386">
   <ele>2735.088</ele>
  </trkpt>
  <trkpt lat="-7.95719415" lon="112.46988156">
   <ele>2743.259</ele>
  </trkpt>
  <trkpt lat="-7.95720119" lon="112.46978248">
   <ele>2739.895</ele>
  </trkpt>
  <trkpt lat="-7.95723137" lon="112.46968140">
   <ele>2737.011</ele>
  </trkpt>
  <trkpt lat="-7.95722533" lon="112.46961074">
   <ele>2738.933</ele>
  </trkpt>
  <trkpt lat="-7.95719105" lon="112.46953983">
   <ele>2734.607</ele>
  </trkpt>
  <trkpt lat="-7.95718384" lon="112.46951954">
   <ele>2733.646</ele>
  </trkpt>
  <trkpt lat="-7.95714838" lon="112.46948677">
   <ele>2741.337</ele>
  </trkpt>
  <trkpt lat="-7.95711402" lon="112.46946364">
   <ele>2742.298</ele>
  </trkpt>
  <trkpt lat="-7.95697019" lon="112.46944847">
   <ele>2752.392</ele>
  </trkpt>
  <trkpt lat="-7.95689676" lon="112.46942206">
   <ele>2748.066</ele>
  </trkpt>
  <trkpt lat="-7.95686566" lon="112.46942223">
   <ele>2744.221</ele>
  </trkpt>
  <trkpt lat="-7.95680607" lon="112.46936624">
   <ele>2735.568</ele>
  </trkpt>
  <trkpt lat="-7.95670490" lon="112.46934445">
   <ele>2737.011</ele>
  </trkpt>
  <trkpt lat="-7.95664488" lon="112.46930622">
   <ele>2736.049</ele>
  </trkpt>
  <trkpt lat="-7.95658110" lon="112.46929063">
   <ele>2736.53</ele>
  </trkpt>
  <trkpt lat="-7.95651488" lon="112.46925736">
   <ele>2738.453</ele>
  </trkpt>
  <trkpt lat="-7.95645428" lon="112.46922215">
   <ele>2736.53</ele>
  </trkpt>
  <trkpt lat="-7.95638328" lon="112.46919055">
   <ele>2737.972</ele>
  </trkpt>
  <trkpt lat="-7.95628538" lon="112.46913976">
   <ele>2740.856</ele>
  </trkpt>
  <trkpt lat="-7.95621238" lon="112.46908327">
   <ele>2742.298</ele>
  </trkpt>
  <trkpt lat="-7.95615119" lon="112.46904127">
   <ele>2742.779</ele>
  </trkpt>
  <trkpt lat="-7.95611456" lon="112.46894538">
   <ele>2739.414</ele>
  </trkpt>
  <trkpt lat="-7.95600073" lon="112.46892937">
   <ele>2735.088</ele>
  </trkpt>
  <trkpt lat="-7.95587668" lon="112.46890448">
   <ele>2739.895</ele>
  </trkpt>
  <trkpt lat="-7.95581969" lon="112.46879862">
   <ele>2739.895</ele>
  </trkpt>
  <trkpt lat="-7.95574584" lon="112.46881957">
   <ele>2743.74</ele>
  </trkpt>
  <trkpt lat="-7.95570234" lon="112.46874355">
   <ele>2737.011</ele>
  </trkpt>
  <trkpt lat="-7.95554006" lon="112.46870952">
   <ele>2744.702</ele>
  </trkpt>
  <trkpt lat="-7.95549002" lon="112.46869753">
   <ele>2742.298</ele>
  </trkpt>
  <trkpt lat="-7.95542163" lon="112.46868705">
   <ele>2736.049</ele>
  </trkpt>
  <trkpt lat="-7.95536698" lon="112.46869627">
   <ele>2735.568</ele>
  </trkpt>
  <trkpt lat="-7.95527134" lon="112.46876836">
   <ele>2730.762</ele>
  </trkpt>
  <trkpt lat="-7.95524703" lon="112.46881706">
   <ele>2730.281</ele>
  </trkpt>
  <trkpt lat="-7.95520328" lon="112.46888596">
   <ele>2728.359</ele>
  </trkpt>
  <trkpt lat="-7.95515073" lon="112.46892292">
   <ele>2728.359</ele>
  </trkpt>
  <trkpt lat="-7.95510840" lon="112.46897698">
   <ele>2726.917</ele>
  </trkpt>
  <trkpt lat="-7.95508157" lon="112.46905024">
   <ele>2724.033</ele>
  </trkpt>
  <trkpt lat="-7.95499323" lon="112.46911948">
   <ele>2719.227</ele>
  </trkpt>
  <trkpt lat="-7.95496188" lon="112.46916826">
   <ele>2714.9</ele>
  </trkpt>
  <trkpt lat="-7.95492425" lon="112.46917832">
   <ele>2712.017</ele>
  </trkpt>
  <trkpt lat="-7.95489214" lon="112.46917656">
   <ele>2711.536</ele>
  </trkpt>
  <trkpt lat="-7.95489063" lon="112.46907723">
   <ele>2700.48</ele>
  </trkpt>
  <trkpt lat="-7.95484898" lon="112.46909458">
   <ele>2700.961</ele>
  </trkpt>
  <trkpt lat="-7.95481319" lon="112.46910665">
   <ele>2698.558</ele>
  </trkpt>
  <trkpt lat="-7.95478444" lon="112.46911596">
   <ele>2700.961</ele>
  </trkpt>
  <trkpt lat="-7.95475946" lon="112.46912652">
   <ele>2701.922</ele>
  </trkpt>
  <trkpt lat="-7.95468897" lon="112.46912953">
   <ele>2700.961</ele>
  </trkpt>
  <trkpt lat="-7.95463608" lon="112.46907539">
   <ele>2703.364</ele>
  </trkpt>
  <trkpt lat="-7.95459182" lon="112.46902342">
   <ele>2708.171</ele>
  </trkpt>
  <trkpt lat="-7.95458838" lon="112.46902183">
   <ele>2707.209</ele>
  </trkpt>
  <trkpt lat="-7.95454094" lon="112.46903624">
   <ele>2704.806</ele>
  </trkpt>
  <trkpt lat="-7.95444036" lon="112.46905016">
   <ele>2707.209</ele>
  </trkpt>
  <trkpt lat="-7.95428697" lon="112.46895955">
   <ele>2708.652</ele>
  </trkpt>
  <trkpt lat="-7.95422528" lon="112.46893340">
   <ele>2714.9</ele>
  </trkpt>
  <trkpt lat="-7.95414389" lon="112.46882452">
   <ele>2709.133</ele>
  </trkpt>
  <trkpt lat="-7.95405823" lon="112.46873743">
   <ele>2708.171</ele>
  </trkpt>
  <trkpt lat="-7.95396410" lon="112.46863618">
   <ele>2707.209</ele>
  </trkpt>
  <trkpt lat="-7.95389813" lon="112.46853392">
   <ele>2704.326</ele>
  </trkpt>
  <trkpt lat="-7.95382387" lon="112.46845580">
   <ele>2705.768</ele>
  </trkpt>
  <trkpt lat="-7.95371608" lon="112.46839327">
   <ele>2711.055</ele>
  </trkpt>
  <trkpt lat="-7.95358943" lon="112.46830693">
   <ele>2712.017</ele>
  </trkpt>
  <trkpt lat="-7.95351684" lon="112.46825849">
   <ele>2712.017</ele>
  </trkpt>
  <trkpt lat="-7.95341316" lon="112.46813443">
   <ele>2710.094</ele>
  </trkpt>
  <trkpt lat="-7.95334635" lon="112.46801944">
   <ele>2709.133</ele>
  </trkpt>
  <trkpt lat="-7.95328525" lon="112.46790309">
   <ele>2708.171</ele>
  </trkpt>
  <trkpt lat="-7.95323119" lon="112.46786906">
   <ele>2712.017</ele>
  </trkpt>
  <trkpt lat="-7.95317117" lon="112.46777929">
   <ele>2715.381</ele>
  </trkpt>
  <trkpt lat="-7.95306866" lon="112.46763236">
   <ele>2715.862</ele>
  </trkpt>
  <trkpt lat="-7.95302457" lon="112.46751694">
   <ele>2717.785</ele>
  </trkpt>
  <trkpt lat="-7.95300806" lon="112.46749892">
   <ele>2718.746</ele>
  </trkpt>
  <trkpt lat="-7.95294444" lon="112.46744578">
   <ele>2720.188</ele>
  </trkpt>
  <trkpt lat="-7.95287596" lon="112.46744108">
   <ele>2722.591</ele>
  </trkpt>
  <trkpt lat="-7.95271528" lon="112.46745315">
   <ele>2725.475</ele>
  </trkpt>
  <trkpt lat="-7.95260045" lon="112.46746866">
   <ele>2726.917</ele>
  </trkpt>
  <trkpt lat="-7.95248042" lon="112.46745575">
   <ele>2726.917</ele>
  </trkpt>
  <trkpt lat="-7.95246843" lon="112.46745165">
   <ele>2727.878</ele>
  </trkpt>
  <trkpt lat="-7.95246466" lon="112.46746757">
   <ele>2724.514</ele>
  </trkpt>
  <trkpt lat="-7.95248092" lon="112.46746413">
   <ele>2718.746</ele>
  </trkpt>
  <trkpt lat="-7.95247279" lon="112.46746397">
   <ele>2722.11</ele>
  </trkpt>
  <trkpt lat="-7.95245368" lon="112.46747922">
   <ele>2727.397</ele>
  </trkpt>
  <trkpt lat="-7.95246525" lon="112.46748073">
   <ele>2727.397</ele>
  </trkpt>
  <trkpt lat="-7.95238822" lon="112.46749766">
   <ele>2727.397</ele>
  </trkpt>
  <trkpt lat="-7.95225469" lon="112.46752390">
   <ele>2724.994</ele>
  </trkpt>
  <trkpt lat="-7.95209703" lon="112.46756145">
   <ele>2726.436</ele>
  </trkpt>
  <trkpt lat="-7.95193853" lon="112.46755022">
   <ele>2726.917</ele>
  </trkpt>
  <trkpt lat="-7.95180568" lon="112.46753697">
   <ele>2727.397</ele>
  </trkpt>
  <trkpt lat="-7.95164399" lon="112.46755835">
   <ele>2729.801</ele>
  </trkpt>
  <trkpt lat="-7.95152388" lon="112.46759556">
   <ele>2727.878</ele>
  </trkpt>
  <trkpt lat="-7.95138817" lon="112.46765055">
   <ele>2722.11</ele>
  </trkpt>
  <trkpt lat="-7.95128340" lon="112.46770998">
   <ele>2721.63</ele>
  </trkpt>
  <trkpt lat="-7.95120293" lon="112.46774828">
   <ele>2717.304</ele>
  </trkpt>
  <trkpt lat="-7.95115096" lon="112.46779304">
   <ele>2717.304</ele>
  </trkpt>
  <trkpt lat="-7.95108936" lon="112.46782674">
   <ele>2714.42</ele>
  </trkpt>
  <trkpt lat="-7.95099087" lon="112.46785456">
   <ele>2714.9</ele>
  </trkpt>
  <trkpt lat="-7.95086900" lon="112.46785959">
   <ele>2712.978</ele>
  </trkpt>
  <trkpt lat="-7.95078476" lon="112.46791458">
   <ele>2709.133</ele>
  </trkpt>
  <trkpt lat="-7.95073589" lon="112.46800183">
   <ele>2703.845</ele>
  </trkpt>
  <trkpt lat="-7.95074754" lon="112.46804215">
   <ele>2701.442</ele>
  </trkpt>
  <trkpt lat="-7.95076112" lon="112.46813502">
   <ele>2701.442</ele>
  </trkpt>
  <trkpt lat="-7.95078275" lon="112.46815975">
   <ele>2699.519</ele>
  </trkpt>
  <trkpt lat="-7.95076137" lon="112.46816956">
   <ele>2703.364</ele>
  </trkpt>
  <trkpt lat="-7.95076540" lon="112.46816394">
   <ele>2702.403</ele>
  </trkpt>
  <trkpt lat="-7.95076909" lon="112.46816042">
   <ele>2702.884</ele>
  </trkpt>
  <trkpt lat="-7.95077705" lon="112.46815958">
   <ele>2715.862</ele>
  </trkpt>
 </trkseg>
</trk>
<trk>
 <name>Track 319</name>
 <trkseg>
  <trkpt lat="-7.95293564" lon="112.46745022">
   <ele>2701.922</ele>
  </trkpt>
  <trkpt lat="-7.95391666" lon="112.46738794">
   <ele>2712.978</ele>
  </trkpt>
  <trkpt lat="-7.95407734" lon="112.46738526">
   <ele>2712.978</ele>
  </trkpt>
  <trkpt lat="-7.95419686" lon="112.46746606">
   <ele>2716.823</ele>
  </trkpt>
  <trkpt lat="-7.95444229" lon="112.46744645">
   <ele>2721.63</ele>
  </trkpt>
  <trkpt lat="-7.95473222" lon="112.46764678">
   <ele>2721.149</ele>
  </trkpt>
  <trkpt lat="-7.95489583" lon="112.46815656">
   <ele>2725.956</ele>
  </trkpt>
  <trkpt lat="-7.95537209" lon="112.46868362">
   <ele>2723.072</ele>
  </trkpt>
 </trkseg>
</trk>
 <extensions>
 </extensions>
</gpx>
