{
"type": "FeatureCollection",
"name": "TOL PULAU JAWA 2",
"crs": { "type": "name", "properties": { "name": "urn:ogc:def:crs:OGC:1.3:CRS84" } },
"features": [
{ "type": "Feature", "properties": { "Name": "Ruas Jalan Tol Pemalang - Batang", "description": "Ruas Jalan Tol Pemalang - Batang 24.2 km", "tessellate": 1, "GEOTAGGING": "https:\/\/photos.google.com\/share\/AF1QipPYbXq2Nt39IoPx7KG5BSW1aPptQ7wKj2R-Lg_j8z508TG6jaBH_951mgOemyugTw?key=WTdUSVI4eTM0ZG1VbWhkNHp0WUtzU0FzNm50eWpB", "gx_media_links": null }, "geometry": { "type": "LineString", "coordinates": [ [ 109.388544, -6.933808 ], [ 109.390432, -6.933747 ], [ 109.392473, -6.933785 ], [ 109.394421, -6.933654 ], [ 109.396412, -6.933534 ], [ 109.397846, -6.933489 ], [ 109.400199, -6.933265 ], [ 109.402618, -6.933048 ], [ 109.40419, -6.932728 ], [ 109.405753, -6.932193 ], [ 109.408281, -6.931222 ], [ 109.409774, -6.930492 ], [ 109.412552, -6.928677 ], [ 109.414655, -6.927138 ], [ 109.416319, -6.925903 ], [ 109.418769, -6.924257 ], [ 109.420946, -6.923062 ], [ 109.422952, -6.921951 ], [ 109.424542, -6.92135 ], [ 109.426723, -6.920968 ], [ 109.427851, -6.920893 ], [ 109.429237, -6.920803 ], [ 109.430731, -6.92071 ], [ 109.432624, -6.920694 ], [ 109.4345, -6.920824 ], [ 109.436444, -6.921074 ], [ 109.438906, -6.921839 ], [ 109.44074, -6.922338 ], [ 109.443575, -6.923234 ], [ 109.446016, -6.923848 ], [ 109.447535, -6.92431 ], [ 109.449862, -6.924734 ], [ 109.451816, -6.925006 ], [ 109.453825, -6.925255 ], [ 109.455988, -6.925478 ], [ 109.457668, -6.925527 ], [ 109.46028, -6.925385 ], [ 109.463047, -6.925243 ], [ 109.467188, -6.925152 ], [ 109.473115, -6.925014 ], [ 109.478606, -6.924465 ], [ 109.484143, -6.924231 ], [ 109.486275, -6.924001 ], [ 109.488039, -6.923966 ], [ 109.490733, -6.923869 ], [ 109.492606, -6.923788 ], [ 109.493521, -6.923797 ], [ 109.494899, -6.923892 ], [ 109.496641, -6.924222 ], [ 109.497956, -6.924482 ], [ 109.499658, -6.924755 ], [ 109.50123, -6.92509 ], [ 109.502669, -6.925441 ], [ 109.504962, -6.925954 ], [ 109.506655, -6.926398 ], [ 109.5086, -6.927077 ], [ 109.510594, -6.927944 ], [ 109.512426, -6.928562 ], [ 109.514336, -6.929188 ], [ 109.517103, -6.930134 ], [ 109.522297, -6.931657 ], [ 109.524302, -6.932381 ], [ 109.526239, -6.933096 ], [ 109.528031, -6.933534 ], [ 109.532215, -6.934205 ], [ 109.534577, -6.934317 ], [ 109.537912, -6.934593 ], [ 109.541606, -6.934649 ], [ 109.547587, -6.934389 ], [ 109.551397, -6.933691 ], [ 109.553944, -6.933393 ], [ 109.556899, -6.93337 ], [ 109.561062, -6.933878 ], [ 109.564085, -6.934486 ], [ 109.566877, -6.935275 ], [ 109.568817, -6.935768 ], [ 109.571252, -6.936655 ], [ 109.574062, -6.937618 ], [ 109.576534, -6.938378 ], [ 109.578534, -6.939033 ], [ 109.582282, -6.939715 ], [ 109.585563, -6.940546 ], [ 109.587608, -6.941289 ], [ 109.590249, -6.941522 ], [ 109.593318, -6.941519 ], [ 109.597774, -6.941939 ], [ 109.600688, -6.942052 ] ] } },
{ "type": "Feature", "properties": { "Name": "Jl. Tol Probolinggo - Banyuwangi", "description": "Jl. Tol Probolinggo - Banyuwangi 171 km", "tessellate": 1, "GEOTAGGING": "", "gx_media_links": "https:\/\/www.youtube.com\/embed\/vpBCHXwV1KY https:\/\/www.youtube.com\/embed\/Osd_EqzXEig" }, "geometry": { "type": "LineString", "coordinates": [ [ 113.351087, -7.812243 ], [ 113.35213, -7.811264 ], [ 113.357118, -7.808546 ], [ 113.363088, -7.805762 ], [ 113.367409, -7.804722 ], [ 113.370148, -7.804425 ], [ 113.373942, -7.80263 ], [ 113.376658, -7.801199 ], [ 113.37997, -7.799524 ], [ 113.383695, -7.797399 ], [ 113.38642, -7.795372 ], [ 113.388258, -7.793061 ], [ 113.38962, -7.7892 ], [ 113.391426, -7.787129 ], [ 113.393969, -7.784915 ], [ 113.395664, -7.784123 ], [ 113.398202, -7.782785 ], [ 113.410013, -7.7789 ], [ 113.415548, -7.777128 ], [ 113.424817, -7.773356 ], [ 113.432229, -7.770196 ], [ 113.440879, -7.766538 ], [ 113.444376, -7.763424 ], [ 113.445836, -7.761769 ], [ 113.44877, -7.758063 ], [ 113.455238, -7.750639 ], [ 113.461258, -7.745672 ], [ 113.468959, -7.742396 ], [ 113.471378, -7.741334 ], [ 113.476476, -7.741191 ], [ 113.479412, -7.740724 ], [ 113.482161, -7.73995 ], [ 113.486346, -7.739276 ], [ 113.488555, -7.738598 ], [ 113.492535, -7.738389 ], [ 113.496348, -7.736574 ], [ 113.502762, -7.736685 ], [ 113.507114, -7.735606 ], [ 113.515938, -7.731049 ], [ 113.519905, -7.729276 ], [ 113.527701, -7.726404 ], [ 113.531484, -7.723649 ], [ 113.534762, -7.721627 ], [ 113.538307, -7.721294 ], [ 113.540482, -7.721325 ], [ 113.545813, -7.722346 ], [ 113.552057, -7.724216 ], [ 113.556357, -7.725507 ], [ 113.559008, -7.726358 ], [ 113.561406, -7.726148 ], [ 113.563899, -7.725157 ], [ 113.565377, -7.72422 ], [ 113.568096, -7.723769 ], [ 113.570405, -7.723082 ], [ 113.573214, -7.722558 ], [ 113.57667, -7.722355 ], [ 113.578996, -7.721998 ], [ 113.582474, -7.721213 ], [ 113.586879, -7.71981 ], [ 113.588996, -7.719057 ], [ 113.591374, -7.718532 ], [ 113.594267, -7.718649 ], [ 113.596942, -7.719571 ], [ 113.601134, -7.721773 ], [ 113.606558, -7.724731 ], [ 113.611099, -7.726827 ], [ 113.614487, -7.727498 ], [ 113.617205, -7.727193 ], [ 113.623948, -7.726658 ], [ 113.632229, -7.726573 ], [ 113.634741, -7.726572 ], [ 113.639192, -7.7266 ], [ 113.640695, -7.726939 ], [ 113.643744, -7.728525 ], [ 113.648174, -7.732104 ], [ 113.653688, -7.737216 ], [ 113.656261, -7.738776 ], [ 113.658776, -7.739339 ], [ 113.662706, -7.740248 ], [ 113.664026, -7.740712 ], [ 113.665006, -7.741387 ], [ 113.666199, -7.742453 ], [ 113.668133, -7.744321 ], [ 113.668802, -7.745411 ], [ 113.669425, -7.747099 ], [ 113.669795, -7.749148 ], [ 113.670367, -7.750143 ], [ 113.67079, -7.751589 ], [ 113.671535, -7.753054 ], [ 113.672925, -7.753841 ], [ 113.674352, -7.754201 ], [ 113.677455, -7.754456 ], [ 113.679424, -7.754834 ], [ 113.682702, -7.755233 ], [ 113.68706, -7.755262 ], [ 113.691467, -7.754243 ], [ 113.693854, -7.752017 ], [ 113.694738, -7.749987 ], [ 113.696717, -7.746551 ], [ 113.697533, -7.745101 ], [ 113.700195, -7.742803 ], [ 113.704351, -7.740587 ], [ 113.709067, -7.738103 ], [ 113.711585, -7.737844 ], [ 113.714866, -7.737876 ], [ 113.721798, -7.739487 ], [ 113.73035, -7.739423 ], [ 113.736411, -7.739606 ], [ 113.739285, -7.739545 ], [ 113.744985, -7.739635 ], [ 113.748046, -7.739849 ], [ 113.7505, -7.740425 ], [ 113.752913, -7.741345 ], [ 113.755456, -7.743058 ], [ 113.760652, -7.745454 ], [ 113.768067, -7.745567 ], [ 113.772254, -7.745853 ], [ 113.776114, -7.746977 ], [ 113.777491, -7.747796 ], [ 113.781699, -7.749289 ], [ 113.78645, -7.750998 ], [ 113.790124, -7.752217 ], [ 113.792301, -7.751857 ], [ 113.795937, -7.747628 ], [ 113.798662, -7.744019 ], [ 113.800346, -7.742868 ], [ 113.804088, -7.739746 ], [ 113.807194, -7.734728 ], [ 113.808322, -7.73067 ], [ 113.809558, -7.726579 ], [ 113.810726, -7.723832 ], [ 113.813655, -7.717328 ], [ 113.816826, -7.710286 ], [ 113.819608, -7.70343 ], [ 113.823495, -7.699353 ], [ 113.824551, -7.698267 ], [ 113.828458, -7.696319 ], [ 113.830954, -7.694303 ], [ 113.832142, -7.692264 ], [ 113.8335, -7.690348 ], [ 113.836093, -7.689428 ], [ 113.842482, -7.688651 ], [ 113.850414, -7.68766 ], [ 113.854494, -7.687438 ], [ 113.85754, -7.6868 ], [ 113.861892, -7.687053 ], [ 113.865169, -7.687242 ], [ 113.870517, -7.68771 ], [ 113.874969, -7.68857 ], [ 113.878601, -7.689412 ], [ 113.882639, -7.690086 ], [ 113.885638, -7.691428 ], [ 113.888896, -7.693594 ], [ 113.892098, -7.696375 ], [ 113.895536, -7.699604 ], [ 113.897087, -7.700796 ], [ 113.901584, -7.702704 ], [ 113.904005, -7.703343 ], [ 113.909802, -7.704605 ], [ 113.917414, -7.707938 ], [ 113.92203, -7.708782 ], [ 113.926545, -7.709356 ], [ 113.93032, -7.709625 ], [ 113.933279, -7.709125 ], [ 113.937587, -7.708694 ], [ 113.94148, -7.708589 ], [ 113.944899, -7.709116 ], [ 113.951069, -7.710464 ], [ 113.959148, -7.713252 ], [ 113.961175, -7.714194 ], [ 113.965261, -7.714653 ], [ 113.971991, -7.714863 ], [ 113.975138, -7.715102 ], [ 113.979804, -7.716785 ], [ 113.983215, -7.719292 ], [ 113.98834, -7.721951 ], [ 113.990785, -7.722282 ], [ 113.993355, -7.722381 ], [ 113.995549, -7.723175 ], [ 113.998767, -7.724654 ], [ 114.001517, -7.726524 ], [ 114.003502, -7.728078 ], [ 114.006563, -7.729287 ], [ 114.01225, -7.730436 ], [ 114.017205, -7.730378 ], [ 114.019444, -7.729735 ], [ 114.021795, -7.728127 ], [ 114.023446, -7.725229 ], [ 114.026573, -7.720383 ], [ 114.03007, -7.715098 ], [ 114.035277, -7.707867 ], [ 114.03801, -7.704545 ], [ 114.041493, -7.701641 ], [ 114.044574, -7.70017 ], [ 114.046325, -7.699835 ], [ 114.049571, -7.699156 ], [ 114.053664, -7.699121 ], [ 114.061632, -7.699329 ], [ 114.068981, -7.69929 ], [ 114.072093, -7.700621 ], [ 114.079256, -7.703899 ], [ 114.081962, -7.705295 ], [ 114.086594, -7.706567 ], [ 114.089647, -7.706844 ], [ 114.093655, -7.708348 ], [ 114.096013, -7.710135 ], [ 114.098031, -7.711722 ], [ 114.101343, -7.715901 ], [ 114.106772, -7.721726 ], [ 114.109357, -7.724515 ], [ 114.113754, -7.728462 ], [ 114.1184, -7.7308 ], [ 114.120878, -7.731336 ], [ 114.126107, -7.732296 ], [ 114.135529, -7.733447 ], [ 114.136958, -7.733559 ], [ 114.140138, -7.735202 ], [ 114.142287, -7.73811 ], [ 114.144837, -7.741418 ], [ 114.146313, -7.742308 ], [ 114.150913, -7.746331 ], [ 114.160594, -7.751283 ], [ 114.166611, -7.754288 ], [ 114.172379, -7.757768 ], [ 114.181045, -7.762561 ], [ 114.184387, -7.764211 ], [ 114.188688, -7.765617 ], [ 114.192336, -7.766608 ], [ 114.197362, -7.76712 ], [ 114.204214, -7.767329 ], [ 114.208194, -7.766612 ], [ 114.214907, -7.766741 ], [ 114.220416, -7.765733 ], [ 114.225271, -7.764522 ], [ 114.228342, -7.762453 ], [ 114.231486, -7.758368 ], [ 114.236712, -7.752784 ], [ 114.239615, -7.749885 ], [ 114.244372, -7.746719 ], [ 114.249529, -7.746481 ], [ 114.254083, -7.747208 ], [ 114.257525, -7.748896 ], [ 114.262188, -7.751727 ], [ 114.270083, -7.757643 ], [ 114.275131, -7.761349 ], [ 114.276043, -7.761897 ], [ 114.277494, -7.762604 ], [ 114.280968, -7.764552 ], [ 114.284196, -7.765587 ], [ 114.287188, -7.765698 ], [ 114.289678, -7.765831 ], [ 114.29341, -7.76594 ], [ 114.295096, -7.766028 ], [ 114.298323, -7.765911 ], [ 114.301359, -7.765884 ], [ 114.305433, -7.766873 ], [ 114.307372, -7.768122 ], [ 114.309429, -7.769028 ], [ 114.312404, -7.771983 ], [ 114.31402, -7.774378 ], [ 114.314756, -7.776886 ], [ 114.315503, -7.782661 ], [ 114.316156, -7.793141 ], [ 114.316128, -7.805934 ], [ 114.316266, -7.81579 ], [ 114.31644, -7.825799 ], [ 114.316134, -7.833302 ], [ 114.31664, -7.843277 ], [ 114.319106, -7.850875 ], [ 114.322341, -7.855943 ], [ 114.325233, -7.865736 ], [ 114.327979, -7.874338 ], [ 114.328962, -7.878213 ], [ 114.331576, -7.882455 ], [ 114.336408, -7.887591 ], [ 114.342856, -7.895407 ], [ 114.346758, -7.89997 ], [ 114.351768, -7.902599 ], [ 114.355733, -7.903848 ], [ 114.36128, -7.905411 ], [ 114.371713, -7.908769 ], [ 114.381658, -7.911776 ], [ 114.386397, -7.9142 ], [ 114.388058, -7.916172 ], [ 114.389526, -7.919256 ], [ 114.389726, -7.923416 ], [ 114.38993, -7.927746 ], [ 114.391767, -7.932492 ], [ 114.392994, -7.935231 ], [ 114.396321, -7.940464 ], [ 114.40072, -7.948172 ], [ 114.403935, -7.954226 ], [ 114.404801, -7.957353 ], [ 114.405095, -7.960102 ], [ 114.405015, -7.96353 ], [ 114.40264, -7.968967 ], [ 114.397927, -7.975434 ], [ 114.394435, -7.980241 ], [ 114.391632, -7.985364 ], [ 114.391025, -7.987547 ], [ 114.391205, -7.990875 ], [ 114.391516, -7.992785 ], [ 114.392789, -7.995316 ], [ 114.395051, -7.997793 ], [ 114.398303, -8.000418 ], [ 114.399838, -8.002571 ], [ 114.401697, -8.006266 ], [ 114.403369, -8.01005 ], [ 114.406167, -8.01716 ], [ 114.408182, -8.021164 ], [ 114.412321, -8.028571 ], [ 114.413403, -8.032518 ], [ 114.414265, -8.036718 ], [ 114.416999, -8.043688 ], [ 114.417766, -8.047217 ], [ 114.417359, -8.050587 ], [ 114.414863, -8.05556 ], [ 114.414035, -8.058659 ], [ 114.413557, -8.061543 ], [ 114.414126, -8.063971 ], [ 114.415422, -8.066179 ], [ 114.417529, -8.068425 ], [ 114.417799, -8.069748 ], [ 114.417465, -8.071182 ], [ 114.415199, -8.074234 ], [ 114.413417, -8.07723 ], [ 114.413749, -8.079792 ], [ 114.414228, -8.083207 ], [ 114.408575, -8.090725 ], [ 114.407742, -8.094285 ], [ 114.406034, -8.101074 ], [ 114.405335, -8.103743 ], [ 114.40216, -8.108671 ], [ 114.399853, -8.111943 ], [ 114.398173, -8.114424 ], [ 114.395766, -8.119295 ], [ 114.394207, -8.122735 ], [ 114.390787, -8.126443 ], [ 114.385723, -8.131975 ], [ 114.382423, -8.134354 ], [ 114.380764, -8.136233 ], [ 114.37905, -8.139038 ] ] } },
{ "type": "Feature", "properties": { "Name": "Simpang Susun Banyu Urip", "description": "Simpang Susun Banyu Urip   0.20 km", "tessellate": 1, "GEOTAGGING": "", "gx_media_links": null }, "geometry": { "type": "LineString", "coordinates": [ [ 112.709429, -7.260645 ], [ 112.709506, -7.259712 ], [ 112.709523, -7.259359 ], [ 112.709572, -7.259108 ], [ 112.709673, -7.258943 ], [ 112.709814, -7.258816 ], [ 112.709976, -7.258753 ], [ 112.710118, -7.258743 ], [ 112.710289, -7.258789 ], [ 112.710422, -7.258876 ], [ 112.710522, -7.258998 ], [ 112.710606, -7.259185 ] ] } },
{ "type": "Feature", "properties": { "Name": "Simpang Susun Banyu Urip", "description": "Simpang Susun Banyu Urip   0.26 km", "tessellate": 1, "GEOTAGGING": "", "gx_media_links": null }, "geometry": { "type": "LineString", "coordinates": [ [ 112.709388, -7.257192 ], [ 112.709274, -7.258051 ], [ 112.70924, -7.259074 ], [ 112.709182, -7.259256 ], [ 112.709085, -7.259501 ], [ 112.708852, -7.259781 ], [ 112.708284, -7.260224 ], [ 112.708102, -7.260527 ] ] } },
{ "type": "Feature", "properties": { "Name": "Jl. Tol Pasuruan - Probolinggo", "description": "Jl. Tol Pasuruan - Probolinggo 56 km", "tessellate": 1, "GEOTAGGING": "", "gx_media_links": "https:\/\/www.youtube.com\/embed\/fx8qtEmi1S8 https:\/\/www.youtube.com\/embed\/bL26oad6GPU https:\/\/www.youtube.com\/embed\/gBTSrp_ddv0" }, "geometry": { "type": "LineString", "coordinates": [ [ 112.880856, -7.677903 ], [ 112.906735, -7.687319 ], [ 112.914563, -7.689393 ], [ 112.942509, -7.704341 ], [ 112.961849, -7.710799 ], [ 112.987921, -7.720111 ], [ 112.998592, -7.720627 ], [ 113.003444, -7.718789 ], [ 113.011118, -7.717955 ], [ 113.013236, -7.718265 ], [ 113.015138, -7.719217 ], [ 113.019417, -7.721747 ], [ 113.022431, -7.724642 ], [ 113.024941, -7.731489 ], [ 113.028435, -7.736366 ], [ 113.033743, -7.738729 ], [ 113.04035, -7.738807 ], [ 113.046789, -7.738046 ], [ 113.052544, -7.735662 ], [ 113.06463, -7.736756 ], [ 113.077132, -7.740686 ], [ 113.08801, -7.746163 ], [ 113.099725, -7.750248 ], [ 113.112809, -7.752484 ], [ 113.158655, -7.771373 ], [ 113.187408, -7.780032 ], [ 113.212933, -7.775424 ], [ 113.219713, -7.778385 ], [ 113.224428, -7.781526 ], [ 113.227684, -7.783289 ], [ 113.235251, -7.785581 ], [ 113.250847, -7.792295 ], [ 113.260826, -7.795534 ], [ 113.264619, -7.797407 ], [ 113.271429, -7.801117 ], [ 113.277163, -7.803697 ], [ 113.280972, -7.8037 ], [ 113.283252, -7.806658 ], [ 113.288906, -7.80833 ], [ 113.29157, -7.809858 ], [ 113.29556, -7.8108 ], [ 113.298813, -7.810066 ], [ 113.30131, -7.811004 ], [ 113.308822, -7.813934 ], [ 113.311537, -7.814817 ], [ 113.313705, -7.814972 ], [ 113.317494, -7.815674 ], [ 113.321644, -7.816066 ], [ 113.327047, -7.816176 ], [ 113.329896, -7.815854 ], [ 113.332018, -7.815177 ], [ 113.334156, -7.815086 ], [ 113.339256, -7.815776 ], [ 113.342958, -7.815778 ], [ 113.346631, -7.815231 ], [ 113.349297, -7.813796 ], [ 113.351107, -7.812226 ] ] } },
{ "type": "Feature", "properties": { "Name": "Jl. Tol Surabaya - Gempol", "description": "Jl. Tol Surabaya - Gempol 22.5 km   Jalan Tol Surabaya–Porong\nDari Wikipedia bahasa Indonesia, ensiklopedia bebas\nJump to navigationJump to search\nJalan Tol Surabaya-Porong\nGT Sidoarjo.jpg\nGerbang Tol Sidoarjo\nPanjang\t37 km\nPembangunan\t1986-1993\nPengelola\tPT Jasamarga (Persero) Tbk.\nJalan Tol Surabaya–Porong (sebelumnya bernama Jalan Tol Surabaya-Gempol) adalah jalan tol sepanjang 37 kilometer yang mengubungkan antara Kota Surabaya di sebelah utara dengan Porong di sebelah selatan. Jalan tol ini melintasi Kota Surabaya dan Kabupaten Sidoarjo. Panjang sebenarnya jalan tol ini dari Surabaya hingga Gempol sepanjang 43 kilometer, namun 6 kilometer bagian dari tol ini ditutup akibat peristiwa luapan Lumpur Lapindo yang menenggelamkan jalan tol Surabaya-Gempol ruas Porong-Gempol sejak 2006.\n\nJalan tol ini beroperasi sejak tahun 1986, dan menjadi akses utama jalur Surabaya-Malang dan Surabaya-Pasuruan yang merupakan salah satu daerah industri utama di Jawa Timur.\n\nSejak bulan Agustus 2006, ruas jalan tol ini terganggu akibat peristiwa Banjir lumpur panas yang menggenangi jalan tol ini, yakni di kilometer 36 dari arah Surabaya, atau tepatnya di Desa Siring, Kecamatan Porong, Kabupaten Sidoarjo. Jalan tol ini sempat dibuat tanggul setinggi 6 meter untuk menghindari melubernya lumpur ke jalan tol. Saat ini bencana lumpur panas benar-benar menenggelamkan jalan tol di Porong, serta mengancam jalan biasa yang melintasi kawasan Porong.\n\nSaat ini telah dioperasikan Tol Porong-Gempol yang merupakan relokasi dari Tol Surabaya-Gempol ruas Porong-Gempol yang tenggelam akibat luapan lumpur.\n\nGerbang Tol\nRuas Tanjung Perak-Porong (Dikelola PT. Jasa Marga)\n\nGerbang tol\/simpang susun\n\nKM\n\nLokasi\n\nDestinasi\n\nDupak Interchange\t4\tDupak Rukun\tJalan Tol Surabaya-Gresik\nPelabuhan Tanjung Perak\nPasar Turi\nTugu Pahlawan\nBanyu Urip\t6\tBanyu Urip\tBanyu Urip\nPasar Kembang\nSukomanunggal\nKota Satelit\t10\tJajar Tunggal\tDarmo Satelit\nDukuh Pakis\nDukuh Kupang\nDarmo\nGunung Sari\t12\tGunung Sari\tGunung Sari\nWiyung\nKarangpilang\nJambangan\t15\tJambangan\t<hanya pintu keluar dari arah Perak> \nJambangan\nMenanggal\nMasjid Al-Akbar ,  ", "tessellate": 1, "GEOTAGGING": "", "gx_media_links": "https:\/\/www.youtube.com\/embed\/ffeVNQXjxrY" }, "geometry": { "type": "LineString", "coordinates": [ [ 112.721969, -7.224947 ], [ 112.721842, -7.225774 ], [ 112.72159, -7.226921 ], [ 112.721364, -7.227948 ], [ 112.72116, -7.228782 ], [ 112.721061, -7.229031 ], [ 112.720783, -7.229695 ], [ 112.720367, -7.230565 ], [ 112.720108, -7.231038 ], [ 112.71969, -7.23168 ], [ 112.718995, -7.232677 ], [ 112.71812, -7.233871 ], [ 112.717277, -7.235 ], [ 112.716762, -7.235678 ], [ 112.716028, -7.236685 ], [ 112.715243, -7.237721 ], [ 112.714058, -7.239276 ], [ 112.713218, -7.240393 ], [ 112.712912, -7.240794 ], [ 112.711988, -7.242022 ], [ 112.711261, -7.24295 ], [ 112.710567, -7.243949 ], [ 112.710263, -7.24443 ], [ 112.709921, -7.245087 ], [ 112.709748, -7.24548 ], [ 112.709661, -7.245731 ], [ 112.709414, -7.246589 ], [ 112.709373, -7.246803 ], [ 112.709322, -7.247235 ], [ 112.709298, -7.24743 ], [ 112.709235, -7.24813 ], [ 112.709239, -7.249295 ], [ 112.709242, -7.250409 ], [ 112.709253, -7.25138 ], [ 112.709296, -7.253324 ], [ 112.709337, -7.254954 ], [ 112.709371, -7.256733 ], [ 112.709413, -7.258026 ], [ 112.709392, -7.258729 ], [ 112.709422, -7.260018 ], [ 112.709434, -7.260462 ], [ 112.709431, -7.261737 ], [ 112.709373, -7.2634 ], [ 112.709347, -7.264037 ], [ 112.709275, -7.264974 ], [ 112.70919, -7.26623 ], [ 112.709082, -7.267568 ], [ 112.709035, -7.268619 ], [ 112.708925, -7.2703 ], [ 112.708836, -7.271775 ], [ 112.708743, -7.27316 ], [ 112.708684, -7.273737 ], [ 112.708635, -7.274688 ], [ 112.70855, -7.275836 ], [ 112.708482, -7.277181 ], [ 112.708354, -7.278801 ], [ 112.708312, -7.279688 ], [ 112.708238, -7.280228 ], [ 112.708113, -7.281073 ], [ 112.707947, -7.281653 ], [ 112.707791, -7.282247 ], [ 112.707451, -7.283029 ], [ 112.707176, -7.283643 ], [ 112.706605, -7.284487 ], [ 112.706144, -7.285042 ], [ 112.705611, -7.285557 ], [ 112.704954, -7.286075 ], [ 112.70382, -7.286848 ], [ 112.702683, -7.287584 ], [ 112.701688, -7.288252 ], [ 112.700645, -7.289012 ], [ 112.699995, -7.289535 ], [ 112.699565, -7.289957 ], [ 112.699019, -7.290648 ], [ 112.698658, -7.291214 ], [ 112.69841, -7.291738 ], [ 112.698132, -7.292475 ], [ 112.698046, -7.292864 ], [ 112.697993, -7.293233 ], [ 112.697954, -7.293543 ], [ 112.697919, -7.294464 ], [ 112.697985, -7.295686 ], [ 112.698199, -7.298013 ], [ 112.698353, -7.299729 ], [ 112.698537, -7.301936 ], [ 112.69862, -7.302506 ], [ 112.698797, -7.303479 ], [ 112.698968, -7.304005 ], [ 112.69943, -7.304882 ], [ 112.700111, -7.305767 ], [ 112.700735, -7.306289 ], [ 112.701638, -7.30678 ], [ 112.702857, -7.307227 ], [ 112.70513, -7.307846 ], [ 112.707118, -7.308377 ], [ 112.708976, -7.308863 ], [ 112.710167, -7.309229 ], [ 112.711352, -7.309766 ], [ 112.71217, -7.310241 ], [ 112.713169, -7.311061 ], [ 112.713847, -7.311713 ], [ 112.71524, -7.313316 ], [ 112.716055, -7.314378 ], [ 112.716527, -7.315173 ], [ 112.716871, -7.315895 ], [ 112.717108, -7.316755 ], [ 112.717161, -7.317488 ], [ 112.717138, -7.318283 ], [ 112.717067, -7.318964 ], [ 112.71693, -7.319656 ], [ 112.716706, -7.320652 ], [ 112.716433, -7.321897 ], [ 112.716094, -7.323337 ], [ 112.715735, -7.324874 ], [ 112.715484, -7.326075 ], [ 112.715137, -7.327763 ], [ 112.714835, -7.329432 ], [ 112.714551, -7.331202 ], [ 112.714289, -7.332992 ], [ 112.714068, -7.334435 ], [ 112.713859, -7.33578 ], [ 112.713641, -7.336793 ], [ 112.713318, -7.338225 ], [ 112.71295, -7.339578 ], [ 112.712789, -7.340132 ], [ 112.712569, -7.340815 ], [ 112.712177, -7.341995 ], [ 112.711927, -7.342772 ], [ 112.71153, -7.343924 ], [ 112.711207, -7.345027 ], [ 112.710882, -7.346167 ], [ 112.710551, -7.347538 ], [ 112.71018, -7.349115 ], [ 112.710001, -7.350048 ], [ 112.70975, -7.351406 ], [ 112.709392, -7.35313 ], [ 112.708903, -7.355269 ], [ 112.708642, -7.356147 ], [ 112.708376, -7.356989 ], [ 112.707781, -7.358581 ], [ 112.707226, -7.359853 ], [ 112.706235, -7.361875 ], [ 112.704984, -7.363992 ], [ 112.704154, -7.365217 ], [ 112.703411, -7.366236 ], [ 112.701949, -7.36826 ], [ 112.701155, -7.369482 ], [ 112.700584, -7.370467 ], [ 112.69958, -7.372467 ], [ 112.699046, -7.373799 ], [ 112.698471, -7.375387 ], [ 112.698133, -7.376584 ], [ 112.697776, -7.378152 ], [ 112.697592, -7.379094 ], [ 112.697361, -7.380662 ], [ 112.697025, -7.382983 ], [ 112.69682, -7.384517 ], [ 112.69663, -7.38589 ], [ 112.696367, -7.387437 ], [ 112.69615, -7.388765 ], [ 112.695829, -7.39035 ], [ 112.695451, -7.392381 ], [ 112.695189, -7.393684 ], [ 112.695068, -7.394242 ], [ 112.694728, -7.39587 ], [ 112.694582, -7.396771 ], [ 112.694494, -7.397425 ], [ 112.694313, -7.399214 ], [ 112.69425, -7.401436 ], [ 112.694331, -7.403172 ], [ 112.694525, -7.404797 ], [ 112.694895, -7.407166 ], [ 112.695161, -7.409475 ], [ 112.695225, -7.410587 ], [ 112.695208, -7.412768 ], [ 112.695026, -7.414939 ], [ 112.694899, -7.415827 ], [ 112.694455, -7.418033 ], [ 112.69393, -7.419782 ], [ 112.693448, -7.421432 ], [ 112.693032, -7.423213 ], [ 112.692881, -7.424305 ], [ 112.69279, -7.425188 ], [ 112.692799, -7.425971 ], [ 112.692853, -7.426765 ], [ 112.693078, -7.428175 ], [ 112.693375, -7.429383 ], [ 112.693695, -7.430373 ], [ 112.694308, -7.431867 ], [ 112.694763, -7.43301 ], [ 112.695251, -7.434126 ], [ 112.695795, -7.435504 ], [ 112.695983, -7.43609 ], [ 112.696483, -7.437735 ], [ 112.696807, -7.439239 ], [ 112.697116, -7.440886 ], [ 112.697263, -7.442068 ], [ 112.697303, -7.442742 ], [ 112.69737, -7.443859 ], [ 112.69734, -7.445274 ], [ 112.697318, -7.446069 ], [ 112.697228, -7.447694 ], [ 112.697076, -7.448789 ], [ 112.696835, -7.45013 ], [ 112.696509, -7.451532 ], [ 112.696023, -7.453298 ], [ 112.695589, -7.454743 ], [ 112.695212, -7.455979 ], [ 112.694642, -7.457808 ], [ 112.694138, -7.459519 ], [ 112.693722, -7.46087 ], [ 112.693073, -7.462781 ], [ 112.692615, -7.464145 ], [ 112.692264, -7.465119 ], [ 112.691808, -7.466426 ], [ 112.691458, -7.467396 ], [ 112.691142, -7.468337 ], [ 112.691027, -7.468714 ], [ 112.690509, -7.470406 ], [ 112.689751, -7.472778 ], [ 112.689343, -7.47406 ], [ 112.689066, -7.474961 ], [ 112.688745, -7.476 ], [ 112.688348, -7.477269 ], [ 112.688177, -7.477902 ], [ 112.687933, -7.479037 ], [ 112.687872, -7.4796 ], [ 112.687775, -7.480585 ], [ 112.687734, -7.481799 ], [ 112.687776, -7.483097 ], [ 112.687873, -7.484099 ], [ 112.688088, -7.485409 ], [ 112.688368, -7.486685 ], [ 112.688913, -7.488394 ], [ 112.689556, -7.489823 ], [ 112.69026, -7.491121 ], [ 112.691311, -7.492777 ], [ 112.692506, -7.494609 ], [ 112.693505, -7.496111 ], [ 112.694778, -7.498053 ], [ 112.695652, -7.499405 ], [ 112.696444, -7.500632 ], [ 112.697211, -7.501806 ], [ 112.698101, -7.503217 ], [ 112.698577, -7.504106 ], [ 112.69884, -7.504738 ], [ 112.699027, -7.505282 ], [ 112.699222, -7.505998 ], [ 112.699357, -7.506832 ], [ 112.699401, -7.507623 ], [ 112.699374, -7.508437 ], [ 112.699288, -7.509521 ], [ 112.699105, -7.510963 ], [ 112.698992, -7.512103 ], [ 112.698985, -7.512587 ], [ 112.69906, -7.513638 ], [ 112.699153, -7.514265 ], [ 112.699334, -7.514998 ], [ 112.699566, -7.515692 ], [ 112.69989, -7.516424 ], [ 112.700321, -7.517229 ], [ 112.700479, -7.517502 ], [ 112.700806, -7.518068 ], [ 112.701215, -7.518614 ], [ 112.701626, -7.519148 ], [ 112.701962, -7.519516 ], [ 112.702314, -7.519815 ], [ 112.703033, -7.520335 ], [ 112.703865, -7.520968 ], [ 112.704499, -7.521428 ], [ 112.704898, -7.521674 ] ] } },
{ "type": "Feature", "properties": { "Name": "Simpang Susun Dupak", "description": "Simpang Susun Dupak   0.33 km", "tessellate": 1, "GEOTAGGING": "", "gx_media_links": null }, "geometry": { "type": "LineString", "coordinates": [ [ 112.710778, -7.243664 ], [ 112.710103, -7.243313 ], [ 112.709909, -7.243179 ], [ 112.709747, -7.24302 ], [ 112.709659, -7.242819 ], [ 112.709643, -7.242631 ], [ 112.709675, -7.242399 ], [ 112.709796, -7.242206 ], [ 112.709991, -7.242048 ], [ 112.710268, -7.241985 ], [ 112.710509, -7.242006 ], [ 112.710686, -7.242097 ], [ 112.710809, -7.242185 ], [ 112.710904, -7.242347 ], [ 112.710955, -7.242502 ], [ 112.710975, -7.242648 ], [ 112.710951, -7.242819 ], [ 112.710895, -7.242992 ], [ 112.71076, -7.243389 ], [ 112.710778, -7.243664 ] ] } },
{ "type": "Feature", "properties": { "Name": "Simpang Susun Dupak", "description": "Simpang Susun Dupak   0.28 km", "tessellate": 1, "GEOTAGGING": "", "gx_media_links": null }, "geometry": { "type": "LineString", "coordinates": [ [ 112.710761, -7.243653 ], [ 112.710171, -7.243551 ], [ 112.70985, -7.243478 ], [ 112.709661, -7.243474 ], [ 112.709539, -7.243483 ], [ 112.70944, -7.243512 ], [ 112.709357, -7.243569 ], [ 112.709289, -7.243623 ], [ 112.709233, -7.243682 ], [ 112.709188, -7.243799 ], [ 112.70915, -7.243918 ], [ 112.709163, -7.244046 ], [ 112.709216, -7.244153 ], [ 112.709272, -7.244252 ], [ 112.709355, -7.244323 ], [ 112.709479, -7.244391 ], [ 112.709652, -7.24443 ], [ 112.709814, -7.244386 ], [ 112.709989, -7.244275 ], [ 112.710169, -7.244122 ], [ 112.710297, -7.243957 ], [ 112.710436, -7.243819 ], [ 112.710761, -7.243653 ] ] } },
{ "type": "Feature", "properties": { "Name": "Simpang Susun Dupak", "description": "Simpang Susun Dupak   0.28 km", "tessellate": 1, "GEOTAGGING": "", "gx_media_links": null }, "geometry": { "type": "LineString", "coordinates": [ [ 112.710764, -7.243663 ], [ 112.711649, -7.243835 ], [ 112.71197, -7.243864 ], [ 112.712199, -7.243797 ], [ 112.712287, -7.243704 ], [ 112.712385, -7.243551 ], [ 112.712426, -7.243421 ], [ 112.712415, -7.243279 ], [ 112.712349, -7.24313 ], [ 112.712238, -7.24302 ], [ 112.712084, -7.242944 ], [ 112.711923, -7.242908 ], [ 112.71173, -7.242949 ], [ 112.71155, -7.243028 ], [ 112.711284, -7.243243 ], [ 112.71104, -7.243529 ], [ 112.710764, -7.243663 ] ] } },
{ "type": "Feature", "properties": { "Name": "Simpang Susun Dupak", "description": "Simpang Susun Dupak   0.28 km", "tessellate": 1, "GEOTAGGING": "", "gx_media_links": null }, "geometry": { "type": "LineString", "coordinates": [ [ 112.710778, -7.243656 ], [ 112.711256, -7.243946 ], [ 112.711404, -7.244036 ], [ 112.71154, -7.244152 ], [ 112.711628, -7.244274 ], [ 112.711675, -7.244407 ], [ 112.711697, -7.244548 ], [ 112.711683, -7.244737 ], [ 112.711621, -7.244889 ], [ 112.71152, -7.245002 ], [ 112.711375, -7.245101 ], [ 112.71123, -7.245134 ], [ 112.711116, -7.245142 ], [ 112.710971, -7.245096 ], [ 112.710823, -7.245007 ], [ 112.710691, -7.24489 ], [ 112.710595, -7.244722 ], [ 112.710581, -7.244546 ], [ 112.710612, -7.244311 ], [ 112.710739, -7.244029 ], [ 112.710809, -7.24393 ], [ 112.710778, -7.243656 ] ] } },
{ "type": "Feature", "properties": { "Name": "Simpang Susun Banyu Urip", "description": "Simpang Susun Banyu Urip   0.61 km", "tessellate": 1, "GEOTAGGING": "", "gx_media_links": null }, "geometry": { "type": "LineString", "coordinates": [ [ 112.709371, -7.256348 ], [ 112.709486, -7.25749 ], [ 112.709531, -7.257747 ], [ 112.709573, -7.257907 ], [ 112.709653, -7.258083 ], [ 112.709713, -7.258163 ], [ 112.709789, -7.258252 ], [ 112.70996, -7.258391 ], [ 112.710108, -7.258503 ], [ 112.710344, -7.258682 ], [ 112.710503, -7.258839 ], [ 112.710588, -7.259025 ], [ 112.710614, -7.259154 ], [ 112.710578, -7.259325 ], [ 112.710545, -7.259409 ], [ 112.710452, -7.259526 ], [ 112.710319, -7.259643 ], [ 112.710074, -7.259765 ], [ 112.709188, -7.259993 ], [ 112.708606, -7.260147 ], [ 112.708438, -7.260217 ], [ 112.708262, -7.260323 ], [ 112.708161, -7.260434 ], [ 112.708076, -7.260586 ], [ 112.708025, -7.260733 ], [ 112.707939, -7.261071 ], [ 112.707745, -7.262017 ], [ 112.70751, -7.263135 ] ] } },
{ "type": "Feature", "properties": { "Name": "Simpang Susun Banyu Urip", "description": "Simpang Susun Banyu Urip   0.19 km", "tessellate": 1, "GEOTAGGING": "", "gx_media_links": null }, "geometry": { "type": "LineString", "coordinates": [ [ 112.709421, -7.262109 ], [ 112.709314, -7.261075 ], [ 112.709272, -7.260809 ], [ 112.709225, -7.260635 ], [ 112.709133, -7.260469 ], [ 112.70898, -7.260314 ], [ 112.708812, -7.260241 ], [ 112.70866, -7.26022 ], [ 112.708473, -7.260254 ], [ 112.708186, -7.260389 ] ] } },
{ "type": "Feature", "properties": { "Name": "Simpang Susun Kota Satelit", "description": "Simpang Susun Kota Satelit   0.21 km", "tessellate": 1, "GEOTAGGING": "", "gx_media_links": null }, "geometry": { "type": "LineString", "coordinates": [ [ 112.699847, -7.289682 ], [ 112.699062, -7.290368 ], [ 112.698805, -7.29058 ], [ 112.698626, -7.290668 ], [ 112.69846, -7.290695 ], [ 112.698317, -7.290694 ], [ 112.698201, -7.290632 ], [ 112.698071, -7.290515 ], [ 112.698006, -7.290396 ], [ 112.697982, -7.290265 ], [ 112.698011, -7.290114 ], [ 112.698079, -7.289975 ], [ 112.698232, -7.289794 ] ] } },
{ "type": "Feature", "properties": { "Name": "Simpang Susun Kota Satelit", "description": "Simpang Susun Kota Satelit   0.51 km", "tessellate": 1, "GEOTAGGING": "", "gx_media_links": null }, "geometry": { "type": "LineString", "coordinates": [ [ 112.698062, -7.292774 ], [ 112.698105, -7.29224 ], [ 112.698173, -7.291971 ], [ 112.698218, -7.291751 ], [ 112.698217, -7.291537 ], [ 112.698194, -7.291347 ], [ 112.698153, -7.291144 ], [ 112.698033, -7.290832 ], [ 112.697948, -7.290593 ], [ 112.697912, -7.290412 ], [ 112.697911, -7.290212 ], [ 112.697984, -7.289997 ], [ 112.698129, -7.289823 ], [ 112.698286, -7.289769 ], [ 112.698492, -7.28973 ], [ 112.698693, -7.289772 ], [ 112.698914, -7.289836 ], [ 112.699571, -7.290153 ], [ 112.700178, -7.290444 ], [ 112.700517, -7.29059 ], [ 112.70079, -7.290648 ], [ 112.700985, -7.290629 ], [ 112.701164, -7.290556 ], [ 112.701369, -7.290413 ], [ 112.702073, -7.289931 ] ] } },
{ "type": "Feature", "properties": { "Name": "Simpang Susun Kota Satelit", "description": "Simpang Susun Kota Satelit   0.19 km", "tessellate": 1, "GEOTAGGING": "", "gx_media_links": null }, "geometry": { "type": "LineString", "coordinates": [ [ 112.700807, -7.29064 ], [ 112.700526, -7.290505 ], [ 112.700412, -7.290434 ], [ 112.700311, -7.290344 ], [ 112.70023, -7.29022 ], [ 112.700179, -7.290036 ], [ 112.700186, -7.289879 ], [ 112.700213, -7.289726 ], [ 112.700318, -7.289534 ], [ 112.700467, -7.289331 ], [ 112.700773, -7.28905 ], [ 112.701202, -7.288609 ] ] } },
{ "type": "Feature", "properties": { "Name": "Simpang Susun Kota Satelit", "description": "Simpang Susun Kota Satelit   0.25 km", "tessellate": 1, "GEOTAGGING": "", "gx_media_links": null }, "geometry": { "type": "LineString", "coordinates": [ [ 112.700985, -7.290638 ], [ 112.700676, -7.290705 ], [ 112.700306, -7.290667 ], [ 112.700098, -7.290653 ], [ 112.699848, -7.290635 ], [ 112.699645, -7.290673 ], [ 112.699475, -7.290719 ], [ 112.699315, -7.290782 ], [ 112.69917, -7.290865 ], [ 112.698983, -7.291022 ], [ 112.698796, -7.291232 ], [ 112.698642, -7.291492 ], [ 112.698211, -7.292273 ] ] } },
{ "type": "Feature", "properties": { "Name": "Akses Tol Surabaya - Gempol", "description": "Akses Tol Surabaya - Gempol   0.43 km", "tessellate": 1, "GEOTAGGING": "", "gx_media_links": null }, "geometry": { "type": "LineString", "coordinates": [ [ 112.708408, -7.308722 ], [ 112.707842, -7.30845 ], [ 112.707609, -7.308347 ], [ 112.707433, -7.308211 ], [ 112.707343, -7.308063 ], [ 112.707319, -7.307899 ], [ 112.70735, -7.307752 ], [ 112.707476, -7.307588 ], [ 112.707684, -7.307517 ], [ 112.707879, -7.307509 ], [ 112.708391, -7.307609 ], [ 112.708899, -7.307742 ], [ 112.709452, -7.307897 ], [ 112.709894, -7.308089 ], [ 112.71061, -7.308495 ], [ 112.711472, -7.309096 ] ] } },
{ "type": "Feature", "properties": { "Name": "Akses Tol Surabaya - Gempol", "description": "Akses Tol Surabaya - Gempol   0.26 km", "tessellate": 1, "GEOTAGGING": "", "gx_media_links": null }, "geometry": { "type": "LineString", "coordinates": [ [ 112.704677, -7.307728 ], [ 112.705696, -7.307881 ], [ 112.706123, -7.307974 ], [ 112.706363, -7.308023 ], [ 112.706565, -7.308044 ], [ 112.706705, -7.308004 ], [ 112.7069, -7.307917 ], [ 112.707203, -7.307704 ], [ 112.707483, -7.307504 ], [ 112.707757, -7.307442 ], [ 112.708327, -7.307598 ] ] } },
{ "type": "Feature", "properties": { "Name": "Akses Tol Surabaya - Gempol", "description": "Akses Tol Surabaya - Gempol   0.46 km", "tessellate": 1, "GEOTAGGING": "", "gx_media_links": null }, "geometry": { "type": "LineString", "coordinates": [ [ 112.708631, -7.308772 ], [ 112.708107, -7.308724 ], [ 112.707414, -7.308582 ], [ 112.707189, -7.308571 ], [ 112.70701, -7.308593 ], [ 112.706876, -7.308651 ], [ 112.706771, -7.308726 ], [ 112.706671, -7.30886 ], [ 112.706629, -7.309001 ], [ 112.706647, -7.309194 ], [ 112.70671, -7.309317 ], [ 112.70683, -7.309488 ], [ 112.70714, -7.30963 ], [ 112.707512, -7.309691 ], [ 112.707959, -7.309753 ], [ 112.708835, -7.309841 ], [ 112.709394, -7.309908 ], [ 112.709693, -7.309998 ], [ 112.710158, -7.310178 ], [ 112.710678, -7.310386 ] ] } },
{ "type": "Feature", "properties": { "Name": "Akses Tol Surabaya - Gempol", "description": "Akses Tol Surabaya - Gempol   0.16 km", "tessellate": 1, "GEOTAGGING": "", "gx_media_links": null }, "geometry": { "type": "LineString", "coordinates": [ [ 112.705305, -7.307893 ], [ 112.705802, -7.308133 ], [ 112.706099, -7.308244 ], [ 112.706234, -7.308332 ], [ 112.706333, -7.308445 ], [ 112.706419, -7.308567 ], [ 112.706495, -7.308705 ], [ 112.706545, -7.308883 ], [ 112.706546, -7.309031 ], [ 112.70658, -7.309193 ], [ 112.706665, -7.309362 ], [ 112.706838, -7.309498 ] ] } },
{ "type": "Feature", "properties": { "Name": "Simpang Susun Porong", "description": "Simpang Susun Porong   0.61 km", "tessellate": 1, "GEOTAGGING": "", "gx_media_links": null }, "geometry": { "type": "LineString", "coordinates": [ [ 112.698522, -7.504005 ], [ 112.698853, -7.504571 ], [ 112.698994, -7.504816 ], [ 112.699258, -7.505282 ], [ 112.699462, -7.505716 ], [ 112.699606, -7.506055 ], [ 112.699687, -7.506442 ], [ 112.699812, -7.50703 ], [ 112.699875, -7.507603 ], [ 112.699899, -7.508068 ], [ 112.699945, -7.508864 ], [ 112.699972, -7.509051 ], [ 112.700035, -7.509247 ], [ 112.700197, -7.509517 ], [ 112.700356, -7.509701 ], [ 112.700538, -7.509862 ], [ 112.700847, -7.510004 ], [ 112.701117, -7.510065 ], [ 112.701425, -7.510065 ], [ 112.701876, -7.509989 ], [ 112.702198, -7.509931 ], [ 112.702596, -7.509859 ], [ 112.703055, -7.509789 ] ] } },
{ "type": "Feature", "properties": { "Name": "Simpang Susun Porong", "description": "Simpang Susun Porong   0.44 km", "tessellate": 1, "GEOTAGGING": "", "gx_media_links": null }, "geometry": { "type": "LineString", "coordinates": [ [ 112.697549, -7.514562 ], [ 112.697641, -7.514087 ], [ 112.69767, -7.513747 ], [ 112.697668, -7.513061 ], [ 112.697701, -7.511995 ], [ 112.697749, -7.511743 ], [ 112.697853, -7.511416 ], [ 112.698027, -7.511053 ], [ 112.698479, -7.510447 ], [ 112.698985, -7.509725 ], [ 112.699139, -7.509476 ], [ 112.699243, -7.509191 ], [ 112.699364, -7.508591 ] ] } },
{ "type": "Feature", "properties": { "Name": "Simpang Susun Porong", "description": "Simpang Susun Porong   0.70 km", "tessellate": 1, "GEOTAGGING": "", "gx_media_links": null }, "geometry": { "type": "LineString", "coordinates": [ [ 112.697692, -7.512482 ], [ 112.697784, -7.512138 ], [ 112.697849, -7.511785 ], [ 112.698026, -7.511398 ], [ 112.698299, -7.511084 ], [ 112.698665, -7.510862 ], [ 112.699047, -7.510755 ], [ 112.699953, -7.510548 ], [ 112.700839, -7.510332 ], [ 112.702017, -7.51004 ], [ 112.703097, -7.509783 ], [ 112.703439, -7.509794 ], [ 112.703736, -7.509884 ], [ 112.704618, -7.510262 ], [ 112.705162, -7.510489 ], [ 112.705809, -7.510664 ], [ 112.706524, -7.510877 ] ] } },
{ "type": "Feature", "properties": { "Name": "Jl. Tol Surabaya - Gersik", "description": "Jl. Tol Surabaya - Gersik 13 km      Jalan Tol Surabaya–Gresik\n\nJalan Tol Surabaya-Gresik\nInformasi rute\nDikelola oleh PT Margabumi Matraraya\nPanjang:\t20.70 km (12,86 mi)\nPersimpangan besar\nUjung timur:\tJalan Tol Surabaya-Porong\nLetak\nKota besar:\tGresik\nSurabaya\nSistem jalan bebas hambatan\nAH 2\nJalan Tol di Indonesia\n\nJalan Tol Surabaya–Gresik adalah jalan tol sepanjang 20,70 kilometer yang menghubungkan Kota Surabaya dengan Gresik, Provinsi Jawa Timur. Jalan tol ini merupakan bagian dari Jalan Tol Trans Jawa. Jalan tol ini terhubung dengan Jalan Tol Surabaya-Porong di sebelah timur, rencana Jalan Tol Krian-Legundi-Bunder-Manyar di sebelah barat daya, serta rencana Jalan Tol Tuban-Gresik di sebelah barat. Jalan tol ini melintasi Kota Surabaya dan Kabupaten Gresik. Jalan tol ini merupakan akses utama yang menghubungkan Surabaya dengan Jakarta via jalur Pantura.", "tessellate": 1, "GEOTAGGING": "", "gx_media_links": "https:\/\/www.youtube.com\/embed\/-eha-eOhkSw https:\/\/www.youtube.com\/embed\/3ht8WecpAIc" }, "geometry": { "type": "LineString", "coordinates": [ [ 112.606537, -7.123565 ], [ 112.605929, -7.124488 ], [ 112.605502, -7.125176 ], [ 112.604837, -7.126315 ], [ 112.603938, -7.127912 ], [ 112.603412, -7.128963 ], [ 112.602829, -7.1302 ], [ 112.602318, -7.131437 ], [ 112.601892, -7.132591 ], [ 112.60123, -7.134559 ], [ 112.600819, -7.135902 ], [ 112.600629, -7.136611 ], [ 112.600361, -7.137633 ], [ 112.600116, -7.138732 ], [ 112.599917, -7.139692 ], [ 112.599651, -7.141288 ], [ 112.599447, -7.142594 ], [ 112.599318, -7.143844 ], [ 112.59925, -7.144782 ], [ 112.599182, -7.145679 ], [ 112.599153, -7.146311 ], [ 112.599125, -7.14873 ], [ 112.599183, -7.149955 ], [ 112.599389, -7.152569 ], [ 112.599646, -7.154414 ], [ 112.600072, -7.1571 ], [ 112.600783, -7.159539 ], [ 112.601186, -7.160996 ], [ 112.601808, -7.163028 ], [ 112.602222, -7.164156 ], [ 112.602804, -7.165611 ], [ 112.603257, -7.166711 ], [ 112.603817, -7.167889 ], [ 112.604454, -7.169213 ], [ 112.60524, -7.170703 ], [ 112.606204, -7.172333 ], [ 112.6073, -7.174009 ], [ 112.608602, -7.175814 ], [ 112.609697, -7.177246 ], [ 112.611272, -7.179075 ], [ 112.612474, -7.180352 ], [ 112.613978, -7.181737 ], [ 112.615949, -7.183593 ], [ 112.617111, -7.184614 ], [ 112.618892, -7.186263 ], [ 112.620618, -7.187877 ], [ 112.622007, -7.18921 ], [ 112.624186, -7.19128 ], [ 112.625973, -7.193062 ], [ 112.627664, -7.194789 ], [ 112.629321, -7.196536 ], [ 112.63189, -7.199278 ], [ 112.633682, -7.201313 ], [ 112.635302, -7.2032 ], [ 112.637181, -7.205484 ], [ 112.638869, -7.207544 ], [ 112.640647, -7.209772 ], [ 112.641672, -7.211117 ], [ 112.642939, -7.212813 ], [ 112.644619, -7.215068 ], [ 112.646014, -7.216972 ], [ 112.646819, -7.218224 ], [ 112.647442, -7.219116 ], [ 112.648176, -7.220177 ], [ 112.649045, -7.221397 ], [ 112.650019, -7.22273 ], [ 112.650861, -7.223773 ], [ 112.651711, -7.224754 ], [ 112.652393, -7.225478 ], [ 112.653341, -7.226427 ], [ 112.654264, -7.227209 ], [ 112.655114, -7.22789 ], [ 112.656164, -7.228656 ], [ 112.657404, -7.229452 ], [ 112.658566, -7.230115 ], [ 112.659711, -7.230709 ], [ 112.660859, -7.231245 ], [ 112.661986, -7.231746 ], [ 112.663424, -7.232366 ], [ 112.664468, -7.23281 ], [ 112.665862, -7.233405 ], [ 112.667202, -7.233978 ], [ 112.668339, -7.234451 ], [ 112.669766, -7.235083 ], [ 112.671326, -7.235736 ], [ 112.673392, -7.236597 ], [ 112.675222, -7.237383 ], [ 112.676471, -7.237911 ], [ 112.678135, -7.238624 ], [ 112.679317, -7.239054 ], [ 112.680874, -7.239608 ], [ 112.682196, -7.240063 ], [ 112.6835, -7.240483 ], [ 112.684853, -7.240915 ], [ 112.686864, -7.241497 ], [ 112.688547, -7.241949 ], [ 112.69036, -7.242391 ], [ 112.691781, -7.242726 ], [ 112.693612, -7.243073 ], [ 112.695623, -7.243468 ], [ 112.69723, -7.243731 ], [ 112.698992, -7.244042 ], [ 112.701106, -7.24436 ], [ 112.701938, -7.244376 ], [ 112.702755, -7.244282 ], [ 112.703525, -7.244065 ], [ 112.704547, -7.243668 ], [ 112.705694, -7.243249 ], [ 112.706163, -7.243042 ], [ 112.706384, -7.24293 ], [ 112.706799, -7.242881 ], [ 112.707544, -7.242831 ], [ 112.708148, -7.242869 ], [ 112.708601, -7.242946 ], [ 112.709121, -7.243108 ], [ 112.709951, -7.243384 ], [ 112.710757, -7.243652 ], [ 112.712301, -7.244193 ], [ 112.713904, -7.24479 ], [ 112.714544, -7.244972 ], [ 112.714934, -7.245064 ], [ 112.715737, -7.245061 ] ] } },
{ "type": "Feature", "properties": { "Name": "Simpang Susun Kebomas", "description": "Simpang Susun Kebomas   0.66 km", "tessellate": 1, "GEOTAGGING": "", "gx_media_links": null }, "geometry": { "type": "LineString", "coordinates": [ [ 112.600166, -7.157404 ], [ 112.600565, -7.158476 ], [ 112.600733, -7.15879 ], [ 112.600846, -7.158992 ], [ 112.60103, -7.15918 ], [ 112.601271, -7.159373 ], [ 112.601688, -7.159577 ], [ 112.601899, -7.159703 ], [ 112.60207, -7.159829 ], [ 112.602193, -7.159965 ], [ 112.602274, -7.160165 ], [ 112.602287, -7.160279 ], [ 112.602273, -7.160403 ], [ 112.602202, -7.1606 ], [ 112.602141, -7.160709 ], [ 112.602048, -7.160809 ], [ 112.601793, -7.160922 ], [ 112.601056, -7.161129 ], [ 112.600496, -7.161284 ], [ 112.599437, -7.161596 ], [ 112.59835, -7.161863 ], [ 112.596949, -7.162253 ] ] } },
{ "type": "Feature", "properties": { "Name": "Simpang Susun Kebomas", "description": "Simpang Susun Kebomas   0.30 km", "tessellate": 1, "GEOTAGGING": "", "gx_media_links": null }, "geometry": { "type": "LineString", "coordinates": [ [ 112.60042, -7.158288 ], [ 112.600456, -7.158778 ], [ 112.600596, -7.159351 ], [ 112.600675, -7.159694 ], [ 112.600693, -7.159803 ], [ 112.600699, -7.159961 ], [ 112.600665, -7.160126 ], [ 112.600622, -7.160318 ], [ 112.600505, -7.160579 ], [ 112.600242, -7.160927 ], [ 112.599917, -7.161245 ], [ 112.599562, -7.161494 ], [ 112.598927, -7.161719 ] ] } },
{ "type": "Feature", "properties": { "Name": "Simpang Susun Kebomas", "description": "Simpang Susun Kebomas   0.24 km", "tessellate": 1, "GEOTAGGING": "", "gx_media_links": null }, "geometry": { "type": "LineString", "coordinates": [ [ 112.601844, -7.163126 ], [ 112.601639, -7.162719 ], [ 112.601442, -7.162429 ], [ 112.601262, -7.162207 ], [ 112.601088, -7.162055 ], [ 112.600861, -7.16188 ], [ 112.600608, -7.161752 ], [ 112.600215, -7.161651 ], [ 112.599848, -7.161632 ], [ 112.599636, -7.161617 ], [ 112.598967, -7.161711 ] ] } },
{ "type": "Feature", "properties": { "Name": "Simpang Susun Kebomas", "description": "Simpang Susun Kebomas   0.22 km", "tessellate": 1, "GEOTAGGING": "", "gx_media_links": null }, "geometry": { "type": "LineString", "coordinates": [ [ 112.601426, -7.161784 ], [ 112.601144, -7.16038 ], [ 112.601173, -7.160078 ], [ 112.601374, -7.159886 ], [ 112.601628, -7.159783 ], [ 112.601916, -7.159805 ], [ 112.602109, -7.159974 ], [ 112.602278, -7.160361 ] ] } },
{ "type": "Feature", "properties": { "Name": "Simpang Susun Romokalisari", "description": "Simpang Susun Romokalisari   0.32 km", "tessellate": 1, "GEOTAGGING": "", "gx_media_links": null }, "geometry": { "type": "LineString", "coordinates": [ [ 112.646272, -7.217366 ], [ 112.645708, -7.216785 ], [ 112.64529, -7.216256 ], [ 112.645061, -7.215965 ], [ 112.64484, -7.215707 ], [ 112.64474, -7.215619 ], [ 112.64461, -7.215519 ], [ 112.644472, -7.215448 ], [ 112.64434, -7.215401 ], [ 112.644178, -7.21537 ], [ 112.643967, -7.215369 ], [ 112.64352, -7.215402 ], [ 112.643318, -7.215409 ], [ 112.643161, -7.215404 ], [ 112.643036, -7.215374 ], [ 112.642932, -7.21533 ], [ 112.642798, -7.21525 ], [ 112.642687, -7.215127 ], [ 112.642609, -7.214966 ] ] } },
{ "type": "Feature", "properties": { "Name": "Simpang Susun Romokalisari", "description": "Simpang Susun Romokalisari   0.67 km", "tessellate": 1, "GEOTAGGING": "", "gx_media_links": null }, "geometry": { "type": "LineString", "coordinates": [ [ 112.643365, -7.213386 ], [ 112.643636, -7.213912 ], [ 112.643719, -7.214062 ], [ 112.643766, -7.214176 ], [ 112.643805, -7.214308 ], [ 112.643846, -7.2145 ], [ 112.643865, -7.214626 ], [ 112.643864, -7.214725 ], [ 112.643847, -7.214822 ], [ 112.643791, -7.214965 ], [ 112.643729, -7.215073 ], [ 112.643623, -7.215188 ], [ 112.643466, -7.215268 ], [ 112.643284, -7.215301 ], [ 112.643147, -7.215303 ], [ 112.642949, -7.21525 ], [ 112.642807, -7.215161 ], [ 112.642611, -7.214973 ], [ 112.642562, -7.214821 ], [ 112.642546, -7.214701 ], [ 112.642567, -7.21449 ], [ 112.642652, -7.21429 ], [ 112.642881, -7.214034 ], [ 112.643315, -7.213614 ], [ 112.643698, -7.213241 ], [ 112.64425, -7.2127 ], [ 112.644579, -7.212319 ], [ 112.644684, -7.212121 ], [ 112.64496, -7.211545 ], [ 112.645447, -7.210476 ], [ 112.645823, -7.209462 ] ] } },
{ "type": "Feature", "properties": { "Name": "Simpang Susun Romokalisari", "description": "Simpang Susun Romokalisari   0.48 km", "tessellate": 1, "GEOTAGGING": "", "gx_media_links": null }, "geometry": { "type": "LineString", "coordinates": [ [ 112.64563, -7.216447 ], [ 112.645306, -7.215915 ], [ 112.645149, -7.215653 ], [ 112.64507, -7.215485 ], [ 112.645023, -7.21529 ], [ 112.645013, -7.215107 ], [ 112.645055, -7.214913 ], [ 112.645121, -7.214735 ], [ 112.645257, -7.214502 ], [ 112.645423, -7.21425 ], [ 112.645528, -7.214008 ], [ 112.645585, -7.213805 ], [ 112.645611, -7.213616 ], [ 112.645619, -7.213433 ], [ 112.645588, -7.213187 ], [ 112.645493, -7.212544 ], [ 112.645346, -7.211532 ], [ 112.645333, -7.211261 ], [ 112.645345, -7.211069 ], [ 112.645408, -7.210807 ], [ 112.645579, -7.210349 ], [ 112.645677, -7.209847 ] ] } },
{ "type": "Feature", "properties": { "Name": "Simpang Susun Romokalisari", "description": "Simpang Susun Romokalisari   0.43 km", "tessellate": 1, "GEOTAGGING": "", "gx_media_links": null }, "geometry": { "type": "LineString", "coordinates": [ [ 112.640709, -7.209854 ], [ 112.641243, -7.210393 ], [ 112.641425, -7.210568 ], [ 112.641629, -7.21074 ], [ 112.641776, -7.210844 ], [ 112.641915, -7.210923 ], [ 112.642062, -7.210978 ], [ 112.642214, -7.211026 ], [ 112.642383, -7.211054 ], [ 112.642604, -7.211067 ], [ 112.643311, -7.21108 ], [ 112.643988, -7.211084 ], [ 112.644381, -7.211077 ], [ 112.644524, -7.211059 ], [ 112.644631, -7.211042 ], [ 112.644768, -7.210996 ], [ 112.644917, -7.210919 ], [ 112.645062, -7.210825 ], [ 112.645177, -7.210727 ], [ 112.645268, -7.210592 ], [ 112.645372, -7.210403 ], [ 112.645572, -7.20999 ], [ 112.645758, -7.209644 ] ] } },
{ "type": "Feature", "properties": { "Name": "Akses Tol Surabaya - Gresik", "description": "Akses Tol Surabaya - Gresik   0.37 km", "tessellate": 1, "GEOTAGGING": "", "gx_media_links": null }, "geometry": { "type": "LineString", "coordinates": [ [ 112.677315, -7.238268 ], [ 112.67835, -7.23849 ], [ 112.679068, -7.238699 ], [ 112.679732, -7.238885 ], [ 112.680408, -7.239066 ], [ 112.680914, -7.239221 ], [ 112.681329, -7.239349 ], [ 112.681609, -7.239403 ], [ 112.681823, -7.239391 ], [ 112.681994, -7.239304 ], [ 112.682091, -7.239187 ], [ 112.682175, -7.239025 ], [ 112.682255, -7.23876 ] ] } },
{ "type": "Feature", "properties": { "Name": "Akses Tol Surabaya - Gresik", "description": "Akses Tol Surabaya - Gresik   0.39 km", "tessellate": 1, "GEOTAGGING": "", "gx_media_links": null }, "geometry": { "type": "LineString", "coordinates": [ [ 112.677232, -7.238229 ], [ 112.677429, -7.238509 ], [ 112.677822, -7.238716 ], [ 112.678291, -7.238897 ], [ 112.67873, -7.23903 ], [ 112.679165, -7.239152 ], [ 112.67942, -7.239259 ], [ 112.679919, -7.239488 ], [ 112.68117, -7.240097 ], [ 112.681782, -7.240396 ], [ 112.681958, -7.240532 ], [ 112.682033, -7.240628 ], [ 112.682107, -7.240738 ], [ 112.68215, -7.240904 ] ] } },
{ "type": "Feature", "properties": { "Name": "Akses Tol Surabaya - Gresik", "description": "Akses Tol Surabaya - Gresik   0.39 km", "tessellate": 1, "GEOTAGGING": "", "gx_media_links": null }, "geometry": { "type": "LineString", "coordinates": [ [ 112.687547, -7.241678 ], [ 112.687077, -7.241434 ], [ 112.686815, -7.241324 ], [ 112.686384, -7.241186 ], [ 112.685105, -7.240716 ], [ 112.683656, -7.240198 ], [ 112.683095, -7.239983 ], [ 112.682908, -7.239859 ], [ 112.682758, -7.239659 ], [ 112.682706, -7.239498 ], [ 112.682671, -7.239286 ] ] } },
{ "type": "Feature", "properties": { "Name": "Akses Tol Surabaya - Gresik", "description": "Akses Tol Surabaya - Gresik   0.33 km", "tessellate": 1, "GEOTAGGING": "", "gx_media_links": null }, "geometry": { "type": "LineString", "coordinates": [ [ 112.687004, -7.241544 ], [ 112.685694, -7.241318 ], [ 112.685048, -7.241193 ], [ 112.684257, -7.241 ], [ 112.683455, -7.240885 ], [ 112.683144, -7.240866 ], [ 112.682976, -7.240887 ], [ 112.68278, -7.241 ], [ 112.682592, -7.241393 ] ] } },
{ "type": "Feature", "properties": { "Name": "Simpang Susun Dupak", "description": "Simpang Susun Dupak   0.51 km", "tessellate": 1, "GEOTAGGING": "", "gx_media_links": null }, "geometry": { "type": "LineString", "coordinates": [ [ 112.706813, -7.242878 ], [ 112.707379, -7.242775 ], [ 112.707894, -7.242721 ], [ 112.708211, -7.24269 ], [ 112.708527, -7.242642 ], [ 112.708838, -7.24256 ], [ 112.709087, -7.24245 ], [ 112.709337, -7.242269 ], [ 112.70961, -7.242061 ], [ 112.709837, -7.241942 ], [ 112.710058, -7.241846 ], [ 112.710273, -7.241811 ], [ 112.71052, -7.241839 ], [ 112.710741, -7.241922 ], [ 112.710937, -7.242033 ], [ 112.711115, -7.242137 ], [ 112.711273, -7.242187 ], [ 112.711459, -7.242172 ], [ 112.711653, -7.242042 ], [ 112.71188, -7.241833 ], [ 112.712164, -7.2415 ], [ 112.712616, -7.241014 ], [ 112.712917, -7.2407 ], [ 112.713224, -7.240386 ] ] } },
{ "type": "Feature", "properties": { "Name": "Simpang Susun Dupak", "description": "Simpang Susun Dupak   0.41 km", "tessellate": 1, "GEOTAGGING": "", "gx_media_links": null }, "geometry": { "type": "LineString", "coordinates": [ [ 112.706868, -7.242878 ], [ 112.707279, -7.242945 ], [ 112.707581, -7.242951 ], [ 112.707906, -7.24298 ], [ 112.708122, -7.243022 ], [ 112.708333, -7.243125 ], [ 112.708475, -7.243264 ], [ 112.708656, -7.243482 ], [ 112.708929, -7.243895 ], [ 112.70939, -7.244665 ], [ 112.709465, -7.244831 ], [ 112.709509, -7.244931 ], [ 112.709543, -7.245071 ], [ 112.709552, -7.245251 ], [ 112.709529, -7.245625 ], [ 112.709325, -7.246431 ], [ 112.70927, -7.246684 ], [ 112.709288, -7.246942 ], [ 112.709322, -7.247219 ] ] } },
{ "type": "Feature", "properties": { "Name": "Simpang Susun Dupak", "description": "Simpang Susun Dupak   0.21 km", "tessellate": 1, "GEOTAGGING": "", "gx_media_links": null }, "geometry": { "type": "LineString", "coordinates": [ [ 112.713285, -7.244557 ], [ 112.71276, -7.244199 ], [ 112.712652, -7.244049 ], [ 112.712613, -7.243913 ], [ 112.712618, -7.243747 ], [ 112.712652, -7.24347 ], [ 112.712643, -7.243259 ], [ 112.712527, -7.24302 ], [ 112.712274, -7.242718 ], [ 112.712126, -7.242428 ], [ 112.712062, -7.241921 ] ] } },
{ "type": "Feature", "properties": { "Name": "Simpang Susun Dupak", "description": "Simpang Susun Dupak   0.41 km", "tessellate": 1, "GEOTAGGING": "", "gx_media_links": null }, "geometry": { "type": "LineString", "coordinates": [ [ 112.713635, -7.244692 ], [ 112.712792, -7.244529 ], [ 112.712508, -7.24454 ], [ 112.712309, -7.244617 ], [ 112.712096, -7.244758 ], [ 112.711791, -7.245044 ], [ 112.711613, -7.245159 ], [ 112.711411, -7.245267 ], [ 112.711164, -7.245312 ], [ 112.710848, -7.245262 ], [ 112.710572, -7.245201 ], [ 112.710387, -7.245184 ], [ 112.710236, -7.245246 ], [ 112.710111, -7.245334 ], [ 112.709935, -7.24564 ], [ 112.709794, -7.246012 ], [ 112.709589, -7.246857 ], [ 112.709304, -7.247356 ] ] } },
{ "type": "Feature", "properties": { "Name": "Jl. Tol Jembatan Suramadu", "description": "Jl. Tol Jembatan Suramadu 3.81 km  , Jembatan Nasional Suramadu\n\n\nJembatan Suramadu dari sisi Surabaya\nNama resmi\tJembatan Nasional Suramadu\nMengangkut\t8 lajur\nMelintasi\tSelat Madura\nDaerah\tJawa Timur\nPengelola\tPT Jasa Marga (sementara)\nDesain\tJembatan kabel pancang\nPanjang total\t5438 m (17841 ft 2 1⁄2 in)\nLebar\t30 meter (98 ft)\nTinggi\t146 meter (479 ft)\nRentang terpanjang\t434 meter (1424 ft)\nJumlah rentangan\t2 (jembatan utama)\n6 (keseluruhan)\nRuang vertikal\t35 meter (115 ft)\nMulai dibangun\t20 Agustus 2003\nSelesai dibangun\t1 Maret 2009\nDibuka\t10 Juni 2009\nDiresmikan\t10 Juni 2009\nTol\tRp 0,00 (roda 4)\nRp 0,00 (roda 2)[1]\nKoordinat\t7°11′3″S 112°46′48″ECoordinates: 7°11′3″S 112°46′48″E\nJembatan Nasional Suramadu adalah jembatan yang melintasi Selat Madura, menghubungkan Pulau Jawa (di Surabaya) dan Pulau Madura (di Bangkalan, tepatnya timur Kamal), Indonesia. Dengan panjang 5.438 m, jembatan ini merupakan jembatan terpanjang di Indonesia saat ini. Jembatan Suramadu terdiri dari tiga bagian yaitu jalan layang (causeway), jembatan penghubung (approach bridge), dan jembatan utama (main bridge).\n\nJembatan ini diresmikan awal pembangunannya oleh Presiden Megawati Soekarnoputri pada 20 Agustus 2003 dan diresmikan pembukaannya oleh Presiden Susilo Bambang Yudhoyono pada 10 Juni 2009[2]. Pembangunan jembatan ini ditujukan untuk mempercepat pembangunan di Pulau Madura, meliputi bidang infrastruktur dan ekonomi di Madura yang relatif tertinggal dibandingkan kawasan lain di Provinsi Jawa Timur. Perkiraan biaya pembangunan jembatan ini adalah 4,5 triliun rupiah.\n\nPembuatan jembatan ini dilakukan dari tiga sisi, baik sisi Bangkalan maupun sisi Surabaya. Sementara itu, secara bersamaan juga dilakukan pembangunan bentang tengah yang terdiri dari main bridge dan approach bridge.\n\n\nDaftar isi\n1\tKonstruksi\n1.1\tJalan layang\n1.2\tJembatan penghubung\n1.3\tJembatan utama\n1.4\tDampak ekonomi dan kependudukan\n2\tLihat pula\n3\tReferensi\n4\tPranala luar\nKonstruksi\nJembatan Suramadu pada dasarnya merupakan gabungan dari tiga jenis jembatan dengan panjang keseluruhan sepanjang 5.438 meter dengan lebar kurang lebih 30 meter. Jembatan ini menyediakan empat lajur dua arah selebar 3,5 meter dengan dua lajur darurat selebar 2,75 meter. Jembatan ini juga menyediakan lajur khusus bagi pengendara sepeda motor disetiap sisi luar jembatan.\n\nJalan layang  ", "tessellate": 1, "GEOTAGGING": "", "gx_media_links": "https:\/\/www.youtube.com\/embed\/E1aso9jXzkI https:\/\/www.youtube.com\/embed\/hjcJLX1kuQc" }, "geometry": { "type": "LineString", "coordinates": [ [ 112.782211, -7.157172 ], [ 112.782085, -7.158224 ], [ 112.781982, -7.159182 ], [ 112.781829, -7.161239 ], [ 112.781704, -7.163132 ], [ 112.781602, -7.164771 ], [ 112.781522, -7.165977 ], [ 112.78135, -7.168443 ], [ 112.781224, -7.170424 ], [ 112.781029, -7.173218 ], [ 112.780834, -7.175694 ], [ 112.780625, -7.178304 ], [ 112.78047, -7.179909 ], [ 112.780372, -7.181128 ], [ 112.780274, -7.182438 ], [ 112.780186, -7.183778 ], [ 112.780008, -7.186399 ], [ 112.779853, -7.188803 ], [ 112.779777, -7.19025 ], [ 112.779717, -7.191686 ], [ 112.779646, -7.193099 ], [ 112.779514, -7.19581 ], [ 112.779373, -7.198337 ], [ 112.779206, -7.200949 ], [ 112.779051, -7.203298 ], [ 112.7789, -7.205664 ], [ 112.77876, -7.207782 ], [ 112.778738, -7.20829 ], [ 112.778726, -7.209011 ], [ 112.778653, -7.209747 ], [ 112.778523, -7.211671 ], [ 112.778469, -7.212543 ] ] } },
{ "type": "Feature", "properties": { "Name": "Simpang Susun Ngemplak", "description": "Simpang Susun Ngemplak   0.38 km", "tessellate": 1, "GEOTAGGING": "", "gx_media_links": null }, "geometry": { "type": "LineString", "coordinates": [ [ 110.971683, -7.434582 ], [ 110.973221, -7.4331 ], [ 110.974486, -7.432121 ], [ 110.975052, -7.43202 ], [ 110.976245, -7.432142 ] ] } },
{ "type": "Feature", "properties": { "Name": "Simpang Susun Ngemplak", "description": "Simpang Susun Ngemplak   0.23 km", "tessellate": 1, "GEOTAGGING": "", "gx_media_links": null }, "geometry": { "type": "LineString", "coordinates": [ [ 110.974787, -7.43069 ], [ 110.973719, -7.431645 ], [ 110.973149, -7.432075 ], [ 110.972717, -7.432031 ], [ 110.972525, -7.431703 ], [ 110.972576, -7.431366 ] ] } },
{ "type": "Feature", "properties": { "Name": "Simpang Susun Ngawi", "description": "Simpang Susun Ngawi   0.53 km", "tessellate": 1, "GEOTAGGING": "", "gx_media_links": null }, "geometry": { "type": "LineString", "coordinates": [ [ 111.408351, -7.416589 ], [ 111.410693, -7.417546 ], [ 111.411984, -7.418044 ], [ 111.41254, -7.418182 ], [ 111.412861, -7.418107 ], [ 111.413119, -7.417934 ], [ 111.413418, -7.417621 ], [ 111.414441, -7.41567 ] ] } },
{ "type": "Feature", "properties": { "Name": "Simpang Susun Ngawi", "description": "Simpang Susun Ngawi   0.38 km", "tessellate": 1, "GEOTAGGING": "", "gx_media_links": null }, "geometry": { "type": "LineString", "coordinates": [ [ 111.416352, -7.421466 ], [ 111.415355, -7.420565 ], [ 111.414529, -7.419864 ], [ 111.413606, -7.419218 ], [ 111.413297, -7.418657 ], [ 111.413232, -7.418304 ], [ 111.413528, -7.417417 ] ] } },
{ "type": "Feature", "properties": { "Name": "Simpang Susun Ngawi", "description": "Simpang Susun Ngawi   0.46 km", "tessellate": 1, "GEOTAGGING": "", "gx_media_links": null }, "geometry": { "type": "LineString", "coordinates": [ [ 111.4089, -7.416872 ], [ 111.409641, -7.417423 ], [ 111.410357, -7.417937 ], [ 111.410875, -7.418356 ], [ 111.411274, -7.418915 ], [ 111.411677, -7.419474 ], [ 111.411916, -7.419657 ], [ 111.412276, -7.419677 ], [ 111.412559, -7.419388 ], [ 111.412762, -7.41898 ], [ 111.413436, -7.41763 ], [ 111.413532, -7.417405 ] ] } },
{ "type": "Feature", "properties": { "Name": "Simpang Susun Ngawi", "description": "Simpang Susun Ngawi   0.20 km", "tessellate": 1, "GEOTAGGING": "", "gx_media_links": null }, "geometry": { "type": "LineString", "coordinates": [ [ 111.413648, -7.419553 ], [ 111.412612, -7.419061 ], [ 111.412013, -7.418798 ], [ 111.411796, -7.418823 ], [ 111.411674, -7.419023 ], [ 111.411657, -7.419187 ], [ 111.411686, -7.419339 ], [ 111.411897, -7.419652 ] ] } },
{ "type": "Feature", "properties": { "Name": "Jl. Tol Kartosuro - Ngawi", "description": "Jl. Tol Kartosuro - Ngawi 56.2 km", "tessellate": 1, "GEOTAGGING": "", "gx_media_links": "https:\/\/www.youtube.com\/embed\/gznjeXeDhSs" }, "geometry": { "type": "LineString", "coordinates": [ [ 110.714516, -7.527483 ], [ 110.714864, -7.527601 ], [ 110.715907, -7.527548 ], [ 110.7179, -7.527049 ], [ 110.720157, -7.52645 ], [ 110.721324, -7.526152 ], [ 110.72266, -7.52586 ], [ 110.723784, -7.525629 ], [ 110.724922, -7.52551 ], [ 110.726232, -7.525483 ], [ 110.72788, -7.52538 ], [ 110.728931, -7.525229 ], [ 110.73, -7.525015 ], [ 110.730834, -7.524739 ], [ 110.732056, -7.524228 ], [ 110.732941, -7.523716 ], [ 110.734209, -7.522814 ], [ 110.735093, -7.522008 ], [ 110.736544, -7.52054 ], [ 110.737247, -7.519711 ], [ 110.737979, -7.518619 ], [ 110.738647, -7.517337 ], [ 110.739294, -7.515975 ], [ 110.739799, -7.515027 ], [ 110.74061, -7.513802 ], [ 110.742308, -7.511408 ], [ 110.743609, -7.509592 ], [ 110.744585, -7.508363 ], [ 110.745823, -7.507098 ], [ 110.747195, -7.505958 ], [ 110.74868, -7.504864 ], [ 110.749854, -7.504174 ], [ 110.751773, -7.503327 ], [ 110.75385, -7.502589 ], [ 110.755901, -7.502121 ], [ 110.75788, -7.501859 ], [ 110.760081, -7.501813 ], [ 110.763237, -7.501853 ], [ 110.765596, -7.502001 ], [ 110.768644, -7.502501 ], [ 110.771478, -7.50332 ], [ 110.773684, -7.504162 ], [ 110.775967, -7.505335 ], [ 110.777811, -7.506396 ], [ 110.778977, -7.507294 ], [ 110.780571, -7.508582 ], [ 110.782229, -7.510174 ], [ 110.783766, -7.511831 ], [ 110.7854, -7.513718 ], [ 110.785876, -7.514259 ], [ 110.787007, -7.515286 ], [ 110.789073, -7.517057 ], [ 110.791703, -7.518908 ], [ 110.793534, -7.519988 ], [ 110.795069, -7.52076 ], [ 110.797214, -7.521708 ], [ 110.80004, -7.522618 ], [ 110.801469, -7.522991 ], [ 110.802638, -7.523229 ], [ 110.803829, -7.52343 ], [ 110.804978, -7.523564 ], [ 110.806165, -7.523689 ], [ 110.807394, -7.523779 ], [ 110.808422, -7.523791 ], [ 110.809404, -7.523782 ], [ 110.810808, -7.523705 ], [ 110.812549, -7.523565 ], [ 110.814374, -7.523358 ], [ 110.816888, -7.523108 ], [ 110.819449, -7.52284 ], [ 110.821559, -7.522617 ], [ 110.823606, -7.522328 ], [ 110.825831, -7.521924 ], [ 110.828413, -7.521242 ], [ 110.830929, -7.520392 ], [ 110.833598, -7.519328 ], [ 110.836134, -7.518088 ], [ 110.837765, -7.517335 ], [ 110.839482, -7.516602 ], [ 110.841721, -7.515887 ], [ 110.843853, -7.515343 ], [ 110.846027, -7.51495 ], [ 110.847857, -7.514731 ], [ 110.85016, -7.514583 ], [ 110.85218, -7.514618 ], [ 110.854326, -7.514782 ], [ 110.85643, -7.514948 ], [ 110.858686, -7.514988 ], [ 110.860826, -7.514855 ], [ 110.86356, -7.514668 ], [ 110.864837, -7.514631 ], [ 110.865864, -7.514716 ], [ 110.867001, -7.514878 ], [ 110.868287, -7.515253 ], [ 110.869376, -7.515735 ], [ 110.87071, -7.516242 ], [ 110.871767, -7.516579 ], [ 110.873486, -7.516952 ], [ 110.875248, -7.517116 ], [ 110.876773, -7.517086 ], [ 110.878155, -7.517015 ], [ 110.880213, -7.51696 ], [ 110.881355, -7.517 ], [ 110.883389, -7.517259 ], [ 110.885763, -7.517649 ], [ 110.887548, -7.517947 ], [ 110.889392, -7.51812 ], [ 110.891902, -7.518117 ], [ 110.893405, -7.517911 ], [ 110.895438, -7.517325 ], [ 110.896948, -7.516796 ], [ 110.899507, -7.515698 ], [ 110.902794, -7.514232 ], [ 110.904969, -7.513148 ], [ 110.906233, -7.512302 ], [ 110.907461, -7.511304 ], [ 110.908497, -7.510202 ], [ 110.909397, -7.509082 ], [ 110.910317, -7.50757 ], [ 110.911073, -7.50582 ], [ 110.911637, -7.504163 ], [ 110.912446, -7.500285 ], [ 110.91368, -7.49467 ], [ 110.914423, -7.49182 ], [ 110.915176, -7.489815 ], [ 110.916008, -7.487628 ], [ 110.917048, -7.48545 ], [ 110.918707, -7.482503 ], [ 110.920038, -7.480264 ], [ 110.921021, -7.478388 ], [ 110.921861, -7.476367 ], [ 110.923568, -7.472317 ], [ 110.924477, -7.470615 ], [ 110.92569, -7.468743 ], [ 110.92726, -7.466977 ], [ 110.92967, -7.464648 ], [ 110.931487, -7.462558 ], [ 110.932599, -7.461398 ], [ 110.934543, -7.459579 ], [ 110.936488, -7.457991 ], [ 110.93886, -7.456299 ], [ 110.940906, -7.454987 ], [ 110.943346, -7.453691 ], [ 110.946297, -7.45233 ], [ 110.950205, -7.450504 ], [ 110.954466, -7.448538 ], [ 110.958854, -7.446525 ], [ 110.961913, -7.444734 ], [ 110.963603, -7.44354 ], [ 110.965939, -7.441614 ], [ 110.968439, -7.439076 ], [ 110.971163, -7.435304 ], [ 110.973176, -7.432548 ], [ 110.974593, -7.430884 ], [ 110.976187, -7.429311 ], [ 110.977653, -7.428074 ], [ 110.98037, -7.425957 ], [ 110.982144, -7.424402 ], [ 110.983861, -7.422591 ], [ 110.985376, -7.420843 ], [ 110.986694, -7.419119 ], [ 110.988086, -7.417025 ], [ 110.98922, -7.41499 ], [ 110.990418, -7.412733 ], [ 110.991403, -7.411013 ], [ 110.992726, -7.40908 ], [ 110.993774, -7.407729 ], [ 110.995476, -7.405841 ], [ 110.996882, -7.404488 ], [ 110.998542, -7.403 ], [ 111.000685, -7.401408 ], [ 111.002365, -7.400327 ], [ 111.004283, -7.399341 ], [ 111.006269, -7.398516 ], [ 111.008193, -7.397745 ], [ 111.01107, -7.39682 ], [ 111.013056, -7.396408 ], [ 111.015212, -7.396047 ], [ 111.018821, -7.395589 ], [ 111.022698, -7.395435 ], [ 111.025452, -7.395578 ], [ 111.02907, -7.395899 ], [ 111.033343, -7.396279 ], [ 111.03731, -7.396542 ], [ 111.039562, -7.396525 ], [ 111.041689, -7.396353 ], [ 111.04406, -7.396006 ], [ 111.045804, -7.395645 ], [ 111.048168, -7.394939 ], [ 111.050018, -7.394263 ], [ 111.051623, -7.393574 ], [ 111.053092, -7.392839 ], [ 111.055721, -7.391672 ], [ 111.057579, -7.390948 ], [ 111.059453, -7.39041 ], [ 111.061435, -7.389918 ], [ 111.063456, -7.38954 ], [ 111.065309, -7.389286 ], [ 111.068256, -7.389253 ], [ 111.07017, -7.389494 ], [ 111.072318, -7.389968 ], [ 111.073495, -7.390332 ], [ 111.075071, -7.390851 ], [ 111.076881, -7.391382 ], [ 111.079095, -7.391637 ], [ 111.081115, -7.391693 ], [ 111.082828, -7.391511 ], [ 111.0856, -7.390789 ], [ 111.089166, -7.389533 ], [ 111.09095, -7.388813 ], [ 111.093101, -7.387622 ], [ 111.095496, -7.38633 ], [ 111.097156, -7.385431 ], [ 111.09934, -7.384348 ], [ 111.101061, -7.38366 ], [ 111.102476, -7.383131 ], [ 111.104268, -7.382642 ], [ 111.106259, -7.382223 ], [ 111.109406, -7.381763 ], [ 111.11175, -7.381543 ], [ 111.115333, -7.381505 ], [ 111.119044, -7.381677 ], [ 111.123246, -7.381827 ], [ 111.127442, -7.381942 ], [ 111.131923, -7.382148 ], [ 111.13652, -7.382342 ], [ 111.138496, -7.382386 ], [ 111.141016, -7.382587 ], [ 111.144499, -7.382983 ], [ 111.147032, -7.383505 ], [ 111.149017, -7.38398 ], [ 111.151076, -7.384589 ], [ 111.154165, -7.385906 ], [ 111.157246, -7.387282 ], [ 111.160642, -7.388409 ], [ 111.16512, -7.389054 ], [ 111.167943, -7.389159 ], [ 111.170259, -7.389112 ], [ 111.1724, -7.388769 ], [ 111.177157, -7.387793 ], [ 111.183448, -7.387605 ], [ 111.186575, -7.387929 ], [ 111.189694, -7.388496 ], [ 111.192451, -7.388988 ], [ 111.196007, -7.389163 ], [ 111.201529, -7.389263 ], [ 111.203494, -7.389136 ], [ 111.206786, -7.388931 ], [ 111.211305, -7.388642 ], [ 111.215557, -7.388462 ], [ 111.218629, -7.388376 ], [ 111.220712, -7.388476 ], [ 111.222818, -7.388692 ], [ 111.229023, -7.389579 ], [ 111.233397, -7.390773 ], [ 111.237758, -7.392057 ], [ 111.241653, -7.393223 ], [ 111.24701, -7.39482 ], [ 111.250727, -7.396167 ], [ 111.253443, -7.397153 ], [ 111.256125, -7.397775 ], [ 111.259114, -7.398392 ], [ 111.261245, -7.399038 ], [ 111.263455, -7.399831 ], [ 111.267337, -7.401456 ], [ 111.270162, -7.402551 ], [ 111.272127, -7.403425 ], [ 111.276928, -7.405592 ], [ 111.280626, -7.406951 ], [ 111.283509, -7.407784 ], [ 111.286379, -7.408504 ], [ 111.289875, -7.409134 ], [ 111.294024, -7.409476 ], [ 111.298489, -7.409643 ], [ 111.304112, -7.409227 ], [ 111.309158, -7.408898 ], [ 111.314173, -7.408608 ], [ 111.318451, -7.408662 ], [ 111.323919, -7.408752 ], [ 111.329261, -7.408811 ], [ 111.335713, -7.408821 ], [ 111.342558, -7.408989 ], [ 111.347466, -7.408952 ], [ 111.3509, -7.408779 ], [ 111.355239, -7.409109 ], [ 111.356905, -7.40907 ], [ 111.360143, -7.408667 ], [ 111.362934, -7.408113 ], [ 111.36676, -7.407506 ], [ 111.369673, -7.407217 ], [ 111.374234, -7.407601 ], [ 111.37735, -7.40816 ], [ 111.381486, -7.409144 ], [ 111.38591, -7.410103 ], [ 111.39135, -7.411412 ], [ 111.39841, -7.412997 ], [ 111.402509, -7.414087 ], [ 111.405261, -7.415141 ], [ 111.408639, -7.416753 ], [ 111.412439, -7.418686 ], [ 111.416442, -7.421532 ], [ 111.417701, -7.422551 ], [ 111.420078, -7.42464 ], [ 111.422532, -7.427167 ], [ 111.424908, -7.429919 ], [ 111.426309, -7.431211 ], [ 111.427888, -7.432459 ], [ 111.432102, -7.43531 ], [ 111.435996, -7.437983 ], [ 111.438308, -7.439954 ] ] } },
{ "type": "Feature", "properties": { "Name": "Simpang Susun Solo", "description": "Simpang Susun Solo   0.72 km", "tessellate": 1, "GEOTAGGING": "", "gx_media_links": null }, "geometry": { "type": "LineString", "coordinates": [ [ 110.797929, -7.521941 ], [ 110.798912, -7.52215 ], [ 110.799569, -7.522299 ], [ 110.799816, -7.522299 ], [ 110.800023, -7.522252 ], [ 110.800276, -7.522091 ], [ 110.800613, -7.521806 ], [ 110.800819, -7.521706 ], [ 110.801067, -7.521705 ], [ 110.801302, -7.521795 ], [ 110.801461, -7.522003 ], [ 110.80153, -7.522218 ], [ 110.801521, -7.522419 ], [ 110.801432, -7.523203 ], [ 110.801377, -7.523883 ], [ 110.801301, -7.524316 ], [ 110.801191, -7.524851 ], [ 110.800969, -7.525573 ], [ 110.800797, -7.525984 ], [ 110.800419, -7.526711 ], [ 110.800108, -7.527267 ], [ 110.79955, -7.528209 ] ] } },
{ "type": "Feature", "properties": { "Name": "Simpang Susun Solo", "description": "Simpang Susun Solo   0.34 km", "tessellate": 1, "GEOTAGGING": "", "gx_media_links": null }, "geometry": { "type": "LineString", "coordinates": [ [ 110.798391, -7.522083 ], [ 110.799055, -7.522475 ], [ 110.799809, -7.522706 ], [ 110.800154, -7.522857 ], [ 110.800473, -7.523067 ], [ 110.800721, -7.523269 ], [ 110.800895, -7.5235 ], [ 110.801021, -7.523732 ], [ 110.801109, -7.523997 ], [ 110.801143, -7.524327 ], [ 110.801117, -7.524733 ], [ 110.800987, -7.525518 ] ] } },
{ "type": "Feature", "properties": { "Name": "Simpang Susun Solo", "description": "Simpang Susun Solo   0.26 km", "tessellate": 1, "GEOTAGGING": "", "gx_media_links": null }, "geometry": { "type": "LineString", "coordinates": [ [ 110.802636, -7.523225 ], [ 110.801827, -7.522912 ], [ 110.801334, -7.522754 ], [ 110.800874, -7.522654 ], [ 110.800742, -7.522564 ], [ 110.800657, -7.522438 ], [ 110.800609, -7.522302 ], [ 110.800584, -7.522146 ], [ 110.80064, -7.522028 ], [ 110.800768, -7.5219 ], [ 110.800937, -7.521799 ], [ 110.801148, -7.521815 ], [ 110.801377, -7.521953 ], [ 110.801524, -7.522196 ] ] } },
{ "type": "Feature", "properties": { "Name": "Simpang Susun Solo", "description": "Simpang Susun Solo   0.35 km", "tessellate": 1, "GEOTAGGING": "", "gx_media_links": null }, "geometry": { "type": "LineString", "coordinates": [ [ 110.805073, -7.523567 ], [ 110.804374, -7.523621 ], [ 110.803475, -7.523553 ], [ 110.802805, -7.523478 ], [ 110.802566, -7.523478 ], [ 110.802364, -7.523485 ], [ 110.802114, -7.523581 ], [ 110.801911, -7.523721 ], [ 110.801733, -7.523912 ], [ 110.80162, -7.524082 ], [ 110.801459, -7.524472 ], [ 110.801227, -7.525024 ], [ 110.801057, -7.525303 ] ] } },
{ "type": "Feature", "properties": { "Name": "Simpang Susun Kemiri", "description": "Simpang Susun Kemiri   0.38 km", "tessellate": 1, "GEOTAGGING": "", "gx_media_links": null }, "geometry": { "type": "LineString", "coordinates": [ [ 110.890179, -7.518104 ], [ 110.891889, -7.51832 ], [ 110.892414, -7.518455 ], [ 110.892708, -7.518752 ], [ 110.89303, -7.519255 ], [ 110.893747, -7.520603 ], [ 110.894086, -7.521172 ] ] } },
{ "type": "Feature", "properties": { "Name": "Simpang Susun Kemiri", "description": "Simpang Susun Kemiri   0.88 km", "tessellate": 1, "GEOTAGGING": "", "gx_media_links": null }, "geometry": { "type": "LineString", "coordinates": [ [ 110.887657, -7.517939 ], [ 110.889176, -7.517927 ], [ 110.890067, -7.517774 ], [ 110.890871, -7.517461 ], [ 110.891316, -7.517204 ], [ 110.891926, -7.517179 ], [ 110.892383, -7.517315 ], [ 110.892672, -7.517594 ], [ 110.892842, -7.518055 ], [ 110.89318, -7.519187 ], [ 110.894172, -7.521359 ], [ 110.89481, -7.522942 ], [ 110.895506, -7.524605 ] ] } },
{ "type": "Feature", "properties": { "Name": "Simpang Susun Kemiri", "description": "Simpang Susun Kemiri   0.28 km", "tessellate": 1, "GEOTAGGING": "", "gx_media_links": null }, "geometry": { "type": "LineString", "coordinates": [ [ 110.895325, -7.517379 ], [ 110.894213, -7.517825 ], [ 110.8938, -7.518054 ], [ 110.893579, -7.51832 ], [ 110.893492, -7.518715 ], [ 110.893456, -7.519102 ], [ 110.893502, -7.519646 ], [ 110.893696, -7.520302 ] ] } },
{ "type": "Feature", "properties": { "Name": "Simpang Susun Ngemplak", "description": "Simpang Susun Ngemplak   0.79 km", "tessellate": 1, "GEOTAGGING": "", "gx_media_links": null }, "geometry": { "type": "LineString", "coordinates": [ [ 110.970523, -7.436206 ], [ 110.971295, -7.434849 ], [ 110.971921, -7.433276 ], [ 110.97243, -7.432101 ], [ 110.972635, -7.431291 ], [ 110.973033, -7.431092 ], [ 110.973512, -7.431159 ], [ 110.97414, -7.431461 ], [ 110.975706, -7.431934 ], [ 110.977129, -7.432488 ], [ 110.978267, -7.433226 ] ] } },
{ "type": "Feature", "properties": { "Name": "Simpang Susun Ngemplak", "description": "Simpang Susun Ngemplak   0.23 km", "tessellate": 1, "GEOTAGGING": "", "gx_media_links": null }, "geometry": { "type": "LineString", "coordinates": [ [ 110.975995, -7.429505 ], [ 110.975237, -7.430474 ], [ 110.975164, -7.430874 ], [ 110.975351, -7.431354 ], [ 110.975616, -7.43174 ], [ 110.976215, -7.432124 ] ] } },
{ "type": "Feature", "properties": { "Name": "Jl. Tol Solo - Kartosuro", "description": "Jl. Tol Solo - Kartosuro 30.3 km", "tessellate": 1, "GEOTAGGING": "", "gx_media_links": "https:\/\/www.youtube.com\/embed\/mDje_7PbhZQ" }, "geometry": { "type": "LineString", "coordinates": [ [ 110.451366, -7.236985 ], [ 110.452745, -7.241983 ], [ 110.454106, -7.2469 ], [ 110.458064, -7.255929 ], [ 110.465152, -7.26027 ], [ 110.472603, -7.265037 ], [ 110.474901, -7.267497 ], [ 110.475592, -7.268135 ], [ 110.478152, -7.269544 ], [ 110.484246, -7.27123 ], [ 110.48661, -7.273426 ], [ 110.488517, -7.275997 ], [ 110.489709, -7.277373 ], [ 110.491281, -7.278536 ], [ 110.49354, -7.280184 ], [ 110.495795, -7.28256 ], [ 110.497075, -7.285154 ], [ 110.49911, -7.29075 ], [ 110.501675, -7.294431 ], [ 110.504704, -7.297566 ], [ 110.506063, -7.299336 ], [ 110.507552, -7.301549 ], [ 110.50923, -7.304928 ], [ 110.510325, -7.306879 ], [ 110.511701, -7.308934 ], [ 110.513604, -7.310997 ], [ 110.515826, -7.31269 ], [ 110.518364, -7.314177 ], [ 110.520257, -7.314981 ], [ 110.522452, -7.315871 ], [ 110.524486, -7.317022 ], [ 110.526681, -7.318856 ], [ 110.528762, -7.32084 ], [ 110.530566, -7.323762 ], [ 110.530998, -7.325568 ], [ 110.531278, -7.327437 ], [ 110.531234, -7.332601 ], [ 110.53162, -7.336727 ], [ 110.531967, -7.339144 ], [ 110.532185, -7.343317 ], [ 110.533054, -7.348808 ], [ 110.533765, -7.351016 ], [ 110.534441, -7.352875 ], [ 110.534748, -7.353434 ], [ 110.538113, -7.358454 ], [ 110.541097, -7.362279 ], [ 110.542146, -7.363631 ], [ 110.543501, -7.367441 ], [ 110.546467, -7.372447 ], [ 110.549938, -7.375671 ], [ 110.555444, -7.379221 ], [ 110.558783, -7.381898 ], [ 110.561775, -7.384813 ], [ 110.568344, -7.390864 ], [ 110.574135, -7.395686 ], [ 110.577755, -7.398773 ], [ 110.579614, -7.400721 ], [ 110.582951, -7.405425 ], [ 110.58371, -7.407629 ], [ 110.586037, -7.412029 ], [ 110.58817, -7.415493 ], [ 110.589017, -7.418191 ], [ 110.589517, -7.422971 ], [ 110.589593, -7.430184 ], [ 110.58984, -7.434244 ], [ 110.588082, -7.441077 ], [ 110.587026, -7.446146 ], [ 110.584789, -7.454617 ], [ 110.58342, -7.458823 ], [ 110.582414, -7.463593 ], [ 110.581758, -7.467552 ], [ 110.58131, -7.471996 ], [ 110.58133, -7.474768 ], [ 110.582147, -7.481578 ], [ 110.583381, -7.485248 ], [ 110.585002, -7.488658 ], [ 110.589527, -7.494275 ], [ 110.596908, -7.502496 ], [ 110.599927, -7.504995 ], [ 110.603236, -7.506321 ], [ 110.609178, -7.5092 ], [ 110.613027, -7.511424 ], [ 110.617861, -7.513363 ], [ 110.623122, -7.515374 ], [ 110.631893, -7.519102 ], [ 110.638413, -7.522025 ], [ 110.643803, -7.524441 ], [ 110.648233, -7.526363 ], [ 110.651557, -7.526864 ], [ 110.654151, -7.526683 ], [ 110.660219, -7.526172 ], [ 110.665442, -7.524535 ], [ 110.672919, -7.523994 ], [ 110.683149, -7.524449 ], [ 110.692944, -7.523337 ], [ 110.69679, -7.522235 ], [ 110.702329, -7.522239 ], [ 110.703496, -7.522332 ] ] } },
{ "type": "Feature", "properties": { "Name": "Jl. Tol Solo - Kartosuro", "description": "Jl. Tol Solo - Kartosuro   0.85 km", "tessellate": 1, "GEOTAGGING": "", "gx_media_links": null }, "geometry": { "type": "LineString", "coordinates": [ [ 110.703471, -7.522337 ], [ 110.703994, -7.522395 ], [ 110.704945, -7.522636 ], [ 110.70651, -7.523161 ], [ 110.70762, -7.523589 ], [ 110.70846, -7.524072 ], [ 110.709465, -7.524669 ], [ 110.711124, -7.525699 ], [ 110.712317, -7.526443 ], [ 110.713461, -7.527057 ], [ 110.71456, -7.527509 ] ] } },
{ "type": "Feature", "properties": { "Name": "Simpang Susun Kartosuro", "description": "Simpang Susun Kartosuro   0.80 km", "tessellate": 1, "GEOTAGGING": "", "gx_media_links": null }, "geometry": { "type": "LineString", "coordinates": [ [ 110.708469, -7.524069 ], [ 110.709555, -7.524581 ], [ 110.710099, -7.524874 ], [ 110.710995, -7.525357 ], [ 110.711907, -7.525748 ], [ 110.712679, -7.526051 ], [ 110.713227, -7.526382 ], [ 110.713571, -7.526667 ], [ 110.713824, -7.52699 ], [ 110.714003, -7.527287 ], [ 110.71414, -7.527663 ], [ 110.714197, -7.527975 ], [ 110.714204, -7.528336 ], [ 110.714132, -7.52884 ], [ 110.713951, -7.529307 ], [ 110.713151, -7.530539 ], [ 110.712407, -7.531892 ] ] } },
{ "type": "Feature", "properties": { "Name": "Simpang Susun Kartosuro", "description": "Simpang Susun Kartosuro   0.71 km", "tessellate": 1, "GEOTAGGING": "", "gx_media_links": null }, "geometry": { "type": "LineString", "coordinates": [ [ 110.7087, -7.524192 ], [ 110.709567, -7.524829 ], [ 110.710309, -7.525362 ], [ 110.711224, -7.525965 ], [ 110.712011, -7.526513 ], [ 110.712627, -7.52692 ], [ 110.713081, -7.527252 ], [ 110.713417, -7.527612 ], [ 110.713607, -7.527947 ], [ 110.713688, -7.528248 ], [ 110.713706, -7.528619 ], [ 110.713642, -7.528993 ], [ 110.713473, -7.52948 ], [ 110.713104, -7.530283 ], [ 110.712471, -7.531788 ] ] } },
{ "type": "Feature", "properties": { "Name": "Simpang Susun Kartosuro", "description": "Simpang Susun Kartosuro   0.64 km", "tessellate": 1, "GEOTAGGING": "", "gx_media_links": null }, "geometry": { "type": "LineString", "coordinates": [ [ 110.713332, -7.530253 ], [ 110.713815, -7.529146 ], [ 110.714454, -7.528088 ], [ 110.714978, -7.52751 ], [ 110.715768, -7.527104 ], [ 110.716768, -7.526854 ], [ 110.718094, -7.526715 ], [ 110.720116, -7.526408 ], [ 110.720954, -7.526259 ] ] } },
{ "type": "Feature", "properties": { "Name": "Simpang Susun Kartosuro", "description": "Simpang Susun Kartosuro  0.64 km", "tessellate": 1, "GEOTAGGING": "", "gx_media_links": null }, "geometry": { "type": "LineString", "coordinates": [ [ 110.712509, -7.531705 ], [ 110.713121, -7.530912 ], [ 110.713648, -7.530134 ], [ 110.714134, -7.529342 ], [ 110.714749, -7.528566 ], [ 110.715208, -7.528175 ], [ 110.715706, -7.527862 ], [ 110.716301, -7.527649 ], [ 110.717224, -7.527408 ], [ 110.718904, -7.526949 ], [ 110.719716, -7.526576 ] ] } },
{ "type": "Feature", "properties": { "Name": "Jl. Tol Semarang Seksi A,B,C", "description": "Jalan Tol Semarang\nDari Wikipedia bahasa Indonesia, ensiklopedia bebas\nIni adalah versi yang telah diperiksa dari halaman initampilkan\/sembunyikan detail\nJump to navigationJump to search\nJalan Tol Semarang\nNasional 1AH 2Nasional 14\nPanjang\t24,75 km\nPembangunan\t1983\nPengelola\tJasa Marga\nJalan Tol Semarang merupakan bagian dari Jalan Tol Trans Jawa yang menghubungkan wilayah Kota Semarang, wilayah Barat, Timur, serta Selatan kota Semarang. Jalan tol ini termasuk dalam rangkaian Nasional1.png Jalan Nasional Rute 1. \n\nJalur ini juga menjadi jalur penting untuk transportasi yang menghubungkan Nasional1.png Jalan Nasional Rute 1 atau Jalur Pantura Jawa dengan Nasional14.png Jalan Nasional Rute 14 ke arah Yogyakarta dan Nasional16.png Jalan Nasional Rute 16 ke arah Solo. Jalan tol Semarang ini mulai dioperasikan secara bertahap sejak 1988. Jalan sepanjang 24,75 kilometer memiliki 2x2 lajur dan melewati wilayah Srondol, Kaligawe dan Manyaran. Jalan tol yang baru selesai diperlebar pada tahun 2010 lalu, telah tersambung dengan Jalan Tol Semarang-Solo seksi I (Semarang-Ungaran) yang dioperasikan oleh Trans Marga Jateng (Anak Perusahaan Jasa Marga).[1] Jalan tol ini nantinya akan tersambung dengan Jalan Tol Batang-Semarang, Jalan Tol Pemalang-Batang, Jalan Tol Pejagan-Pemalang, Jalan Tol Kanci-Pejagan, Jalan Tol Jakarta-Palimanan dan Jalan Tol Jakarta-Cikampek. Satu lagi didaerah timur: Jalan Tol Semarang - Demak, Jalan Tol Demak - Kudus, Jalan Tol Kudus - Pati, Jalan Tol Pati - Rembang, Jalan Tol Rembang - Tuban, Jalan Tol Tuban - Lamongan, Jalan Tol Lamongan - Gresik dan Jalan Tol Surabaya-Gresik.", "tessellate": 1, "GEOTAGGING": "", "gx_media_links": null }, "geometry": { "type": "LineString", "coordinates": [ [ 110.368185, -6.987826 ], [ 110.368539, -6.988974 ], [ 110.369018, -6.990653 ], [ 110.369229, -6.991504 ], [ 110.369302, -6.991895 ], [ 110.369312, -6.992259 ], [ 110.369278, -6.992728 ], [ 110.3692, -6.993254 ], [ 110.368897, -6.994051 ], [ 110.368774, -6.994512 ], [ 110.368698, -6.994869 ], [ 110.368625, -6.995181 ], [ 110.368641, -6.995458 ], [ 110.368783, -6.995884 ], [ 110.369078, -6.996714 ], [ 110.369248, -6.997142 ], [ 110.369474, -6.997409 ], [ 110.370076, -6.998152 ], [ 110.370527, -6.998714 ], [ 110.370719, -6.999074 ], [ 110.37088, -6.999551 ], [ 110.37099, -7.000079 ], [ 110.371062, -7.000553 ], [ 110.371176, -7.001147 ], [ 110.371343, -7.001583 ], [ 110.371702, -7.002003 ], [ 110.372053, -7.002331 ], [ 110.372832, -7.002683 ], [ 110.374158, -7.00305 ], [ 110.374906, -7.003323 ], [ 110.375214, -7.003504 ], [ 110.375679, -7.003895 ], [ 110.375998, -7.004248 ], [ 110.376801, -7.005153 ], [ 110.377443, -7.00583 ], [ 110.378312, -7.006693 ], [ 110.378934, -7.007344 ], [ 110.380564, -7.009306 ], [ 110.381971, -7.010843 ], [ 110.383195, -7.011814 ], [ 110.386194, -7.013937 ], [ 110.38865, -7.015746 ], [ 110.389356, -7.016272 ], [ 110.390103, -7.016425 ], [ 110.391724, -7.016713 ], [ 110.393832, -7.016966 ], [ 110.395167, -7.017121 ], [ 110.395707, -7.017177 ], [ 110.396009, -7.017251 ], [ 110.396329, -7.01742 ], [ 110.397676, -7.01815 ], [ 110.399242, -7.019075 ], [ 110.400557, -7.019798 ], [ 110.401308, -7.020419 ], [ 110.401939, -7.021205 ], [ 110.403032, -7.022559 ], [ 110.404968, -7.024595 ], [ 110.406947, -7.026659 ], [ 110.408294, -7.028168 ], [ 110.408883, -7.028636 ], [ 110.40947, -7.029093 ], [ 110.410925, -7.029988 ], [ 110.412248, -7.030473 ], [ 110.4138, -7.0309 ], [ 110.416007, -7.031103 ], [ 110.418164, -7.031372 ], [ 110.420799, -7.031509 ], [ 110.423394, -7.031341 ], [ 110.425165, -7.031141 ], [ 110.426216, -7.031072 ], [ 110.42757, -7.031073 ], [ 110.428888, -7.031142 ], [ 110.430678, -7.031162 ], [ 110.431761, -7.031199 ] ] } },
{ "type": "Feature", "properties": { "Name": "Simpang Ramp jatingaleh", "description": "Simpang Ramp jatingaleh   0.50 km", "tessellate": 1, "GEOTAGGING": "", "gx_media_links": null }, "geometry": { "type": "LineString", "coordinates": [ [ 110.428692, -7.031131 ], [ 110.429337, -7.031289 ], [ 110.429777, -7.031462 ], [ 110.430061, -7.031661 ], [ 110.430378, -7.031906 ], [ 110.43076, -7.032258 ], [ 110.431122, -7.03263 ], [ 110.431392, -7.032975 ], [ 110.431797, -7.033542 ], [ 110.432035, -7.03395 ] ] } },
{ "type": "Feature", "properties": { "Name": "Akses Tol", "description": "Akses Tol   0.52 km", "tessellate": 1, "GEOTAGGING": "", "gx_media_links": null }, "geometry": { "type": "LineString", "coordinates": [ [ 110.428323, -7.031108 ], [ 110.429567, -7.031024 ], [ 110.430131, -7.030918 ], [ 110.430585, -7.030699 ], [ 110.430921, -7.030483 ], [ 110.431165, -7.030214 ], [ 110.43137, -7.029936 ], [ 110.431569, -7.029564 ], [ 110.43167, -7.029334 ], [ 110.431931, -7.02875 ] ] } },
{ "type": "Feature", "properties": { "Name": "Akses Tol", "description": "Akses Tol   0.64 km", "tessellate": 1, "GEOTAGGING": "", "gx_media_links": null }, "geometry": { "type": "LineString", "coordinates": [ [ 110.43172, -7.031207 ], [ 110.432253, -7.031202 ], [ 110.432523, -7.031099 ], [ 110.432905, -7.030909 ], [ 110.433137, -7.030685 ], [ 110.433356, -7.030404 ], [ 110.433482, -7.030123 ], [ 110.433561, -7.029871 ], [ 110.433575, -7.029709 ], [ 110.433563, -7.029544 ], [ 110.433514, -7.029332 ], [ 110.433414, -7.029118 ], [ 110.433159, -7.028942 ], [ 110.432939, -7.028867 ], [ 110.432688, -7.028836 ], [ 110.432555, -7.028849 ], [ 110.432413, -7.028895 ], [ 110.432272, -7.028965 ], [ 110.432142, -7.029073 ], [ 110.432013, -7.029196 ], [ 110.431886, -7.029451 ], [ 110.431683, -7.029826 ], [ 110.431549, -7.030026 ] ] } },
{ "type": "Feature", "properties": { "Name": "Akses Tol", "description": "Akses Tol   0.36 km", "tessellate": 1, "GEOTAGGING": "", "gx_media_links": null }, "geometry": { "type": "LineString", "coordinates": [ [ 110.433373, -7.029091 ], [ 110.433267, -7.02895 ], [ 110.433112, -7.028833 ], [ 110.432995, -7.028729 ], [ 110.432883, -7.028606 ], [ 110.432783, -7.028467 ], [ 110.432661, -7.028247 ], [ 110.432579, -7.027988 ], [ 110.43253, -7.027778 ], [ 110.432504, -7.027577 ], [ 110.432532, -7.0273 ], [ 110.432591, -7.026967 ], [ 110.432638, -7.026629 ], [ 110.432652, -7.026114 ] ] } },
{ "type": "Feature", "properties": { "Name": "Jl. Tol Pondok Aren - Ulujami", "description": "Jl. Tol Pondok Aren - Ulujami   6.46 km", "tessellate": 1, "GEOTAGGING": "", "gx_media_links": null }, "geometry": { "type": "LineString", "coordinates": [ [ 106.76144, -6.252918 ], [ 106.761069, -6.254238 ], [ 106.760813, -6.255324 ], [ 106.760703, -6.255867 ], [ 106.760648, -6.256323 ], [ 106.76065, -6.256867 ], [ 106.760839, -6.258234 ], [ 106.76087, -6.258856 ], [ 106.760871, -6.259235 ], [ 106.760836, -6.259632 ], [ 106.760741, -6.259986 ], [ 106.760498, -6.260584 ], [ 106.7603, -6.260975 ], [ 106.760075, -6.261296 ], [ 106.759638, -6.261758 ], [ 106.759065, -6.262194 ], [ 106.758304, -6.262595 ], [ 106.756938, -6.263222 ], [ 106.756098, -6.263467 ], [ 106.755603, -6.263565 ], [ 106.754892, -6.263504 ], [ 106.75409, -6.263295 ], [ 106.75342, -6.263089 ], [ 106.752983, -6.263032 ], [ 106.752636, -6.263046 ], [ 106.75233, -6.263078 ], [ 106.751815, -6.263246 ], [ 106.751339, -6.263517 ], [ 106.750958, -6.263853 ], [ 106.750582, -6.264315 ], [ 106.750332, -6.264821 ], [ 106.750227, -6.265178 ], [ 106.75017, -6.265579 ], [ 106.750109, -6.266255 ], [ 106.750036, -6.267707 ], [ 106.750007, -6.268858 ], [ 106.749913, -6.269571 ], [ 106.749788, -6.270235 ], [ 106.749573, -6.270883 ], [ 106.749011, -6.271912 ], [ 106.748529, -6.272735 ], [ 106.748246, -6.273144 ], [ 106.747747, -6.273718 ], [ 106.747082, -6.274338 ], [ 106.746177, -6.274935 ], [ 106.745101, -6.275623 ], [ 106.74445, -6.27614 ], [ 106.743847, -6.276662 ], [ 106.74316, -6.277377 ], [ 106.741977, -6.278494 ], [ 106.740579, -6.279646 ], [ 106.738983, -6.280895 ], [ 106.737178, -6.282276 ], [ 106.734528, -6.283679 ], [ 106.732951, -6.284423 ], [ 106.731995, -6.284937 ], [ 106.730902, -6.285667 ], [ 106.730534, -6.285941 ], [ 106.729972, -6.286423 ], [ 106.728635, -6.287681 ], [ 106.727404, -6.288852 ], [ 106.726781, -6.289319 ], [ 106.726062, -6.289666 ], [ 106.725436, -6.289876 ], [ 106.72436, -6.290082 ], [ 106.724179, -6.290108 ] ] } },
{ "type": "Feature", "properties": { "Name": "Simpang Susun Pondok Ranji", "description": "Simpang Susun Pondok Ranji   1.46 km", "tessellate": 1, "GEOTAGGING": "", "gx_media_links": null }, "geometry": { "type": "LineString", "coordinates": [ [ 106.737187, -6.282271 ], [ 106.736307, -6.283096 ], [ 106.735522, -6.283686 ], [ 106.734441, -6.284223 ], [ 106.733667, -6.284323 ], [ 106.733093, -6.284551 ], [ 106.73207, -6.28507 ], [ 106.73184, -6.28521 ], [ 106.731497, -6.285454 ], [ 106.731215, -6.285687 ], [ 106.731096, -6.28582 ], [ 106.731034, -6.285974 ], [ 106.731053, -6.286147 ], [ 106.731106, -6.286299 ], [ 106.731252, -6.286432 ], [ 106.731464, -6.286499 ], [ 106.73165, -6.286477 ], [ 106.731759, -6.286411 ], [ 106.731827, -6.286346 ], [ 106.731913, -6.286207 ], [ 106.731941, -6.286077 ], [ 106.731936, -6.285956 ], [ 106.731871, -6.28581 ], [ 106.731768, -6.285632 ], [ 106.731444, -6.28515 ], [ 106.730914, -6.284433 ], [ 106.730597, -6.284046 ], [ 106.729975, -6.283423 ], [ 106.729229, -6.282738 ] ] } },
{ "type": "Feature", "properties": { "Name": "Jl. Tol Semarang Seksi A,B,C", "description": "Jl. Tol Semarang Seksi A,B,C 14 km Jalan Tol Semarang\n\nNasional 1AH 2Nasional 14\nPanjang\t24,75 km\nPembangunan\t1983\nPengelola\tJasa Marga\nJalan Tol Semarang merupakan bagian dari Jalan Tol Trans Jawa yang menghubungkan wilayah Kota Semarang, wilayah Barat, Timur, serta Selatan kota Semarang. Jalan tol ini termasuk dalam rangkaian Nasional1.png Jalan Nasional Rute 1. \n\nJalur ini juga menjadi jalur penting untuk transportasi yang menghubungkan Nasional1.png Jalan Nasional Rute 1 atau Jalur Pantura Jawa dengan Nasional14.png Jalan Nasional Rute 14 ke arah Yogyakarta dan Nasional16.png Jalan Nasional Rute 16 ke arah Solo. Jalan tol Semarang ini mulai dioperasikan secara bertahap sejak 1988. Jalan sepanjang 24,75 kilometer memiliki 2x2 lajur dan melewati wilayah Srondol, Kaligawe dan Manyaran. Jalan tol yang baru selesai diperlebar pada tahun 2010 lalu, telah tersambung dengan Jalan Tol Semarang-Solo seksi I (Semarang-Ungaran) yang dioperasikan oleh Trans Marga Jateng (Anak Perusahaan Jasa Marga).[1] Jalan tol ini nantinya akan tersambung dengan Jalan Tol Batang-Semarang, Jalan Tol Pemalang-Batang, Jalan Tol Pejagan-Pemalang, Jalan Tol Kanci-Pejagan, Jalan Tol Jakarta-Palimanan dan Jalan Tol Jakarta-Cikampek. Satu lagi didaerah timur: Jalan Tol Semarang - Demak, Jalan Tol Demak - Kudus, Jalan Tol Kudus - Pati, Jalan Tol Pati - Rembang, Jalan Tol Rembang - Tuban, Jalan Tol Tuban - Lamongan, Jalan Tol Lamongan - Gresik dan Jalan Tol Surabaya-Gresik.  ", "tessellate": 1, "GEOTAGGING": "", "gx_media_links": null }, "geometry": { "type": "LineString", "coordinates": [ [ 110.451514, -6.957077 ], [ 110.451485, -6.959182 ], [ 110.451477, -6.960343 ], [ 110.451428, -6.961442 ], [ 110.451235, -6.962314 ], [ 110.450786, -6.963668 ], [ 110.449971, -6.965537 ], [ 110.449395, -6.967049 ], [ 110.449328, -6.96733 ], [ 110.449274, -6.967733 ], [ 110.449247, -6.968303 ], [ 110.449382, -6.969165 ], [ 110.449775, -6.971567 ], [ 110.450081, -6.973762 ], [ 110.450434, -6.976347 ], [ 110.450893, -6.978998 ], [ 110.451167, -6.981391 ], [ 110.451785, -6.985252 ], [ 110.452166, -6.987971 ], [ 110.452822, -6.992676 ], [ 110.45329, -6.99587 ], [ 110.453651, -6.998223 ], [ 110.453725, -6.99891 ], [ 110.45376, -6.999617 ], [ 110.45374, -7.0004 ], [ 110.453562, -7.001309 ], [ 110.453263, -7.001966 ], [ 110.452685, -7.002892 ], [ 110.451906, -7.003771 ], [ 110.450685, -7.004933 ], [ 110.448041, -7.007577 ], [ 110.446325, -7.009345 ], [ 110.445989, -7.009696 ], [ 110.445534, -7.01029 ], [ 110.445336, -7.010592 ], [ 110.445082, -7.010916 ], [ 110.444855, -7.011295 ], [ 110.444649, -7.01179 ], [ 110.44391, -7.01403 ], [ 110.44306, -7.016396 ], [ 110.442672, -7.01752 ], [ 110.442469, -7.017874 ], [ 110.442231, -7.018178 ], [ 110.441797, -7.018573 ], [ 110.440178, -7.020056 ], [ 110.439617, -7.020416 ], [ 110.438883, -7.020696 ], [ 110.437727, -7.020914 ], [ 110.437319, -7.021023 ], [ 110.436937, -7.021215 ], [ 110.436429, -7.021535 ], [ 110.436171, -7.021709 ], [ 110.435748, -7.022098 ], [ 110.435053, -7.022821 ], [ 110.43328, -7.024772 ], [ 110.433148, -7.024931 ], [ 110.433043, -7.025151 ], [ 110.432874, -7.025488 ], [ 110.432742, -7.025929 ], [ 110.432659, -7.02612 ], [ 110.43248, -7.026785 ], [ 110.432324, -7.027311 ], [ 110.431909, -7.028822 ], [ 110.431534, -7.03008 ], [ 110.431448, -7.030497 ], [ 110.43135, -7.031237 ], [ 110.431366, -7.031746 ], [ 110.431402, -7.032169 ], [ 110.43151, -7.032708 ], [ 110.431698, -7.03319 ], [ 110.432123, -7.034145 ], [ 110.432357, -7.034641 ], [ 110.432492, -7.034921 ], [ 110.432616, -7.035256 ], [ 110.432705, -7.035494 ], [ 110.432777, -7.035719 ], [ 110.432901, -7.0361 ], [ 110.432992, -7.03645 ], [ 110.433077, -7.036816 ], [ 110.433324, -7.037986 ], [ 110.433637, -7.039429 ], [ 110.433938, -7.040976 ], [ 110.434096, -7.041705 ], [ 110.434247, -7.042298 ], [ 110.434589, -7.043741 ], [ 110.434779, -7.044475 ], [ 110.434891, -7.044973 ], [ 110.434944, -7.045224 ], [ 110.434972, -7.045564 ], [ 110.434959, -7.046015 ], [ 110.43488, -7.046553 ], [ 110.434683, -7.047247 ], [ 110.434436, -7.047856 ], [ 110.434007, -7.049003 ], [ 110.433453, -7.050424 ], [ 110.433233, -7.050883 ], [ 110.432944, -7.051314 ], [ 110.432475, -7.05187 ], [ 110.432005, -7.052293 ], [ 110.431465, -7.052643 ], [ 110.430403, -7.053178 ], [ 110.429291, -7.053671 ], [ 110.427735, -7.054392 ], [ 110.426348, -7.055091 ], [ 110.424341, -7.056066 ], [ 110.421922, -7.057244 ], [ 110.419663, -7.058304 ], [ 110.417954, -7.059158 ], [ 110.41581, -7.060153 ], [ 110.414943, -7.060559 ], [ 110.41463, -7.060762 ], [ 110.414068, -7.061076 ], [ 110.413491, -7.061424 ] ] } },
{ "type": "Feature", "properties": { "Name": "Simpang Susun Gayamsari", "description": "Simpang Susun Gayamsari   0.40 km", "tessellate": 1, "GEOTAGGING": "", "gx_media_links": null }, "geometry": { "type": "LineString", "coordinates": [ [ 110.453747, -7.000089 ], [ 110.453653, -6.999622 ], [ 110.453608, -6.999205 ], [ 110.453564, -6.998926 ], [ 110.453513, -6.998664 ], [ 110.453407, -6.998452 ], [ 110.453275, -6.998257 ], [ 110.453146, -6.998116 ], [ 110.452962, -6.997975 ], [ 110.452737, -6.997886 ], [ 110.452363, -6.997767 ], [ 110.452232, -6.997759 ], [ 110.452076, -6.997774 ], [ 110.451828, -6.997834 ], [ 110.451742, -6.997896 ] ] } },
{ "type": "Feature", "properties": { "Name": "Simpang Susun Gayamsari", "description": "Simpang Susun Gayamsari   0.38 km", "tessellate": 1, "GEOTAGGING": "", "gx_media_links": null }, "geometry": { "type": "LineString", "coordinates": [ [ 110.453208, -6.995303 ], [ 110.453205, -6.996119 ], [ 110.453221, -6.996347 ], [ 110.453216, -6.996573 ], [ 110.453168, -6.996761 ], [ 110.453078, -6.996941 ], [ 110.452963, -6.997109 ], [ 110.452737, -6.997301 ], [ 110.45249, -6.997405 ], [ 110.452236, -6.997497 ], [ 110.45204, -6.997558 ], [ 110.451877, -6.997642 ], [ 110.451714, -6.997846 ], [ 110.45168, -6.997961 ] ] } },
{ "type": "Feature", "properties": { "Name": "Simpang Susun Gayamsari", "description": "Simpang Susun Gayamsari   1.1 km", "tessellate": 1, "GEOTAGGING": "", "gx_media_links": null }, "geometry": { "type": "LineString", "coordinates": [ [ 110.453694, -6.998623 ], [ 110.453959, -6.999594 ], [ 110.454072, -6.999799 ], [ 110.454275, -6.999998 ], [ 110.454486, -7.000077 ], [ 110.454783, -7.000061 ], [ 110.454997, -6.999992 ], [ 110.455185, -6.999853 ], [ 110.455319, -6.999697 ], [ 110.455373, -6.999505 ], [ 110.4554, -6.99919 ], [ 110.455376, -6.998948 ], [ 110.455344, -6.998705 ], [ 110.45528, -6.998523 ], [ 110.45513, -6.998305 ], [ 110.454851, -6.998036 ], [ 110.454614, -6.997871 ], [ 110.45443, -6.997799 ], [ 110.454071, -6.997749 ], [ 110.453198, -6.997697 ], [ 110.452412, -6.997635 ], [ 110.452138, -6.997637 ], [ 110.45194, -6.99773 ], [ 110.451742, -6.997873 ], [ 110.451637, -6.99802 ], [ 110.450708, -6.999544 ] ] } },
{ "type": "Feature", "properties": { "Name": "Simpang Susun Gayamsari", "description": "Simpang Susun Gayamsari   0.37 km", "tessellate": 1, "GEOTAGGING": "", "gx_media_links": null }, "geometry": { "type": "LineString", "coordinates": [ [ 110.455126, -6.999892 ], [ 110.454856, -7.000127 ], [ 110.454689, -7.000262 ], [ 110.454574, -7.000325 ], [ 110.454425, -7.000471 ], [ 110.454321, -7.000577 ], [ 110.45419, -7.000718 ], [ 110.45409, -7.00085 ], [ 110.453621, -7.001606 ], [ 110.453345, -7.002032 ], [ 110.452972, -7.00243 ] ] } },
{ "type": "Feature", "properties": { "Name": "Simpang Susun Tembalang", "description": "Simpang Susun Tembalang   1.0 km", "tessellate": 1, "GEOTAGGING": "", "gx_media_links": null }, "geometry": { "type": "LineString", "coordinates": [ [ 110.428755, -7.053926 ], [ 110.428506, -7.053959 ], [ 110.428288, -7.054033 ], [ 110.427648, -7.054306 ], [ 110.42696, -7.054604 ], [ 110.426712, -7.054673 ], [ 110.426278, -7.054797 ], [ 110.42589, -7.054864 ], [ 110.425596, -7.054943 ], [ 110.425364, -7.055028 ], [ 110.425141, -7.055125 ], [ 110.424906, -7.05527 ], [ 110.42457, -7.055576 ], [ 110.424278, -7.055983 ], [ 110.424189, -7.056226 ], [ 110.424039, -7.056726 ], [ 110.423994, -7.057117 ], [ 110.424039, -7.057412 ], [ 110.424101, -7.057712 ], [ 110.424254, -7.0581 ], [ 110.424528, -7.058616 ], [ 110.425147, -7.059478 ], [ 110.42583, -7.060531 ], [ 110.426707, -7.061814 ], [ 110.427177, -7.062468 ], [ 110.427796, -7.063194 ], [ 110.428501, -7.063898 ], [ 110.428936, -7.064285 ] ] } },
{ "type": "Feature", "properties": { "Name": "Simpang Susun Tembalang", "description": "Simpang Susun Tembalang   0.38 km", "tessellate": 1, "GEOTAGGING": "", "gx_media_links": null }, "geometry": { "type": "LineString", "coordinates": [ [ 110.426405, -7.055057 ], [ 110.425853, -7.055491 ], [ 110.425208, -7.055816 ], [ 110.424845, -7.056045 ], [ 110.424574, -7.056288 ], [ 110.424334, -7.056676 ], [ 110.424211, -7.056976 ], [ 110.424156, -7.057232 ], [ 110.424188, -7.057594 ], [ 110.424355, -7.058088 ], [ 110.424608, -7.058543 ], [ 110.424995, -7.05927 ] ] } },
{ "type": "Feature", "properties": { "Name": "Jl. Tol Serpong - Pondok Aren", "description": "Jl. Tol Serpong - Pondok Aren   5.43 km", "tessellate": 1, "GEOTAGGING": "", "gx_media_links": null }, "geometry": { "type": "LineString", "coordinates": [ [ 106.724185, -6.290103 ], [ 106.723639, -6.290223 ], [ 106.723103, -6.290427 ], [ 106.722792, -6.290569 ], [ 106.722451, -6.290768 ], [ 106.721955, -6.29116 ], [ 106.721454, -6.291674 ], [ 106.720931, -6.292253 ], [ 106.720393, -6.292784 ], [ 106.719915, -6.293166 ], [ 106.719375, -6.293461 ], [ 106.71857, -6.293747 ], [ 106.717883, -6.293862 ], [ 106.716379, -6.294061 ], [ 106.715323, -6.294189 ], [ 106.714507, -6.294371 ], [ 106.713722, -6.294564 ], [ 106.71251, -6.294966 ], [ 106.711384, -6.295423 ], [ 106.710316, -6.295998 ], [ 106.709013, -6.296863 ], [ 106.708048, -6.297639 ], [ 106.706338, -6.299255 ], [ 106.704512, -6.300705 ], [ 106.702758, -6.301831 ], [ 106.700702, -6.302986 ], [ 106.698767, -6.304075 ], [ 106.69698, -6.304961 ], [ 106.695246, -6.305747 ], [ 106.693373, -6.306621 ], [ 106.691228, -6.307522 ], [ 106.689385, -6.308183 ], [ 106.687003, -6.309036 ], [ 106.68512, -6.309714 ], [ 106.683791, -6.31013 ], [ 106.682811, -6.31041 ], [ 106.680712, -6.311186 ] ] } },
{ "type": "Feature", "properties": { "Name": "Akses Tol Pondok Aren - Ulujami", "description": "Akses Tol Pondok Aren - Ulujami   0.50 km", "tessellate": 1, "GEOTAGGING": "", "gx_media_links": null }, "geometry": { "type": "LineString", "coordinates": [ [ 106.724181, -6.290104 ], [ 106.724472, -6.29017 ], [ 106.724829, -6.290152 ], [ 106.725313, -6.290126 ], [ 106.725938, -6.290033 ], [ 106.7264, -6.289897 ], [ 106.72697, -6.289585 ], [ 106.727629, -6.289126 ], [ 106.728268, -6.288625 ] ] } },
{ "type": "Feature", "properties": { "Name": "Akses Tol Pondok Aren - Ulujami", "description": "Akses Tol Pondok Aren - Ulujami   0.49 km", "tessellate": 1, "GEOTAGGING": "", "gx_media_links": null }, "geometry": { "type": "LineString", "coordinates": [ [ 106.724051, -6.290136 ], [ 106.724425, -6.289923 ], [ 106.724922, -6.289791 ], [ 106.725559, -6.28956 ], [ 106.726788, -6.288964 ], [ 106.727225, -6.288652 ], [ 106.727644, -6.288194 ], [ 106.727882, -6.287996 ] ] } },
{ "type": "Feature", "properties": { "Name": "Akses Tol Serpong - Pondok Aren", "description": "Akses Tol Serpong - Pondok Aren   1.0 km", "tessellate": 1, "GEOTAGGING": "", "gx_media_links": null }, "geometry": { "type": "LineString", "coordinates": [ [ 106.680719, -6.311184 ], [ 106.679989, -6.311591 ], [ 106.679434, -6.311863 ], [ 106.678454, -6.312349 ], [ 106.677971, -6.312572 ], [ 106.677667, -6.312684 ], [ 106.677277, -6.312781 ], [ 106.676916, -6.312821 ], [ 106.676304, -6.312839 ], [ 106.675825, -6.312847 ], [ 106.675619, -6.312863 ], [ 106.67547, -6.312897 ], [ 106.675363, -6.312949 ], [ 106.675279, -6.313005 ], [ 106.675169, -6.313101 ], [ 106.675066, -6.313263 ], [ 106.674992, -6.313466 ], [ 106.675005, -6.313625 ], [ 106.675048, -6.313814 ], [ 106.675132, -6.313981 ], [ 106.675293, -6.314139 ], [ 106.675506, -6.314222 ], [ 106.675695, -6.314244 ], [ 106.675855, -6.314218 ], [ 106.676041, -6.314136 ], [ 106.676173, -6.314021 ], [ 106.676263, -6.313895 ], [ 106.676309, -6.313769 ], [ 106.676336, -6.313605 ], [ 106.676342, -6.313456 ], [ 106.676267, -6.313206 ], [ 106.676077, -6.312774 ] ] } },
{ "type": "Feature", "properties": { "Name": "Akses Tol Serpong - Pondok Aren", "description": "Akses Tol Serpong - Pondok Aren   1.1 km", "tessellate": 1, "GEOTAGGING": "", "gx_media_links": null }, "geometry": { "type": "LineString", "coordinates": [ [ 106.680725, -6.311181 ], [ 106.679993, -6.311397 ], [ 106.679014, -6.311792 ], [ 106.678143, -6.312189 ], [ 106.677571, -6.312403 ], [ 106.677061, -6.312496 ], [ 106.676116, -6.312564 ], [ 106.675396, -6.312481 ], [ 106.674487, -6.312216 ], [ 106.674114, -6.311977 ], [ 106.673974, -6.311785 ], [ 106.673902, -6.311468 ], [ 106.673946, -6.311212 ], [ 106.674112, -6.310999 ], [ 106.674294, -6.310903 ], [ 106.674574, -6.310862 ], [ 106.674894, -6.310927 ], [ 106.675434, -6.311454 ] ] } },
{ "type": "Feature", "properties": { "Name": "Akses Tol Serpong - Pondok Aren", "description": "Akses Tol Serpong - Pondok Aren   0.62 km", "tessellate": 1, "GEOTAGGING": "", "gx_media_links": null }, "geometry": { "type": "LineString", "coordinates": [ [ 106.679122, -6.311746 ], [ 106.678573, -6.311898 ], [ 106.677812, -6.312181 ], [ 106.677389, -6.312298 ], [ 106.676926, -6.312318 ], [ 106.676585, -6.312253 ], [ 106.676254, -6.312065 ], [ 106.676002, -6.311863 ], [ 106.675723, -6.31149 ], [ 106.675445, -6.311026 ], [ 106.675209, -6.3107 ], [ 106.674723, -6.309962 ] ] } },
{ "type": "Feature", "properties": { "Name": "Akses Tol Serpong - Pondok Aren", "description": "Akses Tol Serpong - Pondok Aren   0.26 km", "tessellate": 1, "GEOTAGGING": "", "gx_media_links": null }, "geometry": { "type": "LineString", "coordinates": [ [ 106.678313, -6.312409 ], [ 106.677733, -6.312775 ], [ 106.677242, -6.313025 ], [ 106.677133, -6.313102 ], [ 106.676994, -6.313237 ], [ 106.676888, -6.313459 ], [ 106.676876, -6.313693 ], [ 106.676947, -6.314023 ] ] } },
{ "type": "Feature", "properties": { "Name": "Simpang Susun Sumberjaya", "description": "Simpang Susun Sumberjaya   0.69 km", "tessellate": 1, "GEOTAGGING": "", "gx_media_links": null }, "geometry": { "type": "LineString", "coordinates": [ [ 108.30646, -6.694852 ], [ 108.307618, -6.694762 ], [ 108.308239, -6.694657 ], [ 108.308666, -6.694633 ], [ 108.309028, -6.694665 ], [ 108.309388, -6.694777 ], [ 108.309762, -6.695019 ], [ 108.31008, -6.69531 ], [ 108.310317, -6.695631 ], [ 108.310447, -6.695913 ], [ 108.310528, -6.696162 ], [ 108.310626, -6.696658 ], [ 108.310748, -6.697238 ], [ 108.310904, -6.697504 ] ] } },
{ "type": "Feature", "properties": { "Name": "Akses Tol Pondok Aren - Ulujami", "description": "Akses Tol Pondok Aren - Ulujami   1.1 km", "tessellate": 1, "GEOTAGGING": "", "gx_media_links": null }, "geometry": { "type": "LineString", "coordinates": [ [ 106.737721, -6.281859 ], [ 106.737119, -6.282091 ], [ 106.73679, -6.282214 ], [ 106.736508, -6.282314 ], [ 106.73611, -6.282464 ], [ 106.735632, -6.282645 ], [ 106.735196, -6.282811 ], [ 106.734713, -6.283021 ], [ 106.734063, -6.28332 ], [ 106.733895, -6.283429 ], [ 106.733468, -6.283773 ], [ 106.733125, -6.284068 ], [ 106.732833, -6.28426 ], [ 106.732372, -6.284486 ], [ 106.732114, -6.28461 ], [ 106.731859, -6.284678 ], [ 106.731626, -6.284675 ], [ 106.731431, -6.28462 ], [ 106.731209, -6.284475 ], [ 106.730992, -6.284283 ], [ 106.730563, -6.283881 ], [ 106.730238, -6.283558 ], [ 106.729833, -6.283186 ], [ 106.729355, -6.282853 ] ] } },
{ "type": "Feature", "properties": { "Name": "Jl. Tol JORR Seksi Selatan 1", "description": "Jl. Tol JORR Seksi Selatan 1   12.3 km", "tessellate": 1, "GEOTAGGING": "", "gx_media_links": null }, "geometry": { "type": "LineString", "coordinates": [ [ 106.778054, -6.288413 ], [ 106.778584, -6.289024 ], [ 106.779236, -6.289588 ], [ 106.78035, -6.290273 ], [ 106.781512, -6.290726 ], [ 106.782774, -6.291173 ], [ 106.784718, -6.291794 ], [ 106.785623, -6.292023 ], [ 106.786413, -6.292138 ], [ 106.787753, -6.292261 ], [ 106.789685, -6.292236 ], [ 106.792363, -6.292232 ], [ 106.794997, -6.292256 ], [ 106.797982, -6.292302 ], [ 106.801123, -6.29233 ], [ 106.804471, -6.292397 ], [ 106.807469, -6.292311 ], [ 106.810248, -6.292199 ], [ 106.812747, -6.292157 ], [ 106.815272, -6.29224 ], [ 106.817455, -6.292373 ], [ 106.818425, -6.292444 ], [ 106.81905, -6.292575 ], [ 106.820378, -6.293023 ], [ 106.821878, -6.293636 ], [ 106.823049, -6.294101 ], [ 106.824882, -6.294918 ], [ 106.826608, -6.295785 ], [ 106.828631, -6.296834 ], [ 106.830703, -6.297967 ], [ 106.832769, -6.299248 ], [ 106.834549, -6.30042 ], [ 106.836155, -6.301474 ], [ 106.837123, -6.302018 ], [ 106.838189, -6.302507 ], [ 106.839561, -6.302932 ], [ 106.841151, -6.303262 ], [ 106.842972, -6.303561 ], [ 106.844631, -6.303813 ], [ 106.8469, -6.304065 ], [ 106.84919, -6.304233 ], [ 106.851499, -6.304381 ], [ 106.852652, -6.304444 ], [ 106.853065, -6.304536 ], [ 106.853857, -6.304763 ], [ 106.854668, -6.305058 ], [ 106.855951, -6.305482 ], [ 106.85651, -6.305602 ], [ 106.857108, -6.305656 ], [ 106.858146, -6.30565 ], [ 106.859648, -6.305543 ], [ 106.861089, -6.305475 ], [ 106.862008, -6.305471 ], [ 106.862796, -6.305571 ], [ 106.863489, -6.30574 ], [ 106.864086, -6.306 ], [ 106.865559, -6.306659 ], [ 106.866347, -6.307072 ], [ 106.867115, -6.307475 ], [ 106.868393, -6.308117 ], [ 106.869077, -6.308401 ], [ 106.869587, -6.308542 ], [ 106.870352, -6.308652 ], [ 106.871219, -6.308598 ], [ 106.872347, -6.308376 ], [ 106.873726, -6.308066 ], [ 106.874971, -6.307744 ], [ 106.876581, -6.307326 ], [ 106.878481, -6.306831 ], [ 106.880067, -6.306431 ], [ 106.881507, -6.30608 ], [ 106.882245, -6.305953 ], [ 106.882918, -6.305878 ], [ 106.884327, -6.305898 ] ] } },
{ "type": "Feature", "properties": { "Name": "Akses Tol Jagorawi", "description": "Akses Tol Jagorawi   1.18 km", "tessellate": 1, "GEOTAGGING": "", "gx_media_links": null }, "geometry": { "type": "LineString", "coordinates": [ [ 106.877536, -6.30708 ], [ 106.878826, -6.306609 ], [ 106.880375, -6.306136 ], [ 106.881261, -6.305837 ], [ 106.881944, -6.305387 ], [ 106.882615, -6.304466 ], [ 106.882964, -6.303857 ], [ 106.883173, -6.303302 ], [ 106.883164, -6.302832 ], [ 106.883058, -6.302172 ], [ 106.883015, -6.301453 ], [ 106.882812, -6.299801 ] ] } },
{ "type": "Feature", "properties": { "Name": "Simpang Susun Cisalak", "description": "Simpang Susun Cisalak   1.11 km", "tessellate": 1, "GEOTAGGING": "", "gx_media_links": null }, "geometry": { "type": "LineString", "coordinates": [ [ 106.881923, -6.305419 ], [ 106.882499, -6.30492 ], [ 106.882837, -6.304493 ], [ 106.883196, -6.304 ], [ 106.883439, -6.303724 ], [ 106.883726, -6.303585 ], [ 106.883993, -6.303558 ], [ 106.884239, -6.30365 ], [ 106.884369, -6.303772 ], [ 106.884465, -6.303922 ], [ 106.884519, -6.30409 ], [ 106.884539, -6.304215 ], [ 106.88452, -6.304398 ], [ 106.884496, -6.304559 ], [ 106.884458, -6.304772 ], [ 106.884427, -6.304967 ], [ 106.884428, -6.305122 ], [ 106.884568, -6.305567 ], [ 106.884787, -6.306693 ], [ 106.885004, -6.307798 ], [ 106.885096, -6.30832 ], [ 106.885222, -6.309396 ], [ 106.885269, -6.309822 ], [ 106.885234, -6.310323 ] ] } },
{ "type": "Feature", "properties": { "Name": "Simpang Susun Cisalak", "description": "Simpang Susun Cisalak   1.33 km", "tessellate": 1, "GEOTAGGING": "", "gx_media_links": null }, "geometry": { "type": "LineString", "coordinates": [ [ 106.879697, -6.306523 ], [ 106.88086, -6.306467 ], [ 106.881337, -6.306471 ], [ 106.881609, -6.306566 ], [ 106.882114, -6.306878 ], [ 106.883053, -6.307607 ], [ 106.883731, -6.308076 ], [ 106.884175, -6.308414 ], [ 106.884404, -6.308678 ], [ 106.884519, -6.308917 ], [ 106.88461, -6.30922 ], [ 106.884634, -6.309478 ], [ 106.884879, -6.310648 ], [ 106.885259, -6.311658 ], [ 106.885628, -6.313077 ], [ 106.885873, -6.313881 ], [ 106.886346, -6.314896 ] ] } },
{ "type": "Feature", "properties": { "Name": "Simpang Susun Cisalak", "description": "Simpang Susun Cisalak   0.67 km", "tessellate": 1, "GEOTAGGING": "", "gx_media_links": null }, "geometry": { "type": "LineString", "coordinates": [ [ 106.88205, -6.306841 ], [ 106.882781, -6.307302 ], [ 106.88329, -6.307653 ], [ 106.883622, -6.307844 ], [ 106.88396, -6.307955 ], [ 106.884302, -6.307926 ], [ 106.884868, -6.307787 ], [ 106.885443, -6.307659 ], [ 106.885749, -6.307514 ], [ 106.886014, -6.307283 ], [ 106.886388, -6.306786 ], [ 106.886587, -6.30654 ], [ 106.886845, -6.306333 ], [ 106.887186, -6.306202 ] ] } },
{ "type": "Feature", "properties": { "Name": "Jl. Tol JORR Seksi W2S", "description": "Jl. Tol JORR Seksi W2S   4.73 km", "tessellate": 1, "GEOTAGGING": "", "gx_media_links": null }, "geometry": { "type": "LineString", "coordinates": [ [ 106.76259, -6.250415 ], [ 106.762883, -6.250744 ], [ 106.763358, -6.25134 ], [ 106.763655, -6.251731 ], [ 106.763929, -6.252191 ], [ 106.764182, -6.252731 ], [ 106.764363, -6.253351 ], [ 106.764652, -6.254419 ], [ 106.764972, -6.255742 ], [ 106.765429, -6.257442 ], [ 106.765778, -6.25872 ], [ 106.766083, -6.259558 ], [ 106.766501, -6.260606 ], [ 106.766913, -6.261535 ], [ 106.767344, -6.26249 ], [ 106.767649, -6.263262 ], [ 106.76778, -6.263808 ], [ 106.767824, -6.264544 ], [ 106.767827, -6.266435 ], [ 106.767881, -6.266836 ], [ 106.767991, -6.267338 ], [ 106.768341, -6.268712 ], [ 106.768403, -6.269208 ], [ 106.768405, -6.269659 ], [ 106.768373, -6.270085 ], [ 106.768294, -6.27054 ], [ 106.768083, -6.271614 ], [ 106.767866, -6.272731 ], [ 106.767781, -6.273347 ], [ 106.767754, -6.273799 ], [ 106.767794, -6.274564 ], [ 106.767912, -6.27527 ], [ 106.768123, -6.275987 ], [ 106.768429, -6.276708 ], [ 106.769109, -6.277802 ], [ 106.769809, -6.278712 ], [ 106.770553, -6.27964 ], [ 106.771358, -6.280569 ], [ 106.772496, -6.28187 ], [ 106.773745, -6.283327 ], [ 106.77498, -6.284771 ], [ 106.776168, -6.286202 ], [ 106.777716, -6.288013 ], [ 106.778067, -6.288427 ] ] } },
{ "type": "Feature", "properties": { "Name": "Simpang Susun Ulujami", "description": "Simpang Susun Ulujami   0.57 km", "tessellate": 1, "GEOTAGGING": "", "gx_media_links": null }, "geometry": { "type": "LineString", "coordinates": [ [ 106.764509, -6.253878 ], [ 106.76443, -6.253147 ], [ 106.76425, -6.252437 ], [ 106.764154, -6.25203 ], [ 106.764143, -6.251808 ], [ 106.764209, -6.251526 ], [ 106.764314, -6.251196 ], [ 106.764359, -6.251003 ], [ 106.764351, -6.250785 ], [ 106.764267, -6.250578 ], [ 106.764056, -6.250385 ], [ 106.763825, -6.250311 ], [ 106.763506, -6.250278 ], [ 106.762899, -6.250346 ], [ 106.76261, -6.250472 ] ] } },
{ "type": "Feature", "properties": { "Name": "Simpang Susun Ulujami", "description": "Simpang Susun Ulujami   0.66 km", "tessellate": 1, "GEOTAGGING": "", "gx_media_links": null }, "geometry": { "type": "LineString", "coordinates": [ [ 106.764452, -6.253698 ], [ 106.764152, -6.25308 ], [ 106.763988, -6.252709 ], [ 106.763784, -6.252313 ], [ 106.763588, -6.251984 ], [ 106.763324, -6.251726 ], [ 106.763119, -6.251612 ], [ 106.762855, -6.251529 ], [ 106.762674, -6.25152 ], [ 106.762503, -6.251554 ], [ 106.762318, -6.251618 ], [ 106.762124, -6.251753 ], [ 106.761952, -6.251913 ], [ 106.76182, -6.252128 ], [ 106.761697, -6.252448 ], [ 106.761515, -6.253047 ], [ 106.761167, -6.253872 ] ] } },
{ "type": "Feature", "properties": { "Name": "Jl. Tol JORR Seksi W2 Utara", "description": "Jl. Tol JORR Seksi W2 Utara   7.24 km", "tessellate": 1, "GEOTAGGING": "", "gx_media_links": null }, "geometry": { "type": "LineString", "coordinates": [ [ 106.731762, -6.191395 ], [ 106.732203, -6.192752 ], [ 106.732684, -6.193998 ], [ 106.733215, -6.195312 ], [ 106.734043, -6.19717 ], [ 106.735028, -6.199119 ], [ 106.736164, -6.201471 ], [ 106.737173, -6.203382 ], [ 106.738459, -6.205902 ], [ 106.739508, -6.207844 ], [ 106.740996, -6.210437 ], [ 106.742479, -6.213045 ], [ 106.74391, -6.215658 ], [ 106.745513, -6.218574 ], [ 106.747238, -6.22159 ], [ 106.748437, -6.223413 ], [ 106.749662, -6.22532 ], [ 106.750998, -6.227358 ], [ 106.752927, -6.230316 ], [ 106.754396, -6.23253 ], [ 106.756218, -6.235297 ], [ 106.757315, -6.237088 ], [ 106.757596, -6.237719 ], [ 106.758352, -6.24041 ], [ 106.758954, -6.243415 ], [ 106.759437, -6.24565 ], [ 106.759707, -6.246558 ], [ 106.760067, -6.247262 ], [ 106.760981, -6.248473 ], [ 106.762594, -6.25042 ] ] } },
{ "type": "Feature", "properties": { "Name": "Simpang Susun Ulujami", "description": "Simpang Susun Ulujami   0.73 km", "tessellate": 1, "GEOTAGGING": "", "gx_media_links": null }, "geometry": { "type": "LineString", "coordinates": [ [ 106.760712, -6.248134 ], [ 106.761041, -6.248741 ], [ 106.76145, -6.249252 ], [ 106.761791, -6.249694 ], [ 106.761904, -6.249869 ], [ 106.762003, -6.250043 ], [ 106.762041, -6.250208 ], [ 106.762038, -6.250391 ], [ 106.762011, -6.250532 ], [ 106.761856, -6.250909 ], [ 106.761648, -6.251348 ], [ 106.761555, -6.251608 ], [ 106.761455, -6.251946 ], [ 106.761315, -6.252617 ], [ 106.761128, -6.253488 ], [ 106.761087, -6.254182 ] ] } },
{ "type": "Feature", "properties": { "Name": "Simpang Susun Ulujami", "description": "Simpang Susun Ulujami   0.82 km", "tessellate": 1, "GEOTAGGING": "", "gx_media_links": null }, "geometry": { "type": "LineString", "coordinates": [ [ 106.762355, -6.250137 ], [ 106.76282, -6.25049 ], [ 106.763081, -6.25078 ], [ 106.763334, -6.251045 ], [ 106.763477, -6.251185 ], [ 106.763611, -6.251285 ], [ 106.763706, -6.25134 ], [ 106.763898, -6.25136 ], [ 106.764029, -6.251316 ], [ 106.764152, -6.251247 ], [ 106.764227, -6.251115 ], [ 106.764256, -6.250997 ], [ 106.764253, -6.250883 ], [ 106.764202, -6.250751 ], [ 106.764119, -6.250649 ], [ 106.763973, -6.250542 ], [ 106.763717, -6.250451 ], [ 106.763415, -6.250394 ], [ 106.763076, -6.250392 ], [ 106.762635, -6.250459 ], [ 106.762364, -6.250609 ], [ 106.762191, -6.250771 ], [ 106.762024, -6.250988 ], [ 106.761898, -6.251257 ], [ 106.761816, -6.251526 ], [ 106.761645, -6.252121 ], [ 106.761419, -6.252979 ] ] } },
{ "type": "Feature", "properties": { "Name": "Simpang Susun Kembangan", "description": "Simpang Susun Kembangan   1.21 km", "tessellate": 1, "GEOTAGGING": "", "gx_media_links": null }, "geometry": { "type": "LineString", "coordinates": [ [ 106.734023, -6.197121 ], [ 106.733479, -6.196298 ], [ 106.73325, -6.195897 ], [ 106.733051, -6.195561 ], [ 106.732661, -6.195139 ], [ 106.731266, -6.193969 ], [ 106.730198, -6.193158 ], [ 106.729672, -6.192714 ], [ 106.728931, -6.192018 ], [ 106.728668, -6.191784 ], [ 106.728365, -6.191599 ], [ 106.728076, -6.191463 ], [ 106.727575, -6.191297 ], [ 106.726899, -6.19112 ], [ 106.72639, -6.190993 ], [ 106.725579, -6.19072 ] ] } },
{ "type": "Feature", "properties": { "Name": "Simpang Susun Kembangan", "description": "Simpang Susun Kembangan   1.16 km", "tessellate": 1, "GEOTAGGING": "", "gx_media_links": null }, "geometry": { "type": "LineString", "coordinates": [ [ 106.732624, -6.195103 ], [ 106.732141, -6.194504 ], [ 106.731371, -6.19385 ], [ 106.730873, -6.193528 ], [ 106.730388, -6.193236 ], [ 106.730042, -6.192908 ], [ 106.729784, -6.192605 ], [ 106.72966, -6.192319 ], [ 106.729625, -6.192082 ], [ 106.729654, -6.191866 ], [ 106.729728, -6.19164 ], [ 106.729854, -6.191449 ], [ 106.730044, -6.191262 ], [ 106.730238, -6.191155 ], [ 106.730515, -6.19108 ], [ 106.730849, -6.191037 ], [ 106.731437, -6.191085 ], [ 106.732031, -6.191172 ], [ 106.7327, -6.191278 ], [ 106.73374, -6.191336 ], [ 106.734708, -6.191454 ], [ 106.73514, -6.191548 ] ] } },
{ "type": "Feature", "properties": { "Name": "Simpang Susun Kembangan", "description": "Simpang Susun Kembangan   0.82 km", "tessellate": 1, "GEOTAGGING": "", "gx_media_links": null }, "geometry": { "type": "LineString", "coordinates": [ [ 106.733722, -6.19645 ], [ 106.733553, -6.195462 ], [ 106.733437, -6.195061 ], [ 106.733317, -6.194791 ], [ 106.733127, -6.19431 ], [ 106.732991, -6.193936 ], [ 106.732948, -6.193667 ], [ 106.733017, -6.193339 ], [ 106.733488, -6.192551 ], [ 106.733867, -6.192222 ], [ 106.734228, -6.192001 ], [ 106.734632, -6.191859 ], [ 106.735184, -6.191751 ], [ 106.736515, -6.191568 ] ] } },
{ "type": "Feature", "properties": { "Name": "Simpang Susun Kembangan", "description": "Simpang Susun Kembangan   1.22 km", "tessellate": 1, "GEOTAGGING": "", "gx_media_links": null }, "geometry": { "type": "LineString", "coordinates": [ [ 106.735716, -6.191676 ], [ 106.734283, -6.191788 ], [ 106.733288, -6.192046 ], [ 106.732358, -6.192008 ], [ 106.731631, -6.191916 ], [ 106.731193, -6.191858 ], [ 106.731023, -6.191865 ], [ 106.730905, -6.191879 ], [ 106.730755, -6.191941 ], [ 106.73063, -6.192028 ], [ 106.730535, -6.192115 ], [ 106.730443, -6.192234 ], [ 106.730372, -6.192402 ], [ 106.730345, -6.192577 ], [ 106.730366, -6.192744 ], [ 106.730423, -6.192938 ], [ 106.730497, -6.193061 ], [ 106.730624, -6.19322 ], [ 106.730787, -6.193319 ], [ 106.731009, -6.193383 ], [ 106.73126, -6.193394 ], [ 106.731445, -6.19333 ], [ 106.731621, -6.193195 ], [ 106.731755, -6.193022 ], [ 106.731822, -6.192881 ], [ 106.731871, -6.192645 ], [ 106.731852, -6.192423 ], [ 106.731799, -6.192175 ], [ 106.731709, -6.19181 ], [ 106.731604, -6.191459 ], [ 106.731519, -6.191129 ], [ 106.731433, -6.190739 ], [ 106.731359, -6.189894 ] ] } },
{ "type": "Feature", "properties": { "Name": "Simpang Susun Kembangan", "description": "Simpang Susun Kembangan   1.45 km", "tessellate": 1, "GEOTAGGING": "", "gx_media_links": null }, "geometry": { "type": "LineString", "coordinates": [ [ 106.733437, -6.195812 ], [ 106.733327, -6.195153 ], [ 106.733113, -6.194643 ], [ 106.732899, -6.193954 ], [ 106.732712, -6.193474 ], [ 106.732401, -6.192793 ], [ 106.732229, -6.192353 ], [ 106.731979, -6.191529 ], [ 106.731749, -6.19073 ], [ 106.731669, -6.190418 ], [ 106.731676, -6.190157 ], [ 106.731792, -6.189903 ], [ 106.731965, -6.189696 ], [ 106.7322, -6.189563 ], [ 106.732417, -6.189503 ], [ 106.732648, -6.189538 ], [ 106.732839, -6.189612 ], [ 106.733005, -6.189747 ], [ 106.733116, -6.189894 ], [ 106.73317, -6.190014 ], [ 106.733207, -6.190148 ], [ 106.733216, -6.19031 ], [ 106.733193, -6.190509 ], [ 106.733119, -6.190666 ], [ 106.732998, -6.190812 ], [ 106.732799, -6.190917 ], [ 106.732504, -6.190963 ], [ 106.732013, -6.190942 ], [ 106.730873, -6.19084 ], [ 106.730133, -6.19084 ], [ 106.729699, -6.19088 ], [ 106.7292, -6.190916 ], [ 106.728726, -6.190924 ] ] } },
{ "type": "Feature", "properties": { "Name": "Jl. Tol JORR Seksi W1", "description": "Jl. Tol JORR Seksi W1 8.86 km", "tessellate": 1, "GEOTAGGING": "", "gx_media_links": "https:\/\/doc-0g-58-mymaps.googleusercontent.com\/untrusted\/hostedimage\/ihucu48q9m5s1hftel5u85tfdc\/8eq98me24solbf5st8hbkbie8c\/1650520800000\/28RfnFRTngKteFjOzVQ7-IdecxTCOcCK\/*\/6AIsG_vbvx-4XoPnA1M7XPdXoKKqvoORMYzMdPBFMZpU4fN_CS1fOazpE0kbsvId-M0vwETVFoAv3OOwUdVCGPGvaZCdokpAWIckhG-FNjGQ8S_k7MEYqjxcatBUL0KIq7kfr75Rtvnq3zyu5QU_hF91PM5D11ch6hcsr-w2cYCB8sFKYPBGmjw69tSTZayh5?session=0&fife https:\/\/www.youtube.com\/embed\/HYXnXDLnilk https:\/\/www.youtube.com\/embed\/X-JK0qI2JOI https:\/\/www.youtube.com\/embed\/8o6eNpIdnec" }, "geometry": { "type": "LineString", "coordinates": [ [ 106.736411, -6.113798 ], [ 106.73572, -6.114865 ], [ 106.735112, -6.115842 ], [ 106.734315, -6.117095 ], [ 106.733653, -6.11818 ], [ 106.733016, -6.119185 ], [ 106.73259, -6.119853 ], [ 106.732061, -6.120657 ], [ 106.731445, -6.121655 ], [ 106.730934, -6.122518 ], [ 106.730682, -6.123102 ], [ 106.730481, -6.123602 ], [ 106.730303, -6.124219 ], [ 106.730146, -6.12484 ], [ 106.730008, -6.125698 ], [ 106.729932, -6.126718 ], [ 106.729918, -6.128053 ], [ 106.729959, -6.12922 ], [ 106.730079, -6.130328 ], [ 106.730159, -6.131298 ], [ 106.730215, -6.132942 ], [ 106.730224, -6.134734 ], [ 106.730192, -6.136842 ], [ 106.730133, -6.1382 ], [ 106.730036, -6.1391 ], [ 106.729869, -6.140381 ], [ 106.729754, -6.141024 ], [ 106.729315, -6.142946 ], [ 106.728913, -6.144581 ], [ 106.728494, -6.146255 ], [ 106.728034, -6.148069 ], [ 106.727732, -6.149338 ], [ 106.727629, -6.149849 ], [ 106.727553, -6.150573 ], [ 106.727533, -6.151343 ], [ 106.727548, -6.152723 ], [ 106.727524, -6.154917 ], [ 106.727457, -6.156176 ], [ 106.72737, -6.157772 ], [ 106.727246, -6.159698 ], [ 106.727202, -6.162129 ], [ 106.727221, -6.1642 ], [ 106.727356, -6.165955 ], [ 106.727678, -6.16813 ], [ 106.727941, -6.170023 ], [ 106.728137, -6.172057 ], [ 106.72831, -6.17477 ], [ 106.728571, -6.178118 ], [ 106.728725, -6.17924 ], [ 106.729183, -6.181345 ], [ 106.729835, -6.183889 ], [ 106.730212, -6.185428 ], [ 106.730799, -6.18767 ], [ 106.731553, -6.190703 ], [ 106.731765, -6.191429 ] ] } },
{ "type": "Feature", "properties": { "Name": "Simpang Susun Penjaringan", "description": "Simpang Susun Penjaringan   1.18 km", "tessellate": 1, "GEOTAGGING": "", "gx_media_links": null }, "geometry": { "type": "LineString", "coordinates": [ [ 106.732139, -6.120535 ], [ 106.732655, -6.120002 ], [ 106.732951, -6.119633 ], [ 106.733086, -6.119453 ], [ 106.733388, -6.119211 ], [ 106.733838, -6.119056 ], [ 106.734527, -6.118915 ], [ 106.734837, -6.118772 ], [ 106.73511, -6.118584 ], [ 106.735273, -6.118391 ], [ 106.735386, -6.118192 ], [ 106.735479, -6.11798 ], [ 106.735543, -6.117704 ], [ 106.735544, -6.117427 ], [ 106.735502, -6.117148 ], [ 106.735432, -6.116939 ], [ 106.73528, -6.116696 ], [ 106.735067, -6.116466 ], [ 106.73475, -6.116267 ], [ 106.734424, -6.116149 ], [ 106.733868, -6.116015 ], [ 106.733624, -6.115928 ], [ 106.73294, -6.115319 ], [ 106.73232, -6.114626 ], [ 106.732012, -6.114312 ], [ 106.731371, -6.113853 ] ] } },
{ "type": "Feature", "properties": { "Name": "Simpang Susun Penjaringan", "description": "Simpang Susun Penjaringan   1.49 km", "tessellate": 1, "GEOTAGGING": "", "gx_media_links": null }, "geometry": { "type": "LineString", "coordinates": [ [ 106.731952, -6.120814 ], [ 106.732309, -6.119897 ], [ 106.732659, -6.11916 ], [ 106.732725, -6.118822 ], [ 106.732738, -6.118472 ], [ 106.732707, -6.117772 ], [ 106.732654, -6.117171 ], [ 106.732671, -6.116819 ], [ 106.732726, -6.116573 ], [ 106.732842, -6.11635 ], [ 106.73304, -6.116105 ], [ 106.733288, -6.115901 ], [ 106.733539, -6.11578 ], [ 106.733812, -6.115713 ], [ 106.734129, -6.115694 ], [ 106.734354, -6.115726 ], [ 106.734714, -6.115877 ], [ 106.734926, -6.116014 ], [ 106.73512, -6.116245 ], [ 106.735293, -6.116574 ], [ 106.73555, -6.117026 ], [ 106.735743, -6.117414 ], [ 106.735816, -6.117564 ], [ 106.735925, -6.117731 ], [ 106.736097, -6.117904 ], [ 106.736501, -6.118241 ], [ 106.73701, -6.118587 ], [ 106.737837, -6.119093 ], [ 106.738829, -6.11959 ], [ 106.739637, -6.120094 ] ] } },
{ "type": "Feature", "properties": { "Name": "Simpang Susun Penjaringan", "description": "Simpang Susun Penjaringan   0.78 km", "tessellate": 1, "GEOTAGGING": "", "gx_media_links": null }, "geometry": { "type": "LineString", "coordinates": [ [ 106.732318, -6.120263 ], [ 106.732585, -6.11955 ], [ 106.732738, -6.119136 ], [ 106.732791, -6.1189 ], [ 106.73282, -6.118688 ], [ 106.732823, -6.118447 ], [ 106.73281, -6.118149 ], [ 106.732806, -6.117938 ], [ 106.732814, -6.117562 ], [ 106.732846, -6.117338 ], [ 106.732925, -6.116915 ], [ 106.73297, -6.116657 ], [ 106.732977, -6.116409 ], [ 106.732938, -6.116254 ], [ 106.732846, -6.116079 ], [ 106.732541, -6.115627 ], [ 106.7324, -6.115402 ], [ 106.732116, -6.115046 ], [ 106.731762, -6.114642 ], [ 106.731488, -6.11428 ], [ 106.731303, -6.113792 ] ] } },
{ "type": "Feature", "properties": { "Name": "Simpang Susun Penjaringan", "description": "Simpang Susun Penjaringan   0.64 km", "tessellate": 1, "GEOTAGGING": "", "gx_media_links": null }, "geometry": { "type": "LineString", "coordinates": [ [ 106.732922, -6.116896 ], [ 106.732891, -6.117659 ], [ 106.732957, -6.117987 ], [ 106.733103, -6.118166 ], [ 106.733386, -6.118296 ], [ 106.733652, -6.11828 ], [ 106.733847, -6.118196 ], [ 106.733996, -6.118045 ], [ 106.734147, -6.117863 ], [ 106.734334, -6.117553 ], [ 106.734605, -6.117027 ], [ 106.735013, -6.116322 ], [ 106.735342, -6.115658 ], [ 106.735627, -6.115028 ] ] } },
{ "type": "Feature", "properties": { "Name": "Simpang Susun Penjaringan", "description": "Simpang Susun Penjaringan   0.48 km", "tessellate": 1, "GEOTAGGING": "", "gx_media_links": null }, "geometry": { "type": "LineString", "coordinates": [ [ 106.738727, -6.119716 ], [ 106.737592, -6.119426 ], [ 106.736147, -6.118845 ], [ 106.735809, -6.118801 ], [ 106.734504, -6.118914 ] ] } },
{ "type": "Feature", "properties": { "Name": "Simpang Susun Kembangan", "description": "Simpang Susun Kembangan   0.98 km", "tessellate": 1, "GEOTAGGING": "", "gx_media_links": null }, "geometry": { "type": "LineString", "coordinates": [ [ 106.730115, -6.185008 ], [ 106.730212, -6.185918 ], [ 106.730417, -6.186855 ], [ 106.730556, -6.187707 ], [ 106.730637, -6.188391 ], [ 106.730688, -6.188915 ], [ 106.730643, -6.189263 ], [ 106.730307, -6.189838 ], [ 106.72988, -6.190379 ], [ 106.729409, -6.190701 ], [ 106.728833, -6.190923 ], [ 106.726801, -6.190897 ] ] } },
{ "type": "Feature", "properties": { "Name": "Simpang Susun Kembangan", "description": "Simpang Susun Kembangan   1.27 km", "tessellate": 1, "GEOTAGGING": "", "gx_media_links": null }, "geometry": { "type": "LineString", "coordinates": [ [ 106.730108, -6.185024 ], [ 106.730469, -6.185777 ], [ 106.730686, -6.186625 ], [ 106.730942, -6.187453 ], [ 106.731116, -6.187908 ], [ 106.731316, -6.18821 ], [ 106.731769, -6.188593 ], [ 106.732366, -6.189027 ], [ 106.73303, -6.189433 ], [ 106.733556, -6.189853 ], [ 106.734135, -6.19038 ], [ 106.734497, -6.190683 ], [ 106.734993, -6.191004 ], [ 106.735592, -6.191252 ], [ 106.738383, -6.19156 ] ] } },
{ "type": "Feature", "properties": { "Name": "Simpang Susun Kembangan", "description": "Simpang Susun Kembangan   0.82 km", "tessellate": 1, "GEOTAGGING": "", "gx_media_links": null }, "geometry": { "type": "LineString", "coordinates": [ [ 106.733765, -6.190045 ], [ 106.733973, -6.190467 ], [ 106.734023, -6.190763 ], [ 106.733972, -6.191067 ], [ 106.733914, -6.191278 ], [ 106.73379, -6.191472 ], [ 106.733605, -6.19164 ], [ 106.733406, -6.191757 ], [ 106.733176, -6.191819 ], [ 106.732887, -6.191844 ], [ 106.732484, -6.191811 ], [ 106.731523, -6.191678 ], [ 106.730665, -6.19156 ], [ 106.730074, -6.191465 ], [ 106.729284, -6.191357 ], [ 106.728078, -6.19109 ] ] } },
{ "type": "Feature", "properties": { "Name": "Simpang Susun Kanci", "description": "Simpang Susun Kanci   1.14 km", "tessellate": 1, "GEOTAGGING": "", "gx_media_links": null }, "geometry": { "type": "LineString", "coordinates": [ [ 108.614231, -6.798334 ], [ 108.615609, -6.798978 ], [ 108.616187, -6.799273 ], [ 108.616329, -6.799396 ], [ 108.61647, -6.799553 ], [ 108.616556, -6.799734 ], [ 108.616609, -6.799935 ], [ 108.616679, -6.800183 ], [ 108.616771, -6.800429 ], [ 108.616887, -6.800647 ], [ 108.617193, -6.800871 ], [ 108.617462, -6.800934 ], [ 108.617703, -6.800927 ], [ 108.617966, -6.800839 ], [ 108.618235, -6.800666 ], [ 108.619071, -6.799938 ], [ 108.61964, -6.799412 ], [ 108.61985, -6.799278 ], [ 108.62023, -6.799171 ], [ 108.620533, -6.799171 ], [ 108.621534, -6.7993 ], [ 108.622705, -6.799565 ] ] } },
{ "type": "Feature", "properties": { "Name": "Simpang Susun Kanci", "description": "Simpang Susun Kanci   0.65 km", "tessellate": 1, "GEOTAGGING": "", "gx_media_links": null }, "geometry": { "type": "LineString", "coordinates": [ [ 108.621455, -6.800639 ], [ 108.620539, -6.800538 ], [ 108.618958, -6.800134 ], [ 108.618095, -6.799904 ], [ 108.617723, -6.799796 ], [ 108.617515, -6.799746 ], [ 108.617414, -6.799733 ], [ 108.617297, -6.799737 ], [ 108.617191, -6.799763 ], [ 108.617089, -6.799805 ], [ 108.616975, -6.799893 ], [ 108.616878, -6.800018 ], [ 108.616848, -6.800114 ], [ 108.616829, -6.800227 ], [ 108.616835, -6.800334 ], [ 108.616874, -6.800475 ], [ 108.616958, -6.800606 ], [ 108.61706, -6.800698 ], [ 108.617221, -6.800823 ], [ 108.617301, -6.800896 ] ] } },
{ "type": "Feature", "properties": { "Name": "Simpang Susun Kanci", "description": "Simpang Susun Kanci   0.47 km", "tessellate": 1, "GEOTAGGING": "", "gx_media_links": null }, "geometry": { "type": "LineString", "coordinates": [ [ 108.622231, -6.800822 ], [ 108.621504, -6.800501 ], [ 108.620675, -6.800281 ], [ 108.620327, -6.800151 ], [ 108.620218, -6.800071 ], [ 108.620123, -6.799959 ], [ 108.620088, -6.799817 ], [ 108.620106, -6.799679 ], [ 108.620164, -6.799539 ], [ 108.620294, -6.799417 ], [ 108.62045, -6.799333 ], [ 108.620656, -6.799302 ], [ 108.621036, -6.799292 ], [ 108.621581, -6.799308 ] ] } },
{ "type": "Feature", "properties": { "Name": "Simpang Susun Kanci", "description": "Simpang Susun Kanci   0.90", "tessellate": 1, "GEOTAGGING": "", "gx_media_links": null }, "geometry": { "type": "LineString", "coordinates": [ [ 108.614361, -6.798383 ], [ 108.615236, -6.7986 ], [ 108.616106, -6.798861 ], [ 108.616885, -6.7991 ], [ 108.617634, -6.799338 ], [ 108.617983, -6.799437 ], [ 108.618219, -6.799479 ], [ 108.61846, -6.799475 ], [ 108.619144, -6.799315 ], [ 108.619733, -6.79908 ], [ 108.620553, -6.798929 ], [ 108.621219, -6.799004 ], [ 108.621773, -6.799208 ], [ 108.622139, -6.799433 ] ] } },
{ "type": "Feature", "properties": { "Name": "Jl. Tol Kanci - Pejagan", "description": "Jalan Tol Kanci–Pejagan\nDari Wikipedia bahasa Indonesia, ensiklopedia bebas\nJump to navigationJump to search\nJalan Tol Kanci-Pejagan\nPanjang\t35 km\nPembangunan\t2008-2010\nPengelola\tWaskita Toll Road melalui PT. Semesta Marga Raya\nJalan Tol Kanci–Pejagan adalah jalan tol yang menghubungkan Kanci yang berada di Cirebon hingga Pejagan di Brebes. jalan tol ini melintasi Kota dan Kabupaten Cirebon dan Kabupaten Brebes. jalan tol ini dioperatori oleh PT Semesta Marga Raya, anak usaha Bakrie Toll Road yang juga memiliki Esia dan dibangun oleh PT. Adhi Karya dengan nilai investasi Rp 2,2 Trilyun, namun sejak November 2012, jalan tol ini telah dioperatori oleh PT MNC Infrastruktur Utama, anak perusahaan MNC Group yang bergerak di bidang pengelolaan jalan tol yang merupakan hasil dari kerja sama Indonesia Air Transport dan Bhakti Capital Indonesia. Perusahaan ini didirikan oleh Indonesia Air Transport, maskapai penerbangan helikopter milik MNC Group sebagai pengganti Citra Marga Nusaphala Persada yang telah dilepas sejak tahun 2009. Tol sepanjang 35 kilometer ini mulai beroperasi pada 26 Januari 2010.[1] Ruas tol ini menghubungkan daerah Cirebon di Jawa Barat dengan Pejagan di Jawa Tengah. Akhir dari ruas tol tersebut adalah Pejagan di kilometer 248.\n\nGerbang tol\nRuas utama\nGerbang Tol\/Simpang Susun\tKM\tLokasi\tDestinasi\nNasional1.png Jalan Tol Palimanan–Kanci\nBatas Operasional PT Jasa Marga (Persero)\n\nNasional1.png Jalan Tol Kanci–Pejagan\n\nBatas Operasional PT Waskita Toll Road\n\nGerbang Tol Mertapada\t219\tNasional1.png Astanajapura, Kabupaten Cirebon\tMulai 13 Juni 2016, tidak ada transaksi di Gerbang Tol tersebut. Pembayaran dilakukan di GT Pejagan, GT Palimanan, atau GT Brebes Timur\nCoat of arms of West Java.svg\nBatas Wilayah Provinsi Jawa Barat\nLambang Kabupaten Cirebon.gif\nKabupaten Cirebon \n\nCoat of arms of Central Java.svg\nBatas Wilayah Provinsi Jawa Tengah\n\nLambang Kabupaten Brebes.png\n\nKabupaten Brebes\n\nSimpang Susun Pejagan\t247\tNasional1.png Pejagan, Tanjung, Brebes\tUTARA\nNasional1.png Brebes\/Semarang\n\nNasional1.png Cirebon\/Jakarta\n\nSELATAN\n\nNasional9.png Bumiayu\/Purwokerto\n\nNasional 3 Nasional3.png Yogyakarta\n\nNasional1.png Jalan Tol Kanci–Pejagan\nBatas Operasional PT Waskita Toll Road\n\nNasional1.png Jalan Tol Pejagan-Pemalang\n\nBatas Operasional PT Waskita Toll Road", "tessellate": 1, "GEOTAGGING": "", "gx_media_links": "https:\/\/www.youtube.com\/embed\/6I-_xPrpLJE" }, "geometry": { "type": "LineString", "coordinates": [ [ 108.624665, -6.801542 ], [ 108.625134, -6.80174 ], [ 108.625933, -6.802122 ], [ 108.626759, -6.802587 ], [ 108.627448, -6.803026 ], [ 108.627999, -6.803445 ], [ 108.628541, -6.803887 ], [ 108.628782, -6.804128 ], [ 108.629343, -6.804772 ], [ 108.629984, -6.805554 ], [ 108.630292, -6.805984 ], [ 108.630767, -6.806775 ], [ 108.631299, -6.807844 ], [ 108.631686, -6.808874 ], [ 108.632048, -6.810043 ], [ 108.632376, -6.81133 ], [ 108.632643, -6.812503 ], [ 108.632926, -6.813485 ], [ 108.633248, -6.814712 ], [ 108.633613, -6.816159 ], [ 108.63397, -6.817587 ], [ 108.634372, -6.819118 ], [ 108.634679, -6.820216 ], [ 108.63501, -6.821281 ], [ 108.635233, -6.822171 ], [ 108.63567, -6.823305 ], [ 108.636237, -6.824645 ], [ 108.636814, -6.825797 ], [ 108.637293, -6.826661 ], [ 108.638024, -6.82787 ], [ 108.638977, -6.829232 ], [ 108.639748, -6.830273 ], [ 108.640632, -6.831308 ], [ 108.641693, -6.832426 ], [ 108.643012, -6.83366 ], [ 108.644004, -6.834474 ], [ 108.645006, -6.835226 ], [ 108.646098, -6.835976 ], [ 108.647402, -6.836747 ], [ 108.648977, -6.837598 ], [ 108.650362, -6.838223 ], [ 108.651875, -6.838832 ], [ 108.653047, -6.839285 ], [ 108.653768, -6.839605 ], [ 108.654412, -6.839955 ], [ 108.654891, -6.840275 ], [ 108.655705, -6.840901 ], [ 108.656275, -6.841437 ], [ 108.656848, -6.842099 ], [ 108.657354, -6.842824 ], [ 108.658226, -6.844237 ], [ 108.659402, -6.846128 ], [ 108.659963, -6.847004 ], [ 108.66032, -6.847452 ], [ 108.660864, -6.848074 ], [ 108.661441, -6.848607 ], [ 108.662392, -6.849427 ], [ 108.663279, -6.85017 ], [ 108.663967, -6.85074 ], [ 108.665578, -6.852089 ], [ 108.667243, -6.853487 ], [ 108.668858, -6.854829 ], [ 108.670473, -6.856161 ], [ 108.672263, -6.857674 ], [ 108.67417, -6.859265 ], [ 108.67742, -6.861984 ], [ 108.67966, -6.863848 ], [ 108.681743, -6.865606 ], [ 108.683174, -6.866827 ], [ 108.684127, -6.867687 ], [ 108.685804, -6.869214 ], [ 108.687726, -6.870904 ], [ 108.689682, -6.872653 ], [ 108.691473, -6.874245 ], [ 108.693538, -6.876041 ], [ 108.694921, -6.877136 ], [ 108.696459, -6.87824 ], [ 108.698415, -6.879481 ], [ 108.700481, -6.880608 ], [ 108.702764, -6.881684 ], [ 108.704479, -6.882505 ], [ 108.706931, -6.883684 ], [ 108.708911, -6.884639 ], [ 108.710212, -6.885264 ], [ 108.711997, -6.88612 ], [ 108.714783, -6.887417 ], [ 108.716185, -6.887979 ], [ 108.717972, -6.888599 ], [ 108.719446, -6.889019 ], [ 108.721802, -6.889583 ], [ 108.723977, -6.889956 ], [ 108.726261, -6.890285 ], [ 108.728639, -6.890588 ], [ 108.731783, -6.891012 ], [ 108.733665, -6.891214 ], [ 108.736349, -6.891344 ], [ 108.738955, -6.891543 ], [ 108.742258, -6.891739 ], [ 108.745493, -6.89196 ], [ 108.750414, -6.892277 ], [ 108.754461, -6.892538 ], [ 108.757765, -6.89275 ], [ 108.761993, -6.893027 ], [ 108.766651, -6.893311 ], [ 108.77061, -6.893587 ], [ 108.773873, -6.893791 ], [ 108.777962, -6.894051 ], [ 108.781701, -6.894287 ], [ 108.786061, -6.89457 ], [ 108.790237, -6.894833 ], [ 108.794309, -6.895082 ], [ 108.798575, -6.895343 ], [ 108.802822, -6.895616 ], [ 108.805982, -6.895848 ], [ 108.809753, -6.896075 ], [ 108.812036, -6.896216 ], [ 108.814961, -6.896398 ], [ 108.817832, -6.896586 ], [ 108.820528, -6.89676 ], [ 108.82141, -6.89679 ], [ 108.822239, -6.896699 ], [ 108.823528, -6.896451 ], [ 108.82489, -6.89601 ], [ 108.828148, -6.894719 ], [ 108.830578, -6.893815 ], [ 108.831364, -6.893567 ], [ 108.832353, -6.893378 ], [ 108.833387, -6.893359 ], [ 108.834585, -6.893436 ], [ 108.83568, -6.893674 ], [ 108.836601, -6.89402 ], [ 108.837366, -6.894417 ], [ 108.838584, -6.895227 ], [ 108.839483, -6.89592 ], [ 108.840942, -6.897038 ], [ 108.842096, -6.897975 ], [ 108.842823, -6.898435 ], [ 108.84364, -6.898856 ], [ 108.844746, -6.899265 ], [ 108.845869, -6.89952 ], [ 108.846732, -6.899645 ], [ 108.848058, -6.899856 ], [ 108.84985, -6.900079 ], [ 108.852106, -6.900323 ], [ 108.853146, -6.900386 ], [ 108.855846, -6.900523 ], [ 108.859202, -6.900515 ], [ 108.862959, -6.900288 ], [ 108.865907, -6.899972 ], [ 108.870406, -6.899523 ], [ 108.875031, -6.899037 ], [ 108.877131, -6.898831 ], [ 108.880489, -6.898724 ] ] } },
{ "type": "Feature", "properties": { "Name": "Akses Tol Kanci - Penjagan", "description": "Akses Tol Kanci - Penjagan   1.35 km", "tessellate": 1, "GEOTAGGING": "", "gx_media_links": null }, "geometry": { "type": "LineString", "coordinates": [ [ 108.742472, -6.891757 ], [ 108.743352, -6.891707 ], [ 108.744405, -6.891709 ], [ 108.745223, -6.891661 ], [ 108.745541, -6.891561 ], [ 108.745856, -6.891332 ], [ 108.74631, -6.890857 ], [ 108.746753, -6.890278 ], [ 108.747204, -6.889676 ], [ 108.747686, -6.88917 ], [ 108.748193, -6.888766 ], [ 108.748957, -6.888233 ], [ 108.749623, -6.887819 ], [ 108.750149, -6.887612 ], [ 108.750678, -6.887581 ], [ 108.751404, -6.887767 ], [ 108.752102, -6.887989 ], [ 108.75302, -6.888291 ] ] } },
{ "type": "Feature", "properties": { "Name": "Akses Tol Kanci - Penjagan", "description": "Akses Tol Kanci - Penjagan   0.45 km", "tessellate": 1, "GEOTAGGING": "", "gx_media_links": null }, "geometry": { "type": "LineString", "coordinates": [ [ 108.74922, -6.892202 ], [ 108.747828, -6.891965 ], [ 108.747343, -6.891883 ], [ 108.746765, -6.891775 ], [ 108.746574, -6.891705 ], [ 108.74645, -6.891601 ], [ 108.746375, -6.891459 ], [ 108.746344, -6.891318 ], [ 108.746394, -6.891096 ], [ 108.746525, -6.890816 ], [ 108.746597, -6.89064 ], [ 108.746644, -6.89042 ] ] } },
{ "type": "Feature", "properties": { "Name": "Akses Tol Kanci - Penjagan", "description": "Akses Tol Kanci - Penjagan   1.34 km", "tessellate": 1, "GEOTAGGING": "", "gx_media_links": null }, "geometry": { "type": "LineString", "coordinates": [ [ 108.740492, -6.891632 ], [ 108.741585, -6.891851 ], [ 108.74233, -6.891962 ], [ 108.742761, -6.892044 ], [ 108.743068, -6.892198 ], [ 108.743263, -6.892368 ], [ 108.743438, -6.892581 ], [ 108.74363, -6.892826 ], [ 108.743804, -6.893047 ], [ 108.743951, -6.893148 ], [ 108.744199, -6.893207 ], [ 108.744442, -6.893215 ], [ 108.74471, -6.893164 ], [ 108.744985, -6.893016 ], [ 108.745129, -6.892856 ], [ 108.745226, -6.892682 ], [ 108.7454, -6.892487 ], [ 108.745598, -6.892378 ], [ 108.74585, -6.892331 ], [ 108.746245, -6.892357 ], [ 108.747273, -6.892422 ], [ 108.748222, -6.892492 ], [ 108.749299, -6.892502 ], [ 108.750362, -6.892577 ], [ 108.751057, -6.892674 ], [ 108.751757, -6.892743 ] ] } },
{ "type": "Feature", "properties": { "Name": "Akses Tol Kanci - Penjagan", "description": "Akses Tol Kanci - Penjagan   0.41 km", "tessellate": 1, "GEOTAGGING": "", "gx_media_links": null }, "geometry": { "type": "LineString", "coordinates": [ [ 108.746601, -6.892039 ], [ 108.745068, -6.892088 ], [ 108.744432, -6.892074 ], [ 108.744066, -6.892148 ], [ 108.743898, -6.892249 ], [ 108.743785, -6.892393 ], [ 108.743727, -6.892592 ], [ 108.74374, -6.892792 ], [ 108.743936, -6.89314 ] ] } },
{ "type": "Feature", "properties": { "Name": "Simpang Susun Pejagan", "description": "Simpang Susun Pejagan   1.19 km", "tessellate": 1, "GEOTAGGING": "", "gx_media_links": null }, "geometry": { "type": "LineString", "coordinates": [ [ 108.877096, -6.898822 ], [ 108.878889, -6.898599 ], [ 108.879752, -6.898492 ], [ 108.880032, -6.898408 ], [ 108.880298, -6.898269 ], [ 108.880563, -6.898038 ], [ 108.88081, -6.897717 ], [ 108.881421, -6.896923 ], [ 108.882475, -6.895585 ], [ 108.883104, -6.89486 ], [ 108.883749, -6.894489 ], [ 108.88432, -6.894421 ], [ 108.885059, -6.894511 ], [ 108.886039, -6.894611 ] ] } },
{ "type": "Feature", "properties": { "Name": "Simpang Susun Pejagan", "description": "Simpang Susun Pejagan   0.89 km", "tessellate": 1, "GEOTAGGING": "", "gx_media_links": null }, "geometry": { "type": "LineString", "coordinates": [ [ 108.875403, -6.899006 ], [ 108.87643, -6.899064 ], [ 108.877057, -6.899096 ], [ 108.877472, -6.899163 ], [ 108.877768, -6.899272 ], [ 108.878121, -6.899534 ], [ 108.87846, -6.899857 ], [ 108.879039, -6.900129 ], [ 108.879629, -6.900028 ], [ 108.880029, -6.899682 ], [ 108.880316, -6.899203 ], [ 108.881332, -6.897039 ] ] } },
{ "type": "Feature", "properties": { "Name": "Jl. Tol Palimanan - Kanci", "description": "Jalan Tol Palimanan–Kanci\nDari Wikipedia bahasa Indonesia, ensiklopedia bebas\nJump to navigationJump to search\nJalan Tol Palimanan-Kanci (Palikanci)\nPanjang\t26 km\nPembangunan\t1990-1998\nPengelola\tPT Jasa Marga (Persero) Tbk (Delameta Bilano)\nTol Palikanci, singkatan dari Jalan Tol Palimanan–Kanci adalah Jalan Tol yang berlokasi di kota Cirebon. Jalan tol ini merupakan bagian dari Jalan Tol Trans Jawa. Jalan tol ini selesai pembangunannya pada tahun 1997. Jalan tol ini dioperasikan oleh PT Jasa Marga (Persero) Tbk.\n\n\nDaftar isi\n1\tRute\n2\tTarif (Rupiah baru)\n3\tLihat juga\n4\tReferensi\n5\tPranala luar\nRute\nGerbang Tol\/simpang susun\tKM\tDestinasi\nGerbang Tol Palimanan\t189\tJalur Pantura Jabar\nPalimanan\nJatibarang\nKota Indramayu\nJalan Tol Cikopo-Palimanan\nJalan Tol Jakarta-Cikampek\nJalan Tol Purbaleunyi\n\nGerbang Tol Plumbon 1-2\t193\tPlumbon\nPlered\nTrusmi\nGerbang Tol Plumbon 3-4\tGerbang utama Jalan Tol Palikanci. Mulai 13 Juni 2016, tidak ada transaksi di gerbang tol tersebut. Pembayaran dilakukan di GT Palimanan atau GT Brebes Timur.[1][2]\nGerbang Tol Ciperna\t204\tCiperna\nCirebon Kota\nKuningan\nGerbang Tol Ciperna Utama\t205\tGerbang Utama Jalan Tol Palimanan - Kanci. Mulai 13 Juni 2016, tidak ada transaksi di gerbang tol tersebut. Pembayaran dilakukan di GT Palimanan atau GT Brebes Timur.[1][2]\nGerbang Tol Kanci\t214\tKanci\nAstanajapura\nCirebon\nSimpang Susun Kanci\tJalan Tol Kanci-Pejagan\nJalan Tol Pejagan-Pemalang\nTarif (Rupiah baru)\nRute\tGol. I\tGol. II\tGol. III\tGol. IV\tGol. V\nPalimanan - Plumbon\t2,00\t3,00\t4,00\t5,00\t6,00\nPlumbon - Ciperna\t3,00\t4,00\t5,00\t6,50\t7,50\nCiperna - Kanci\t5,00\t6,00\t9,50\t11,50\t14,00\nBerlaku juga pada arah kebalikannya (reversibel).\nBerlaku sejak tanggal 11 Oktober 2013 pukul 00:00 WIB.\nSesuai kebijakan redenominasi rupiah, Rp1.000 lama senilai dengan Rp1 baru.", "tessellate": 1, "GEOTAGGING": "", "gx_media_links": "https:\/\/www.youtube.com\/embed\/ls74aKToVbI" }, "geometry": { "type": "LineString", "coordinates": [ [ 108.428358, -6.689794 ], [ 108.429273, -6.689795 ], [ 108.431047, -6.689805 ], [ 108.432445, -6.689756 ], [ 108.436121, -6.689706 ], [ 108.439485, -6.689648 ], [ 108.44391, -6.689813 ], [ 108.447621, -6.690096 ], [ 108.450331, -6.690387 ], [ 108.453399, -6.690821 ], [ 108.457472, -6.691607 ], [ 108.462189, -6.69264 ], [ 108.465647, -6.693361 ], [ 108.470104, -6.694316 ], [ 108.47477, -6.695363 ], [ 108.477869, -6.696123 ], [ 108.480007, -6.696973 ], [ 108.481621, -6.697807 ], [ 108.482384, -6.698338 ], [ 108.4833, -6.698962 ], [ 108.484939, -6.70016 ], [ 108.486144, -6.701108 ], [ 108.48885, -6.703081 ], [ 108.491342, -6.704857 ], [ 108.494063, -6.706858 ], [ 108.496208, -6.708482 ], [ 108.498725, -6.710302 ], [ 108.501314, -6.712251 ], [ 108.503465, -6.713964 ], [ 108.504433, -6.714864 ], [ 108.505897, -6.716489 ], [ 108.50726, -6.718169 ], [ 108.508056, -6.719303 ], [ 108.509036, -6.720942 ], [ 108.510118, -6.723132 ], [ 108.510737, -6.724494 ], [ 108.51181, -6.727239 ], [ 108.512597, -6.729149 ], [ 108.513259, -6.730845 ], [ 108.514129, -6.733103 ], [ 108.515202, -6.735769 ], [ 108.516605, -6.739385 ], [ 108.517764, -6.742318 ], [ 108.519079, -6.745593 ], [ 108.520313, -6.748792 ], [ 108.521195, -6.750907 ], [ 108.522044, -6.752978 ], [ 108.523432, -6.756021 ], [ 108.52535, -6.759255 ], [ 108.52714, -6.761738 ], [ 108.528368, -6.76315 ], [ 108.529499, -6.764417 ], [ 108.530035, -6.764919 ], [ 108.531403, -6.766223 ], [ 108.532509, -6.767152 ], [ 108.533636, -6.768064 ], [ 108.53504, -6.769051 ], [ 108.536606, -6.770074 ], [ 108.538219, -6.771002 ], [ 108.540135, -6.771927 ], [ 108.542218, -6.772859 ], [ 108.544488, -6.773636 ], [ 108.546456, -6.774245 ], [ 108.550206, -6.774987 ], [ 108.552436, -6.775198 ], [ 108.554882, -6.77536 ], [ 108.557371, -6.775436 ], [ 108.559802, -6.775723 ], [ 108.561992, -6.77612 ], [ 108.565966, -6.77713 ], [ 108.569553, -6.778336 ], [ 108.572107, -6.779448 ], [ 108.57397, -6.780363 ], [ 108.577696, -6.782392 ], [ 108.580699, -6.784071 ], [ 108.585739, -6.7868 ], [ 108.588473, -6.788325 ], [ 108.590441, -6.789376 ], [ 108.592871, -6.790436 ], [ 108.596548, -6.791836 ], [ 108.60065, -6.793266 ], [ 108.6055, -6.795046 ], [ 108.610413, -6.796919 ], [ 108.614635, -6.798483 ], [ 108.618862, -6.799905 ], [ 108.619843, -6.800235 ], [ 108.621195, -6.800583 ], [ 108.622075, -6.800776 ], [ 108.623523, -6.801204 ], [ 108.624658, -6.801544 ] ] } },
{ "type": "Feature", "properties": { "Name": "Akses Tol Palimanan - Kanci", "description": "Akses Tol Palimanan - Kanci   0.67 km", "tessellate": 1, "GEOTAGGING": "", "gx_media_links": null }, "geometry": { "type": "LineString", "coordinates": [ [ 108.479731, -6.696866 ], [ 108.480556, -6.697089 ], [ 108.481378, -6.697445 ], [ 108.481957, -6.697712 ], [ 108.482277, -6.69784 ], [ 108.482536, -6.697902 ], [ 108.482801, -6.697874 ], [ 108.483205, -6.697799 ], [ 108.483431, -6.69778 ], [ 108.483681, -6.697833 ], [ 108.483883, -6.69792 ], [ 108.484142, -6.698136 ], [ 108.484803, -6.698706 ], [ 108.485157, -6.699064 ] ] } },
{ "type": "Feature", "properties": { "Name": "Akses Tol Palimanan - Kanci", "description": "Akses Tol Palimanan - Kanci   0.49 km", "tessellate": 1, "GEOTAGGING": "", "gx_media_links": null }, "geometry": { "type": "LineString", "coordinates": [ [ 108.485275, -6.700427 ], [ 108.484783, -6.699878 ], [ 108.484317, -6.699546 ], [ 108.48384, -6.699184 ], [ 108.48349, -6.698926 ], [ 108.483291, -6.698704 ], [ 108.4832, -6.698528 ], [ 108.483186, -6.69834 ], [ 108.483247, -6.698166 ], [ 108.483348, -6.698035 ], [ 108.483488, -6.697961 ], [ 108.4837, -6.697941 ], [ 108.483908, -6.698017 ], [ 108.484285, -6.698256 ] ] } },
{ "type": "Feature", "properties": { "Name": "Akses Tol", "description": "Akses Tol   1.0 km", "tessellate": 1, "GEOTAGGING": "", "gx_media_links": null }, "geometry": { "type": "LineString", "coordinates": [ [ 108.525478, -6.759431 ], [ 108.525963, -6.759882 ], [ 108.526229, -6.760185 ], [ 108.526485, -6.760531 ], [ 108.526624, -6.760722 ], [ 108.526797, -6.760943 ], [ 108.526954, -6.761105 ], [ 108.527074, -6.761226 ], [ 108.527285, -6.761349 ], [ 108.527493, -6.761412 ], [ 108.527706, -6.761428 ], [ 108.527885, -6.761406 ], [ 108.528069, -6.761337 ], [ 108.528221, -6.761241 ], [ 108.528573, -6.760927 ], [ 108.529462, -6.760144 ], [ 108.530098, -6.759595 ], [ 108.530631, -6.759172 ], [ 108.530948, -6.759106 ], [ 108.531152, -6.759122 ], [ 108.531397, -6.759244 ], [ 108.531594, -6.759426 ], [ 108.532073, -6.759961 ], [ 108.532454, -6.760335 ] ] } },
{ "type": "Feature", "properties": { "Name": "Akses Tol", "description": "Akses Tol   0.53 km", "tessellate": 1, "GEOTAGGING": "", "gx_media_links": null }, "geometry": { "type": "LineString", "coordinates": [ [ 108.528197, -6.762967 ], [ 108.52853, -6.763491 ], [ 108.528941, -6.764041 ], [ 108.5292, -6.764461 ], [ 108.52926, -6.764667 ], [ 108.529267, -6.764883 ], [ 108.529214, -6.765085 ], [ 108.52913, -6.765228 ], [ 108.528903, -6.765469 ], [ 108.528147, -6.766121 ], [ 108.527503, -6.766706 ] ] } },
{ "type": "Feature", "properties": { "Name": "Jl. Tol Cikopo - Palimanan", "description": "Jalan Tol Cikopo–Palimanan\nJalan Tol Cikopo–Palimanan\nPanjang\t116 km\nPembangunan\t2011-2015\nPengelola\tPT Lintas Marga Sedaya (LMS\/Linmas)\nJalan Tol Cikopo–Palimanan, atau disingkat dengan Tol Cipali adalah sebuah jalan tol yang terbentang sepanjang 116 kilometer yang menghubungkan daerah Cikopo, Purwakarta dengan Palimanan, Cirebon, Jawa Barat. Jalan tol ini merupakan kelanjutan dari Jalan Tol Jakarta–Cikampek yang menghubungkan dengan Jalan Tol Palimanan–Kanci. Jalan tol juga sekaligus merupakan bagian dari Jalan Tol Trans Jawa yang akan menghubungkan Merak, Banten hingga Banyuwangi, Jawa Timur. Jalan tol ini memperpendek jarak tempuh sejauh 40 km dan diprediksi akan memotong waktu tempuh 1.5 sampai 2 jam dibandingkan melewati Jalur Pantura Jabar. Jalan Tol Cipali sendiri adalah bagian dari Jalan Tol Jakarta-Palimanan. Kilometer 0 berada di Cawang, Jakarta, dan berakhir di Kilometer 189 di Palimanan. Operator tol ini adalah PT Lintas Marga Sedaya (LMS).\n\n\nDaftar isi\n1\tPembangunan\n2\tFasilitas\n2.1\tTempat istirahat\n2.2\tGerbang Tol[3]\n3\tKontroversi Nama\n4\tRangkaian Kecelakaan setelah Diresmikan\n5\tReferensi\nPembangunan\nJalan tol Cikopo – Palimanan dibiayai dengan Skema Private Public Partnership (PPP) \/ Kerja sama Pemerintah Swasta (KPS) yang bertujuan untuk meningkatkan kapasitas jaringan jalan serta mendorong pengembangan kawasan pendukung di wilayah Jawa Barat.‎ Pembangunan dilaksanakan oleh PT Lintas Marga Sedaya (LMS\/Linmas) melalui komposisi pemegang saham adalah Operator Jalan di Negara Malaysia Barat yaitu, PLUS Expressways Berhad Sebesar 55% dan PT Baskhara Utama Sedaya sebesar 45% dengan total investasi sebesar Rp. 12,56 triliun dan masa konsesi 35 tahun.[1] Pekerjaan konstruksi dilaksanakan oleh Konsorsium PT. Karabha Griyamandiri - PT. Nusa Raya Cipta Joint Operation (KGNRC JO).\nProyek tol ini dimulai dengan ground breaking oleh Menteri Pekerjaan Umum Djoko Kirmanto pada 8 Desember 2011 dan diresmikan oleh Presiden Joko Widodo pada 13 Juni 2015 M\/28 Sya'ban 1436 H.\nJalan tol ini dibangun di atas lahan seluas 1.080,69 hektare dan terbagi menjadi 6 seksi[2]:\n\nSeksi I, Cikopo-Kalijati (29.12 kilometer)\nSeksi II, Kalijati-Subang (9.56 kilometer)\nSeksi III, Subang-Cikedung (31.37 kilometer)\nSeksi IV, Cikedung-Kertajati (17.66 kilometer)\nSeksi V, Kertajati-Sumberjaya (14.51 kilometer)\nSeksi VI, Sumberjaya-Palimanan (14.53 kilometer)\nJalan tol ini memiliki 8 tempat peristirahatan, 7 simpang susun, dan 7 tempat pertukaran antara lain di Cikopo, Kalijati, Subang, Cikedung, Kertajati, Sumberjaya, dan Palimanan. Tarif tol Cipali ditetapkan Rp 823\/km atau Rp 96 ribu jarak terjauh (Cikopo-Palimanan) untuk kendaraan golongan I. Semua simpang susun menggunakan desain Trumpet Interchange.\n\nFasilitas\nTempat istirahat\nJalan tol Cikopo-Palimanan mempunyai beberapa tempat istirahat untuk arah timur dan baratnya juga. Ada 8 tempat istirahat yaitu:\n\nLokasi (KM)\tArah\tTipe\tSPBU\tMasjid\/Musholla\tRestoran\tToilet\n86\tTimur\tB\t\tCheckbox.svg\tCheckbox.svg\tCheckbox.svg\n86\tBarat\tB\t\tCheckbox.svg\tCheckbox.svg\tCheckbox.svg\n102\tTimur\tA\tCheckbox.svg\tCheckbox.svg\tCheckbox.svg\tCheckbox.svg\n101\tBarat\tA\tCheckbox.svg\tCheckbox.svg\tCheckbox.svg\tCheckbox.svg\n130\tTimur\tB\t\tCheckbox.svg\tCheckbox.svg\tCheckbox.svg\n130\tBarat\tB\t\tCheckbox.svg\tCheckbox.svg\tCheckbox.svg\n166\tTimur\tA\tCheckbox.svg\tCheckbox.svg\tCheckbox.svg\tCheckbox.svg\n164\tBarat\tA\tCheckbox.svg\tCheckbox.svg\tCheckbox.svg\tCheckbox.svg\nGerbang Tol[3]\nGerbang tol\/simpang susun\tKM\tLokasi\tDestinasi\nGerbang Tol Cikopo\t78\tCikopo\tMulai 13 Juni 2016, tidak ada transaksi di gerbang tol tersebut. Pembayaran dilakukan di GT Cikarang Utama atau GT Palimanan.[4][5]\nLambang Kabupaten Purwakarta\nBatas Wilayah Kabupaten Purwakarta \n\nLambang Kabupaten Subang\nBatas Wilayah Kabupaten Subang\nGerbang Tol Kalijati\t98\tKalijati\tKalijati\nPurwadadi\nSukamandi\nGerbang Tol Subang\t110\tSubang\tSubang\nPamanukan\nLembang\nLambang Kabupaten Subang\nBatas Wilayah Kabupaten Subang \n\nLambang Kabupaten Indramayu\nBatas Wilayah Kabupaten Indramayu\nGerbang Tol Cikedung\t138\tCikedung\tCikedung\nCikamurang\nIndramayu\nLambang Kabupaten Indramayu\nBatas Wilayah Kabupaten Indramayu \n\nLambang Kabupaten Majalengka\nBatas Wilayah Kabupaten Majalengka\nGerbang Tol Kertajati\t159\tKertajati\tKertajati\nMajalengka\nSumedang\nBandung\nGerbang Tol Sumberjaya\t175\tSumberjaya\tSumberjaya\nJatiwangi\nLambang Kabupaten Majalengka\nBatas Wilayah Kabupaten Majalengka \n\nLambang Kabupaten Cirebon\nBatas Wilayah Kabupaten Cirebon\nGerbang Tol Palimanan\t188\tPalimanan\t1. Gerbang akhir:\nKe:\nPalimanan\nJatibarang\nIndramayu\nJalan Tol Palimanan-Kanci\n2. Gerbang awal:\nArah:\nJakarta", "tessellate": 1, "GEOTAGGING": "", "gx_media_links": "https:\/\/www.youtube.com\/embed\/MDYSsDj828U" }, "geometry": { "type": "LineString", "coordinates": [ [ 107.428533, -6.424353 ], [ 107.430808, -6.425268 ], [ 107.435804, -6.427258 ], [ 107.439358, -6.428637 ], [ 107.444029, -6.430545 ], [ 107.44977, -6.432805 ], [ 107.455256, -6.434842 ], [ 107.457272, -6.435459 ], [ 107.46173, -6.436791 ], [ 107.466146, -6.438118 ], [ 107.470226, -6.439328 ], [ 107.474594, -6.440637 ], [ 107.476567, -6.441305 ], [ 107.47905, -6.442086 ], [ 107.480457, -6.442472 ], [ 107.481733, -6.442911 ], [ 107.48441, -6.443683 ], [ 107.485573, -6.444135 ], [ 107.487083, -6.44476 ], [ 107.488437, -6.445352 ], [ 107.489857, -6.446154 ], [ 107.490889, -6.446772 ], [ 107.49206, -6.447596 ], [ 107.493347, -6.448668 ], [ 107.494071, -6.449243 ], [ 107.495365, -6.450477 ], [ 107.497123, -6.452258 ], [ 107.498073, -6.453224 ], [ 107.499657, -6.454587 ], [ 107.500443, -6.45512 ], [ 107.501135, -6.455473 ], [ 107.502249, -6.456108 ], [ 107.503108, -6.456495 ], [ 107.503937, -6.456807 ], [ 107.505428, -6.457279 ], [ 107.506599, -6.457588 ], [ 107.509016, -6.45821 ], [ 107.511813, -6.458834 ], [ 107.512975, -6.459097 ], [ 107.514577, -6.459597 ], [ 107.516633, -6.46006 ], [ 107.519769, -6.460809 ], [ 107.521028, -6.461087 ], [ 107.522326, -6.461471 ], [ 107.524354, -6.462028 ], [ 107.525168, -6.462315 ], [ 107.526321, -6.462816 ], [ 107.5274, -6.463361 ], [ 107.528107, -6.463711 ], [ 107.529781, -6.464938 ], [ 107.530228, -6.465321 ], [ 107.531589, -6.466687 ], [ 107.532947, -6.468008 ], [ 107.533925, -6.468899 ], [ 107.534624, -6.469466 ], [ 107.535881, -6.470323 ], [ 107.536986, -6.470954 ], [ 107.538366, -6.471572 ], [ 107.539729, -6.472055 ], [ 107.541237, -6.472444 ], [ 107.542465, -6.47263 ], [ 107.544087, -6.472785 ], [ 107.545654, -6.472789 ], [ 107.547343, -6.472755 ], [ 107.550465, -6.472699 ], [ 107.551972, -6.472672 ], [ 107.553628, -6.47277 ], [ 107.555305, -6.473011 ], [ 107.556731, -6.473339 ], [ 107.558197, -6.473775 ], [ 107.559916, -6.474369 ], [ 107.562196, -6.47522 ], [ 107.564262, -6.475827 ], [ 107.565954, -6.476211 ], [ 107.567208, -6.476404 ], [ 107.568969, -6.476546 ], [ 107.57071, -6.476577 ], [ 107.572724, -6.476382 ], [ 107.575262, -6.475908 ], [ 107.57705, -6.475366 ], [ 107.579031, -6.474638 ], [ 107.581817, -6.473636 ], [ 107.584066, -6.472855 ], [ 107.585694, -6.472385 ], [ 107.587589, -6.471948 ], [ 107.589047, -6.471682 ], [ 107.590842, -6.471455 ], [ 107.59267, -6.471341 ], [ 107.595046, -6.471272 ], [ 107.597709, -6.47124 ], [ 107.601908, -6.471199 ], [ 107.606888, -6.471112 ], [ 107.611558, -6.471067 ], [ 107.613205, -6.471159 ], [ 107.615254, -6.471389 ], [ 107.617373, -6.471817 ], [ 107.619497, -6.472426 ], [ 107.620864, -6.47292 ], [ 107.622972, -6.473845 ], [ 107.624531, -6.474711 ], [ 107.626297, -6.475765 ], [ 107.62809, -6.47712 ], [ 107.629575, -6.478402 ], [ 107.630882, -6.479734 ], [ 107.631866, -6.480821 ], [ 107.633414, -6.482835 ], [ 107.635225, -6.485301 ], [ 107.636345, -6.486724 ], [ 107.636908, -6.487341 ], [ 107.637576, -6.488042 ], [ 107.638792, -6.48913 ], [ 107.639805, -6.489959 ], [ 107.641475, -6.491092 ], [ 107.643484, -6.492247 ], [ 107.645023, -6.492872 ], [ 107.647205, -6.49357 ], [ 107.649174, -6.494017 ], [ 107.652437, -6.494524 ], [ 107.656029, -6.495092 ], [ 107.658068, -6.495497 ], [ 107.659212, -6.495785 ], [ 107.66052, -6.496177 ], [ 107.66257, -6.49686 ], [ 107.66468, -6.497559 ], [ 107.667949, -6.498657 ], [ 107.671116, -6.499682 ], [ 107.674928, -6.500967 ], [ 107.678508, -6.502158 ], [ 107.681494, -6.503135 ], [ 107.683793, -6.503925 ], [ 107.686393, -6.504763 ], [ 107.688537, -6.505483 ], [ 107.69041, -6.506115 ], [ 107.694194, -6.507366 ], [ 107.696913, -6.508266 ], [ 107.699463, -6.508885 ], [ 107.701473, -6.509303 ], [ 107.703058, -6.509524 ], [ 107.70504, -6.509741 ], [ 107.706977, -6.509798 ], [ 107.709297, -6.509771 ], [ 107.712658, -6.509475 ], [ 107.717152, -6.508981 ], [ 107.720231, -6.508611 ], [ 107.723105, -6.508289 ], [ 107.724684, -6.508153 ], [ 107.726312, -6.508018 ], [ 107.727819, -6.507989 ], [ 107.72973, -6.508018 ], [ 107.731581, -6.508126 ], [ 107.733695, -6.508362 ], [ 107.734987, -6.508619 ], [ 107.736714, -6.508828 ], [ 107.738158, -6.509144 ], [ 107.740715, -6.50985 ], [ 107.742595, -6.510446 ], [ 107.744763, -6.511294 ], [ 107.746757, -6.51215 ], [ 107.748039, -6.512812 ], [ 107.749224, -6.513432 ], [ 107.750796, -6.51437 ], [ 107.752849, -6.515652 ], [ 107.754933, -6.51702 ], [ 107.756656, -6.518167 ], [ 107.758519, -6.519314 ], [ 107.760357, -6.520325 ], [ 107.762149, -6.521307 ], [ 107.76393, -6.522209 ], [ 107.765656, -6.522974 ], [ 107.767516, -6.523764 ], [ 107.770128, -6.524731 ], [ 107.774295, -6.526014 ], [ 107.776076, -6.526457 ], [ 107.778973, -6.527083 ], [ 107.781525, -6.527513 ], [ 107.784198, -6.527881 ], [ 107.787314, -6.528297 ], [ 107.790069, -6.528626 ], [ 107.792, -6.528838 ], [ 107.795376, -6.529081 ], [ 107.798834, -6.529236 ], [ 107.803308, -6.529353 ], [ 107.806787, -6.529517 ], [ 107.809332, -6.529686 ], [ 107.811883, -6.52993 ], [ 107.815584, -6.530405 ], [ 107.819271, -6.53108 ], [ 107.823038, -6.531928 ], [ 107.826, -6.532704 ], [ 107.828968, -6.533562 ], [ 107.8324, -6.534764 ], [ 107.836496, -6.536158 ], [ 107.839267, -6.536798 ], [ 107.841505, -6.537112 ], [ 107.844536, -6.537292 ], [ 107.847974, -6.53735 ], [ 107.851463, -6.537431 ], [ 107.854368, -6.537487 ], [ 107.857289, -6.537524 ], [ 107.860211, -6.537687 ], [ 107.862925, -6.537951 ], [ 107.865476, -6.538271 ], [ 107.868702, -6.53893 ], [ 107.872777, -6.539915 ], [ 107.876698, -6.54115 ], [ 107.879213, -6.542173 ], [ 107.882135, -6.543457 ], [ 107.884948, -6.544906 ], [ 107.888106, -6.546728 ], [ 107.89128, -6.548859 ], [ 107.893832, -6.550788 ], [ 107.896231, -6.552738 ], [ 107.898701, -6.554629 ], [ 107.901632, -6.556759 ], [ 107.903653, -6.55807 ], [ 107.904898, -6.558748 ], [ 107.906055, -6.559452 ], [ 107.907841, -6.560377 ], [ 107.909511, -6.561173 ], [ 107.911686, -6.562117 ], [ 107.913923, -6.562945 ], [ 107.916922, -6.563905 ], [ 107.920614, -6.564984 ], [ 107.923598, -6.565795 ], [ 107.927679, -6.566959 ], [ 107.930312, -6.567684 ], [ 107.934299, -6.568804 ], [ 107.938697, -6.570073 ], [ 107.94307, -6.571364 ], [ 107.947862, -6.572687 ], [ 107.95274, -6.574093 ], [ 107.95667, -6.57524 ], [ 107.9588, -6.575863 ], [ 107.96167, -6.576707 ], [ 107.963315, -6.577338 ], [ 107.965862, -6.57841 ], [ 107.968285, -6.579557 ], [ 107.970459, -6.580681 ], [ 107.972449, -6.581885 ], [ 107.974756, -6.583354 ], [ 107.977002, -6.584926 ], [ 107.979564, -6.586731 ], [ 107.981864, -6.588337 ], [ 107.984785, -6.590384 ], [ 107.987499, -6.592319 ], [ 107.990523, -6.594413 ], [ 107.992714, -6.595964 ], [ 107.995372, -6.597821 ], [ 107.998717, -6.600192 ], [ 108.001981, -6.602445 ], [ 108.002768, -6.602965 ], [ 108.005299, -6.604488 ], [ 108.006657, -6.605263 ], [ 108.008253, -6.606064 ], [ 108.011022, -6.607338 ], [ 108.013605, -6.608408 ], [ 108.016545, -6.609409 ], [ 108.021434, -6.611013 ], [ 108.024037, -6.61191 ], [ 108.024565, -6.612073 ], [ 108.024896, -6.612189 ], [ 108.02524, -6.612304 ], [ 108.025813, -6.612494 ], [ 108.026337, -6.612677 ], [ 108.027312, -6.613031 ], [ 108.028706, -6.61349 ], [ 108.030749, -6.614238 ], [ 108.031777, -6.614595 ], [ 108.032628, -6.61496 ], [ 108.033824, -6.615534 ], [ 108.036275, -6.61681 ], [ 108.038203, -6.61797 ], [ 108.039862, -6.619071 ], [ 108.04165, -6.620337 ], [ 108.043613, -6.621941 ], [ 108.045083, -6.623232 ], [ 108.046213, -6.624312 ], [ 108.04757, -6.625749 ], [ 108.048716, -6.627033 ], [ 108.049997, -6.628482 ], [ 108.050801, -6.629433 ], [ 108.051818, -6.630563 ], [ 108.052654, -6.63142 ], [ 108.053607, -6.632347 ], [ 108.055009, -6.633768 ], [ 108.056497, -6.635288 ], [ 108.058571, -6.637379 ], [ 108.060282, -6.639114 ], [ 108.061565, -6.640325 ], [ 108.063267, -6.641864 ], [ 108.064742, -6.643142 ], [ 108.066459, -6.644589 ], [ 108.068146, -6.645908 ], [ 108.070875, -6.64792 ], [ 108.07299, -6.649392 ], [ 108.075658, -6.651102 ], [ 108.078087, -6.652569 ], [ 108.081525, -6.654499 ], [ 108.085417, -6.656718 ], [ 108.086756, -6.657552 ], [ 108.088501, -6.658709 ], [ 108.089823, -6.659675 ], [ 108.091357, -6.660936 ], [ 108.092975, -6.662361 ], [ 108.093947, -6.6633 ], [ 108.095604, -6.664986 ], [ 108.097224, -6.666768 ], [ 108.099018, -6.668636 ], [ 108.100784, -6.670528 ], [ 108.102976, -6.672895 ], [ 108.105023, -6.675102 ], [ 108.107189, -6.677397 ], [ 108.109174, -6.679536 ], [ 108.111464, -6.681997 ], [ 108.113731, -6.684403 ], [ 108.115969, -6.686737 ], [ 108.117635, -6.688315 ], [ 108.118889, -6.689334 ], [ 108.120693, -6.690734 ], [ 108.121986, -6.69166 ], [ 108.123252, -6.692498 ], [ 108.124552, -6.693272 ], [ 108.125922, -6.694051 ], [ 108.127662, -6.694904 ], [ 108.129471, -6.695688 ], [ 108.131272, -6.696411 ], [ 108.133116, -6.697049 ], [ 108.135252, -6.697647 ], [ 108.138102, -6.698263 ], [ 108.140991, -6.698724 ], [ 108.143254, -6.698906 ], [ 108.146171, -6.699019 ], [ 108.148586, -6.698948 ], [ 108.151688, -6.698827 ], [ 108.155667, -6.698705 ], [ 108.158376, -6.698708 ], [ 108.16118, -6.698935 ], [ 108.163521, -6.69923 ], [ 108.165834, -6.699658 ], [ 108.169162, -6.700381 ], [ 108.172073, -6.701032 ], [ 108.174943, -6.701456 ], [ 108.176825, -6.701688 ], [ 108.179367, -6.701867 ], [ 108.180842, -6.701912 ], [ 108.182092, -6.701928 ], [ 108.184507, -6.701832 ], [ 108.187856, -6.701654 ], [ 108.191119, -6.701516 ], [ 108.194843, -6.701298 ], [ 108.198171, -6.701101 ], [ 108.201162, -6.700974 ], [ 108.20494, -6.700765 ], [ 108.207015, -6.700679 ], [ 108.208348, -6.700689 ], [ 108.210053, -6.700804 ], [ 108.211537, -6.700913 ], [ 108.213519, -6.701238 ], [ 108.215161, -6.701549 ], [ 108.218079, -6.702334 ], [ 108.220381, -6.703147 ], [ 108.222706, -6.704131 ], [ 108.225422, -6.705528 ], [ 108.228922, -6.707725 ], [ 108.232175, -6.70977 ], [ 108.235122, -6.711493 ], [ 108.236437, -6.712175 ], [ 108.23884, -6.713218 ], [ 108.241546, -6.71414 ], [ 108.24325, -6.714632 ], [ 108.246001, -6.71521 ], [ 108.248457, -6.715562 ], [ 108.250892, -6.715754 ], [ 108.253075, -6.715819 ], [ 108.255418, -6.715714 ], [ 108.258425, -6.715357 ], [ 108.262216, -6.714597 ], [ 108.265895, -6.713419 ], [ 108.268838, -6.712193 ], [ 108.273085, -6.710107 ], [ 108.277203, -6.708113 ], [ 108.281624, -6.705958 ], [ 108.285989, -6.703863 ], [ 108.290642, -6.701598 ], [ 108.294915, -6.699527 ], [ 108.299294, -6.697402 ], [ 108.301631, -6.696353 ], [ 108.304209, -6.695462 ], [ 108.306813, -6.694762 ], [ 108.309148, -6.694296 ], [ 108.310432, -6.694142 ], [ 108.312121, -6.693961 ], [ 108.315561, -6.693824 ], [ 108.318074, -6.693791 ], [ 108.320616, -6.693667 ], [ 108.322287, -6.693563 ], [ 108.324051, -6.693362 ], [ 108.326157, -6.693031 ], [ 108.328059, -6.692573 ], [ 108.330869, -6.691766 ], [ 108.334213, -6.690643 ], [ 108.336824, -6.689763 ], [ 108.339736, -6.68878 ], [ 108.342808, -6.687784 ], [ 108.344579, -6.687296 ], [ 108.346658, -6.686973 ], [ 108.348426, -6.686913 ], [ 108.350547, -6.687014 ], [ 108.352327, -6.687272 ], [ 108.354003, -6.687688 ], [ 108.357531, -6.68885 ], [ 108.359557, -6.689513 ], [ 108.360661, -6.690001 ], [ 108.361711, -6.690628 ], [ 108.362637, -6.691347 ], [ 108.363525, -6.692204 ], [ 108.364524, -6.693477 ], [ 108.36594, -6.695426 ], [ 108.366344, -6.695917 ], [ 108.366856, -6.696471 ], [ 108.367606, -6.697221 ], [ 108.368553, -6.697911 ], [ 108.369608, -6.69851 ], [ 108.371005, -6.699116 ], [ 108.372443, -6.699505 ], [ 108.374016, -6.69976 ], [ 108.375313, -6.699839 ], [ 108.376, -6.69987 ], [ 108.376934, -6.699812 ], [ 108.377682, -6.699624 ], [ 108.378948, -6.699105 ], [ 108.38075, -6.698059 ], [ 108.382826, -6.696358 ], [ 108.384133, -6.694808 ], [ 108.38571, -6.69302 ], [ 108.38735, -6.691633 ], [ 108.388914, -6.690769 ], [ 108.390396, -6.690299 ], [ 108.391658, -6.690074 ], [ 108.393655, -6.689953 ], [ 108.396175, -6.68981 ], [ 108.399048, -6.68962 ], [ 108.400901, -6.689602 ], [ 108.403756, -6.689604 ], [ 108.407156, -6.68968 ], [ 108.410736, -6.689755 ], [ 108.41459, -6.689866 ], [ 108.417442, -6.689941 ], [ 108.4211, -6.68993 ], [ 108.423069, -6.689899 ], [ 108.425894, -6.689853 ], [ 108.428361, -6.689793 ] ] } },
{ "type": "Feature", "properties": { "Name": "Simpang Susun Kalijati", "description": "Simpang Susun Kalijati   0.89 km", "tessellate": 1, "GEOTAGGING": "", "gx_media_links": null }, "geometry": { "type": "LineString", "coordinates": [ [ 107.677892, -6.501955 ], [ 107.679053, -6.502497 ], [ 107.679723, -6.502792 ], [ 107.680254, -6.503056 ], [ 107.680568, -6.503281 ], [ 107.68078, -6.503476 ], [ 107.680976, -6.503748 ], [ 107.681099, -6.504039 ], [ 107.68121, -6.504464 ], [ 107.681238, -6.504787 ], [ 107.681217, -6.505078 ], [ 107.681067, -6.505814 ], [ 107.680821, -6.506969 ], [ 107.680439, -6.508037 ] ] } },
{ "type": "Feature", "properties": { "Name": "Simpang Susun Kalijati", "description": "Simpang Susun Kalijati   0.94 km", "tessellate": 1, "GEOTAGGING": "", "gx_media_links": null }, "geometry": { "type": "LineString", "coordinates": [ [ 107.677756, -6.501914 ], [ 107.680103, -6.502519 ], [ 107.681409, -6.502867 ], [ 107.682665, -6.50324 ], [ 107.683448, -6.503426 ], [ 107.683681, -6.503431 ], [ 107.683926, -6.503287 ], [ 107.684106, -6.50313 ], [ 107.684203, -6.502905 ], [ 107.684238, -6.502741 ], [ 107.684224, -6.502543 ], [ 107.684139, -6.50232 ], [ 107.683979, -6.502139 ], [ 107.683736, -6.501987 ], [ 107.683448, -6.501895 ], [ 107.683247, -6.501894 ] ] } },
{ "type": "Feature", "properties": { "Name": "Simpang Susun Kalijati", "description": "Simpang Susun Kalijati   1.37 km", "tessellate": 1, "GEOTAGGING": "", "gx_media_links": null }, "geometry": { "type": "LineString", "coordinates": [ [ 107.688399, -6.50544 ], [ 107.687571, -6.505074 ], [ 107.686763, -6.504716 ], [ 107.686154, -6.50442 ], [ 107.685637, -6.504202 ], [ 107.685389, -6.504045 ], [ 107.685144, -6.503846 ], [ 107.684889, -6.50354 ], [ 107.684744, -6.50329 ], [ 107.684573, -6.50291 ], [ 107.68444, -6.502612 ], [ 107.684253, -6.502303 ], [ 107.684015, -6.502074 ], [ 107.683783, -6.501934 ], [ 107.683434, -6.501893 ], [ 107.683213, -6.501898 ], [ 107.682995, -6.501952 ], [ 107.682795, -6.502057 ], [ 107.682556, -6.502246 ], [ 107.682418, -6.502454 ], [ 107.682282, -6.502713 ], [ 107.681952, -6.503623 ], [ 107.681504, -6.504935 ], [ 107.681038, -6.506281 ], [ 107.680814, -6.507001 ] ] } },
{ "type": "Feature", "properties": { "Name": "Simpang Susun Kalijati", "description": "Simpang Susun Kalijati   0.97 km", "tessellate": 1, "GEOTAGGING": "", "gx_media_links": null }, "geometry": { "type": "LineString", "coordinates": [ [ 107.68792, -6.505273 ], [ 107.686045, -6.504818 ], [ 107.685248, -6.504592 ], [ 107.684126, -6.504294 ], [ 107.683784, -6.504208 ], [ 107.683503, -6.504166 ], [ 107.683235, -6.504164 ], [ 107.682973, -6.504199 ], [ 107.682726, -6.504271 ], [ 107.68252, -6.504349 ], [ 107.682303, -6.504467 ], [ 107.682062, -6.504644 ], [ 107.681768, -6.504959 ], [ 107.681565, -6.505295 ], [ 107.681463, -6.505508 ], [ 107.681176, -6.506172 ], [ 107.680817, -6.506986 ] ] } },
{ "type": "Feature", "properties": { "Name": "Simpang Susun Subang", "description": "Simpang Susun Subang   1.73 km", "tessellate": 1, "GEOTAGGING": "", "gx_media_links": null }, "geometry": { "type": "LineString", "coordinates": [ [ 107.774092, -6.525954 ], [ 107.77583, -6.526241 ], [ 107.776732, -6.52638 ], [ 107.777642, -6.526549 ], [ 107.778114, -6.526615 ], [ 107.778568, -6.526578 ], [ 107.778989, -6.526427 ], [ 107.779368, -6.526174 ], [ 107.779706, -6.525882 ], [ 107.780077, -6.525642 ], [ 107.78044, -6.525511 ], [ 107.780731, -6.5255 ], [ 107.781017, -6.525587 ], [ 107.781324, -6.525792 ], [ 107.78153, -6.526009 ], [ 107.781639, -6.526207 ], [ 107.781691, -6.526375 ], [ 107.781717, -6.526651 ], [ 107.781706, -6.526874 ], [ 107.781579, -6.527623 ], [ 107.78143, -6.528739 ], [ 107.781276, -6.529884 ], [ 107.781224, -6.530283 ], [ 107.781201, -6.530477 ], [ 107.781231, -6.530757 ], [ 107.781315, -6.531031 ], [ 107.781393, -6.531214 ], [ 107.781583, -6.531456 ], [ 107.781845, -6.531661 ], [ 107.782154, -6.531811 ], [ 107.782504, -6.531868 ], [ 107.782818, -6.531856 ], [ 107.78304, -6.531867 ], [ 107.783504, -6.531872 ] ] } },
{ "type": "Feature", "properties": { "Name": "Simpang Susun Subang", "description": "Simpang Susun Subang   0.81 km", "tessellate": 1, "GEOTAGGING": "", "gx_media_links": null }, "geometry": { "type": "LineString", "coordinates": [ [ 107.784952, -6.527986 ], [ 107.783442, -6.527626 ], [ 107.782734, -6.527465 ], [ 107.781933, -6.527305 ], [ 107.780811, -6.52713 ], [ 107.780441, -6.527039 ], [ 107.780187, -6.526908 ], [ 107.780022, -6.52675 ], [ 107.779911, -6.526509 ], [ 107.779891, -6.526293 ], [ 107.779916, -6.526088 ], [ 107.780024, -6.525888 ], [ 107.78017, -6.525731 ], [ 107.78038, -6.525619 ], [ 107.7806, -6.52558 ], [ 107.780818, -6.525586 ], [ 107.781218, -6.525723 ] ] } },
{ "type": "Feature", "properties": { "Name": "Simpang Susun Subang", "description": "Simpang Susun Subang   0.77 km", "tessellate": 1, "GEOTAGGING": "", "gx_media_links": null }, "geometry": { "type": "LineString", "coordinates": [ [ 107.776832, -6.526623 ], [ 107.777967, -6.527026 ], [ 107.778716, -6.527222 ], [ 107.77942, -6.527394 ], [ 107.779861, -6.527525 ], [ 107.7802, -6.527686 ], [ 107.780437, -6.527853 ], [ 107.780654, -6.528074 ], [ 107.780857, -6.52832 ], [ 107.780951, -6.528501 ], [ 107.781057, -6.528764 ], [ 107.78112, -6.528977 ], [ 107.781152, -6.529221 ], [ 107.781162, -6.529522 ], [ 107.78116, -6.530014 ], [ 107.781135, -6.530353 ], [ 107.78116, -6.530553 ], [ 107.781229, -6.530744 ] ] } },
{ "type": "Feature", "properties": { "Name": "Simpang Susun Subang", "description": "Simpang Susun Subang   0.84 km", "tessellate": 1, "GEOTAGGING": "", "gx_media_links": null }, "geometry": { "type": "LineString", "coordinates": [ [ 107.787234, -6.528287 ], [ 107.786544, -6.528325 ], [ 107.785337, -6.528235 ], [ 107.784769, -6.528182 ], [ 107.783677, -6.528077 ], [ 107.783395, -6.528073 ], [ 107.783176, -6.528078 ], [ 107.782782, -6.528174 ], [ 107.782505, -6.528305 ], [ 107.782171, -6.52852 ], [ 107.781991, -6.528678 ], [ 107.781783, -6.52893 ], [ 107.781594, -6.529256 ], [ 107.781514, -6.529465 ], [ 107.781422, -6.529808 ], [ 107.781319, -6.530257 ], [ 107.781228, -6.530724 ] ] } },
{ "type": "Feature", "properties": { "Name": "Simpang Susun Cikedung", "description": "Simpang Susun Cikedung   1.56 km", "tessellate": 1, "GEOTAGGING": "", "gx_media_links": null }, "geometry": { "type": "LineString", "coordinates": [ [ 108.011928, -6.607714 ], [ 108.013886, -6.60834 ], [ 108.014914, -6.608615 ], [ 108.01569, -6.608835 ], [ 108.016143, -6.608905 ], [ 108.016448, -6.608876 ], [ 108.016754, -6.608794 ], [ 108.017074, -6.608653 ], [ 108.01738, -6.608452 ], [ 108.017839, -6.608158 ], [ 108.018167, -6.608029 ], [ 108.018504, -6.607975 ], [ 108.018823, -6.608045 ], [ 108.019033, -6.608148 ], [ 108.019284, -6.608389 ], [ 108.019474, -6.608757 ], [ 108.019513, -6.609008 ], [ 108.01951, -6.609235 ], [ 108.019461, -6.609492 ], [ 108.019363, -6.609783 ], [ 108.019117, -6.610538 ], [ 108.018838, -6.61137 ], [ 108.018553, -6.612279 ], [ 108.018208, -6.613278 ], [ 108.017848, -6.61435 ] ] } },
{ "type": "Feature", "properties": { "Name": "Simpang Susun Cikedung", "description": "Simpang Susun Cikedung   0.67 km", "tessellate": 1, "GEOTAGGING": "", "gx_media_links": null }, "geometry": { "type": "LineString", "coordinates": [ [ 108.019235, -6.608355 ], [ 108.018735, -6.608093 ], [ 108.018473, -6.608063 ], [ 108.018237, -6.608102 ], [ 108.018075, -6.608189 ], [ 108.017953, -6.608281 ], [ 108.017842, -6.608424 ], [ 108.017768, -6.608564 ], [ 108.017733, -6.608755 ], [ 108.01775, -6.608976 ], [ 108.017844, -6.609194 ], [ 108.018011, -6.609385 ], [ 108.018325, -6.609565 ], [ 108.018811, -6.609812 ], [ 108.019419, -6.610084 ], [ 108.019873, -6.610327 ], [ 108.020259, -6.610508 ], [ 108.02103, -6.610884 ] ] } },
{ "type": "Feature", "properties": { "Name": "Simpang Susun Cikedung", "description": "Simpang Susun Cikedung   1.0 km", "tessellate": 1, "GEOTAGGING": "", "gx_media_links": null }, "geometry": { "type": "LineString", "coordinates": [ [ 108.013031, -6.608179 ], [ 108.014176, -6.608685 ], [ 108.014931, -6.608996 ], [ 108.016034, -6.609463 ], [ 108.016806, -6.609756 ], [ 108.017347, -6.609987 ], [ 108.017608, -6.610149 ], [ 108.017896, -6.610406 ], [ 108.018066, -6.610611 ], [ 108.018206, -6.610847 ], [ 108.018343, -6.61114 ], [ 108.018399, -6.611411 ], [ 108.01842, -6.61163 ], [ 108.018412, -6.611898 ], [ 108.018311, -6.612528 ], [ 108.018196, -6.613 ], [ 108.018003, -6.613704 ], [ 108.017921, -6.614147 ] ] } },
{ "type": "Feature", "properties": { "Name": "Simpang Susun Cikedung", "description": "Simpang Susun Cikedung   0.96 km", "tessellate": 1, "GEOTAGGING": "", "gx_media_links": null }, "geometry": { "type": "LineString", "coordinates": [ [ 108.024829, -6.612168 ], [ 108.024054, -6.612027 ], [ 108.023431, -6.611879 ], [ 108.022738, -6.611691 ], [ 108.021967, -6.611466 ], [ 108.021439, -6.611297 ], [ 108.0211, -6.611217 ], [ 108.020774, -6.611183 ], [ 108.020416, -6.611183 ], [ 108.020057, -6.611234 ], [ 108.019815, -6.611303 ], [ 108.019572, -6.611412 ], [ 108.019332, -6.611563 ], [ 108.0191, -6.611764 ], [ 108.018893, -6.611996 ], [ 108.018738, -6.61228 ], [ 108.018386, -6.613057 ], [ 108.01814, -6.613683 ], [ 108.018016, -6.613968 ], [ 108.017922, -6.614131 ] ] } },
{ "type": "Feature", "properties": { "Name": "Simpang Susun Kertajati", "description": "Simpang Susun Kertajati   0.97 km", "tessellate": 1, "GEOTAGGING": "", "gx_media_links": null }, "geometry": { "type": "LineString", "coordinates": [ [ 108.167338, -6.699986 ], [ 108.169391, -6.700292 ], [ 108.170733, -6.70049 ], [ 108.172063, -6.700733 ], [ 108.173062, -6.700898 ], [ 108.173413, -6.700921 ], [ 108.173651, -6.700863 ], [ 108.173847, -6.700783 ], [ 108.174005, -6.700636 ], [ 108.1741, -6.700508 ], [ 108.174149, -6.700363 ], [ 108.17418, -6.700232 ], [ 108.174185, -6.700097 ], [ 108.174156, -6.699943 ], [ 108.174097, -6.699815 ], [ 108.173967, -6.699646 ], [ 108.173808, -6.699527 ], [ 108.173633, -6.699458 ], [ 108.173456, -6.699408 ], [ 108.173149, -6.699379 ] ] } },
{ "type": "Feature", "properties": { "Name": "Simpang Susun Kertajati", "description": "Simpang Susun Kertajati   1.51 km", "tessellate": 1, "GEOTAGGING": "", "gx_media_links": null }, "geometry": { "type": "LineString", "coordinates": [ [ 108.179621, -6.701874 ], [ 108.178624, -6.701686 ], [ 108.178181, -6.701625 ], [ 108.177663, -6.701572 ], [ 108.177218, -6.70152 ], [ 108.176525, -6.701434 ], [ 108.17604, -6.701375 ], [ 108.175825, -6.701318 ], [ 108.175649, -6.701267 ], [ 108.175468, -6.701186 ], [ 108.175253, -6.701061 ], [ 108.175066, -6.700925 ], [ 108.174905, -6.700765 ], [ 108.174767, -6.700607 ], [ 108.174642, -6.700428 ], [ 108.17431, -6.699895 ], [ 108.174149, -6.699704 ], [ 108.17399, -6.699562 ], [ 108.173845, -6.699459 ], [ 108.173724, -6.699411 ], [ 108.173576, -6.699359 ], [ 108.17343, -6.699334 ], [ 108.173281, -6.699352 ], [ 108.173126, -6.699386 ], [ 108.17299, -6.699416 ], [ 108.172844, -6.699464 ], [ 108.172687, -6.699568 ], [ 108.172541, -6.699689 ], [ 108.172431, -6.699805 ], [ 108.172355, -6.699946 ], [ 108.172244, -6.700176 ], [ 108.172149, -6.700535 ], [ 108.172086, -6.700853 ], [ 108.171934, -6.701628 ], [ 108.1717, -6.702873 ], [ 108.17149, -6.704025 ], [ 108.171267, -6.705161 ] ] } },
{ "type": "Feature", "properties": { "Name": "Simpang Susun Kertajati", "description": "Simpang Susun Kertajati   0.80 km", "tessellate": 1, "GEOTAGGING": "", "gx_media_links": null }, "geometry": { "type": "LineString", "coordinates": [ [ 108.167476, -6.700015 ], [ 108.16882, -6.700427 ], [ 108.16996, -6.700755 ], [ 108.170411, -6.700895 ], [ 108.170807, -6.701168 ], [ 108.171076, -6.70145 ], [ 108.171247, -6.701711 ], [ 108.171399, -6.702014 ], [ 108.171481, -6.70228 ], [ 108.171509, -6.702567 ], [ 108.171518, -6.702755 ], [ 108.171452, -6.703564 ], [ 108.171355, -6.704672 ] ] } },
{ "type": "Feature", "properties": { "Name": "Simpang Susun Kertajati", "description": "Simpang Susun Kertajati   0.81 km", "tessellate": 1, "GEOTAGGING": "", "gx_media_links": null }, "geometry": { "type": "LineString", "coordinates": [ [ 108.176687, -6.701674 ], [ 108.175457, -6.701656 ], [ 108.174568, -6.7016 ], [ 108.173855, -6.701557 ], [ 108.173672, -6.701546 ], [ 108.173465, -6.701577 ], [ 108.173242, -6.701615 ], [ 108.173086, -6.701671 ], [ 108.172874, -6.70177 ], [ 108.172588, -6.701944 ], [ 108.172381, -6.702125 ], [ 108.172203, -6.702312 ], [ 108.172084, -6.702472 ], [ 108.171947, -6.702721 ], [ 108.171843, -6.703014 ], [ 108.171695, -6.70353 ], [ 108.171546, -6.704121 ], [ 108.17134, -6.704784 ] ] } },
{ "type": "Feature", "properties": { "Name": "Simpang Susun Sumberjaya", "description": "Simpang Susun Sumberjaya   1.32 km", "tessellate": 1, "GEOTAGGING": "", "gx_media_links": null }, "geometry": { "type": "LineString", "coordinates": [ [ 108.304272, -6.695435 ], [ 108.305508, -6.694895 ], [ 108.306243, -6.694624 ], [ 108.307014, -6.694364 ], [ 108.307467, -6.694109 ], [ 108.307758, -6.693814 ], [ 108.307995, -6.693481 ], [ 108.308279, -6.692996 ], [ 108.308568, -6.692659 ], [ 108.308763, -6.692512 ], [ 108.309118, -6.692397 ], [ 108.30944, -6.69242 ], [ 108.309777, -6.692545 ], [ 108.310149, -6.692833 ], [ 108.310333, -6.693146 ], [ 108.310404, -6.693382 ], [ 108.310489, -6.693839 ], [ 108.310606, -6.69474 ], [ 108.310749, -6.696038 ], [ 108.31091, -6.697574 ] ] } },
{ "type": "Feature", "properties": { "Name": "Simpang Susun Sumberjaya", "description": "Simpang Susun Sumberjaya   0.70 km", "tessellate": 1, "GEOTAGGING": "", "gx_media_links": null }, "geometry": { "type": "LineString", "coordinates": [ [ 108.313241, -6.693915 ], [ 108.311642, -6.69385 ], [ 108.311095, -6.693868 ], [ 108.310245, -6.693897 ], [ 108.309701, -6.693923 ], [ 108.309133, -6.6939 ], [ 108.308755, -6.693739 ], [ 108.308576, -6.69351 ], [ 108.308499, -6.693268 ], [ 108.308515, -6.693012 ], [ 108.308648, -6.69273 ], [ 108.308849, -6.692557 ], [ 108.309282, -6.692405 ] ] } },
{ "type": "Feature", "properties": { "Name": "Simpang Susun Sumberjaya", "description": "Simpang Susun Sumberjaya   0.65 km", "tessellate": 1, "GEOTAGGING": "", "gx_media_links": null }, "geometry": { "type": "LineString", "coordinates": [ [ 108.314291, -6.693871 ], [ 108.313414, -6.694092 ], [ 108.312935, -6.694134 ], [ 108.31268, -6.694156 ], [ 108.31245, -6.694209 ], [ 108.312168, -6.694292 ], [ 108.311863, -6.694457 ], [ 108.311598, -6.694641 ], [ 108.311386, -6.694853 ], [ 108.311198, -6.695131 ], [ 108.311069, -6.695406 ], [ 108.310962, -6.69575 ], [ 108.310935, -6.696045 ], [ 108.310933, -6.696575 ], [ 108.31094, -6.697012 ], [ 108.310905, -6.697488 ] ] } },
{ "type": "Feature", "properties": { "Name": "Jl. Tol Prof. Sedyatmo", "description": "Jl. Tol Prof. Sedyatmo   13 km", "tessellate": 1, "GEOTAGGING": "", "gx_media_links": null }, "geometry": { "type": "LineString", "coordinates": [ [ 106.786491, -6.131687 ], [ 106.78579, -6.131583 ], [ 106.784684, -6.131385 ], [ 106.784172, -6.131233 ], [ 106.783537, -6.131028 ], [ 106.782873, -6.130765 ], [ 106.78242, -6.130541 ], [ 106.781518, -6.130048 ], [ 106.780878, -6.129576 ], [ 106.779705, -6.128533 ], [ 106.778454, -6.127287 ], [ 106.777457, -6.126086 ], [ 106.77703, -6.125393 ], [ 106.776588, -6.124445 ], [ 106.776409, -6.124036 ], [ 106.776161, -6.123548 ], [ 106.775885, -6.123093 ], [ 106.775502, -6.122634 ], [ 106.774833, -6.12212 ], [ 106.774376, -6.121873 ], [ 106.773905, -6.12169 ], [ 106.772925, -6.121515 ], [ 106.770585, -6.121792 ], [ 106.768671, -6.122024 ], [ 106.766998, -6.122117 ], [ 106.76623, -6.122184 ], [ 106.764697, -6.12235 ], [ 106.761211, -6.12265 ], [ 106.758383, -6.122793 ], [ 106.755864, -6.12274 ], [ 106.75323, -6.122663 ], [ 106.749792, -6.122545 ], [ 106.745965, -6.122419 ], [ 106.745319, -6.122288 ], [ 106.743883, -6.121883 ], [ 106.743199, -6.121631 ], [ 106.740446, -6.120437 ], [ 106.737905, -6.119369 ], [ 106.736436, -6.118671 ], [ 106.735509, -6.118094 ], [ 106.734904, -6.117612 ], [ 106.734294, -6.117068 ], [ 106.733311, -6.116012 ], [ 106.73222, -6.114795 ], [ 106.730973, -6.113427 ], [ 106.729668, -6.112002 ], [ 106.728076, -6.110201 ], [ 106.727082, -6.109059 ], [ 106.726122, -6.108002 ], [ 106.724337, -6.106014 ], [ 106.722934, -6.104452 ], [ 106.721865, -6.103288 ], [ 106.720344, -6.101609 ], [ 106.718783, -6.099889 ], [ 106.717408, -6.098334 ], [ 106.716092, -6.096935 ], [ 106.715784, -6.096698 ], [ 106.7155, -6.096516 ], [ 106.71511, -6.096314 ], [ 106.714536, -6.096083 ], [ 106.713919, -6.095933 ], [ 106.713402, -6.095887 ], [ 106.712723, -6.095899 ], [ 106.712099, -6.095984 ], [ 106.711785, -6.09609 ], [ 106.711316, -6.096268 ], [ 106.710861, -6.096533 ], [ 106.70923, -6.097553 ], [ 106.708234, -6.098203 ], [ 106.707, -6.099019 ], [ 106.705617, -6.099912 ], [ 106.70396, -6.100954 ], [ 106.702327, -6.102017 ], [ 106.700641, -6.103125 ], [ 106.697441, -6.105124 ], [ 106.695928, -6.106091 ], [ 106.694361, -6.106971 ], [ 106.693667, -6.107399 ], [ 106.692895, -6.107863 ], [ 106.69237, -6.10823 ], [ 106.691791, -6.108663 ], [ 106.691783, -6.108663 ], [ 106.691336, -6.10911 ], [ 106.690782, -6.109735 ], [ 106.690076, -6.110501 ], [ 106.689606, -6.11097 ], [ 106.688986, -6.111554 ], [ 106.688406, -6.112045 ] ] } },
{ "type": "Feature", "properties": { "Name": "Jl. Tol Cawang - Tj. Priok - Pluit (JIRR)", "description": "Jl. Tol Cawang - Tj. Priok - Pluit (JIRR)   12.8 km", "tessellate": 1, "GEOTAGGING": "", "gx_media_links": null }, "geometry": { "type": "LineString", "coordinates": [ [ 106.877156, -6.246733 ], [ 106.877202, -6.2465 ], [ 106.877245, -6.246017 ], [ 106.877271, -6.245644 ], [ 106.877264, -6.245045 ], [ 106.877206, -6.244133 ], [ 106.877179, -6.24337 ], [ 106.877211, -6.242875 ], [ 106.877322, -6.242183 ], [ 106.877475, -6.241554 ], [ 106.877576, -6.24119 ], [ 106.877756, -6.240654 ], [ 106.877874, -6.240307 ], [ 106.877936, -6.240046 ], [ 106.877988, -6.239787 ], [ 106.878031, -6.239507 ], [ 106.87805, -6.239168 ], [ 106.878053, -6.238841 ], [ 106.87803, -6.238562 ], [ 106.878, -6.238304 ], [ 106.877922, -6.23792 ], [ 106.877842, -6.237575 ], [ 106.877721, -6.23713 ], [ 106.877597, -6.23661 ], [ 106.877373, -6.235742 ], [ 106.877017, -6.234314 ], [ 106.876683, -6.232947 ], [ 106.876374, -6.231746 ], [ 106.876018, -6.230277 ], [ 106.87561, -6.22863 ], [ 106.875323, -6.227433 ], [ 106.875037, -6.225963 ], [ 106.874802, -6.224549 ], [ 106.874628, -6.223232 ], [ 106.874499, -6.22195 ], [ 106.874431, -6.220644 ], [ 106.874359, -6.219009 ], [ 106.874291, -6.217594 ], [ 106.874221, -6.21585 ], [ 106.874156, -6.21437 ], [ 106.874087, -6.212828 ], [ 106.874021, -6.210948 ], [ 106.873945, -6.20894 ], [ 106.873861, -6.207067 ], [ 106.873804, -6.205947 ], [ 106.873706, -6.205085 ], [ 106.873401, -6.203693 ], [ 106.873295, -6.203062 ], [ 106.873242, -6.202511 ], [ 106.873235, -6.201883 ], [ 106.873276, -6.20116 ], [ 106.873397, -6.200345 ], [ 106.87369, -6.199083 ], [ 106.874018, -6.197602 ], [ 106.874267, -6.196376 ], [ 106.874549, -6.19496 ], [ 106.8748, -6.193711 ], [ 106.875104, -6.19214 ], [ 106.87526, -6.191 ], [ 106.875359, -6.189731 ], [ 106.875418, -6.18818 ], [ 106.875467, -6.18659 ], [ 106.875551, -6.184658 ], [ 106.875621, -6.183255 ], [ 106.875704, -6.1818 ], [ 106.875803, -6.180321 ], [ 106.875883, -6.178941 ], [ 106.875986, -6.177209 ], [ 106.876094, -6.176035 ], [ 106.876183, -6.175452 ], [ 106.8763, -6.174912 ], [ 106.876576, -6.173759 ], [ 106.876986, -6.172194 ], [ 106.877377, -6.170771 ], [ 106.877662, -6.16975 ], [ 106.877982, -6.168556 ], [ 106.8783, -6.167595 ], [ 106.878672, -6.166788 ], [ 106.879216, -6.165865 ], [ 106.879997, -6.164655 ], [ 106.880859, -6.163346 ], [ 106.881611, -6.162161 ], [ 106.882522, -6.160694 ], [ 106.883538, -6.159021 ], [ 106.884571, -6.157303 ], [ 106.885456, -6.155824 ], [ 106.886297, -6.154434 ], [ 106.887291, -6.152792 ], [ 106.888202, -6.151294 ], [ 106.888583, -6.15057 ], [ 106.888982, -6.149703 ], [ 106.889569, -6.14822 ], [ 106.889749, -6.147655 ], [ 106.889897, -6.147036 ], [ 106.890286, -6.14532 ], [ 106.890501, -6.144379 ], [ 106.890558, -6.144019 ], [ 106.890616, -6.143587 ], [ 106.890874, -6.14245 ], [ 106.891409, -6.140132 ], [ 106.891691, -6.139042 ], [ 106.891953, -6.137918 ], [ 106.892198, -6.136868 ], [ 106.892399, -6.136018 ], [ 106.892469, -6.135607 ] ] } },
{ "type": "Feature", "properties": { "Name": "Simpang Susun Sungai Bambu", "description": "Simpang Susun Sungai Bambu   1.83 km", "tessellate": 1, "GEOTAGGING": "", "gx_media_links": null }, "geometry": { "type": "LineString", "coordinates": [ [ 106.890305, -6.145224 ], [ 106.890411, -6.144254 ], [ 106.890444, -6.143643 ], [ 106.890526, -6.143166 ], [ 106.890709, -6.142358 ], [ 106.890826, -6.141979 ], [ 106.891043, -6.140947 ], [ 106.891303, -6.139885 ], [ 106.89162, -6.138509 ], [ 106.89187, -6.137432 ], [ 106.892088, -6.136483 ], [ 106.892143, -6.136092 ], [ 106.892146, -6.135318 ], [ 106.892172, -6.133958 ], [ 106.892145, -6.133287 ], [ 106.892113, -6.133016 ], [ 106.892033, -6.132676 ], [ 106.891896, -6.132316 ], [ 106.891682, -6.13191 ], [ 106.89152, -6.131661 ], [ 106.891363, -6.131457 ], [ 106.891089, -6.131195 ], [ 106.890798, -6.13095 ], [ 106.890394, -6.130661 ], [ 106.889887, -6.130298 ], [ 106.889497, -6.129976 ] ] } },
{ "type": "Feature", "properties": { "Name": "Jl. Tol Cawang - Tj. Priok - Pluit (JIRR)", "description": "Jl. Tol Cawang - Tj. Priok - Pluit (JIRR)   11.8 km", "tessellate": 1, "GEOTAGGING": "", "gx_media_links": null }, "geometry": { "type": "LineString", "coordinates": [ [ 106.8895, -6.129975 ], [ 106.88875, -6.129423 ], [ 106.888052, -6.1289 ], [ 106.887391, -6.128434 ], [ 106.886916, -6.128167 ], [ 106.886322, -6.127857 ], [ 106.885404, -6.127419 ], [ 106.884903, -6.12717 ], [ 106.883972, -6.126786 ], [ 106.883378, -6.126528 ], [ 106.883097, -6.126445 ], [ 106.882455, -6.126324 ], [ 106.881548, -6.126138 ], [ 106.880793, -6.126006 ], [ 106.87997, -6.125898 ], [ 106.87913, -6.125751 ], [ 106.877717, -6.125487 ], [ 106.876235, -6.125163 ], [ 106.875079, -6.124944 ], [ 106.873597, -6.124681 ], [ 106.87232, -6.124435 ], [ 106.870845, -6.124121 ], [ 106.869584, -6.123871 ], [ 106.868399, -6.123641 ], [ 106.867253, -6.123436 ], [ 106.866041, -6.123205 ], [ 106.864936, -6.122958 ], [ 106.864039, -6.122701 ], [ 106.862922, -6.122363 ], [ 106.862303, -6.122181 ], [ 106.862125, -6.122148 ], [ 106.86198, -6.122129 ], [ 106.861558, -6.122087 ], [ 106.860935, -6.122087 ], [ 106.86048, -6.122131 ], [ 106.860242, -6.122175 ], [ 106.859725, -6.122295 ], [ 106.859339, -6.122433 ], [ 106.858782, -6.122681 ], [ 106.857934, -6.123086 ], [ 106.85726, -6.123406 ], [ 106.856525, -6.12375 ], [ 106.855764, -6.124096 ], [ 106.854711, -6.124583 ], [ 106.853849, -6.12497 ], [ 106.852518, -6.125487 ], [ 106.851416, -6.125862 ], [ 106.85032, -6.126171 ], [ 106.849158, -6.126494 ], [ 106.848168, -6.126735 ], [ 106.84753, -6.126889 ], [ 106.846796, -6.127063 ], [ 106.845385, -6.127327 ], [ 106.843965, -6.127592 ], [ 106.843068, -6.127801 ], [ 106.842588, -6.127942 ], [ 106.841627, -6.128268 ], [ 106.841013, -6.128468 ], [ 106.840577, -6.128592 ], [ 106.839727, -6.128771 ], [ 106.839067, -6.128902 ], [ 106.837967, -6.129094 ], [ 106.836556, -6.129354 ], [ 106.835206, -6.129601 ], [ 106.833856, -6.129845 ], [ 106.831814, -6.130211 ], [ 106.831119, -6.130319 ], [ 106.830945, -6.130327 ], [ 106.830137, -6.130345 ], [ 106.829354, -6.130343 ], [ 106.828823, -6.130361 ], [ 106.828461, -6.13041 ], [ 106.827582, -6.130569 ], [ 106.826578, -6.130736 ], [ 106.825152, -6.130997 ], [ 106.824061, -6.131194 ], [ 106.823154, -6.131363 ], [ 106.821836, -6.131653 ], [ 106.821138, -6.13183 ], [ 106.820846, -6.13188 ], [ 106.820466, -6.131919 ], [ 106.819992, -6.131912 ], [ 106.819623, -6.131879 ], [ 106.819223, -6.131805 ], [ 106.818701, -6.131656 ], [ 106.81825, -6.131467 ], [ 106.817796, -6.131219 ], [ 106.81712, -6.130777 ], [ 106.816476, -6.130348 ], [ 106.815961, -6.130058 ], [ 106.815558, -6.12988 ], [ 106.815236, -6.129766 ], [ 106.814966, -6.1297 ], [ 106.814622, -6.129622 ], [ 106.814189, -6.129576 ], [ 106.81381, -6.129567 ], [ 106.813407, -6.129594 ], [ 106.813023, -6.129655 ], [ 106.812593, -6.129749 ], [ 106.812068, -6.129875 ], [ 106.81114, -6.130108 ], [ 106.810213, -6.130356 ], [ 106.809017, -6.130666 ], [ 106.807816, -6.130971 ], [ 106.806395, -6.131329 ], [ 106.805321, -6.131556 ], [ 106.804149, -6.131729 ], [ 106.802773, -6.131925 ], [ 106.80166, -6.132063 ], [ 106.800566, -6.132149 ], [ 106.799568, -6.132163 ], [ 106.798163, -6.132166 ], [ 106.797257, -6.132206 ], [ 106.796513, -6.132258 ], [ 106.795412, -6.132353 ], [ 106.794288, -6.13241 ], [ 106.793172, -6.132415 ], [ 106.79206, -6.132398 ], [ 106.791188, -6.132331 ], [ 106.789915, -6.132236 ], [ 106.788357, -6.131966 ], [ 106.787165, -6.131784 ], [ 106.786483, -6.131683 ] ] } },
{ "type": "Feature", "properties": { "Name": "Simpang Susun Pluit", "description": "Simpang Susun Pluit   0.65 km", "tessellate": 1, "GEOTAGGING": "", "gx_media_links": null }, "geometry": { "type": "LineString", "coordinates": [ [ 106.788563, -6.132001 ], [ 106.78782, -6.132001 ], [ 106.787019, -6.131931 ], [ 106.786556, -6.131909 ], [ 106.786352, -6.131953 ], [ 106.786085, -6.13204 ], [ 106.785877, -6.132172 ], [ 106.785651, -6.132371 ], [ 106.785461, -6.132676 ], [ 106.785364, -6.132969 ], [ 106.785336, -6.133184 ], [ 106.785354, -6.133413 ], [ 106.785399, -6.133719 ], [ 106.785525, -6.134306 ], [ 106.785641, -6.134799 ], [ 106.785673, -6.135129 ] ] } },
{ "type": "Feature", "properties": { "Name": "Simpang Susun Pluit", "description": "Simpang Susun Pluit   0.78 km", "tessellate": 1, "GEOTAGGING": "", "gx_media_links": null }, "geometry": { "type": "LineString", "coordinates": [ [ 106.788064, -6.131922 ], [ 106.787617, -6.131735 ], [ 106.78707, -6.131601 ], [ 106.786521, -6.131459 ], [ 106.786096, -6.131334 ], [ 106.785848, -6.131295 ], [ 106.785685, -6.131287 ], [ 106.785447, -6.131323 ], [ 106.785233, -6.131416 ], [ 106.785001, -6.131626 ], [ 106.784806, -6.132006 ], [ 106.784792, -6.132348 ], [ 106.784889, -6.132767 ], [ 106.785177, -6.133712 ], [ 106.78532, -6.134135 ], [ 106.78552, -6.134805 ], [ 106.785698, -6.135197 ] ] } },
{ "type": "Feature", "properties": { "Name": "Akses Tol Lingkar Dalam Jakarta", "description": "Akses Tol Lingkar Dalam Jakarta   0.50 km", "tessellate": 1, "GEOTAGGING": "", "gx_media_links": null }, "geometry": { "type": "LineString", "coordinates": [ [ 106.820777, -6.131893 ], [ 106.821466, -6.131857 ], [ 106.822078, -6.131724 ], [ 106.822686, -6.131615 ], [ 106.823175, -6.131571 ], [ 106.823656, -6.131561 ], [ 106.824047, -6.131566 ], [ 106.824595, -6.131526 ], [ 106.825291, -6.131397 ] ] } },
{ "type": "Feature", "properties": { "Name": "Akses Tol", "description": "Akses Tol   0.73 km", "tessellate": 1, "GEOTAGGING": "", "gx_media_links": null }, "geometry": { "type": "LineString", "coordinates": [ [ 106.842058, -6.128122 ], [ 106.842749, -6.12799 ], [ 106.843555, -6.127812 ], [ 106.84434, -6.127705 ], [ 106.844632, -6.127665 ], [ 106.84488, -6.127716 ], [ 106.845065, -6.127807 ], [ 106.845221, -6.127927 ], [ 106.845357, -6.128091 ], [ 106.845452, -6.128314 ], [ 106.845644, -6.128971 ], [ 106.845872, -6.129706 ], [ 106.846178, -6.131053 ] ] } },
{ "type": "Feature", "properties": { "Name": "Simpang Susun Ancol", "description": "Simpang Susun Ancol   1.48 km", "tessellate": 1, "GEOTAGGING": "", "gx_media_links": null }, "geometry": { "type": "LineString", "coordinates": [ [ 106.844178, -6.127553 ], [ 106.844954, -6.127327 ], [ 106.845558, -6.127194 ], [ 106.846075, -6.127044 ], [ 106.84637, -6.12691 ], [ 106.846514, -6.126763 ], [ 106.846581, -6.126597 ], [ 106.846586, -6.126501 ], [ 106.846571, -6.126396 ], [ 106.846513, -6.12626 ], [ 106.846439, -6.126166 ], [ 106.846293, -6.126095 ], [ 106.846185, -6.126057 ], [ 106.846061, -6.126074 ], [ 106.845938, -6.126104 ], [ 106.84584, -6.126191 ], [ 106.845739, -6.126353 ], [ 106.845705, -6.126474 ], [ 106.845707, -6.126607 ], [ 106.84574, -6.126815 ], [ 106.845743, -6.127086 ], [ 106.845698, -6.127586 ], [ 106.845633, -6.128215 ], [ 106.845718, -6.128774 ], [ 106.845914, -6.129383 ], [ 106.846188, -6.130359 ], [ 106.846378, -6.131252 ], [ 106.846602, -6.132504 ], [ 106.846917, -6.134044 ], [ 106.847258, -6.135584 ] ] } },
{ "type": "Feature", "properties": { "Name": "Simpang Susun Ancol", "description": "Simpang Susun Ancol   0.50 km", "tessellate": 1, "GEOTAGGING": "", "gx_media_links": null }, "geometry": { "type": "LineString", "coordinates": [ [ 106.845631, -6.128215 ], [ 106.845627, -6.127508 ], [ 106.845631, -6.12681 ], [ 106.845514, -6.126418 ], [ 106.845309, -6.126191 ], [ 106.845052, -6.126116 ], [ 106.844874, -6.126147 ], [ 106.844708, -6.126284 ], [ 106.844656, -6.126497 ], [ 106.8447, -6.126782 ], [ 106.844914, -6.126934 ], [ 106.84541, -6.127017 ], [ 106.845896, -6.126917 ] ] } },
{ "type": "Feature", "properties": { "Name": "Akses Tol Lingkar Dalam Jakarta", "description": "Akses Tol Lingkar Dalam Jakarta   0.51 km", "tessellate": 1, "GEOTAGGING": "", "gx_media_links": null }, "geometry": { "type": "LineString", "coordinates": [ [ 106.853046, -6.125285 ], [ 106.852157, -6.12573 ], [ 106.851409, -6.125997 ], [ 106.851111, -6.126105 ], [ 106.850865, -6.126202 ], [ 106.850599, -6.126322 ], [ 106.850201, -6.12658 ], [ 106.849778, -6.126849 ], [ 106.849274, -6.127087 ], [ 106.848864, -6.127205 ] ] } },
{ "type": "Feature", "properties": { "Name": "Simpang Susun Sungai Bambu", "description": "Simpang Susun Sungai Bambu   2.48 km", "tessellate": 1, "GEOTAGGING": "", "gx_media_links": null }, "geometry": { "type": "LineString", "coordinates": [ [ 106.890495, -6.144418 ], [ 106.890647, -6.143997 ], [ 106.890734, -6.143592 ], [ 106.89091, -6.142914 ], [ 106.891306, -6.141206 ], [ 106.891697, -6.139567 ], [ 106.892183, -6.137503 ], [ 106.892508, -6.136186 ], [ 106.892632, -6.13543 ], [ 106.892694, -6.134855 ], [ 106.89275, -6.133965 ], [ 106.89275, -6.133666 ], [ 106.892686, -6.133401 ], [ 106.892524, -6.133056 ], [ 106.892216, -6.132553 ], [ 106.891938, -6.132116 ], [ 106.891645, -6.131536 ], [ 106.891356, -6.130846 ], [ 106.891188, -6.130556 ], [ 106.891076, -6.130379 ], [ 106.890854, -6.130214 ], [ 106.890509, -6.13003 ], [ 106.890095, -6.129809 ], [ 106.889134, -6.12933 ], [ 106.88874, -6.129091 ], [ 106.887454, -6.128275 ], [ 106.886589, -6.127798 ], [ 106.885127, -6.127165 ], [ 106.884661, -6.126982 ], [ 106.884239, -6.126891 ] ] } },
{ "type": "Feature", "properties": { "Name": "Jl. Tol Cawang - Tomang - Pluit (JIRR)", "description": "Jl. Tol Cawang - Tomang - Pluit (JIRR) 18.9 km", "tessellate": 1, "GEOTAGGING": "", "gx_media_links": null }, "geometry": { "type": "LineString", "coordinates": [ [ 106.785485, -6.134477 ], [ 106.785717, -6.135269 ], [ 106.785912, -6.135969 ], [ 106.785987, -6.136237 ], [ 106.786143, -6.137011 ], [ 106.786285, -6.137603 ], [ 106.786418, -6.138047 ], [ 106.786603, -6.138646 ], [ 106.78683, -6.139219 ], [ 106.787113, -6.13979 ], [ 106.787553, -6.140642 ], [ 106.788267, -6.141999 ], [ 106.789083, -6.143523 ], [ 106.789692, -6.144662 ], [ 106.790262, -6.145734 ], [ 106.790967, -6.147059 ], [ 106.791539, -6.148139 ], [ 106.79233, -6.149543 ], [ 106.79288, -6.150598 ], [ 106.793198, -6.151211 ], [ 106.793404, -6.151731 ], [ 106.793636, -6.152289 ], [ 106.793745, -6.152664 ], [ 106.79379, -6.153008 ], [ 106.793797, -6.153461 ], [ 106.793732, -6.15391 ], [ 106.793645, -6.154254 ], [ 106.793359, -6.154964 ], [ 106.792959, -6.155868 ], [ 106.792584, -6.156772 ], [ 106.792111, -6.157819 ], [ 106.791461, -6.159375 ], [ 106.790932, -6.160553 ], [ 106.790591, -6.161401 ], [ 106.789807, -6.163309 ], [ 106.789428, -6.164228 ], [ 106.788741, -6.165831 ], [ 106.788542, -6.16639 ], [ 106.788393, -6.166899 ], [ 106.788211, -6.167615 ], [ 106.788105, -6.168357 ], [ 106.788121, -6.169022 ], [ 106.788377, -6.170124 ], [ 106.788709, -6.170959 ], [ 106.789264, -6.172044 ], [ 106.789791, -6.172829 ], [ 106.790452, -6.173524 ], [ 106.79141, -6.174435 ], [ 106.792467, -6.175413 ], [ 106.793407, -6.176299 ], [ 106.794583, -6.177325 ], [ 106.795235, -6.178049 ], [ 106.795596, -6.178537 ], [ 106.796171, -6.179512 ], [ 106.796333, -6.179894 ], [ 106.79649, -6.18035 ], [ 106.796613, -6.180743 ], [ 106.796724, -6.181407 ], [ 106.796817, -6.182226 ], [ 106.796852, -6.182907 ], [ 106.796876, -6.183747 ], [ 106.796931, -6.185235 ], [ 106.796994, -6.18668 ], [ 106.797021, -6.18793 ], [ 106.797107, -6.189955 ], [ 106.79717, -6.191498 ], [ 106.79723, -6.193143 ], [ 106.797265, -6.194152 ], [ 106.79732, -6.194843 ], [ 106.797461, -6.195689 ], [ 106.797599, -6.196308 ], [ 106.797865, -6.197336 ], [ 106.798266, -6.198478 ], [ 106.798939, -6.200091 ], [ 106.799601, -6.20146 ], [ 106.800222, -6.202726 ], [ 106.800717, -6.203703 ], [ 106.801438, -6.205014 ], [ 106.802245, -6.206226 ], [ 106.802844, -6.206956 ], [ 106.803765, -6.208033 ], [ 106.804827, -6.20934 ], [ 106.805643, -6.210256 ], [ 106.806099, -6.210882 ], [ 106.806632, -6.211756 ], [ 106.806878, -6.212085 ], [ 106.807228, -6.212469 ], [ 106.80814, -6.213307 ], [ 106.808487, -6.213686 ], [ 106.808784, -6.214085 ], [ 106.809165, -6.214653 ], [ 106.810155, -6.216112 ], [ 106.811333, -6.217793 ], [ 106.811873, -6.218605 ], [ 106.812466, -6.219482 ], [ 106.813085, -6.220458 ], [ 106.813985, -6.221749 ], [ 106.815164, -6.223478 ], [ 106.816995, -6.226135 ], [ 106.817826, -6.22739 ], [ 106.818871, -6.22893 ], [ 106.82018, -6.230875 ], [ 106.821176, -6.232272 ], [ 106.821587, -6.232755 ], [ 106.821953, -6.233135 ], [ 106.82254, -6.233588 ], [ 106.823392, -6.234202 ], [ 106.824642, -6.23505 ], [ 106.825922, -6.235933 ], [ 106.828176, -6.237398 ], [ 106.830536, -6.238861 ], [ 106.831519, -6.239429 ], [ 106.832919, -6.24034 ], [ 106.833687, -6.240643 ], [ 106.834883, -6.240975 ], [ 106.836383, -6.241331 ], [ 106.838289, -6.24178 ], [ 106.840305, -6.242241 ], [ 106.84139, -6.242496 ], [ 106.841879, -6.242753 ], [ 106.842924, -6.243208 ], [ 106.843482, -6.243349 ], [ 106.844495, -6.24336 ], [ 106.846179, -6.243476 ], [ 106.847781, -6.243424 ], [ 106.850362, -6.243249 ], [ 106.851782, -6.243194 ], [ 106.853932, -6.243182 ], [ 106.856275, -6.243171 ], [ 106.858573, -6.243193 ], [ 106.86093, -6.24317 ], [ 106.863089, -6.243099 ], [ 106.86443, -6.2432 ], [ 106.865448, -6.243411 ], [ 106.866711, -6.243808 ], [ 106.868616, -6.24452 ], [ 106.870518, -6.245211 ], [ 106.871328, -6.245458 ], [ 106.8725, -6.245767 ], [ 106.874468, -6.246212 ], [ 106.875804, -6.24654 ], [ 106.877131, -6.246826 ] ] } },
{ "type": "Feature", "properties": { "Name": "Jl. Tol Cawang - Tomang - Pluit (JIRR)", "description": "Jl. Tol Cawang - Tomang - Pluit (JIRR)   1.59 km", "tessellate": 1, "GEOTAGGING": "", "gx_media_links": null }, "geometry": { "type": "LineString", "coordinates": [ [ 106.793166, -6.151153 ], [ 106.793451, -6.151612 ], [ 106.793769, -6.152252 ], [ 106.793911, -6.152655 ], [ 106.793991, -6.152964 ], [ 106.794028, -6.153383 ], [ 106.794037, -6.153743 ], [ 106.793996, -6.154014 ], [ 106.793891, -6.154471 ], [ 106.793582, -6.155286 ], [ 106.793228, -6.156078 ], [ 106.792618, -6.157516 ], [ 106.792146, -6.15857 ], [ 106.791873, -6.15919 ], [ 106.79151, -6.159839 ], [ 106.791007, -6.160775 ], [ 106.790482, -6.16193 ], [ 106.789997, -6.163055 ], [ 106.789717, -6.163681 ], [ 106.789399, -6.164293 ] ] } },
{ "type": "Feature", "properties": { "Name": "Simpang Susun Pluit", "description": "Simpang Susun Pluit   1.1 km", "tessellate": 1, "GEOTAGGING": "", "gx_media_links": null }, "geometry": { "type": "LineString", "coordinates": [ [ 106.792838, -6.175762 ], [ 106.793819, -6.176523 ], [ 106.794247, -6.176864 ], [ 106.794789, -6.177387 ], [ 106.795003, -6.177637 ], [ 106.795096, -6.177787 ], [ 106.795152, -6.177928 ], [ 106.7952, -6.178125 ], [ 106.795232, -6.178418 ], [ 106.795233, -6.179102 ], [ 106.79521, -6.179499 ], [ 106.795182, -6.179685 ], [ 106.795149, -6.179854 ], [ 106.795103, -6.18002 ], [ 106.795028, -6.180239 ], [ 106.794925, -6.180489 ], [ 106.794823, -6.180664 ], [ 106.794697, -6.180809 ], [ 106.794454, -6.181065 ], [ 106.794234, -6.181332 ], [ 106.794008, -6.181608 ], [ 106.79361, -6.182103 ], [ 106.793366, -6.182395 ], [ 106.79307, -6.18275 ], [ 106.792902, -6.182933 ], [ 106.792625, -6.183234 ], [ 106.79243, -6.183352 ] ] } },
{ "type": "Feature", "properties": { "Name": "Simpang Susun Pluit", "description": "Simpang Susun Pluit   0.98 km", "tessellate": 1, "GEOTAGGING": "", "gx_media_links": null }, "geometry": { "type": "LineString", "coordinates": [ [ 106.792701, -6.175633 ], [ 106.792931, -6.176061 ], [ 106.793036, -6.176171 ], [ 106.793185, -6.176306 ], [ 106.793547, -6.176645 ], [ 106.79387, -6.17694 ], [ 106.794378, -6.177409 ], [ 106.794674, -6.177703 ], [ 106.794849, -6.177897 ], [ 106.794994, -6.178087 ], [ 106.795096, -6.178287 ], [ 106.795163, -6.178517 ], [ 106.795192, -6.17875 ], [ 106.795159, -6.179024 ], [ 106.795128, -6.179194 ], [ 106.79506, -6.179366 ], [ 106.794921, -6.179613 ], [ 106.794823, -6.179766 ], [ 106.794627, -6.180006 ], [ 106.794456, -6.180217 ], [ 106.794162, -6.180685 ], [ 106.793893, -6.181141 ], [ 106.793456, -6.18179 ], [ 106.792962, -6.182583 ], [ 106.792833, -6.18286 ] ] } },
{ "type": "Feature", "properties": { "Name": "Simpang Susun Pluit", "description": "Simpang Susun Pluit   0.77 km", "tessellate": 1, "GEOTAGGING": "", "gx_media_links": null }, "geometry": { "type": "LineString", "coordinates": [ [ 106.796875, -6.18367 ], [ 106.796979, -6.182687 ], [ 106.796951, -6.182176 ], [ 106.796955, -6.181856 ], [ 106.796968, -6.18136 ], [ 106.796965, -6.181157 ], [ 106.796914, -6.18098 ], [ 106.796835, -6.180809 ], [ 106.796723, -6.18067 ], [ 106.796552, -6.1805 ], [ 106.796198, -6.180266 ], [ 106.795713, -6.180018 ], [ 106.795381, -6.179902 ], [ 106.794935, -6.179902 ], [ 106.794667, -6.180084 ], [ 106.794536, -6.180245 ], [ 106.794432, -6.180413 ], [ 106.794319, -6.180611 ], [ 106.794155, -6.180861 ], [ 106.793769, -6.181327 ] ] } },
{ "type": "Feature", "properties": { "Name": "Simpang Susun Pluit", "description": "Simpang Susun Pluit   0.86 km", "tessellate": 1, "GEOTAGGING": "", "gx_media_links": null }, "geometry": { "type": "LineString", "coordinates": [ [ 106.793667, -6.181776 ], [ 106.794106, -6.181251 ], [ 106.794582, -6.180744 ], [ 106.794845, -6.180503 ], [ 106.795293, -6.180263 ], [ 106.795678, -6.180264 ], [ 106.795922, -6.180365 ], [ 106.79614, -6.180533 ], [ 106.796309, -6.180742 ], [ 106.796399, -6.180891 ], [ 106.796469, -6.181054 ], [ 106.796517, -6.181216 ], [ 106.796564, -6.181421 ], [ 106.796605, -6.181696 ], [ 106.796636, -6.181981 ], [ 106.796658, -6.182314 ], [ 106.796692, -6.182941 ], [ 106.796739, -6.183498 ], [ 106.796769, -6.183854 ], [ 106.796787, -6.184204 ], [ 106.796919, -6.18503 ] ] } },
{ "type": "Feature", "properties": { "Name": "Simpang Susun cawang", "description": "Simpang Susun cawang   1.1 km", "tessellate": 1, "GEOTAGGING": "", "gx_media_links": null }, "geometry": { "type": "LineString", "coordinates": [ [ 106.871228, -6.245429 ], [ 106.872161, -6.24582 ], [ 106.873282, -6.246107 ], [ 106.874261, -6.246359 ], [ 106.874826, -6.246608 ], [ 106.875175, -6.246796 ], [ 106.87541, -6.24696 ], [ 106.87557, -6.247106 ], [ 106.875751, -6.247292 ], [ 106.875918, -6.247521 ], [ 106.876032, -6.247711 ], [ 106.876097, -6.247889 ], [ 106.876137, -6.248055 ], [ 106.876164, -6.248185 ], [ 106.876165, -6.248315 ], [ 106.876147, -6.248501 ], [ 106.87611, -6.248673 ], [ 106.875995, -6.248928 ], [ 106.87575, -6.249243 ], [ 106.875199, -6.249862 ], [ 106.874612, -6.250432 ], [ 106.873997, -6.251163 ], [ 106.873904, -6.251301 ] ] } },
{ "type": "Feature", "properties": { "Name": "Simpang Susun cawang", "description": "Simpang Susun cawang   1.42 km", "tessellate": 1, "GEOTAGGING": "", "gx_media_links": null }, "geometry": { "type": "LineString", "coordinates": [ [ 106.872006, -6.245633 ], [ 106.873002, -6.245768 ], [ 106.873629, -6.245886 ], [ 106.874226, -6.245955 ], [ 106.874924, -6.246017 ], [ 106.87554, -6.246032 ], [ 106.876083, -6.245952 ], [ 106.876595, -6.24583 ], [ 106.877079, -6.245766 ], [ 106.877374, -6.245832 ], [ 106.877634, -6.245907 ], [ 106.877801, -6.246034 ], [ 106.877947, -6.246165 ], [ 106.878069, -6.246351 ], [ 106.878133, -6.246484 ], [ 106.87816, -6.246576 ], [ 106.878192, -6.246733 ], [ 106.878207, -6.246926 ], [ 106.878179, -6.247121 ], [ 106.878057, -6.247407 ], [ 106.877863, -6.247688 ], [ 106.877645, -6.24795 ], [ 106.877412, -6.248172 ], [ 106.877111, -6.248454 ], [ 106.876678, -6.248885 ], [ 106.87596, -6.249551 ], [ 106.875496, -6.249983 ], [ 106.875263, -6.250192 ], [ 106.875101, -6.250323 ], [ 106.874635, -6.250677 ], [ 106.874144, -6.25105 ] ] } },
{ "type": "Feature", "properties": { "Name": "Simpang Susun cawang", "description": "Simpang Susun cawang   1.36 km", "tessellate": 1, "GEOTAGGING": "", "gx_media_links": null }, "geometry": { "type": "LineString", "coordinates": [ [ 106.874255, -6.246363 ], [ 106.874694, -6.246507 ], [ 106.874911, -6.2466 ], [ 106.875265, -6.246807 ], [ 106.875506, -6.246947 ], [ 106.875817, -6.247206 ], [ 106.876077, -6.247461 ], [ 106.876398, -6.247778 ], [ 106.87665, -6.247987 ], [ 106.876941, -6.24815 ], [ 106.877156, -6.248218 ], [ 106.877309, -6.248256 ], [ 106.877604, -6.248239 ], [ 106.877863, -6.248184 ], [ 106.878074, -6.248066 ], [ 106.878277, -6.247903 ], [ 106.878428, -6.247742 ], [ 106.878532, -6.247576 ], [ 106.878619, -6.247372 ], [ 106.878664, -6.247119 ], [ 106.878671, -6.246903 ], [ 106.878641, -6.246709 ], [ 106.87859, -6.246519 ], [ 106.878501, -6.246321 ], [ 106.87836, -6.246107 ], [ 106.877927, -6.245613 ], [ 106.877622, -6.245198 ], [ 106.877469, -6.244825 ], [ 106.877372, -6.244362 ], [ 106.877324, -6.243801 ], [ 106.877293, -6.243025 ], [ 106.877317, -6.242771 ], [ 106.877376, -6.242263 ], [ 106.877477, -6.241761 ], [ 106.877541, -6.241504 ], [ 106.877705, -6.240809 ] ] } },
{ "type": "Feature", "properties": { "Name": "Simpang Susun cawang", "description": "Simpang Susun cawang   1.26 km", "tessellate": 1, "GEOTAGGING": "", "gx_media_links": null }, "geometry": { "type": "LineString", "coordinates": [ [ 106.880814, -6.2476 ], [ 106.879749, -6.247509 ], [ 106.879059, -6.247423 ], [ 106.87838, -6.247336 ], [ 106.878179, -6.247335 ], [ 106.877932, -6.247396 ], [ 106.877365, -6.247528 ], [ 106.876962, -6.247531 ], [ 106.876583, -6.247439 ], [ 106.876352, -6.247297 ], [ 106.876212, -6.247153 ], [ 106.876097, -6.246959 ], [ 106.87603, -6.246729 ], [ 106.876004, -6.246356 ], [ 106.876072, -6.246005 ], [ 106.876251, -6.245612 ], [ 106.876456, -6.245229 ], [ 106.876593, -6.244971 ], [ 106.87669, -6.244741 ], [ 106.876778, -6.244478 ], [ 106.876864, -6.244185 ], [ 106.876928, -6.243864 ], [ 106.876971, -6.243406 ], [ 106.877032, -6.242941 ], [ 106.87711, -6.242414 ], [ 106.877283, -6.241746 ], [ 106.877409, -6.241364 ], [ 106.877554, -6.241101 ], [ 106.877696, -6.240843 ] ] } },
{ "type": "Feature", "properties": { "Name": "Simpang Susun cawang", "description": "Simpang Susun cawang   0.41 km", "tessellate": 1, "GEOTAGGING": "", "gx_media_links": null }, "geometry": { "type": "LineString", "coordinates": [ [ 106.875418, -6.246028 ], [ 106.875822, -6.245959 ], [ 106.875975, -6.245914 ], [ 106.876184, -6.245826 ], [ 106.876425, -6.245688 ], [ 106.876566, -6.245563 ], [ 106.876687, -6.24539 ], [ 106.876792, -6.245163 ], [ 106.87685, -6.244948 ], [ 106.876896, -6.244722 ], [ 106.876936, -6.244332 ], [ 106.876971, -6.243722 ], [ 106.877, -6.243175 ] ] } },
{ "type": "Feature", "properties": { "Name": "Jl. Tol Jakarta - Tangerang", "description": "Jalan Tol Jakarta–Tangerang\nDari Wikipedia bahasa Indonesia, ensiklopedia bebas\nIni adalah versi yang telah diperiksa dari halaman initampilkan\/sembunyikan detail\nJump to navigationJump to search\nJalan Tol Jakarta-Tangerang\nPanjang\t26,3 km\nPembangunan\t1980\nPengelola\tPT Jasa Marga (Persero) Tbk (Delameta Bilano)\nJalan Tol Jakarta–Tangerang adalah jalan tol yang menghubungkan Jakarta dan Kota Tangerang. Jalan tol ini mempunyai gerbang tol Tomang, Kebon Jeruk, Meruya, Meruya Utara, Kembangan Selatan, Karang Tengah, Karang Tengah Barat, Kunciran, Tangerang, Karawaci, dan Bitung. Jalan tol ini merupakan bagian dari Jalan Tol Jakarta-Merak (98 km). Kilometer 0 berada di Tomang, Jakarta Barat, dan berakhir di Kilometer 98 di Merak. Panjang jalan tol ini adalah 26 km. Operator tol ini adalah PT Jasamarga (Persero) Tbk.\nSistem pembayaran yang digunakan oleh ruas tol ini adalah sistem terbuka (sekali transaksi).\n\nDaftar Gerbang Tol\nGerbang Tol\tKM\tTujuan\nGerbang tol Tomang\t0\tJalan Tol Cawang-Pluit\nGerbang tol Kebon Jeruk\t3\tKebon Jeruk\nKedoya\nGerbang tol Meruya\t6\tKembangan\nMeruya Ilir\nJoglo\nGerbang tol Meruya Utara\t7\tJalan Tol Lingkar Luar Jakarta\nGerbang tol Kembangan Selatan\t8\nCoat of arms of Jakarta.svg\nBatas Wilayah Provinsi DKI Jakarta\nKotamadya Jakarta Barat \n\nBanten coa.png\nBatas Wilayah Provinsi Banten\nKota Tangerang\nGerbang tol Karang Tengah\t9\tMulai 9 April 2017, tidak ada transaksi yang terjadi di gerbang tol ini. Transaksi dilakukan di gerbang tol masuk\/keluar.\nGerbang tol Karang Tengah Barat\t11\tKarang Tengah\nCiledug\nCipondoh\nGerbang tol Kunciran\t15\tKunciran\nAlam Sutera\nSerpong\nGerbang tol Tangerang\t18\tTangerang\nSerpong\nGerbang tol Karawaci\t21\tKarawaci\nBinong\nLegok\nLambang Kota Tangerang.png\nBatas Wilayah Kota Tangerang \nLogo kab tangerang.gif\nBatas Wilayah Kabupaten Tangerang\nGerbang tol Bitung\t26\tBitung\nCurug\nTarif (Rupiah)\nGolongan\tTarif\nI\t7000\nII\t9500\nIII\t12000\nIV\t16000\nV\t20000\nTarif di atas diberlakukan sejak tanggal 9 April 2017 pukul 00:00 WIB.[1]\nMulai 9 April 2017, transaksi di Gerbang tol Karang Tengah ditiadakan. Transaksi dilakukan di gerbang tol masuk\/keluar.[1]", "tessellate": 1, "GEOTAGGING": "", "gx_media_links": "https:\/\/www.youtube.com\/embed\/T20p-8CHhDo https:\/\/www.youtube.com\/embed\/MqcrB6--Rcc https:\/\/www.youtube.com\/embed\/0TFXo7kzEfk" }, "geometry": { "type": "LineString", "coordinates": [ [ 106.562517, -6.219564 ], [ 106.563173, -6.219735 ], [ 106.563987, -6.219916 ], [ 106.564697, -6.22011 ], [ 106.56552, -6.22032 ], [ 106.566519, -6.220529 ], [ 106.567105, -6.220636 ], [ 106.568158, -6.220823 ], [ 106.569424, -6.221028 ], [ 106.570731, -6.221194 ], [ 106.571228, -6.221239 ], [ 106.572226, -6.221336 ], [ 106.573543, -6.221454 ], [ 106.575256, -6.221633 ], [ 106.576182, -6.221691 ], [ 106.576705, -6.221748 ], [ 106.577534, -6.221831 ], [ 106.578431, -6.221915 ], [ 106.579558, -6.222017 ], [ 106.580734, -6.222102 ], [ 106.581686, -6.222203 ], [ 106.58258, -6.222282 ], [ 106.583536, -6.222371 ], [ 106.58472, -6.222492 ], [ 106.586025, -6.222605 ], [ 106.587384, -6.222733 ], [ 106.5889, -6.22288 ], [ 106.590465, -6.223019 ], [ 106.591858, -6.223155 ], [ 106.593285, -6.223281 ], [ 106.595042, -6.223441 ], [ 106.596693, -6.223605 ], [ 106.59847, -6.223757 ], [ 106.600268, -6.223942 ], [ 106.602092, -6.224089 ], [ 106.603817, -6.22427 ], [ 106.605489, -6.2244 ], [ 106.606755, -6.224533 ], [ 106.607405, -6.224569 ], [ 106.608048, -6.224664 ], [ 106.608577, -6.224705 ], [ 106.60919, -6.224735 ], [ 106.609695, -6.224783 ], [ 106.61064, -6.224898 ], [ 106.611383, -6.22499 ], [ 106.612668, -6.225071 ], [ 106.61437, -6.225122 ], [ 106.61597, -6.225071 ], [ 106.616949, -6.224987 ], [ 106.618023, -6.224875 ], [ 106.619164, -6.2247 ], [ 106.62073, -6.224486 ], [ 106.622079, -6.224295 ], [ 106.623665, -6.224078 ], [ 106.625122, -6.223864 ], [ 106.62613, -6.223717 ], [ 106.627282, -6.223573 ], [ 106.628627, -6.223382 ], [ 106.629084, -6.223312 ], [ 106.629428, -6.22326 ], [ 106.629859, -6.223216 ], [ 106.630504, -6.223101 ], [ 106.631451, -6.222971 ], [ 106.63288, -6.222756 ], [ 106.633827, -6.222619 ], [ 106.635108, -6.222434 ], [ 106.636323, -6.222263 ], [ 106.637198, -6.222148 ], [ 106.637703, -6.222068 ], [ 106.63846, -6.221964 ], [ 106.640062, -6.221733 ], [ 106.641437, -6.22155 ], [ 106.642708, -6.221354 ], [ 106.643835, -6.221204 ], [ 106.645611, -6.220941 ], [ 106.647892, -6.220623 ], [ 106.650424, -6.220282 ], [ 106.652863, -6.219933 ], [ 106.654821, -6.219656 ], [ 106.65708, -6.219329 ], [ 106.657867, -6.219208 ], [ 106.658847, -6.219084 ], [ 106.65996, -6.218923 ], [ 106.661952, -6.218634 ], [ 106.663966, -6.218348 ], [ 106.665269, -6.218139 ], [ 106.666634, -6.217892 ], [ 106.667422, -6.217731 ], [ 106.668812, -6.217408 ], [ 106.669956, -6.217097 ], [ 106.671634, -6.216599 ], [ 106.673958, -6.215951 ], [ 106.676359, -6.215304 ], [ 106.677826, -6.214906 ], [ 106.679143, -6.214529 ], [ 106.680757, -6.214078 ], [ 106.681684, -6.213808 ], [ 106.684854, -6.212935 ], [ 106.687244, -6.212255 ], [ 106.68918, -6.211704 ], [ 106.691829, -6.210951 ], [ 106.693789, -6.210349 ], [ 106.695219, -6.209796 ], [ 106.696532, -6.209152 ], [ 106.697765, -6.208423 ], [ 106.699652, -6.207106 ], [ 106.701215, -6.20589 ], [ 106.702839, -6.204617 ], [ 106.705401, -6.202615 ], [ 106.708291, -6.200314 ], [ 106.71088, -6.198304 ], [ 106.711893, -6.1975 ], [ 106.713053, -6.196658 ], [ 106.713979, -6.196105 ], [ 106.715346, -6.194841 ], [ 106.716233, -6.194125 ], [ 106.717339, -6.193281 ], [ 106.718011, -6.192785 ], [ 106.718837, -6.19229 ], [ 106.71968, -6.191916 ], [ 106.720323, -6.191629 ], [ 106.721047, -6.191401 ], [ 106.722321, -6.191041 ], [ 106.723277, -6.190787 ], [ 106.723904, -6.190684 ], [ 106.724692, -6.190661 ], [ 106.725496, -6.190707 ], [ 106.726772, -6.190893 ], [ 106.727887, -6.191065 ], [ 106.729464, -6.191248 ], [ 106.730777, -6.19137 ], [ 106.731715, -6.191418 ], [ 106.732555, -6.191457 ], [ 106.734041, -6.191515 ], [ 106.735384, -6.191553 ], [ 106.7364, -6.191559 ], [ 106.73798, -6.191566 ], [ 106.738826, -6.191559 ], [ 106.739547, -6.191568 ], [ 106.740352, -6.191576 ], [ 106.741637, -6.191551 ], [ 106.743092, -6.191474 ], [ 106.744596, -6.191404 ], [ 106.745744, -6.191339 ], [ 106.747505, -6.191208 ], [ 106.74913, -6.191116 ], [ 106.750604, -6.191036 ], [ 106.752277, -6.190952 ], [ 106.754122, -6.190826 ], [ 106.755204, -6.190745 ], [ 106.756271, -6.190652 ], [ 106.757411, -6.190557 ], [ 106.758527, -6.19046 ], [ 106.759517, -6.190353 ], [ 106.760934, -6.190228 ], [ 106.762507, -6.190123 ], [ 106.764056, -6.190059 ], [ 106.765595, -6.190023 ], [ 106.767432, -6.189993 ], [ 106.768259, -6.189948 ], [ 106.769151, -6.18985 ], [ 106.769868, -6.189761 ], [ 106.770456, -6.18967 ], [ 106.771353, -6.189462 ], [ 106.772383, -6.189136 ], [ 106.773722, -6.188614 ], [ 106.775118, -6.188067 ], [ 106.776519, -6.187531 ], [ 106.777956, -6.186948 ], [ 106.779479, -6.186386 ], [ 106.781122, -6.185808 ], [ 106.782406, -6.185429 ], [ 106.783295, -6.185247 ], [ 106.783935, -6.185153 ], [ 106.785026, -6.185091 ], [ 106.785745, -6.185076 ], [ 106.787153, -6.185063 ], [ 106.788121, -6.18503 ], [ 106.788681, -6.18496 ], [ 106.789154, -6.184887 ], [ 106.789631, -6.184736 ], [ 106.790102, -6.184566 ], [ 106.790778, -6.184316 ], [ 106.791363, -6.184109 ], [ 106.791674, -6.183959 ], [ 106.791927, -6.183804 ], [ 106.792146, -6.183647 ], [ 106.792389, -6.183404 ], [ 106.792823, -6.182871 ], [ 106.79367, -6.181769 ] ] } },
{ "type": "Feature", "properties": { "Name": "Simpang Susun Bitung", "description": "Simpang Susun Bitung   1.74 km", "tessellate": 1, "GEOTAGGING": "", "gx_media_links": null }, "geometry": { "type": "LineString", "coordinates": [ [ 106.571013, -6.22122 ], [ 106.570263, -6.221211 ], [ 106.569755, -6.221196 ], [ 106.56942, -6.221184 ], [ 106.568987, -6.221134 ], [ 106.568724, -6.221107 ], [ 106.568496, -6.221088 ], [ 106.568176, -6.221077 ], [ 106.568113, -6.221071 ], [ 106.567956, -6.2211 ], [ 106.567744, -6.221161 ], [ 106.567598, -6.221241 ], [ 106.567361, -6.221399 ], [ 106.567152, -6.221555 ], [ 106.567006, -6.22165 ], [ 106.566885, -6.221705 ], [ 106.566703, -6.221733 ], [ 106.566584, -6.221716 ], [ 106.566407, -6.221682 ], [ 106.566275, -6.221602 ], [ 106.566108, -6.221463 ], [ 106.566002, -6.221319 ], [ 106.565944, -6.221142 ], [ 106.56592, -6.220979 ], [ 106.565947, -6.220794 ], [ 106.566007, -6.220528 ], [ 106.566074, -6.220258 ], [ 106.566129, -6.219998 ], [ 106.566158, -6.219828 ], [ 106.566174, -6.219681 ], [ 106.566153, -6.2195 ], [ 106.566085, -6.219315 ], [ 106.565981, -6.219093 ], [ 106.565781, -6.21886 ], [ 106.565598, -6.21868 ], [ 106.565195, -6.218406 ], [ 106.564617, -6.218185 ], [ 106.563975, -6.218 ], [ 106.563481, -6.217882 ], [ 106.563058, -6.217792 ], [ 106.562755, -6.21772 ], [ 106.562538, -6.217688 ], [ 106.562385, -6.217687 ], [ 106.562195, -6.217758 ], [ 106.562076, -6.217819 ], [ 106.561963, -6.217923 ], [ 106.561845, -6.218121 ], [ 106.561798, -6.218299 ], [ 106.561795, -6.218479 ], [ 106.561813, -6.218644 ], [ 106.56186, -6.218763 ], [ 106.561937, -6.218875 ], [ 106.562053, -6.218998 ], [ 106.562189, -6.21913 ], [ 106.562284, -6.219245 ], [ 106.562377, -6.219393 ], [ 106.56241, -6.219557 ], [ 106.56241, -6.219682 ], [ 106.562406, -6.219877 ], [ 106.562396, -6.22015 ], [ 106.56238, -6.220229 ], [ 106.56234, -6.220375 ], [ 106.562293, -6.220565 ], [ 106.562248, -6.22077 ], [ 106.562205, -6.220937 ], [ 106.562163, -6.221114 ], [ 106.562118, -6.221299 ] ] } },
{ "type": "Feature", "properties": { "Name": "Simpang Susun Bitung", "description": "Simpang Susun Bitung   0.45 km", "tessellate": 1, "GEOTAGGING": "", "gx_media_links": null }, "geometry": { "type": "LineString", "coordinates": [ [ 106.568504, -6.22088 ], [ 106.568053, -6.220715 ], [ 106.567547, -6.220572 ], [ 106.567346, -6.220525 ], [ 106.567174, -6.220468 ], [ 106.567027, -6.220401 ], [ 106.566898, -6.220318 ], [ 106.566777, -6.220211 ], [ 106.566668, -6.220095 ], [ 106.566577, -6.219942 ], [ 106.566476, -6.219729 ], [ 106.566361, -6.219463 ], [ 106.566289, -6.219296 ], [ 106.566193, -6.219129 ], [ 106.566063, -6.218965 ], [ 106.565918, -6.218821 ], [ 106.565774, -6.218714 ], [ 106.565648, -6.218659 ], [ 106.565446, -6.21858 ] ] } },
{ "type": "Feature", "properties": { "Name": "Simpang Susun Bitung", "description": "Simpang Susun Bitung    0.44 km", "tessellate": 1, "GEOTAGGING": "", "gx_media_links": null }, "geometry": { "type": "LineString", "coordinates": [ [ 106.564799, -6.220134 ], [ 106.565267, -6.220351 ], [ 106.565545, -6.220422 ], [ 106.566033, -6.220555 ], [ 106.566396, -6.220648 ], [ 106.566711, -6.220717 ], [ 106.566869, -6.220763 ], [ 106.566997, -6.220822 ], [ 106.567057, -6.220881 ], [ 106.567122, -6.220968 ], [ 106.567166, -6.221071 ], [ 106.567182, -6.221138 ], [ 106.56718, -6.221249 ], [ 106.567164, -6.221345 ], [ 106.567121, -6.221433 ], [ 106.567052, -6.221522 ], [ 106.56698, -6.221573 ], [ 106.566876, -6.221621 ], [ 106.56672, -6.22165 ], [ 106.566497, -6.221642 ], [ 106.566251, -6.221579 ] ] } },
{ "type": "Feature", "properties": { "Name": "Akses Tol", "description": "Akses Tol   0.45 km", "tessellate": 1, "GEOTAGGING": "", "gx_media_links": null }, "geometry": { "type": "LineString", "coordinates": [ [ 106.5618, -6.218347 ], [ 106.56185, -6.218545 ], [ 106.561891, -6.21866 ], [ 106.561947, -6.218752 ], [ 106.562008, -6.218815 ], [ 106.562103, -6.218886 ], [ 106.562217, -6.21893 ], [ 106.562329, -6.218946 ], [ 106.562441, -6.218924 ], [ 106.562524, -6.21888 ], [ 106.562635, -6.218806 ], [ 106.562717, -6.218707 ], [ 106.562806, -6.218555 ], [ 106.562872, -6.218344 ], [ 106.562955, -6.217931 ], [ 106.563124, -6.217335 ], [ 106.563354, -6.216617 ], [ 106.563489, -6.216145 ] ] } },
{ "type": "Feature", "properties": { "Name": "Akses Tol", "description": "Akses Tol   0.98 km", "tessellate": 1, "GEOTAGGING": "", "gx_media_links": null }, "geometry": { "type": "LineString", "coordinates": [ [ 106.562801, -6.219635 ], [ 106.563631, -6.219705 ], [ 106.564, -6.21976 ], [ 106.564347, -6.219836 ], [ 106.564762, -6.219921 ], [ 106.565002, -6.219953 ], [ 106.565217, -6.219978 ], [ 106.565357, -6.219978 ], [ 106.565474, -6.219958 ], [ 106.565573, -6.219926 ], [ 106.565692, -6.219861 ], [ 106.565789, -6.219743 ], [ 106.565854, -6.219641 ], [ 106.56589, -6.219508 ], [ 106.565886, -6.219324 ], [ 106.565843, -6.219194 ], [ 106.565773, -6.219051 ], [ 106.565681, -6.218934 ], [ 106.565567, -6.218811 ], [ 106.565412, -6.218682 ], [ 106.565133, -6.218507 ], [ 106.564909, -6.218374 ], [ 106.564665, -6.218282 ], [ 106.56436, -6.218212 ], [ 106.563965, -6.218141 ], [ 106.56372, -6.218122 ], [ 106.563571, -6.218132 ], [ 106.563418, -6.21816 ], [ 106.563274, -6.218222 ], [ 106.563167, -6.218298 ], [ 106.563033, -6.218436 ], [ 106.562948, -6.218564 ], [ 106.562836, -6.218746 ], [ 106.562746, -6.218992 ], [ 106.562673, -6.21925 ], [ 106.562461, -6.220035 ], [ 106.562389, -6.220193 ] ] } },
{ "type": "Feature", "properties": { "Name": "Akses Tol Jakarta - Tangerang", "description": "Akses Tol Jakarta - Tangerang   0.80 km", "tessellate": 1, "GEOTAGGING": "", "gx_media_links": null }, "geometry": { "type": "LineString", "coordinates": [ [ 106.608855, -6.224717 ], [ 106.609494, -6.22484 ], [ 106.609918, -6.224954 ], [ 106.610199, -6.225011 ], [ 106.610508, -6.225049 ], [ 106.610918, -6.225097 ], [ 106.611461, -6.225171 ], [ 106.61203, -6.225228 ], [ 106.612703, -6.225294 ], [ 106.613475, -6.225347 ], [ 106.614039, -6.225368 ], [ 106.614264, -6.225418 ], [ 106.614405, -6.225501 ], [ 106.614487, -6.225604 ], [ 106.614536, -6.225738 ], [ 106.614545, -6.225861 ], [ 106.614527, -6.225985 ], [ 106.614449, -6.226158 ], [ 106.614252, -6.226432 ], [ 106.613922, -6.226818 ] ] } },
{ "type": "Feature", "properties": { "Name": "Akses Tol Jakarta - Tangerang", "description": "Akses Tol Jakarta - Tangerang   0.41 km", "tessellate": 1, "GEOTAGGING": "", "gx_media_links": null }, "geometry": { "type": "LineString", "coordinates": [ [ 106.624536, -6.223952 ], [ 106.623877, -6.22388 ], [ 106.623442, -6.223892 ], [ 106.623106, -6.223939 ], [ 106.622688, -6.223986 ], [ 106.622426, -6.223986 ], [ 106.622226, -6.223966 ], [ 106.622057, -6.223862 ], [ 106.621927, -6.223746 ], [ 106.621799, -6.223419 ], [ 106.621635, -6.222998 ], [ 106.621589, -6.222796 ] ] } },
{ "type": "Feature", "properties": { "Name": "Akses Tol Jakarta - Tangerang", "description": "Akses Tol Jakarta - Tangerang   0.72 km", "tessellate": 1, "GEOTAGGING": "", "gx_media_links": null }, "geometry": { "type": "LineString", "coordinates": [ [ 106.619963, -6.224601 ], [ 106.619016, -6.224855 ], [ 106.618061, -6.225037 ], [ 106.617035, -6.225216 ], [ 106.615899, -6.225349 ], [ 106.615229, -6.225475 ], [ 106.614963, -6.225715 ], [ 106.614645, -6.226088 ], [ 106.614317, -6.226487 ], [ 106.614015, -6.226695 ] ] } },
{ "type": "Feature", "properties": { "Name": "Akses Tol Jakarta - Tangerang", "description": "Akses Tol Jakarta - Tangerang   1.19 km", "tessellate": 1, "GEOTAGGING": "", "gx_media_links": null }, "geometry": { "type": "LineString", "coordinates": [ [ 106.621618, -6.2229 ], [ 106.621653, -6.223396 ], [ 106.621661, -6.223594 ], [ 106.621656, -6.223745 ], [ 106.621629, -6.223915 ], [ 106.621546, -6.224062 ], [ 106.621405, -6.224143 ], [ 106.621079, -6.224234 ], [ 106.619364, -6.22449 ], [ 106.617787, -6.224689 ], [ 106.61717, -6.224688 ], [ 106.616502, -6.224714 ], [ 106.616045, -6.224759 ], [ 106.614417, -6.224925 ], [ 106.614158, -6.224972 ], [ 106.614045, -6.225073 ], [ 106.613959, -6.225214 ], [ 106.613918, -6.225376 ], [ 106.613962, -6.225505 ], [ 106.614051, -6.225706 ], [ 106.614142, -6.225893 ], [ 106.614182, -6.226058 ], [ 106.614147, -6.22619 ], [ 106.614097, -6.226329 ], [ 106.613971, -6.226515 ], [ 106.613758, -6.226803 ] ] } },
{ "type": "Feature", "properties": { "Name": "Simpang Susun Tangerang", "description": "Simpang Susun Tangerang   0.64 km", "tessellate": 1, "GEOTAGGING": "", "gx_media_links": null }, "geometry": { "type": "LineString", "coordinates": [ [ 106.640727, -6.221642 ], [ 106.640124, -6.221652 ], [ 106.639557, -6.221675 ], [ 106.639325, -6.221689 ], [ 106.638913, -6.22172 ], [ 106.638669, -6.221717 ], [ 106.638453, -6.221716 ], [ 106.638214, -6.22165 ], [ 106.638031, -6.221561 ], [ 106.637765, -6.221375 ], [ 106.637571, -6.221147 ], [ 106.637334, -6.220856 ], [ 106.637207, -6.220706 ], [ 106.637042, -6.220565 ], [ 106.636643, -6.220389 ], [ 106.636021, -6.220215 ], [ 106.635425, -6.220164 ] ] } },
{ "type": "Feature", "properties": { "Name": "Simpang Susun Tangerang", "description": "Simpang Susun Tangerang   1.71 km", "tessellate": 1, "GEOTAGGING": "", "gx_media_links": null }, "geometry": { "type": "LineString", "coordinates": [ [ 106.644388, -6.22112 ], [ 106.643528, -6.221338 ], [ 106.643099, -6.221457 ], [ 106.642527, -6.221564 ], [ 106.641541, -6.221739 ], [ 106.640855, -6.221838 ], [ 106.640326, -6.221941 ], [ 106.640019, -6.222039 ], [ 106.639705, -6.222297 ], [ 106.639456, -6.222532 ], [ 106.639228, -6.2228 ], [ 106.639056, -6.222963 ], [ 106.638894, -6.223097 ], [ 106.638684, -6.223224 ], [ 106.638493, -6.223276 ], [ 106.638223, -6.223277 ], [ 106.637976, -6.22322 ], [ 106.637801, -6.223098 ], [ 106.637673, -6.223001 ], [ 106.637524, -6.222827 ], [ 106.637389, -6.222662 ], [ 106.637197, -6.222513 ], [ 106.637064, -6.22247 ], [ 106.636702, -6.222477 ], [ 106.636033, -6.222554 ], [ 106.635333, -6.222652 ], [ 106.635153, -6.222721 ], [ 106.634773, -6.222848 ], [ 106.634387, -6.222928 ], [ 106.634091, -6.223002 ], [ 106.633427, -6.223105 ], [ 106.632253, -6.223317 ], [ 106.631522, -6.223458 ], [ 106.631288, -6.223536 ], [ 106.631153, -6.223594 ], [ 106.630841, -6.223683 ], [ 106.630653, -6.223782 ], [ 106.630542, -6.223917 ], [ 106.630499, -6.224069 ], [ 106.630496, -6.224186 ], [ 106.630528, -6.224429 ] ] } },
{ "type": "Feature", "properties": { "Name": "Akses Tol", "description": "Akses Tol   0.87 km", "tessellate": 1, "GEOTAGGING": "", "gx_media_links": null }, "geometry": { "type": "LineString", "coordinates": [ [ 106.634168, -6.222561 ], [ 106.635316, -6.222242 ], [ 106.636136, -6.222125 ], [ 106.636566, -6.222026 ], [ 106.636738, -6.22193 ], [ 106.636911, -6.2218 ], [ 106.636999, -6.221643 ], [ 106.637062, -6.221338 ], [ 106.636934, -6.220963 ], [ 106.636705, -6.220714 ], [ 106.636284, -6.220466 ], [ 106.635586, -6.220347 ], [ 106.634875, -6.220241 ], [ 106.634564, -6.220251 ], [ 106.634375, -6.220293 ], [ 106.634179, -6.220349 ], [ 106.63397, -6.220439 ], [ 106.633842, -6.220541 ], [ 106.633767, -6.220729 ], [ 106.633762, -6.220918 ], [ 106.633779, -6.221092 ], [ 106.633829, -6.221255 ] ] } },
{ "type": "Feature", "properties": { "Name": "Akses Tol", "description": "Akses Tol   0.63 km", "tessellate": 1, "GEOTAGGING": "", "gx_media_links": null }, "geometry": { "type": "LineString", "coordinates": [ [ 106.635433, -6.220163 ], [ 106.634805, -6.220171 ], [ 106.634436, -6.220166 ], [ 106.63415, -6.220191 ], [ 106.633834, -6.220227 ], [ 106.633523, -6.220296 ], [ 106.633186, -6.220349 ], [ 106.632737, -6.220439 ], [ 106.632492, -6.220456 ], [ 106.632276, -6.220405 ], [ 106.63211, -6.220304 ], [ 106.631975, -6.220105 ], [ 106.631902, -6.219897 ], [ 106.631948, -6.219668 ], [ 106.632073, -6.219439 ], [ 106.632167, -6.219238 ], [ 106.632233, -6.219082 ], [ 106.632269, -6.218795 ], [ 106.63215, -6.218109 ] ] } },
{ "type": "Feature", "properties": { "Name": "Akses Tol", "description": "Akses Tol   0.45 km", "tessellate": 1, "GEOTAGGING": "", "gx_media_links": null }, "geometry": { "type": "LineString", "coordinates": [ [ 106.635327, -6.220163 ], [ 106.634746, -6.220069 ], [ 106.634309, -6.220054 ], [ 106.633934, -6.220002 ], [ 106.633601, -6.219926 ], [ 106.633405, -6.219871 ], [ 106.633143, -6.21972 ], [ 106.63293, -6.219489 ], [ 106.632688, -6.219114 ], [ 106.632295, -6.218436 ], [ 106.632173, -6.218218 ] ] } },
{ "type": "Feature", "properties": { "Name": "Akses Tol", "description": "Akses Tol   0.67 km", "tessellate": 1, "GEOTAGGING": "", "gx_media_links": null }, "geometry": { "type": "LineString", "coordinates": [ [ 106.640012, -6.222043 ], [ 106.639662, -6.222243 ], [ 106.639422, -6.222451 ], [ 106.639119, -6.222745 ], [ 106.638825, -6.222997 ], [ 106.638565, -6.223141 ], [ 106.63829, -6.223182 ], [ 106.638, -6.223098 ], [ 106.637718, -6.222858 ], [ 106.637563, -6.222531 ], [ 106.637481, -6.221928 ], [ 106.637416, -6.221523 ], [ 106.637378, -6.221293 ], [ 106.637241, -6.221027 ], [ 106.637093, -6.2208 ], [ 106.636891, -6.22063 ], [ 106.636577, -6.220437 ], [ 106.636124, -6.220242 ] ] } },
{ "type": "Feature", "properties": { "Name": "Simpang Susun Kunciran", "description": "Simpang Susun Kunciran   1.22 km", "tessellate": 1, "GEOTAGGING": "", "gx_media_links": null }, "geometry": { "type": "LineString", "coordinates": [ [ 106.67043, -6.216958 ], [ 106.669369, -6.217096 ], [ 106.668541, -6.217283 ], [ 106.667569, -6.217519 ], [ 106.666957, -6.217608 ], [ 106.666125, -6.217704 ], [ 106.665412, -6.217734 ], [ 106.66522, -6.217777 ], [ 106.665019, -6.217875 ], [ 106.664833, -6.218009 ], [ 106.664723, -6.218166 ], [ 106.664639, -6.218373 ], [ 106.66461, -6.218557 ], [ 106.664633, -6.21878 ], [ 106.664688, -6.218932 ], [ 106.664766, -6.219053 ], [ 106.664912, -6.219204 ], [ 106.66519, -6.219395 ], [ 106.665381, -6.219466 ], [ 106.665543, -6.219498 ], [ 106.665812, -6.219496 ], [ 106.666032, -6.219512 ], [ 106.666221, -6.21957 ], [ 106.666398, -6.219667 ], [ 106.666522, -6.21977 ], [ 106.666611, -6.219885 ], [ 106.666666, -6.220022 ], [ 106.666732, -6.220285 ], [ 106.666729, -6.220448 ], [ 106.666688, -6.220585 ], [ 106.666612, -6.220732 ], [ 106.666454, -6.220868 ], [ 106.666266, -6.220973 ], [ 106.666, -6.221037 ], [ 106.665577, -6.220992 ] ] } },
{ "type": "Feature", "properties": { "Name": "Simpang Susun Kunciran", "description": "Simpang Susun Kunciran   0.99 km", "tessellate": 1, "GEOTAGGING": "", "gx_media_links": null }, "geometry": { "type": "LineString", "coordinates": [ [ 106.671895, -6.216531 ], [ 106.671377, -6.216787 ], [ 106.670689, -6.217039 ], [ 106.67028, -6.217179 ], [ 106.669957, -6.21728 ], [ 106.669717, -6.217386 ], [ 106.669419, -6.217545 ], [ 106.669121, -6.217725 ], [ 106.668829, -6.217833 ], [ 106.668497, -6.217921 ], [ 106.668066, -6.217969 ], [ 106.66751, -6.218036 ], [ 106.667101, -6.218109 ], [ 106.666842, -6.218183 ], [ 106.666634, -6.218283 ], [ 106.666502, -6.218407 ], [ 106.666416, -6.218508 ], [ 106.666361, -6.218645 ], [ 106.666321, -6.218785 ], [ 106.666315, -6.218911 ], [ 106.666328, -6.219039 ], [ 106.666367, -6.21915 ], [ 106.666473, -6.219337 ], [ 106.66659, -6.219526 ], [ 106.666775, -6.219828 ], [ 106.666845, -6.219964 ], [ 106.666894, -6.220097 ], [ 106.666919, -6.220224 ], [ 106.666941, -6.220356 ], [ 106.666954, -6.220573 ], [ 106.666917, -6.220753 ], [ 106.666849, -6.220932 ], [ 106.666732, -6.221121 ], [ 106.66661, -6.221281 ] ] } },
{ "type": "Feature", "properties": { "Name": "Simpang Susun Karang Tengah", "description": "Simpang Susun Karang Tengah   0.72 km", "tessellate": 1, "GEOTAGGING": "", "gx_media_links": null }, "geometry": { "type": "LineString", "coordinates": [ [ 106.700506, -6.206428 ], [ 106.701236, -6.205635 ], [ 106.701929, -6.205082 ], [ 106.70258, -6.20458 ], [ 106.702971, -6.204223 ], [ 106.703146, -6.203993 ], [ 106.703327, -6.203642 ], [ 106.703455, -6.203233 ], [ 106.70347, -6.202768 ], [ 106.703464, -6.20223 ], [ 106.703515, -6.201616 ], [ 106.703677, -6.201171 ] ] } },
{ "type": "Feature", "properties": { "Name": "Simpang Susun Karang Tengah", "description": "Simpang Susun Karang Tengah   0.64 km", "tessellate": 1, "GEOTAGGING": "", "gx_media_links": null }, "geometry": { "type": "LineString", "coordinates": [ [ 106.707375, -6.201039 ], [ 106.705822, -6.20209 ], [ 106.705198, -6.202487 ], [ 106.704709, -6.202855 ], [ 106.704491, -6.202993 ], [ 106.704316, -6.203034 ], [ 106.704108, -6.203011 ], [ 106.703936, -6.202862 ], [ 106.703787, -6.202534 ], [ 106.703696, -6.202039 ], [ 106.703649, -6.20124 ] ] } },
{ "type": "Feature", "properties": { "Name": "Simpang Susun Ciujung", "description": "Simpang Susun Ciujung   0.78 km", "tessellate": 1, "GEOTAGGING": "", "gx_media_links": null }, "geometry": { "type": "LineString", "coordinates": [ [ 106.284477, -6.143287 ], [ 106.285374, -6.143365 ], [ 106.285977, -6.143418 ], [ 106.286368, -6.143476 ], [ 106.286621, -6.143566 ], [ 106.28678, -6.143694 ], [ 106.286834, -6.143865 ], [ 106.286837, -6.144041 ], [ 106.286774, -6.144215 ], [ 106.286621, -6.144343 ], [ 106.286355, -6.144432 ], [ 106.286074, -6.144375 ], [ 106.285821, -6.144211 ], [ 106.285672, -6.143932 ], [ 106.285617, -6.14375 ], [ 106.285615, -6.143062 ], [ 106.28565, -6.142628 ], [ 106.285737, -6.142393 ], [ 106.285858, -6.142172 ], [ 106.286049, -6.141913 ], [ 106.286434, -6.141477 ] ] } },
{ "type": "Feature", "properties": { "Name": "Simpang Susun Ciujung", "description": "Simpang Susun Ciujung   0.49 km", "tessellate": 1, "GEOTAGGING": "", "gx_media_links": null }, "geometry": { "type": "LineString", "coordinates": [ [ 106.286194, -6.144402 ], [ 106.28655, -6.144452 ], [ 106.286773, -6.144361 ], [ 106.287043, -6.144116 ], [ 106.287323, -6.143867 ], [ 106.287493, -6.143776 ], [ 106.287737, -6.143662 ], [ 106.288005, -6.143621 ], [ 106.288332, -6.143641 ], [ 106.288891, -6.143709 ], [ 106.289636, -6.143807 ], [ 106.290348, -6.143877 ] ] } },
{ "type": "Feature", "properties": { "Name": "Akses Tol", "description": "Akses Tol  1 km", "tessellate": 1, "GEOTAGGING": "", "gx_media_links": null }, "geometry": { "type": "LineString", "coordinates": [ [ 106.295273, -6.146069 ], [ 106.294886, -6.145674 ], [ 106.293801, -6.144952 ], [ 106.292431, -6.144079 ], [ 106.290178, -6.1426 ], [ 106.288563, -6.141527 ], [ 106.28775, -6.141046 ] ] } },
{ "type": "Feature", "properties": { "Name": "Simpang Susun Serang Timur", "description": "Simpang Susun Serang Timur   0.81 km", "tessellate": 1, "GEOTAGGING": "", "gx_media_links": null }, "geometry": { "type": "LineString", "coordinates": [ [ 106.182921, -6.116144 ], [ 106.183866, -6.115296 ], [ 106.184594, -6.114584 ], [ 106.185122, -6.114084 ], [ 106.185427, -6.113819 ], [ 106.185755, -6.113718 ], [ 106.186008, -6.113722 ], [ 106.18628, -6.113846 ], [ 106.186452, -6.11404 ], [ 106.186508, -6.11424 ], [ 106.18649, -6.114446 ], [ 106.186365, -6.114672 ], [ 106.186263, -6.114735 ], [ 106.186107, -6.114788 ], [ 106.185791, -6.114721 ], [ 106.185541, -6.11455 ], [ 106.184639, -6.113844 ] ] } },
{ "type": "Feature", "properties": { "Name": "Simpang Susun Serang Timur", "description": "Simpang Susun Serang Timur   0.37 km", "tessellate": 1, "GEOTAGGING": "", "gx_media_links": null }, "geometry": { "type": "LineString", "coordinates": [ [ 106.187331, -6.116946 ], [ 106.187002, -6.116234 ], [ 106.186756, -6.115867 ], [ 106.186586, -6.115546 ], [ 106.186527, -6.115326 ], [ 106.186546, -6.115044 ], [ 106.186591, -6.114798 ], [ 106.186615, -6.114565 ], [ 106.186625, -6.114386 ], [ 106.186576, -6.114161 ], [ 106.186445, -6.113965 ], [ 106.186358, -6.113926 ] ] } },
{ "type": "Feature", "properties": { "Name": "Jl. Tol Tangerang - Merak", "description": "Jl. Tol Tangerang - Merak 71,8 km", "tessellate": 1, "GEOTAGGING": "", "gx_media_links": "https:\/\/www.youtube.com\/embed\/GCLatVKbFDo https:\/\/www.youtube.com\/embed\/6CZCZ3-C6a0 https:\/\/www.youtube.com\/embed\/MFxmWJf0WCk" }, "geometry": { "type": "LineString", "coordinates": [ [ 106.007291, -5.970826 ], [ 106.008583, -5.972941 ], [ 106.009284, -5.974031 ], [ 106.010625, -5.976138 ], [ 106.011003, -5.976644 ], [ 106.011476, -5.977098 ], [ 106.012013, -5.977634 ], [ 106.012748, -5.97804 ], [ 106.013764, -5.978387 ], [ 106.014674, -5.978516 ], [ 106.015737, -5.978436 ], [ 106.016501, -5.978392 ], [ 106.017287, -5.978458 ], [ 106.018129, -5.978681 ], [ 106.018919, -5.979049 ], [ 106.019451, -5.979381 ], [ 106.020067, -5.980041 ], [ 106.020674, -5.980859 ], [ 106.021353, -5.981673 ], [ 106.021768, -5.982069 ], [ 106.022496, -5.982557 ], [ 106.023112, -5.982825 ], [ 106.02372, -5.982987 ], [ 106.024408, -5.983063 ], [ 106.024945, -5.982962 ], [ 106.025633, -5.982864 ], [ 106.026483, -5.982605 ], [ 106.026973, -5.982349 ], [ 106.027437, -5.982191 ], [ 106.028168, -5.982038 ], [ 106.029108, -5.981907 ], [ 106.029749, -5.981965 ], [ 106.030301, -5.982059 ], [ 106.031053, -5.982353 ], [ 106.032042, -5.983041 ], [ 106.033378, -5.984107 ], [ 106.034688, -5.985235 ], [ 106.036577, -5.98674 ], [ 106.038069, -5.987959 ], [ 106.039016, -5.98862 ], [ 106.039602, -5.989038 ], [ 106.040138, -5.98936 ], [ 106.040821, -5.989666 ], [ 106.041382, -5.989861 ], [ 106.042341, -5.990069 ], [ 106.043196, -5.990168 ], [ 106.04407, -5.990133 ], [ 106.045154, -5.989935 ], [ 106.045913, -5.989839 ], [ 106.046797, -5.989763 ], [ 106.047688, -5.989806 ], [ 106.048448, -5.989921 ], [ 106.049253, -5.990185 ], [ 106.050274, -5.99064 ], [ 106.05118, -5.99135 ], [ 106.052851, -5.992916 ], [ 106.053665, -5.993666 ], [ 106.054471, -5.994381 ], [ 106.055322, -5.995259 ], [ 106.057099, -5.996914 ], [ 106.058696, -5.998406 ], [ 106.061269, -6.000817 ], [ 106.064043, -6.003436 ], [ 106.064471, -6.003828 ], [ 106.06574, -6.004859 ], [ 106.067658, -6.006323 ], [ 106.068634, -6.006997 ], [ 106.069559, -6.007651 ], [ 106.071972, -6.009063 ], [ 106.074479, -6.010387 ], [ 106.076618, -6.011341 ], [ 106.078283, -6.012019 ], [ 106.080036, -6.012849 ], [ 106.082333, -6.014076 ], [ 106.084291, -6.015272 ], [ 106.08669, -6.016838 ], [ 106.088006, -6.017899 ], [ 106.089259, -6.018919 ], [ 106.090985, -6.020459 ], [ 106.091874, -6.021305 ], [ 106.09332, -6.022757 ], [ 106.094388, -6.023959 ], [ 106.094924, -6.02456 ], [ 106.096403, -6.026454 ], [ 106.097359, -6.027795 ], [ 106.097986, -6.028743 ], [ 106.099113, -6.03055 ], [ 106.100378, -6.032596 ], [ 106.101018, -6.033755 ], [ 106.102721, -6.036489 ], [ 106.103548, -6.0377 ], [ 106.104472, -6.038929 ], [ 106.10557, -6.040275 ], [ 106.106341, -6.04117 ], [ 106.107653, -6.04256 ], [ 106.108433, -6.043306 ], [ 106.109374, -6.044121 ], [ 106.11015, -6.044757 ], [ 106.111802, -6.046116 ], [ 106.112567, -6.046757 ], [ 106.113914, -6.047944 ], [ 106.114747, -6.048739 ], [ 106.115641, -6.049626 ], [ 106.116605, -6.050762 ], [ 106.117514, -6.051804 ], [ 106.118449, -6.053065 ], [ 106.120232, -6.055687 ], [ 106.120923, -6.056909 ], [ 106.122091, -6.05914 ], [ 106.123307, -6.061419 ], [ 106.124599, -6.064021 ], [ 106.126083, -6.066822 ], [ 106.129068, -6.072358 ], [ 106.130896, -6.075817 ], [ 106.132865, -6.079534 ], [ 106.133906, -6.081634 ], [ 106.134734, -6.082936 ], [ 106.135445, -6.083793 ], [ 106.136142, -6.084489 ], [ 106.136981, -6.08518 ], [ 106.137832, -6.085697 ], [ 106.139049, -6.086284 ], [ 106.141499, -6.087121 ], [ 106.144856, -6.088309 ], [ 106.146616, -6.088898 ], [ 106.148499, -6.089491 ], [ 106.151902, -6.090675 ], [ 106.158191, -6.092849 ], [ 106.160621, -6.093662 ], [ 106.163042, -6.09469 ], [ 106.165059, -6.095711 ], [ 106.167207, -6.096936 ], [ 106.168844, -6.098064 ], [ 106.170736, -6.099549 ], [ 106.17208, -6.100746 ], [ 106.173416, -6.102091 ], [ 106.175009, -6.103764 ], [ 106.177322, -6.10615 ], [ 106.180753, -6.109754 ], [ 106.18436, -6.11355 ], [ 106.186402, -6.115738 ], [ 106.187211, -6.116794 ], [ 106.188151, -6.118073 ], [ 106.188928, -6.119459 ], [ 106.189563, -6.120888 ], [ 106.190026, -6.122114 ], [ 106.190707, -6.12387 ], [ 106.190964, -6.124517 ], [ 106.191637, -6.125746 ], [ 106.192239, -6.126538 ], [ 106.193281, -6.127533 ], [ 106.194504, -6.128414 ], [ 106.195912, -6.129134 ], [ 106.197541, -6.129728 ], [ 106.199019, -6.130255 ], [ 106.20293, -6.131703 ], [ 106.207944, -6.133496 ], [ 106.212414, -6.135124 ], [ 106.217366, -6.136927 ], [ 106.219329, -6.137589 ], [ 106.220502, -6.137869 ], [ 106.221769, -6.138129 ], [ 106.223284, -6.138271 ], [ 106.225944, -6.13835 ], [ 106.229731, -6.138418 ], [ 106.232523, -6.138427 ], [ 106.239379, -6.13854 ], [ 106.244642, -6.13863 ], [ 106.249017, -6.138685 ], [ 106.253447, -6.138749 ], [ 106.257292, -6.138788 ], [ 106.259168, -6.138912 ], [ 106.260381, -6.139061 ], [ 106.262291, -6.139409 ], [ 106.263793, -6.139746 ], [ 106.265899, -6.140387 ], [ 106.26763, -6.140929 ], [ 106.27039, -6.141782 ], [ 106.273418, -6.142737 ], [ 106.274552, -6.143041 ], [ 106.275947, -6.143335 ], [ 106.277485, -6.1435 ], [ 106.279153, -6.143577 ], [ 106.28129, -6.143441 ], [ 106.28362, -6.143301 ], [ 106.286327, -6.14325 ], [ 106.287662, -6.143363 ], [ 106.289094, -6.143575 ], [ 106.290656, -6.143953 ], [ 106.291885, -6.144369 ], [ 106.29324, -6.144927 ], [ 106.294793, -6.145768 ], [ 106.296987, -6.147177 ], [ 106.298365, -6.148058 ], [ 106.299326, -6.148581 ], [ 106.300278, -6.148946 ], [ 106.301537, -6.149244 ], [ 106.302758, -6.149402 ], [ 106.304056, -6.149558 ], [ 106.305073, -6.149701 ], [ 106.306017, -6.149949 ], [ 106.306717, -6.150178 ], [ 106.307985, -6.150689 ], [ 106.31012, -6.151634 ], [ 106.311607, -6.15223 ], [ 106.312606, -6.152518 ], [ 106.313524, -6.152617 ], [ 106.31448, -6.152548 ], [ 106.315885, -6.152355 ], [ 106.316739, -6.152302 ], [ 106.317343, -6.1523 ], [ 106.318089, -6.152374 ], [ 106.318961, -6.15259 ], [ 106.319809, -6.152964 ], [ 106.320518, -6.15337 ], [ 106.32119, -6.153906 ], [ 106.322003, -6.154593 ], [ 106.322877, -6.155429 ], [ 106.323985, -6.156445 ], [ 106.326002, -6.158273 ], [ 106.327475, -6.159614 ], [ 106.328993, -6.160923 ], [ 106.330031, -6.161814 ], [ 106.331353, -6.162804 ], [ 106.332608, -6.163668 ], [ 106.334257, -6.164694 ], [ 106.336413, -6.166014 ], [ 106.338855, -6.167523 ], [ 106.341123, -6.168902 ], [ 106.343947, -6.170621 ], [ 106.346484, -6.172176 ], [ 106.349208, -6.173841 ], [ 106.350152, -6.174452 ], [ 106.351017, -6.174891 ], [ 106.351815, -6.175332 ], [ 106.352863, -6.175772 ], [ 106.354081, -6.176204 ], [ 106.355489, -6.176615 ], [ 106.357035, -6.176881 ], [ 106.358835, -6.177077 ], [ 106.360507, -6.177102 ], [ 106.361783, -6.177099 ], [ 106.364164, -6.177052 ], [ 106.36533, -6.177067 ], [ 106.367124, -6.177085 ], [ 106.369162, -6.177076 ], [ 106.371881, -6.177019 ], [ 106.373994, -6.177006 ], [ 106.375839, -6.177001 ], [ 106.378331, -6.176999 ], [ 106.381758, -6.176991 ], [ 106.383152, -6.177052 ], [ 106.384257, -6.177127 ], [ 106.385506, -6.17732 ], [ 106.386858, -6.177689 ], [ 106.387934, -6.178106 ], [ 106.38941, -6.1788 ], [ 106.390359, -6.17937 ], [ 106.391313, -6.18001 ], [ 106.393071, -6.181249 ], [ 106.393631, -6.181585 ], [ 106.39414, -6.181882 ], [ 106.394793, -6.182214 ], [ 106.3956, -6.182601 ], [ 106.396725, -6.182997 ], [ 106.397686, -6.18325 ], [ 106.398866, -6.183497 ], [ 106.399756, -6.183623 ], [ 106.400904, -6.183777 ], [ 106.401791, -6.183904 ], [ 106.402825, -6.184122 ], [ 106.403857, -6.184365 ], [ 106.404752, -6.184705 ], [ 106.405555, -6.185089 ], [ 106.406423, -6.185541 ], [ 106.407279, -6.18607 ], [ 106.408431, -6.186937 ], [ 106.409626, -6.188015 ], [ 106.410595, -6.188931 ], [ 106.411436, -6.189642 ], [ 106.412321, -6.190339 ], [ 106.413426, -6.191073 ], [ 106.414512, -6.191652 ], [ 106.415508, -6.192094 ], [ 106.416628, -6.192446 ], [ 106.417852, -6.192746 ], [ 106.419024, -6.192911 ], [ 106.420077, -6.192981 ], [ 106.42338, -6.193086 ], [ 106.424692, -6.193192 ], [ 106.425497, -6.193288 ], [ 106.426454, -6.193457 ], [ 106.427549, -6.193718 ], [ 106.428488, -6.194029 ], [ 106.429923, -6.194588 ], [ 106.430723, -6.194968 ], [ 106.431949, -6.195666 ], [ 106.433255, -6.196487 ], [ 106.434231, -6.197075 ], [ 106.435388, -6.197734 ], [ 106.43657, -6.198272 ], [ 106.437676, -6.198729 ], [ 106.4391, -6.199156 ], [ 106.440303, -6.199424 ], [ 106.441545, -6.199665 ], [ 106.443988, -6.199907 ], [ 106.445583, -6.200067 ], [ 106.44769, -6.200217 ], [ 106.450149, -6.200444 ], [ 106.451406, -6.200524 ], [ 106.452738, -6.200802 ], [ 106.454389, -6.201215 ], [ 106.455584, -6.201634 ], [ 106.456934, -6.202224 ], [ 106.458399, -6.202885 ], [ 106.460311, -6.203838 ], [ 106.461509, -6.204405 ], [ 106.46285, -6.204969 ], [ 106.463659, -6.205251 ], [ 106.464796, -6.205584 ], [ 106.465786, -6.205803 ], [ 106.46702, -6.206004 ], [ 106.468149, -6.206107 ], [ 106.469152, -6.206157 ], [ 106.470237, -6.206125 ], [ 106.472307, -6.205896 ], [ 106.473763, -6.205619 ], [ 106.475493, -6.205054 ], [ 106.477053, -6.204401 ], [ 106.478261, -6.203845 ], [ 106.480272, -6.20279 ], [ 106.481639, -6.202081 ], [ 106.483365, -6.201277 ], [ 106.485014, -6.200756 ], [ 106.486802, -6.200287 ], [ 106.488983, -6.200041 ], [ 106.490301, -6.200001 ], [ 106.491786, -6.200082 ], [ 106.493261, -6.200263 ], [ 106.495999, -6.200842 ], [ 106.49848, -6.20141 ], [ 106.500625, -6.201859 ], [ 106.504194, -6.202641 ], [ 106.507138, -6.203348 ], [ 106.509617, -6.203875 ], [ 106.512901, -6.204589 ], [ 106.51501, -6.20496 ], [ 106.517428, -6.205232 ], [ 106.520262, -6.205447 ], [ 106.524578, -6.205587 ], [ 106.526676, -6.205551 ], [ 106.529512, -6.205558 ], [ 106.531146, -6.205681 ], [ 106.532599, -6.205863 ], [ 106.534327, -6.20609 ], [ 106.536113, -6.206416 ], [ 106.538391, -6.206817 ], [ 106.540007, -6.207114 ], [ 106.542272, -6.207552 ], [ 106.543646, -6.207964 ], [ 106.544814, -6.20841 ], [ 106.546404, -6.209245 ], [ 106.547623, -6.210038 ], [ 106.548631, -6.210848 ], [ 106.549719, -6.211804 ], [ 106.550999, -6.212938 ], [ 106.552397, -6.214142 ], [ 106.553307, -6.214831 ], [ 106.554561, -6.215714 ], [ 106.55608, -6.216669 ], [ 106.557695, -6.217524 ], [ 106.559487, -6.218368 ], [ 106.561665, -6.219262 ], [ 106.562522, -6.219567 ] ] } },
{ "type": "Feature", "properties": { "Name": "Simpang Susun Balaraja", "description": "Simpang Susun Balaraja   0.99 km", "tessellate": 1, "GEOTAGGING": "", "gx_media_links": null }, "geometry": { "type": "LineString", "coordinates": [ [ 106.462703, -6.20492 ], [ 106.461573, -6.204626 ], [ 106.460632, -6.204229 ], [ 106.460137, -6.204059 ], [ 106.459927, -6.204015 ], [ 106.459684, -6.204067 ], [ 106.459352, -6.204184 ], [ 106.459104, -6.204281 ], [ 106.458792, -6.204325 ], [ 106.458459, -6.204193 ], [ 106.458295, -6.204022 ], [ 106.458179, -6.203832 ], [ 106.458132, -6.203571 ], [ 106.458175, -6.203299 ], [ 106.458328, -6.202965 ], [ 106.458489, -6.202628 ], [ 106.458643, -6.202315 ], [ 106.458739, -6.201955 ], [ 106.458903, -6.201333 ], [ 106.459171, -6.199961 ] ] } },
{ "type": "Feature", "properties": { "Name": "Simpang Susun Balaraja", "description": "Simpang Susun Balaraja   0.53 km", "tessellate": 1, "GEOTAGGING": "", "gx_media_links": null }, "geometry": { "type": "LineString", "coordinates": [ [ 106.46086, -6.204093 ], [ 106.460247, -6.203674 ], [ 106.459959, -6.203477 ], [ 106.4596, -6.203221 ], [ 106.459379, -6.202978 ], [ 106.459169, -6.202649 ], [ 106.459061, -6.202357 ], [ 106.458997, -6.20199 ], [ 106.458975, -6.201774 ], [ 106.459003, -6.201441 ], [ 106.459083, -6.201003 ], [ 106.459134, -6.200658 ], [ 106.459147, -6.200117 ] ] } },
{ "type": "Feature", "properties": { "Name": "Simpang Susun Balaraja", "description": "Simpang Susun Balaraja   0.33 km", "tessellate": 1, "GEOTAGGING": "", "gx_media_links": null }, "geometry": { "type": "LineString", "coordinates": [ [ 106.457776, -6.202605 ], [ 106.458333, -6.20301 ], [ 106.458643, -6.203171 ], [ 106.458996, -6.203386 ], [ 106.459196, -6.203568 ], [ 106.459244, -6.203729 ], [ 106.459253, -6.203868 ], [ 106.459216, -6.203985 ], [ 106.459132, -6.204135 ], [ 106.459021, -6.204204 ], [ 106.458808, -6.204238 ], [ 106.458462, -6.204193 ] ] } },
{ "type": "Feature", "properties": { "Name": "Simpang Susun Balaraja", "description": "Simpang Susun Balaraja   0.54 km", "tessellate": 1, "GEOTAGGING": "", "gx_media_links": null }, "geometry": { "type": "LineString", "coordinates": [ [ 106.455585, -6.20163 ], [ 106.456034, -6.201718 ], [ 106.456442, -6.201836 ], [ 106.456861, -6.201986 ], [ 106.457248, -6.20213 ], [ 106.457591, -6.202168 ], [ 106.457872, -6.20216 ], [ 106.458082, -6.202093 ], [ 106.458301, -6.201959 ], [ 106.458494, -6.201801 ], [ 106.458631, -6.201586 ], [ 106.458755, -6.201322 ], [ 106.458859, -6.200909 ], [ 106.458952, -6.200607 ], [ 106.459127, -6.200158 ] ] } },
{ "type": "Feature", "properties": { "Name": "Simpang Susun Ciujung", "description": "Simpang Susun Ciujung   0.52 km", "tessellate": 1, "GEOTAGGING": "", "gx_media_links": null }, "geometry": { "type": "LineString", "coordinates": [ [ 106.282384, -6.143375 ], [ 106.283613, -6.143181 ], [ 106.284084, -6.143082 ], [ 106.284307, -6.143027 ], [ 106.284576, -6.142919 ], [ 106.284967, -6.142642 ], [ 106.285509, -6.142216 ], [ 106.286534, -6.141402 ] ] } },
{ "type": "Feature", "properties": { "Name": "Akses Tol", "description": "Akses Tol   0.55 km", "tessellate": 1, "GEOTAGGING": "", "gx_media_links": null }, "geometry": { "type": "LineString", "coordinates": [ [ 106.187079, -6.116623 ], [ 106.186643, -6.116215 ], [ 106.186341, -6.115892 ], [ 106.186057, -6.115595 ], [ 106.185817, -6.115374 ], [ 106.185573, -6.115213 ], [ 106.185331, -6.115112 ], [ 106.185115, -6.115068 ], [ 106.184802, -6.115055 ], [ 106.184518, -6.115099 ], [ 106.184248, -6.115201 ], [ 106.184056, -6.115315 ], [ 106.183825, -6.115518 ], [ 106.183618, -6.115677 ], [ 106.183142, -6.116012 ], [ 106.182973, -6.116097 ] ] } },
{ "type": "Feature", "properties": { "Name": "Akses Tol", "description": "Akses Tol   0.56 km", "tessellate": 1, "GEOTAGGING": "", "gx_media_links": null }, "geometry": { "type": "LineString", "coordinates": [ [ 106.182772, -6.111871 ], [ 106.182977, -6.112291 ], [ 106.183167, -6.112508 ], [ 106.183418, -6.11278 ], [ 106.183638, -6.113028 ], [ 106.18379, -6.113212 ], [ 106.1839, -6.113359 ], [ 106.184004, -6.113531 ], [ 106.184084, -6.113701 ], [ 106.184137, -6.113901 ], [ 106.184161, -6.114058 ], [ 106.184159, -6.114276 ], [ 106.184128, -6.11446 ], [ 106.18407, -6.114733 ], [ 106.184016, -6.114858 ], [ 106.183872, -6.115086 ], [ 106.183652, -6.115337 ], [ 106.183323, -6.115636 ], [ 106.182995, -6.116083 ] ] } },
{ "type": "Feature", "properties": { "Name": "Simpang Susun Serang Barat", "description": "Simpang Susun Serang Barat   1.70 km", "tessellate": 1, "GEOTAGGING": "", "gx_media_links": null }, "geometry": { "type": "LineString", "coordinates": [ [ 106.141164, -6.087006 ], [ 106.142275, -6.087223 ], [ 106.142962, -6.087412 ], [ 106.143316, -6.087455 ], [ 106.143591, -6.08739 ], [ 106.143949, -6.087141 ], [ 106.144293, -6.08696 ], [ 106.144557, -6.086915 ], [ 106.144934, -6.087036 ], [ 106.145196, -6.087245 ], [ 106.145288, -6.087548 ], [ 106.145297, -6.087799 ], [ 106.145102, -6.088364 ], [ 106.144997, -6.08868 ], [ 106.144898, -6.088963 ], [ 106.144791, -6.089203 ], [ 106.144628, -6.089397 ], [ 106.14437, -6.089589 ], [ 106.143966, -6.089762 ], [ 106.143055, -6.090009 ], [ 106.141836, -6.090406 ], [ 106.14089, -6.090633 ], [ 106.140206, -6.090812 ], [ 106.139645, -6.090941 ], [ 106.139055, -6.091002 ], [ 106.138076, -6.091022 ], [ 106.137213, -6.090942 ], [ 106.136181, -6.090682 ] ] } },
{ "type": "Feature", "properties": { "Name": "Simpang Susun Serang Barat", "description": "Simpang Susun Serang Barat   0.37 km", "tessellate": 1, "GEOTAGGING": "", "gx_media_links": null }, "geometry": { "type": "LineString", "coordinates": [ [ 106.146236, -6.088772 ], [ 106.145351, -6.088325 ], [ 106.144951, -6.088163 ], [ 106.144607, -6.087986 ], [ 106.144275, -6.08776 ], [ 106.144151, -6.087566 ], [ 106.144113, -6.087391 ], [ 106.144168, -6.087197 ], [ 106.144314, -6.087043 ], [ 106.144564, -6.086918 ] ] } },
{ "type": "Feature", "properties": { "Name": "Simpang Susun Serang Barat", "description": "Simpang Susun Serang Barat   0.68 km", "tessellate": 1, "GEOTAGGING": "", "gx_media_links": null }, "geometry": { "type": "LineString", "coordinates": [ [ 106.150021, -6.090029 ], [ 106.148853, -6.089737 ], [ 106.148236, -6.089591 ], [ 106.147844, -6.089517 ], [ 106.147421, -6.089473 ], [ 106.146667, -6.089404 ], [ 106.145937, -6.089378 ], [ 106.145558, -6.089417 ], [ 106.14472, -6.089611 ], [ 106.143948, -6.089762 ] ] } },
{ "type": "Feature", "properties": { "Name": "Simpang Susun Serang Barat", "description": "Simpang Susun Serang Barat   0.53 km", "tessellate": 1, "GEOTAGGING": "", "gx_media_links": null }, "geometry": { "type": "LineString", "coordinates": [ [ 106.14249, -6.087466 ], [ 106.142918, -6.087743 ], [ 106.143111, -6.087826 ], [ 106.143554, -6.088002 ], [ 106.144086, -6.08825 ], [ 106.144291, -6.088394 ], [ 106.144457, -6.088601 ], [ 106.144531, -6.088768 ], [ 106.144546, -6.089004 ], [ 106.144499, -6.089178 ], [ 106.14441, -6.089358 ], [ 106.144278, -6.089471 ], [ 106.143868, -6.089643 ], [ 106.142892, -6.090057 ] ] } },
{ "type": "Feature", "properties": { "Name": "Jl. Tol JORR Seksi E1 - E2 - E3", "description": "Jl. Tol JORR Seksi E1 - E2 - E3   29.5 km", "tessellate": 1, "GEOTAGGING": "", "gx_media_links": null }, "geometry": { "type": "LineString", "coordinates": [ [ 106.884276, -6.3059 ], [ 106.885523, -6.305899 ], [ 106.887445, -6.305823 ], [ 106.888648, -6.30589 ], [ 106.889479, -6.305912 ], [ 106.890652, -6.306116 ], [ 106.891533, -6.306289 ], [ 106.893593, -6.30675 ], [ 106.894992, -6.307129 ], [ 106.896045, -6.30746 ], [ 106.896961, -6.307797 ], [ 106.898425, -6.308631 ], [ 106.900024, -6.30971 ], [ 106.900794, -6.310422 ], [ 106.901381, -6.310815 ], [ 106.901972, -6.311088 ], [ 106.902742, -6.311351 ], [ 106.904206, -6.311535 ], [ 106.905774, -6.311691 ], [ 106.908123, -6.311869 ], [ 106.909888, -6.311967 ], [ 106.912751, -6.312045 ], [ 106.915207, -6.311997 ], [ 106.917283, -6.31183 ], [ 106.91928, -6.311533 ], [ 106.922447, -6.311036 ], [ 106.928321, -6.310042 ], [ 106.931253, -6.309483 ], [ 106.933084, -6.309039 ], [ 106.936011, -6.307792 ], [ 106.939503, -6.306079 ], [ 106.943498, -6.304049 ], [ 106.946226, -6.302728 ], [ 106.948628, -6.301478 ], [ 106.950463, -6.300506 ], [ 106.952267, -6.299354 ], [ 106.953642, -6.298251 ], [ 106.955187, -6.29659 ], [ 106.956278, -6.295205 ], [ 106.957144, -6.293728 ], [ 106.95769, -6.292558 ], [ 106.95823, -6.291096 ], [ 106.95867, -6.289613 ], [ 106.958881, -6.288621 ], [ 106.959032, -6.287692 ], [ 106.959155, -6.286484 ], [ 106.959259, -6.283677 ], [ 106.959353, -6.280478 ], [ 106.959419, -6.277817 ], [ 106.959436, -6.276837 ], [ 106.959378, -6.275816 ], [ 106.959223, -6.273877 ], [ 106.958864, -6.269716 ], [ 106.95865, -6.267222 ], [ 106.958404, -6.26552 ], [ 106.958053, -6.263544 ], [ 106.957994, -6.262808 ], [ 106.95797, -6.261816 ], [ 106.958015, -6.258599 ], [ 106.958038, -6.25619 ], [ 106.95807, -6.255158 ], [ 106.95805, -6.254593 ], [ 106.957937, -6.253887 ], [ 106.957812, -6.253216 ], [ 106.957493, -6.252272 ], [ 106.956968, -6.250952 ], [ 106.956118, -6.248627 ], [ 106.955735, -6.247466 ], [ 106.955551, -6.246731 ], [ 106.955178, -6.245238 ], [ 106.954851, -6.244111 ], [ 106.954523, -6.243396 ], [ 106.953722, -6.241918 ], [ 106.952808, -6.240178 ], [ 106.952248, -6.23899 ], [ 106.951878, -6.238004 ], [ 106.951558, -6.236969 ], [ 106.951266, -6.235415 ], [ 106.951212, -6.233948 ], [ 106.951286, -6.232077 ], [ 106.9521, -6.228103 ], [ 106.952537, -6.225908 ], [ 106.952756, -6.224111 ], [ 106.952942, -6.221857 ], [ 106.952981, -6.219179 ], [ 106.952707, -6.216679 ], [ 106.952396, -6.215198 ], [ 106.952038, -6.21409 ], [ 106.950868, -6.21153 ], [ 106.948725, -6.207655 ], [ 106.945791, -6.202297 ], [ 106.944328, -6.19925 ], [ 106.943883, -6.197568 ], [ 106.943654, -6.195184 ], [ 106.943216, -6.188858 ], [ 106.942944, -6.184447 ], [ 106.943027, -6.179693 ], [ 106.943112, -6.176571 ], [ 106.942947, -6.173891 ], [ 106.942773, -6.171348 ], [ 106.941986, -6.166393 ], [ 106.941054, -6.161196 ], [ 106.940712, -6.157783 ], [ 106.940495, -6.154279 ], [ 106.940098, -6.147759 ], [ 106.939752, -6.143332 ], [ 106.939654, -6.142249 ], [ 106.939029, -6.140657 ], [ 106.937944, -6.138997 ], [ 106.935526, -6.135656 ], [ 106.929863, -6.127671 ], [ 106.927602, -6.12442 ], [ 106.926864, -6.122886 ], [ 106.926572, -6.122074 ], [ 106.926294, -6.120416 ], [ 106.92595, -6.119055 ], [ 106.925847, -6.118316 ], [ 106.925713, -6.117845 ], [ 106.925406, -6.117093 ], [ 106.925075, -6.116024 ], [ 106.924823, -6.115184 ] ] } },
{ "type": "Feature", "properties": { "Name": "Akses Tol Lkr. Luar Jakarta Seksi E", "description": "Akses Tol Lkr. Luar Jakarta Seksi E   0.98 km", "tessellate": 1, "GEOTAGGING": "", "gx_media_links": null }, "geometry": { "type": "LineString", "coordinates": [ [ 106.953149, -6.298644 ], [ 106.953337, -6.298275 ], [ 106.953623, -6.297968 ], [ 106.953989, -6.2976 ], [ 106.954181, -6.297349 ], [ 106.954276, -6.297172 ], [ 106.95431, -6.296994 ], [ 106.954288, -6.296779 ], [ 106.954188, -6.296551 ], [ 106.954086, -6.296367 ], [ 106.954032, -6.296211 ], [ 106.954021, -6.296042 ], [ 106.954077, -6.295859 ], [ 106.954155, -6.295699 ], [ 106.954291, -6.295574 ], [ 106.954487, -6.295483 ], [ 106.954829, -6.295367 ], [ 106.955323, -6.295208 ], [ 106.955516, -6.295154 ], [ 106.95586, -6.294946 ], [ 106.956076, -6.294771 ], [ 106.956338, -6.294526 ], [ 106.956636, -6.294173 ], [ 106.956996, -6.293634 ], [ 106.957135, -6.293307 ], [ 106.957386, -6.292674 ], [ 106.957653, -6.29196 ] ] } },
{ "type": "Feature", "properties": { "Name": "Akses Tol Lkr. Luar Jakarta Seksi E", "description": "Akses Tol Lkr. Luar Jakarta Seksi E   0.71 km", "tessellate": 1, "GEOTAGGING": "", "gx_media_links": null }, "geometry": { "type": "LineString", "coordinates": [ [ 106.957131, -6.293759 ], [ 106.956476, -6.294592 ], [ 106.956129, -6.294995 ], [ 106.955041, -6.29637 ], [ 106.954875, -6.296524 ], [ 106.954728, -6.296596 ], [ 106.954574, -6.296607 ], [ 106.954444, -6.296568 ], [ 106.954327, -6.2965 ], [ 106.954246, -6.296404 ], [ 106.954175, -6.296279 ], [ 106.95414, -6.29615 ], [ 106.95413, -6.296039 ], [ 106.954149, -6.2959 ], [ 106.954205, -6.295767 ], [ 106.954285, -6.295679 ], [ 106.954408, -6.295587 ], [ 106.954644, -6.295497 ], [ 106.954968, -6.295399 ], [ 106.955249, -6.2953 ], [ 106.955502, -6.295157 ] ] } },
{ "type": "Feature", "properties": { "Name": "Akses Tol Lkr. Luar Jakarta Seksi E", "description": "Akses Tol Lkr. Luar Jakarta Seksi E   0.64 km", "tessellate": 1, "GEOTAGGING": "", "gx_media_links": null }, "geometry": { "type": "LineString", "coordinates": [ [ 106.953488, -6.298378 ], [ 106.953867, -6.298141 ], [ 106.954103, -6.297971 ], [ 106.954544, -6.29762 ], [ 106.954955, -6.297193 ], [ 106.955369, -6.296724 ], [ 106.955736, -6.296405 ], [ 106.956003, -6.296213 ], [ 106.956254, -6.296084 ], [ 106.956507, -6.295997 ], [ 106.956752, -6.29596 ], [ 106.957107, -6.295948 ], [ 106.95755, -6.295991 ], [ 106.958413, -6.295992 ] ] } },
{ "type": "Feature", "properties": { "Name": "Akses Tol Lkr. Luar Jakarta Seksi E", "description": "Akses Tol Lkr. Luar Jakarta Seksi E   0.55 km", "tessellate": 1, "GEOTAGGING": "", "gx_media_links": null }, "geometry": { "type": "LineString", "coordinates": [ [ 106.957624, -6.292704 ], [ 106.957563, -6.29309 ], [ 106.957257, -6.293836 ], [ 106.956939, -6.294428 ], [ 106.956607, -6.294969 ], [ 106.956521, -6.295167 ], [ 106.956486, -6.295324 ], [ 106.956501, -6.29545 ], [ 106.956549, -6.2956 ], [ 106.956642, -6.295711 ], [ 106.956785, -6.295799 ], [ 106.957118, -6.295851 ], [ 106.95766, -6.295907 ], [ 106.958304, -6.295993 ] ] } },
{ "type": "Feature", "properties": { "Name": "Simpang Susun Cikunir", "description": "Simpang Susun Cikunir   1.23 km", "tessellate": 1, "GEOTAGGING": "", "gx_media_links": null }, "geometry": { "type": "LineString", "coordinates": [ [ 106.958003, -6.262894 ], [ 106.957835, -6.262252 ], [ 106.957822, -6.2616 ], [ 106.957799, -6.261116 ], [ 106.957763, -6.260533 ], [ 106.957695, -6.25976 ], [ 106.95767, -6.259548 ], [ 106.957556, -6.259212 ], [ 106.957276, -6.258545 ], [ 106.95723, -6.258339 ], [ 106.957218, -6.258126 ], [ 106.957279, -6.257707 ], [ 106.957308, -6.257365 ], [ 106.9573, -6.257213 ], [ 106.957231, -6.256984 ], [ 106.957128, -6.256841 ], [ 106.956903, -6.256737 ], [ 106.956699, -6.256707 ], [ 106.955909, -6.25676 ], [ 106.954534, -6.256852 ], [ 106.953352, -6.256832 ], [ 106.952232, -6.256734 ] ] } },
{ "type": "Feature", "properties": { "Name": "Simpang Susun Cikunir", "description": "Simpang Susun Cikunir   0.68 km", "tessellate": 1, "GEOTAGGING": "", "gx_media_links": null }, "geometry": { "type": "LineString", "coordinates": [ [ 106.957281, -6.25769 ], [ 106.95736, -6.257396 ], [ 106.957409, -6.25714 ], [ 106.957452, -6.256837 ], [ 106.957598, -6.256135 ], [ 106.957644, -6.255893 ], [ 106.957636, -6.255736 ], [ 106.9576, -6.255565 ], [ 106.957504, -6.255422 ], [ 106.957298, -6.255317 ], [ 106.957129, -6.255312 ], [ 106.956985, -6.25536 ], [ 106.956887, -6.255427 ], [ 106.956801, -6.255534 ], [ 106.956745, -6.255668 ], [ 106.956723, -6.255781 ], [ 106.956761, -6.255924 ], [ 106.956831, -6.256024 ], [ 106.956918, -6.256132 ], [ 106.957043, -6.256195 ], [ 106.957238, -6.256214 ], [ 106.957936, -6.256092 ], [ 106.95925, -6.25609 ] ] } },
{ "type": "Feature", "properties": { "Name": "Simpang Susun Cikunir", "description": "Simpang Susun Cikunir   0.98 km", "tessellate": 1, "GEOTAGGING": "", "gx_media_links": null }, "geometry": { "type": "LineString", "coordinates": [ [ 106.957968, -6.261571 ], [ 106.958147, -6.260469 ], [ 106.958213, -6.259961 ], [ 106.958345, -6.25962 ], [ 106.958632, -6.259097 ], [ 106.958823, -6.258737 ], [ 106.959013, -6.258267 ], [ 106.959204, -6.257919 ], [ 106.959369, -6.257635 ], [ 106.959964, -6.2569 ], [ 106.960885, -6.256162 ], [ 106.96134, -6.255867 ], [ 106.96236, -6.255519 ], [ 106.962834, -6.255325 ], [ 106.963119, -6.25505 ] ] } },
{ "type": "Feature", "properties": { "Name": "Simpang Susun Ungaran", "description": "Simpang Susun Ungaran   0.48 km", "tessellate": 1, "GEOTAGGING": "", "gx_media_links": null }, "geometry": { "type": "LineString", "coordinates": [ [ 110.426046, -7.147305 ], [ 110.425951, -7.145822 ], [ 110.42585, -7.145168 ], [ 110.425842, -7.144828 ], [ 110.42587, -7.144593 ], [ 110.425977, -7.144326 ], [ 110.42614, -7.144079 ], [ 110.426312, -7.143871 ], [ 110.426495, -7.143622 ], [ 110.426582, -7.143491 ], [ 110.42661, -7.143322 ], [ 110.426567, -7.143198 ] ] } },
{ "type": "Feature", "properties": { "Name": "Simpang Susun Cikunir", "description": "Simpang Susun Cikunir   0.60 km", "tessellate": 1, "GEOTAGGING": "", "gx_media_links": null }, "geometry": { "type": "LineString", "coordinates": [ [ 106.959376, -6.25762 ], [ 106.959012, -6.258074 ], [ 106.958903, -6.258243 ], [ 106.958657, -6.258833 ], [ 106.958505, -6.259008 ], [ 106.958333, -6.259094 ], [ 106.958117, -6.259132 ], [ 106.957818, -6.259066 ], [ 106.957633, -6.258909 ], [ 106.957516, -6.258742 ], [ 106.957485, -6.25856 ], [ 106.957486, -6.258393 ], [ 106.957529, -6.258224 ], [ 106.957628, -6.257985 ], [ 106.957722, -6.257775 ], [ 106.957803, -6.257514 ], [ 106.957863, -6.257216 ], [ 106.957936, -6.256645 ], [ 106.958042, -6.256183 ] ] } },
{ "type": "Feature", "properties": { "Name": "Simpang Susun Cikunir", "description": "Simpang Susun Cikunir   0.73 km", "tessellate": 1, "GEOTAGGING": "", "gx_media_links": null }, "geometry": { "type": "LineString", "coordinates": [ [ 106.954388, -6.256636 ], [ 106.955456, -6.256422 ], [ 106.955946, -6.256228 ], [ 106.956238, -6.256036 ], [ 106.956452, -6.255784 ], [ 106.956876, -6.255139 ], [ 106.957316, -6.25432 ], [ 106.957436, -6.253934 ], [ 106.957493, -6.253657 ], [ 106.957541, -6.25337 ], [ 106.957524, -6.253013 ], [ 106.957417, -6.252494 ], [ 106.95729, -6.251767 ] ] } },
{ "type": "Feature", "properties": { "Name": "Simpang Susun Cikunir", "description": "Simpang Susun Cikunir   1.17 km", "tessellate": 1, "GEOTAGGING": "", "gx_media_links": null }, "geometry": { "type": "LineString", "coordinates": [ [ 106.956929, -6.250855 ], [ 106.957657, -6.252194 ], [ 106.958138, -6.253194 ], [ 106.958397, -6.253619 ], [ 106.958827, -6.254295 ], [ 106.959069, -6.254901 ], [ 106.959277, -6.255191 ], [ 106.959571, -6.25542 ], [ 106.959902, -6.255559 ], [ 106.960497, -6.255596 ], [ 106.961314, -6.255462 ], [ 106.962206, -6.255112 ], [ 106.963752, -6.254528 ], [ 106.964609, -6.254442 ] ] } },
{ "type": "Feature", "properties": { "Name": "Simpang Susun Cikunir", "description": "Simpang Susun Cikunir   0.86 km", "tessellate": 1, "GEOTAGGING": "", "gx_media_links": null }, "geometry": { "type": "LineString", "coordinates": [ [ 106.958663, -6.254036 ], [ 106.95875, -6.254362 ], [ 106.958774, -6.254664 ], [ 106.958765, -6.254938 ], [ 106.95859, -6.255876 ], [ 106.958453, -6.256638 ], [ 106.958413, -6.256918 ], [ 106.958405, -6.257058 ], [ 106.958469, -6.257211 ], [ 106.958548, -6.257331 ], [ 106.958671, -6.257433 ], [ 106.958832, -6.257491 ], [ 106.959031, -6.2575 ], [ 106.95921, -6.257451 ], [ 106.959387, -6.257329 ], [ 106.959511, -6.257172 ], [ 106.959573, -6.256975 ], [ 106.959557, -6.256822 ], [ 106.959448, -6.256588 ], [ 106.959204, -6.256429 ], [ 106.958993, -6.256388 ], [ 106.958666, -6.256414 ], [ 106.958167, -6.256475 ], [ 106.95761, -6.256519 ], [ 106.956863, -6.256455 ] ] } },
{ "type": "Feature", "properties": { "Name": "Simpang Susun Cikunir", "description": "Simpang Susun Cikunir   0.50 km", "tessellate": 1, "GEOTAGGING": "", "gx_media_links": null }, "geometry": { "type": "LineString", "coordinates": [ [ 106.956816, -6.255225 ], [ 106.957254, -6.254628 ], [ 106.957582, -6.254188 ], [ 106.95773, -6.254045 ], [ 106.957849, -6.253968 ], [ 106.958095, -6.253925 ], [ 106.958287, -6.253967 ], [ 106.958421, -6.254064 ], [ 106.958531, -6.254193 ], [ 106.958585, -6.254374 ], [ 106.958601, -6.254554 ], [ 106.958564, -6.254735 ], [ 106.958469, -6.254939 ], [ 106.958258, -6.255407 ], [ 106.958166, -6.255637 ], [ 106.958034, -6.256186 ] ] } },
{ "type": "Feature", "properties": { "Name": "Akses Tol. Lkr Luar Jakarta Seksi E", "description": "Akses Tol. Lkr Luar Jakarta Seksi E   1.10 km", "tessellate": 1, "GEOTAGGING": "", "gx_media_links": null }, "geometry": { "type": "LineString", "coordinates": [ [ 106.94347, -6.192551 ], [ 106.943527, -6.191811 ], [ 106.943563, -6.191298 ], [ 106.94361, -6.191091 ], [ 106.943724, -6.190916 ], [ 106.943876, -6.190741 ], [ 106.944117, -6.190566 ], [ 106.944298, -6.190399 ], [ 106.944408, -6.190232 ], [ 106.94446, -6.19003 ], [ 106.944466, -6.189811 ], [ 106.944353, -6.189527 ], [ 106.944205, -6.189321 ], [ 106.943981, -6.189134 ], [ 106.943437, -6.188968 ], [ 106.941368, -6.188404 ], [ 106.939583, -6.187913 ], [ 106.939021, -6.187612 ], [ 106.938358, -6.18713 ] ] } },
{ "type": "Feature", "properties": { "Name": "Akses Tol. Lkr Luar Jakarta Seksi E", "description": "Akses Tol. Lkr Luar Jakarta Seksi E   0.61 km", "tessellate": 1, "GEOTAGGING": "", "gx_media_links": null }, "geometry": { "type": "LineString", "coordinates": [ [ 106.94344, -6.192045 ], [ 106.943201, -6.191001 ], [ 106.94311, -6.190222 ], [ 106.943047, -6.189906 ], [ 106.942911, -6.189609 ], [ 106.942628, -6.189204 ], [ 106.942304, -6.188942 ], [ 106.941948, -6.188718 ], [ 106.941544, -6.188539 ], [ 106.940384, -6.18813 ] ] } },
{ "type": "Feature", "properties": { "Name": "Akses Tol. Lkr Luar Jakarta Seksi E", "description": "Akses Tol. Lkr Luar Jakarta Seksi E   0.44 km", "tessellate": 1, "GEOTAGGING": "", "gx_media_links": null }, "geometry": { "type": "LineString", "coordinates": [ [ 106.944445, -6.18974 ], [ 106.944408, -6.190063 ], [ 106.944327, -6.190234 ], [ 106.944169, -6.190362 ], [ 106.943978, -6.190426 ], [ 106.943776, -6.190389 ], [ 106.943645, -6.190311 ], [ 106.943552, -6.190137 ], [ 106.94347, -6.189947 ], [ 106.943445, -6.189604 ], [ 106.943365, -6.189173 ], [ 106.94327, -6.188643 ], [ 106.943148, -6.187681 ] ] } },
{ "type": "Feature", "properties": { "Name": "Akses Tol. Lkr Luar Jakarta Seksi E", "description": "Akses Tol. Lkr Luar Jakarta Seksi E   0.51 km", "tessellate": 1, "GEOTAGGING": "", "gx_media_links": null }, "geometry": { "type": "LineString", "coordinates": [ [ 106.952319, -6.227005 ], [ 106.952286, -6.226507 ], [ 106.952353, -6.22604 ], [ 106.952381, -6.225743 ], [ 106.952366, -6.225328 ], [ 106.952329, -6.225081 ], [ 106.952266, -6.2249 ], [ 106.952135, -6.224627 ], [ 106.951951, -6.224368 ], [ 106.951758, -6.224165 ], [ 106.95145, -6.223934 ], [ 106.951074, -6.223652 ], [ 106.950739, -6.223355 ], [ 106.950569, -6.223144 ] ] } },
{ "type": "Feature", "properties": { "Name": "Akses Tol. Lkr Luar Jakarta Seksi E", "description": "Akses Tol. Lkr Luar Jakarta Seksi E   0.93 km", "tessellate": 1, "GEOTAGGING": "", "gx_media_links": null }, "geometry": { "type": "LineString", "coordinates": [ [ 106.95224, -6.227397 ], [ 106.952498, -6.226932 ], [ 106.952544, -6.226642 ], [ 106.952617, -6.226384 ], [ 106.95272, -6.226225 ], [ 106.952959, -6.22605 ], [ 106.953259, -6.225919 ], [ 106.953535, -6.225809 ], [ 106.953661, -6.225683 ], [ 106.953741, -6.225408 ], [ 106.953695, -6.225201 ], [ 106.953541, -6.224974 ], [ 106.953418, -6.22485 ], [ 106.953264, -6.224724 ], [ 106.952892, -6.224547 ], [ 106.952494, -6.224363 ], [ 106.951728, -6.223961 ], [ 106.951218, -6.223665 ], [ 106.950773, -6.223356 ], [ 106.950568, -6.223146 ], [ 106.950385, -6.222825 ], [ 106.950274, -6.222541 ], [ 106.950208, -6.222166 ], [ 106.950188, -6.221443 ] ] } },
{ "type": "Feature", "properties": { "Name": "Simpang Susun Ungaran", "description": "Simpang Susun Ungaran   1.25 km", "tessellate": 1, "GEOTAGGING": "", "gx_media_links": null }, "geometry": { "type": "LineString", "coordinates": [ [ 110.425423, -7.142102 ], [ 110.425549, -7.143061 ], [ 110.425588, -7.143331 ], [ 110.425636, -7.143506 ], [ 110.425722, -7.143636 ], [ 110.425889, -7.143752 ], [ 110.426126, -7.143765 ], [ 110.42632, -7.143701 ], [ 110.426484, -7.143493 ], [ 110.426538, -7.143328 ], [ 110.42657, -7.143202 ], [ 110.426526, -7.143019 ], [ 110.426438, -7.142846 ], [ 110.426279, -7.142675 ], [ 110.425929, -7.142487 ], [ 110.425092, -7.142187 ], [ 110.424064, -7.141789 ], [ 110.423712, -7.141575 ], [ 110.423349, -7.141285 ], [ 110.422755, -7.140667 ], [ 110.421291, -7.139135 ], [ 110.42012, -7.137971 ] ] } },
{ "type": "Feature", "properties": { "Name": "Simpang Susun Ungaran", "description": "Simpang Susun Ungaran   0.51 km", "tessellate": 1, "GEOTAGGING": "", "gx_media_links": null }, "geometry": { "type": "LineString", "coordinates": [ [ 110.425664, -7.139368 ], [ 110.425509, -7.140117 ], [ 110.425437, -7.140779 ], [ 110.425344, -7.141176 ], [ 110.425226, -7.141508 ], [ 110.42506, -7.141705 ], [ 110.424811, -7.14181 ], [ 110.424535, -7.141796 ], [ 110.424146, -7.141652 ], [ 110.423618, -7.141377 ], [ 110.423113, -7.141047 ] ] } },
{ "type": "Feature", "properties": { "Name": "Simpang Susun Ungaran", "description": "Simpang Susun Ungaran   0.51 km", "tessellate": 1, "GEOTAGGING": "", "gx_media_links": null }, "geometry": { "type": "LineString", "coordinates": [ [ 110.425631, -7.144859 ], [ 110.42534, -7.143833 ], [ 110.425194, -7.142984 ], [ 110.42508, -7.142625 ], [ 110.424819, -7.142316 ], [ 110.424481, -7.142113 ], [ 110.423997, -7.141847 ], [ 110.423595, -7.141575 ], [ 110.423299, -7.141225 ] ] } },
{ "type": "Feature", "properties": { "Name": "Jalan Tol Semarang - Solo", "description": "Jalan Tol Semarang - Solo   3.21 km", "tessellate": 1, "GEOTAGGING": "", "gx_media_links": null }, "geometry": { "type": "LineString", "coordinates": [ [ 110.435615, -7.249024 ], [ 110.435956, -7.248858 ], [ 110.436553, -7.248576 ], [ 110.437113, -7.248339 ], [ 110.437577, -7.248216 ], [ 110.439104, -7.247933 ], [ 110.439935, -7.247777 ], [ 110.441203, -7.247538 ], [ 110.441971, -7.247387 ], [ 110.442899, -7.247111 ], [ 110.444167, -7.246706 ], [ 110.445206, -7.246311 ], [ 110.44693, -7.245575 ], [ 110.44842, -7.244776 ], [ 110.448782, -7.244547 ], [ 110.449007, -7.244315 ], [ 110.449201, -7.244084 ], [ 110.449395, -7.24373 ], [ 110.449475, -7.243477 ], [ 110.449792, -7.242493 ], [ 110.450401, -7.240665 ], [ 110.45065, -7.239961 ], [ 110.450719, -7.239641 ], [ 110.450702, -7.239334 ], [ 110.450634, -7.23839 ], [ 110.450685, -7.237859 ], [ 110.450765, -7.23756 ], [ 110.450932, -7.237314 ], [ 110.451224, -7.237073 ], [ 110.451878, -7.236688 ], [ 110.452441, -7.236356 ], [ 110.452745, -7.236186 ], [ 110.453045, -7.235987 ], [ 110.453189, -7.235807 ], [ 110.453274, -7.235573 ], [ 110.453285, -7.235407 ], [ 110.453246, -7.235181 ], [ 110.453061, -7.234708 ], [ 110.452767, -7.233982 ], [ 110.452601, -7.233615 ], [ 110.452218, -7.232667 ], [ 110.451851, -7.231646 ], [ 110.451821, -7.231505 ] ] } },
{ "type": "Feature", "properties": { "Name": "Simpang Susun Brebes", "description": "Simpang Susun Brebes   0.68 km", "tessellate": 1, "GEOTAGGING": "", "gx_media_links": null }, "geometry": { "type": "LineString", "coordinates": [ [ 109.004261, -6.901182 ], [ 109.005305, -6.900807 ], [ 109.006146, -6.900535 ], [ 109.006931, -6.900279 ], [ 109.00737, -6.900055 ], [ 109.007697, -6.899763 ], [ 109.00803, -6.89929 ], [ 109.008148, -6.898977 ], [ 109.008231, -6.898423 ], [ 109.008301, -6.897467 ] ] } },
{ "type": "Feature", "properties": { "Name": "Simpang Susun Brebes", "description": "Simpang Susun Brebes   0.62 km", "tessellate": 1, "GEOTAGGING": "", "gx_media_links": null }, "geometry": { "type": "LineString", "coordinates": [ [ 109.01241, -6.899546 ], [ 109.011758, -6.899527 ], [ 109.011264, -6.89955 ], [ 109.010471, -6.899619 ], [ 109.009979, -6.899675 ], [ 109.009598, -6.899687 ], [ 109.00924, -6.899574 ], [ 109.008833, -6.899237 ], [ 109.008623, -6.898973 ], [ 109.008506, -6.898629 ], [ 109.00844, -6.898093 ], [ 109.008298, -6.897453 ] ] } },
{ "type": "Feature", "properties": { "Name": "Simpang Susun Brebes", "description": "Simpang Susun Brebes   0.52 km", "tessellate": 1, "GEOTAGGING": "", "gx_media_links": null }, "geometry": { "type": "LineString", "coordinates": [ [ 109.008544, -6.900217 ], [ 109.007728, -6.900514 ], [ 109.007153, -6.900701 ], [ 109.006921, -6.900867 ], [ 109.006824, -6.901102 ], [ 109.006781, -6.901277 ], [ 109.006826, -6.901494 ], [ 109.006952, -6.901646 ], [ 109.007128, -6.901773 ], [ 109.007337, -6.901816 ], [ 109.007619, -6.901799 ], [ 109.007847, -6.901699 ], [ 109.008014, -6.901515 ], [ 109.008122, -6.901258 ], [ 109.008184, -6.90098 ], [ 109.008256, -6.900645 ] ] } },
{ "type": "Feature", "properties": { "Name": "Simpang Susun Brebes", "description": "Simpang Susun Brebes   0.55 km", "tessellate": 1, "GEOTAGGING": "", "gx_media_links": null }, "geometry": { "type": "LineString", "coordinates": [ [ 109.004376, -6.901162 ], [ 109.0053, -6.901082 ], [ 109.005627, -6.901071 ], [ 109.005972, -6.901128 ], [ 109.006226, -6.90122 ], [ 109.006477, -6.901378 ], [ 109.006692, -6.901574 ], [ 109.006911, -6.901742 ], [ 109.007177, -6.901844 ], [ 109.007403, -6.901898 ], [ 109.007688, -6.901872 ], [ 109.007945, -6.901709 ], [ 109.008132, -6.90147 ], [ 109.008198, -6.901246 ], [ 109.00826, -6.900967 ], [ 109.008261, -6.900663 ] ] } },
{ "type": "Feature", "properties": { "Name": "Jalan Tol Pejagan - Pemalang", "description": "Jalan Tol Pejagan - Pemalang   0.94 km", "tessellate": 1, "GEOTAGGING": "", "gx_media_links": null }, "geometry": { "type": "LineString", "coordinates": [ [ 109.00826, -6.900668 ], [ 109.008304, -6.90005 ], [ 109.008313, -6.898939 ], [ 109.008288, -6.89709 ], [ 109.008262, -6.895021 ], [ 109.008241, -6.892192 ] ] } },
{ "type": "Feature", "properties": { "Name": "Jalan Tol Batang - Semarang", "description": "Ruas Tol Batang - Semarang 74 km", "tessellate": 1, "GEOTAGGING": "https:\/\/photos.google.com\/share\/AF1QipPZbvwrwr34IyiGJGN7y3ce0JPzcOiI6_hKbgAD9yU0lWDXigkpzvoWR6vGT7BzqQ?key=ejhHNDVVQzE5OFNIWXp2R2JSQW5mUVVLejFkNkpB", "gx_media_links": "https:\/\/www.youtube.com\/embed\/_LMum-iqaRw https:\/\/www.youtube.com\/embed\/606U6jEyW30 https:\/\/www.youtube.com\/embed\/HyvJ84lHLZY" }, "geometry": { "type": "LineString", "coordinates": [ [ 109.73349, -6.938915 ], [ 109.734518, -6.938209 ], [ 109.735416, -6.937669 ], [ 109.73669, -6.93695 ], [ 109.739303, -6.935579 ], [ 109.742567, -6.934302 ], [ 109.746536, -6.932796 ], [ 109.749728, -6.931832 ], [ 109.751813, -6.9312 ], [ 109.754888, -6.930534 ], [ 109.759283, -6.929537 ], [ 109.764091, -6.928136 ], [ 109.767679, -6.926952 ], [ 109.771704, -6.925873 ], [ 109.777685, -6.92447 ], [ 109.782205, -6.923339 ], [ 109.784418, -6.92261 ], [ 109.787443, -6.921363 ], [ 109.789294, -6.92045 ], [ 109.792881, -6.918299 ], [ 109.795377, -6.91638 ], [ 109.797543, -6.91486 ], [ 109.800034, -6.913522 ], [ 109.802366, -6.912415 ], [ 109.804459, -6.911884 ], [ 109.806459, -6.911943 ], [ 109.809306, -6.912149 ], [ 109.814557, -6.912908 ], [ 109.819623, -6.913545 ], [ 109.825765, -6.914345 ], [ 109.830677, -6.914996 ], [ 109.839777, -6.916502 ], [ 109.846689, -6.918388 ], [ 109.849263, -6.91898 ], [ 109.851637, -6.919623 ], [ 109.85337, -6.919869 ], [ 109.856203, -6.919951 ], [ 109.862816, -6.919866 ], [ 109.865856, -6.919727 ], [ 109.869054, -6.919809 ], [ 109.870372, -6.919972 ], [ 109.872385, -6.920489 ], [ 109.875319, -6.921325 ], [ 109.878332, -6.922335 ], [ 109.88139, -6.923488 ], [ 109.883692, -6.924339 ], [ 109.886276, -6.925044 ], [ 109.888538, -6.925528 ], [ 109.890006, -6.925661 ], [ 109.891876, -6.925847 ], [ 109.893809, -6.92582 ], [ 109.895755, -6.925605 ], [ 109.898141, -6.925308 ], [ 109.90111, -6.924495 ], [ 109.904462, -6.923671 ], [ 109.908469, -6.922586 ], [ 109.911608, -6.921759 ], [ 109.914357, -6.921137 ], [ 109.916486, -6.920756 ], [ 109.918755, -6.920509 ], [ 109.920615, -6.920371 ], [ 109.922753, -6.920397 ], [ 109.92501, -6.920533 ], [ 109.927147, -6.920859 ], [ 109.929242, -6.921292 ], [ 109.930939, -6.921776 ], [ 109.933071, -6.922336 ], [ 109.935008, -6.922891 ], [ 109.937435, -6.923546 ], [ 109.940446, -6.924292 ], [ 109.943873, -6.925199 ], [ 109.9476, -6.926284 ], [ 109.951146, -6.927173 ], [ 109.955995, -6.928479 ], [ 109.960969, -6.929767 ], [ 109.966624, -6.931324 ], [ 109.969735, -6.93222 ], [ 109.973551, -6.93327 ], [ 109.978687, -6.935065 ], [ 109.981874, -6.936538 ], [ 109.985632, -6.938499 ], [ 109.988606, -6.940352 ], [ 109.991938, -6.942436 ], [ 109.994194, -6.944386 ], [ 109.996267, -6.946038 ], [ 109.999925, -6.948834 ], [ 110.003266, -6.951253 ], [ 110.006206, -6.953669 ], [ 110.008469, -6.955466 ], [ 110.011505, -6.957601 ], [ 110.01285, -6.958529 ], [ 110.014424, -6.959631 ], [ 110.017424, -6.961112 ], [ 110.019793, -6.962066 ], [ 110.022401, -6.962746 ], [ 110.026241, -6.96379 ], [ 110.029395, -6.964623 ], [ 110.032634, -6.965588 ], [ 110.035826, -6.966473 ], [ 110.037692, -6.967137 ], [ 110.041269, -6.968481 ], [ 110.043875, -6.969773 ], [ 110.047139, -6.97151 ], [ 110.049861, -6.972547 ], [ 110.054741, -6.974093 ], [ 110.057379, -6.975107 ], [ 110.062928, -6.976734 ], [ 110.06695, -6.976994 ], [ 110.070795, -6.977227 ], [ 110.078112, -6.977975 ], [ 110.079892, -6.978236 ], [ 110.08243, -6.978525 ], [ 110.085514, -6.979331 ], [ 110.088223, -6.980111 ], [ 110.090781, -6.980997 ], [ 110.093825, -6.981928 ], [ 110.097302, -6.982762 ], [ 110.102693, -6.983913 ], [ 110.106213, -6.984287 ], [ 110.109626, -6.984951 ], [ 110.114535, -6.985772 ], [ 110.119222, -6.986366 ], [ 110.121725, -6.986553 ], [ 110.123339, -6.986714 ], [ 110.125995, -6.987115 ], [ 110.129047, -6.987406 ], [ 110.131643, -6.987802 ], [ 110.133611, -6.988091 ], [ 110.136277, -6.988234 ], [ 110.139873, -6.988203 ], [ 110.142621, -6.988146 ], [ 110.145746, -6.988252 ], [ 110.148945, -6.988249 ], [ 110.150597, -6.988111 ], [ 110.152189, -6.988137 ], [ 110.154243, -6.988243 ], [ 110.156431, -6.988268 ], [ 110.158574, -6.988565 ], [ 110.160462, -6.988833 ], [ 110.163103, -6.98926 ], [ 110.165832, -6.989764 ], [ 110.170977, -6.990788 ], [ 110.174576, -6.991694 ], [ 110.179296, -6.992622 ], [ 110.182109, -6.993004 ], [ 110.185947, -6.99311 ], [ 110.188459, -6.992557 ], [ 110.191616, -6.991887 ], [ 110.193673, -6.991409 ], [ 110.196105, -6.990749 ], [ 110.198404, -6.990154 ], [ 110.200697, -6.989376 ], [ 110.203005, -6.988838 ], [ 110.206386, -6.988087 ], [ 110.208885, -6.98744 ], [ 110.211373, -6.986914 ], [ 110.213821, -6.986214 ], [ 110.216145, -6.9857 ], [ 110.21739, -6.985502 ], [ 110.218891, -6.985156 ], [ 110.220127, -6.98487 ], [ 110.222449, -6.983963 ], [ 110.224569, -6.982816 ], [ 110.225384, -6.982427 ], [ 110.226568, -6.98202 ], [ 110.228616, -6.981614 ], [ 110.230397, -6.981248 ], [ 110.232581, -6.980943 ], [ 110.234707, -6.980689 ], [ 110.23691, -6.98004 ], [ 110.238373, -6.979557 ], [ 110.240345, -6.978845 ], [ 110.243111, -6.977773 ], [ 110.246239, -6.976381 ], [ 110.247818, -6.97575 ], [ 110.249951, -6.974832 ], [ 110.251593, -6.974196 ], [ 110.252988, -6.973807 ], [ 110.254152, -6.973475 ], [ 110.255669, -6.973251 ], [ 110.256945, -6.973179 ], [ 110.258115, -6.973205 ], [ 110.259342, -6.973246 ], [ 110.260805, -6.97336 ], [ 110.262408, -6.973407 ], [ 110.263943, -6.973426 ], [ 110.265037, -6.97353 ], [ 110.265604, -6.973736 ], [ 110.266505, -6.973928 ], [ 110.267237, -6.973918 ], [ 110.268044, -6.973814 ], [ 110.269322, -6.973614 ], [ 110.270672, -6.973481 ], [ 110.273166, -6.973322 ], [ 110.274937, -6.973155 ], [ 110.276841, -6.973195 ], [ 110.279864, -6.973306 ], [ 110.281315, -6.973536 ], [ 110.283166, -6.974145 ], [ 110.285436, -6.975196 ], [ 110.287724, -6.9764 ], [ 110.289758, -6.977843 ], [ 110.291062, -6.978719 ], [ 110.292378, -6.979659 ], [ 110.293688, -6.980473 ], [ 110.295431, -6.981624 ], [ 110.296256, -6.982207 ], [ 110.297118, -6.982474 ], [ 110.298087, -6.982547 ], [ 110.299603, -6.982478 ], [ 110.302389, -6.982191 ], [ 110.303882, -6.982122 ], [ 110.305675, -6.982263 ], [ 110.307205, -6.982397 ], [ 110.308839, -6.982453 ], [ 110.310139, -6.982788 ], [ 110.311916, -6.983581 ], [ 110.313203, -6.984672 ], [ 110.315718, -6.986353 ], [ 110.317886, -6.987815 ], [ 110.320418, -6.989476 ], [ 110.32236, -6.991203 ], [ 110.323726, -6.992293 ], [ 110.32523, -6.993288 ], [ 110.326202, -6.993833 ], [ 110.327477, -6.994292 ], [ 110.328935, -6.994387 ], [ 110.330686, -6.994345 ], [ 110.331946, -6.994328 ], [ 110.333203, -6.994397 ], [ 110.335027, -6.994753 ], [ 110.336931, -6.995259 ], [ 110.338224, -6.995773 ], [ 110.33942, -6.995964 ], [ 110.340548, -6.995986 ], [ 110.342657, -6.995589 ], [ 110.344503, -6.995088 ], [ 110.34616, -6.994552 ], [ 110.348012, -6.994378 ], [ 110.349518, -6.994618 ], [ 110.350852, -6.99515 ], [ 110.353815, -6.996126 ], [ 110.356715, -6.99736 ], [ 110.359277, -6.997962 ], [ 110.362299, -6.998815 ], [ 110.366693, -6.999737 ], [ 110.369574, -7.000151 ], [ 110.371044, -7.000361 ] ] } },
{ "type": "Feature", "properties": { "Name": "Jalan Tol Semarang - Solo", "description": "Jalan Tol Semarang - Solo   0.94 km", "tessellate": 1, "GEOTAGGING": "", "gx_media_links": null }, "geometry": { "type": "LineString", "coordinates": [ [ 110.451822, -7.231505 ], [ 110.452272, -7.232263 ], [ 110.45262, -7.232902 ], [ 110.45299, -7.233556 ], [ 110.453125, -7.23373 ], [ 110.453301, -7.233905 ], [ 110.453736, -7.2341 ], [ 110.454145, -7.234222 ], [ 110.454434, -7.234368 ], [ 110.454564, -7.234525 ], [ 110.454661, -7.234737 ], [ 110.454694, -7.234943 ], [ 110.454676, -7.235098 ], [ 110.454649, -7.235205 ], [ 110.454578, -7.235335 ], [ 110.454464, -7.235458 ], [ 110.454296, -7.235576 ], [ 110.453905, -7.235774 ], [ 110.453013, -7.236196 ], [ 110.452191, -7.236576 ], [ 110.451565, -7.236872 ] ] } },
{ "type": "Feature", "properties": { "Name": "Jalan Tol Semarang - Solo", "description": "Jalan Tol Semarang - Solo 21.7 km", "tessellate": 1, "GEOTAGGING": "", "gx_media_links": "https:\/\/www.youtube.com\/embed\/FQGmQ0V3824 https:\/\/www.youtube.com\/embed\/MQBW03ucJpI https:\/\/www.youtube.com\/embed\/fsFK26GJJTw" }, "geometry": { "type": "LineString", "coordinates": [ [ 110.453706, -7.235764 ], [ 110.45319, -7.234506 ], [ 110.452382, -7.232757 ], [ 110.451832, -7.231524 ], [ 110.451542, -7.230822 ], [ 110.451247, -7.230053 ], [ 110.451134, -7.229771 ], [ 110.450841, -7.228993 ], [ 110.450548, -7.228101 ], [ 110.450167, -7.226736 ], [ 110.450008, -7.226058 ], [ 110.449731, -7.224682 ], [ 110.449506, -7.223439 ], [ 110.449333, -7.222219 ], [ 110.449053, -7.220375 ], [ 110.448885, -7.218852 ], [ 110.448807, -7.217278 ], [ 110.448801, -7.216115 ], [ 110.448853, -7.214281 ], [ 110.448914, -7.212421 ], [ 110.448994, -7.210027 ], [ 110.449041, -7.208932 ], [ 110.449051, -7.208496 ], [ 110.449022, -7.208032 ], [ 110.448962, -7.207517 ], [ 110.448799, -7.206711 ], [ 110.448623, -7.20608 ], [ 110.448411, -7.20548 ], [ 110.448119, -7.204751 ], [ 110.447847, -7.204213 ], [ 110.4475, -7.203577 ], [ 110.446656, -7.202344 ], [ 110.446264, -7.201717 ], [ 110.446003, -7.201248 ], [ 110.445659, -7.200537 ], [ 110.445361, -7.199852 ], [ 110.445173, -7.199271 ], [ 110.445018, -7.198651 ], [ 110.444878, -7.198047 ], [ 110.444753, -7.196922 ], [ 110.444736, -7.196271 ], [ 110.444783, -7.195182 ], [ 110.444946, -7.192565 ], [ 110.444998, -7.190391 ], [ 110.445034, -7.188878 ], [ 110.445137, -7.186523 ], [ 110.445185, -7.185104 ], [ 110.445173, -7.184792 ], [ 110.445118, -7.184444 ], [ 110.445039, -7.184127 ], [ 110.444881, -7.183717 ], [ 110.444667, -7.183277 ], [ 110.444489, -7.183029 ], [ 110.444214, -7.182686 ], [ 110.443892, -7.182385 ], [ 110.443645, -7.182173 ], [ 110.443304, -7.18198 ], [ 110.442916, -7.181788 ], [ 110.442485, -7.18165 ], [ 110.442246, -7.181598 ], [ 110.441965, -7.181546 ], [ 110.441047, -7.181398 ], [ 110.439435, -7.181148 ], [ 110.438684, -7.181046 ], [ 110.438192, -7.180944 ], [ 110.437719, -7.180808 ], [ 110.437314, -7.180647 ], [ 110.43695, -7.180426 ], [ 110.436565, -7.180153 ], [ 110.436205, -7.179798 ], [ 110.4359, -7.179408 ], [ 110.435693, -7.179067 ], [ 110.435505, -7.178684 ], [ 110.435381, -7.178316 ], [ 110.435257, -7.177856 ], [ 110.43502, -7.176872 ], [ 110.434905, -7.176477 ], [ 110.434734, -7.176078 ], [ 110.434507, -7.175694 ], [ 110.434311, -7.175399 ], [ 110.433877, -7.174953 ], [ 110.433687, -7.174796 ], [ 110.433245, -7.174491 ], [ 110.432547, -7.174024 ], [ 110.431096, -7.17309 ], [ 110.429355, -7.171975 ], [ 110.427319, -7.17067 ], [ 110.425796, -7.169671 ], [ 110.424881, -7.168951 ], [ 110.424555, -7.168608 ], [ 110.424098, -7.168018 ], [ 110.423745, -7.167428 ], [ 110.423476, -7.166832 ], [ 110.423268, -7.166172 ], [ 110.423121, -7.165411 ], [ 110.423073, -7.164753 ], [ 110.423131, -7.163954 ], [ 110.423282, -7.163221 ], [ 110.423518, -7.162492 ], [ 110.424087, -7.161058 ], [ 110.424781, -7.159296 ], [ 110.425416, -7.157615 ], [ 110.425913, -7.156262 ], [ 110.426086, -7.155559 ], [ 110.426229, -7.15463 ], [ 110.426286, -7.153855 ], [ 110.426346, -7.152465 ], [ 110.426397, -7.150737 ], [ 110.426375, -7.149549 ], [ 110.426289, -7.148738 ], [ 110.426132, -7.147768 ], [ 110.425823, -7.146044 ], [ 110.425469, -7.14388 ], [ 110.42543, -7.143232 ], [ 110.425407, -7.142724 ], [ 110.425426, -7.141986 ], [ 110.425572, -7.140433 ], [ 110.425676, -7.139124 ], [ 110.425706, -7.138517 ], [ 110.42566, -7.137834 ], [ 110.425599, -7.13733 ], [ 110.425434, -7.136623 ], [ 110.425149, -7.13559 ], [ 110.424723, -7.134059 ], [ 110.424226, -7.1323 ], [ 110.423724, -7.130463 ], [ 110.423246, -7.128814 ], [ 110.422993, -7.12812 ], [ 110.422756, -7.12758 ], [ 110.42235, -7.126842 ], [ 110.421847, -7.125942 ], [ 110.421471, -7.125197 ], [ 110.421196, -7.124489 ], [ 110.420973, -7.123704 ], [ 110.420783, -7.122748 ], [ 110.420518, -7.121113 ], [ 110.420425, -7.120129 ], [ 110.420345, -7.119633 ], [ 110.420056, -7.118038 ], [ 110.419686, -7.115826 ], [ 110.419286, -7.113221 ], [ 110.419012, -7.110899 ], [ 110.418892, -7.109133 ], [ 110.418785, -7.107227 ], [ 110.418848, -7.106062 ], [ 110.418921, -7.104933 ], [ 110.419096, -7.104075 ], [ 110.419396, -7.103366 ], [ 110.419656, -7.102935 ], [ 110.419989, -7.102528 ], [ 110.420497, -7.102038 ], [ 110.42094, -7.101592 ], [ 110.421451, -7.100929 ], [ 110.421697, -7.100287 ], [ 110.421817, -7.099598 ], [ 110.42184, -7.09879 ], [ 110.42177, -7.097791 ], [ 110.421803, -7.097095 ], [ 110.421888, -7.096488 ], [ 110.422151, -7.09559 ], [ 110.422303, -7.095242 ], [ 110.42277, -7.094678 ], [ 110.423684, -7.093707 ], [ 110.425091, -7.092206 ], [ 110.426068, -7.091089 ], [ 110.426419, -7.090621 ], [ 110.426665, -7.090194 ], [ 110.427408, -7.088891 ], [ 110.428079, -7.087306 ], [ 110.42842, -7.086649 ], [ 110.428939, -7.085952 ], [ 110.429668, -7.08519 ], [ 110.430593, -7.084412 ], [ 110.431715, -7.083561 ], [ 110.432598, -7.082881 ], [ 110.433098, -7.082397 ], [ 110.433508, -7.081932 ], [ 110.434004, -7.081318 ], [ 110.434335, -7.080776 ], [ 110.434689, -7.080086 ], [ 110.435001, -7.07927 ], [ 110.435233, -7.078515 ], [ 110.435412, -7.077402 ], [ 110.435614, -7.076271 ], [ 110.435987, -7.075169 ], [ 110.436116, -7.074682 ], [ 110.436086, -7.074126 ], [ 110.436076, -7.073489 ], [ 110.436132, -7.073272 ], [ 110.436282, -7.072931 ], [ 110.436362, -7.072653 ], [ 110.436346, -7.072357 ], [ 110.436298, -7.071723 ], [ 110.436246, -7.071101 ], [ 110.436204, -7.070719 ], [ 110.436097, -7.070329 ], [ 110.435893, -7.069635 ], [ 110.435661, -7.069072 ], [ 110.435302, -7.06835 ], [ 110.434865, -7.067715 ], [ 110.434376, -7.06718 ], [ 110.433808, -7.066751 ], [ 110.433402, -7.066484 ], [ 110.431811, -7.065792 ], [ 110.430387, -7.065097 ], [ 110.428932, -7.064286 ] ] } },
{ "type": "Feature", "properties": { "Name": "Jalan Tol Pejagan - Pemalang", "description": "Jalan Tol Pejagan - Pemalang   1.47 km", "tessellate": 1, "GEOTAGGING": "", "gx_media_links": null }, "geometry": { "type": "LineString", "coordinates": [ [ 109.057301, -6.897409 ], [ 109.058622, -6.897427 ], [ 109.059439, -6.897436 ], [ 109.060008, -6.897484 ], [ 109.060384, -6.89759 ], [ 109.060696, -6.897778 ], [ 109.061013, -6.898107 ], [ 109.061254, -6.898395 ], [ 109.061732, -6.898689 ], [ 109.062247, -6.898663 ], [ 109.062554, -6.898463 ], [ 109.062726, -6.898236 ], [ 109.063026, -6.897162 ], [ 109.063697, -6.895024 ], [ 109.064863, -6.891321 ] ] } },
{ "type": "Feature", "properties": { "Name": "Jalan Tol Pejagan - Pemalang", "description": "Jalan Tol Pejagan - Pemalang   0.94 km", "tessellate": 1, "GEOTAGGING": "", "gx_media_links": null }, "geometry": { "type": "LineString", "coordinates": [ [ 109.057315, -6.897404 ], [ 109.058525, -6.89727 ], [ 109.059682, -6.897211 ], [ 109.061252, -6.897103 ], [ 109.062076, -6.897074 ], [ 109.062447, -6.896971 ], [ 109.062754, -6.896796 ], [ 109.063004, -6.896545 ], [ 109.063165, -6.896274 ], [ 109.063529, -6.895308 ], [ 109.063981, -6.894127 ] ] } },
{ "type": "Feature", "properties": { "Name": "Simpang Susun Brebes", "description": "Simpang Susun Brebes   0.69 km", "tessellate": 1, "GEOTAGGING": "", "gx_media_links": null }, "geometry": { "type": "LineString", "coordinates": [ [ 109.063934, -6.894283 ], [ 109.063832, -6.894894 ], [ 109.06368, -6.895618 ], [ 109.063612, -6.895989 ], [ 109.063635, -6.896291 ], [ 109.063671, -6.896468 ], [ 109.063795, -6.896733 ], [ 109.063972, -6.897006 ], [ 109.064204, -6.897209 ], [ 109.06459, -6.897413 ], [ 109.065069, -6.897552 ], [ 109.065518, -6.897678 ], [ 109.066588, -6.897966 ], [ 109.067085, -6.898178 ] ] } },
{ "type": "Feature", "properties": { "Name": "Simpang Susun Brebes", "description": "Simpang Susun Brebes   0.69 km", "tessellate": 1, "GEOTAGGING": "", "gx_media_links": null }, "geometry": { "type": "LineString", "coordinates": [ [ 109.063934, -6.894283 ], [ 109.063832, -6.894894 ], [ 109.06368, -6.895618 ], [ 109.063612, -6.895989 ], [ 109.063635, -6.896291 ], [ 109.063671, -6.896468 ], [ 109.063795, -6.896733 ], [ 109.063972, -6.897006 ], [ 109.064204, -6.897209 ], [ 109.06459, -6.897413 ], [ 109.065069, -6.897552 ], [ 109.065518, -6.897678 ], [ 109.066588, -6.897966 ], [ 109.067085, -6.898178 ] ] } },
{ "type": "Feature", "properties": { "Name": "Simpang Susun Brebes", "description": "Simpang Susun Brebes   0.41 km", "tessellate": 1, "GEOTAGGING": "", "gx_media_links": null }, "geometry": { "type": "LineString", "coordinates": [ [ 109.061552, -6.89857 ], [ 109.061267, -6.898207 ], [ 109.06123, -6.897973 ], [ 109.061308, -6.897751 ], [ 109.061459, -6.897601 ], [ 109.061658, -6.897509 ], [ 109.06199, -6.8975 ], [ 109.06256, -6.897528 ], [ 109.063225, -6.897547 ], [ 109.063985, -6.897562 ] ] } },
{ "type": "Feature", "properties": { "Name": "Jalan Tol Pejagan - Pemalang", "description": "Jalan Tol Pejagan - Pemalang 77.2 km", "tessellate": 1, "GEOTAGGING": "https:\/\/photos.google.com\/share\/AF1QipPEqlSojMv3-FvTN5yAVBxUdra8dQtLOJavy5Gie_WFuNq38wOKCQcLYPmuSklcWQ?key=MlVKRnE1aEZhU245QzFzTVZXQUNuZm94dWFWS0hR", "gx_media_links": "https:\/\/www.youtube.com\/embed\/VK8_NG4AVCo" }, "geometry": { "type": "LineString", "coordinates": [ [ 109.062954, -6.897414 ], [ 109.064371, -6.897623 ], [ 109.065359, -6.897796 ], [ 109.0663, -6.897998 ], [ 109.067205, -6.898208 ], [ 109.067984, -6.898439 ], [ 109.069314, -6.898863 ], [ 109.070869, -6.899428 ], [ 109.072451, -6.900195 ], [ 109.074429, -6.901144 ], [ 109.076236, -6.902242 ], [ 109.078235, -6.903875 ], [ 109.081235, -6.907043 ], [ 109.084709, -6.910034 ], [ 109.086069, -6.911255 ], [ 109.089101, -6.914235 ], [ 109.09156, -6.917566 ], [ 109.093331, -6.920991 ], [ 109.094755, -6.923622 ], [ 109.096674, -6.925871 ], [ 109.099174, -6.927894 ], [ 109.100756, -6.929038 ], [ 109.104248, -6.931354 ], [ 109.106924, -6.932339 ], [ 109.109727, -6.932905 ], [ 109.11472, -6.934183 ], [ 109.118418, -6.935056 ], [ 109.121917, -6.935133 ], [ 109.125996, -6.935042 ], [ 109.130637, -6.934754 ], [ 109.134937, -6.934304 ], [ 109.141157, -6.935386 ], [ 109.144372, -6.936486 ], [ 109.148096, -6.938135 ], [ 109.151972, -6.939068 ], [ 109.157301, -6.938835 ], [ 109.162086, -6.939138 ], [ 109.165683, -6.939638 ], [ 109.167822, -6.940238 ], [ 109.171061, -6.941368 ], [ 109.173504, -6.942143 ], [ 109.176199, -6.942954 ], [ 109.178177, -6.943464 ], [ 109.17985, -6.943667 ], [ 109.182503, -6.943681 ], [ 109.184165, -6.943508 ], [ 109.187323, -6.942732 ], [ 109.190821, -6.941104 ], [ 109.195004, -6.939063 ], [ 109.197761, -6.93773 ], [ 109.200364, -6.936435 ], [ 109.202739, -6.935381 ], [ 109.204776, -6.934718 ], [ 109.207395, -6.93415 ], [ 109.210075, -6.933865 ], [ 109.212605, -6.933909 ], [ 109.215115, -6.934182 ], [ 109.219053, -6.934908 ], [ 109.223763, -6.935746 ], [ 109.228431, -6.93654 ], [ 109.231206, -6.936906 ], [ 109.232653, -6.937016 ], [ 109.237871, -6.936942 ], [ 109.240879, -6.936562 ], [ 109.245302, -6.935782 ], [ 109.25035, -6.935017 ], [ 109.253239, -6.934668 ], [ 109.258039, -6.934461 ], [ 109.262451, -6.934712 ], [ 109.266068, -6.935207 ], [ 109.269539, -6.935995 ], [ 109.27393, -6.937183 ], [ 109.278475, -6.938249 ], [ 109.280632, -6.938472 ], [ 109.284433, -6.938764 ], [ 109.287834, -6.938525 ], [ 109.292385, -6.937908 ], [ 109.297114, -6.937187 ], [ 109.302059, -6.936854 ], [ 109.307857, -6.936838 ], [ 109.313981, -6.937389 ], [ 109.321175, -6.938062 ], [ 109.324147, -6.938146 ], [ 109.329372, -6.937906 ], [ 109.333667, -6.937302 ], [ 109.338457, -6.936369 ], [ 109.344358, -6.935168 ], [ 109.353092, -6.933145 ], [ 109.361961, -6.933187 ], [ 109.371513, -6.9348 ], [ 109.380484, -6.934374 ], [ 109.392023, -6.933755 ], [ 109.40257, -6.933064 ], [ 109.40627, -6.932091 ], [ 109.410675, -6.929938 ], [ 109.418262, -6.92464 ], [ 109.421962, -6.922469 ], [ 109.425829, -6.921412 ], [ 109.431646, -6.921008 ], [ 109.438117, -6.921641 ], [ 109.446375, -6.924092 ], [ 109.454637, -6.925483 ], [ 109.464659, -6.925128 ], [ 109.481624, -6.924317 ], [ 109.489926, -6.924408 ], [ 109.496599, -6.925259 ], [ 109.506665, -6.926899 ], [ 109.514995, -6.928892 ], [ 109.525315, -6.931854 ], [ 109.531831, -6.933383 ], [ 109.538162, -6.934291 ], [ 109.5441, -6.935116 ], [ 109.55061, -6.933488 ], [ 109.554471, -6.933346 ], [ 109.561, -6.934077 ], [ 109.571187, -6.936651 ], [ 109.579463, -6.939664 ], [ 109.588946, -6.94156 ], [ 109.595829, -6.94177 ], [ 109.605028, -6.941907 ], [ 109.610561, -6.942557 ], [ 109.619735, -6.94411 ], [ 109.627972, -6.946784 ], [ 109.635785, -6.948783 ], [ 109.642294, -6.950605 ], [ 109.653309, -6.951598 ], [ 109.666399, -6.9501 ], [ 109.675558, -6.94833 ], [ 109.680041, -6.948421 ], [ 109.689053, -6.948501 ], [ 109.698469, -6.948988 ], [ 109.706649, -6.94723 ], [ 109.715681, -6.945058 ], [ 109.729015, -6.941257 ], [ 109.733511, -6.938908 ] ] } },
{ "type": "Feature", "properties": { "Name": "Jalan Tol Pejagan - Pemalang", "description": "Jalan Tol Pejagan - Pemalang   8.96 km", "tessellate": 1, "GEOTAGGING": "", "gx_media_links": null }, "geometry": { "type": "LineString", "coordinates": [ [ 108.98272, -6.904604 ], [ 108.983552, -6.904502 ], [ 108.984277, -6.9044 ], [ 108.984947, -6.904353 ], [ 108.985675, -6.904296 ], [ 108.986513, -6.904352 ], [ 108.988064, -6.904519 ], [ 108.98981, -6.904702 ], [ 108.991001, -6.904836 ], [ 108.992258, -6.904797 ], [ 108.993291, -6.904637 ], [ 108.99423, -6.904447 ], [ 108.995295, -6.904078 ], [ 108.99726, -6.903375 ], [ 108.999051, -6.902759 ], [ 109.000083, -6.902391 ], [ 109.001084, -6.902101 ], [ 109.002627, -6.901606 ], [ 109.003658, -6.901334 ], [ 109.005182, -6.900941 ], [ 109.007175, -6.900499 ], [ 109.009071, -6.900106 ], [ 109.010991, -6.899756 ], [ 109.012131, -6.899585 ], [ 109.013859, -6.899347 ], [ 109.016479, -6.899123 ], [ 109.018417, -6.899031 ], [ 109.020758, -6.89898 ], [ 109.023063, -6.89899 ], [ 109.024839, -6.898957 ], [ 109.026645, -6.898943 ], [ 109.028791, -6.89891 ], [ 109.031228, -6.898925 ], [ 109.03292, -6.898908 ], [ 109.035141, -6.89888 ], [ 109.037378, -6.89887 ], [ 109.038798, -6.898835 ], [ 109.04076, -6.898749 ], [ 109.042572, -6.898638 ], [ 109.045201, -6.898457 ], [ 109.047224, -6.898258 ], [ 109.049007, -6.898119 ], [ 109.051337, -6.897903 ], [ 109.053385, -6.897717 ], [ 109.055437, -6.89755 ], [ 109.057409, -6.897395 ], [ 109.059424, -6.897306 ], [ 109.061569, -6.897296 ], [ 109.062955, -6.897417 ] ] } },
{ "type": "Feature", "properties": { "Name": "Jalan Tol Pejagan - Pemalang", "description": "Jalan Tol Pejagan - Pemalang 11.4 km", "tessellate": 1, "GEOTAGGING": "", "gx_media_links": "https:\/\/www.youtube.com\/embed\/6nv1Uuyughk" }, "geometry": { "type": "LineString", "coordinates": [ [ 108.880502, -6.898726 ], [ 108.883384, -6.898769 ], [ 108.884634, -6.898823 ], [ 108.886185, -6.898909 ], [ 108.887847, -6.899071 ], [ 108.888734, -6.899138 ], [ 108.889931, -6.899301 ], [ 108.891007, -6.899463 ], [ 108.893556, -6.899936 ], [ 108.895492, -6.900272 ], [ 108.897311, -6.900737 ], [ 108.899281, -6.901308 ], [ 108.901207, -6.902008 ], [ 108.903922, -6.902956 ], [ 108.906542, -6.903887 ], [ 108.909107, -6.904792 ], [ 108.910488, -6.905216 ], [ 108.911744, -6.905573 ], [ 108.913012, -6.905854 ], [ 108.914966, -6.906254 ], [ 108.916887, -6.906623 ], [ 108.91903, -6.906851 ], [ 108.921451, -6.907013 ], [ 108.924427, -6.907157 ], [ 108.92722, -6.907268 ], [ 108.930465, -6.907431 ], [ 108.934153, -6.90745 ], [ 108.937696, -6.907458 ], [ 108.941458, -6.90738 ], [ 108.944275, -6.907361 ], [ 108.946838, -6.907323 ], [ 108.950256, -6.907306 ], [ 108.954253, -6.9073 ], [ 108.957989, -6.907196 ], [ 108.961087, -6.907072 ], [ 108.963428, -6.906928 ], [ 108.96612, -6.906793 ], [ 108.968264, -6.9066 ], [ 108.970387, -6.906329 ], [ 108.971132, -6.906155 ], [ 108.974072, -6.905753 ], [ 108.97735, -6.905313 ], [ 108.981283, -6.904784 ], [ 108.982719, -6.904607 ] ] } },
{ "type": "Feature", "properties": { "Name": "Jalan Tol Gempol - Pasuruan (010)", "description": "Jalan Tol Gempol - Pasuruan (010)   0.27 km", "tessellate": 1, "GEOTAGGING": "", "gx_media_links": null }, "geometry": { "type": "LineString", "coordinates": [ [ 112.768092, -7.615463 ], [ 112.7679, -7.61525 ], [ 112.767701, -7.615097 ], [ 112.767554, -7.615001 ], [ 112.76743, -7.614796 ], [ 112.767407, -7.614641 ], [ 112.76743, -7.61453 ], [ 112.767491, -7.614428 ], [ 112.7676, -7.614308 ], [ 112.767805, -7.614249 ], [ 112.768034, -7.614253 ], [ 112.768221, -7.614334 ], [ 112.768421, -7.614516 ] ] } },
{ "type": "Feature", "properties": { "Name": "Jalan Tol Gempol - Pasuruan (011)", "description": "Jalan Tol Gempol - Pasuruan (011)   0.56 km", "tessellate": 1, "GEOTAGGING": "", "gx_media_links": null }, "geometry": { "type": "LineString", "coordinates": [ [ 112.77083, -7.616633 ], [ 112.770365, -7.616566 ], [ 112.769717, -7.616369 ], [ 112.769343, -7.616225 ], [ 112.769042, -7.616138 ], [ 112.768797, -7.616089 ], [ 112.76838, -7.616061 ], [ 112.767816, -7.616134 ], [ 112.76727, -7.616247 ], [ 112.766642, -7.616364 ], [ 112.765826, -7.616473 ] ] } },
{ "type": "Feature", "properties": { "Name": "Jalan Tol Gempol - Pasuruan (012)", "description": "Jalan Tol Gempol - Pasuruan (012)   0.93 km", "tessellate": 1, "GEOTAGGING": "", "gx_media_links": null }, "geometry": { "type": "LineString", "coordinates": [ [ 112.714705, -7.5836 ], [ 112.714926, -7.584945 ], [ 112.71499, -7.585525 ], [ 112.715042, -7.586199 ], [ 112.715084, -7.586565 ], [ 112.715178, -7.586919 ], [ 112.71533, -7.587285 ], [ 112.715575, -7.587668 ], [ 112.715856, -7.588001 ], [ 112.716177, -7.588264 ], [ 112.716561, -7.588483 ], [ 112.717007, -7.588658 ], [ 112.717483, -7.588789 ], [ 112.718174, -7.588977 ], [ 112.718856, -7.589134 ], [ 112.719368, -7.589377 ] ] } },
{ "type": "Feature", "properties": { "Name": "Jalan Tol Gempol - Pasuruan (013)", "description": "Jalan Tol Gempol - Pasuruan (013)   1.15 km", "tessellate": 1, "GEOTAGGING": "", "gx_media_links": null }, "geometry": { "type": "LineString", "coordinates": [ [ 112.713343, -7.593874 ], [ 112.713406, -7.593302 ], [ 112.713441, -7.592917 ], [ 112.713509, -7.592388 ], [ 112.71356, -7.59196 ], [ 112.713614, -7.591436 ], [ 112.713645, -7.590954 ], [ 112.713689, -7.590569 ], [ 112.713763, -7.590256 ], [ 112.713866, -7.589964 ], [ 112.714024, -7.589649 ], [ 112.714205, -7.58937 ], [ 112.714373, -7.589158 ], [ 112.714589, -7.588946 ], [ 112.714844, -7.588744 ], [ 112.715155, -7.58856 ], [ 112.715422, -7.588443 ], [ 112.715778, -7.588333 ], [ 112.716181, -7.588277 ], [ 112.716501, -7.58827 ], [ 112.716875, -7.588319 ], [ 112.717236, -7.588415 ], [ 112.717654, -7.588583 ], [ 112.718055, -7.588739 ], [ 112.718595, -7.58893 ], [ 112.719018, -7.589104 ], [ 112.719417, -7.589399 ] ] } },
{ "type": "Feature", "properties": { "Name": "Jalan Tol Gempol - Pasuruan (014)", "description": "Jalan Tol Gempol - Pasuruan (014)   0.75 km", "tessellate": 1, "GEOTAGGING": "", "gx_media_links": null }, "geometry": { "type": "LineString", "coordinates": [ [ 112.714019, -7.591304 ], [ 112.714282, -7.590818 ], [ 112.714374, -7.590533 ], [ 112.714457, -7.590247 ], [ 112.714591, -7.589864 ], [ 112.714671, -7.589679 ], [ 112.714883, -7.589385 ], [ 112.715132, -7.589171 ], [ 112.715392, -7.589009 ], [ 112.715639, -7.588919 ], [ 112.715907, -7.588842 ], [ 112.716184, -7.588808 ], [ 112.716504, -7.588814 ], [ 112.716846, -7.588869 ], [ 112.717157, -7.588948 ], [ 112.717947, -7.58911 ], [ 112.718474, -7.589228 ], [ 112.718901, -7.589345 ], [ 112.719361, -7.589369 ] ] } },
{ "type": "Feature", "properties": { "Name": "Jalan Tol Gempol - Pasuruan (001)", "description": "Jalan Tol Gempol - Pasuruan (001) 15.2 km", "tessellate": 1, "GEOTAGGING": "", "gx_media_links": "https:\/\/www.youtube.com\/embed\/36QdrXYqCRw" }, "geometry": { "type": "LineString", "coordinates": [ [ 112.690347, -7.551838 ], [ 112.694071, -7.55332 ], [ 112.69688, -7.554394 ], [ 112.699755, -7.555585 ], [ 112.701674, -7.556381 ], [ 112.70242, -7.556617 ], [ 112.703008, -7.556781 ], [ 112.70356, -7.55688 ], [ 112.704152, -7.556938 ], [ 112.704667, -7.556961 ], [ 112.705042, -7.556969 ], [ 112.705453, -7.55695 ], [ 112.705955, -7.556921 ], [ 112.706685, -7.556834 ], [ 112.707725, -7.55672 ], [ 112.70871, -7.556598 ], [ 112.709895, -7.556485 ], [ 112.710754, -7.556434 ], [ 112.711534, -7.556471 ], [ 112.712415, -7.55667 ], [ 112.713269, -7.556977 ], [ 112.713807, -7.557239 ], [ 112.714526, -7.557707 ], [ 112.715139, -7.558246 ], [ 112.715647, -7.558819 ], [ 112.716059, -7.559383 ], [ 112.716371, -7.559949 ], [ 112.716605, -7.560479 ], [ 112.716811, -7.561074 ], [ 112.716969, -7.561869 ], [ 112.717038, -7.562493 ], [ 112.717032, -7.563024 ], [ 112.716957, -7.563679 ], [ 112.716855, -7.564151 ], [ 112.716582, -7.565124 ], [ 112.716244, -7.566282 ], [ 112.71582, -7.567674 ], [ 112.715456, -7.56893 ], [ 112.715004, -7.570452 ], [ 112.714741, -7.571396 ], [ 112.714572, -7.57219 ], [ 112.714446, -7.572873 ], [ 112.714266, -7.574026 ], [ 112.714165, -7.575226 ], [ 112.714116, -7.576397 ], [ 112.714149, -7.577456 ], [ 112.714177, -7.578386 ], [ 112.714304, -7.579509 ], [ 112.71445, -7.580952 ], [ 112.714615, -7.582629 ], [ 112.714766, -7.584333 ], [ 112.714797, -7.585098 ], [ 112.714791, -7.585926 ], [ 112.714756, -7.586751 ], [ 112.714671, -7.587737 ], [ 112.714572, -7.588599 ], [ 112.714381, -7.589632 ], [ 112.714205, -7.590579 ], [ 112.713989, -7.591431 ], [ 112.71374, -7.592339 ], [ 112.713436, -7.593524 ], [ 112.713031, -7.595005 ], [ 112.712604, -7.596638 ], [ 112.712131, -7.598285 ], [ 112.711898, -7.599111 ], [ 112.711691, -7.599902 ], [ 112.711387, -7.601075 ], [ 112.71102, -7.602533 ], [ 112.710753, -7.603482 ], [ 112.710517, -7.604263 ], [ 112.710253, -7.605012 ], [ 112.709645, -7.606663 ], [ 112.709076, -7.608274 ], [ 112.708689, -7.60933 ], [ 112.708514, -7.609985 ], [ 112.708083, -7.61164 ], [ 112.707944, -7.612228 ], [ 112.707751, -7.61303 ], [ 112.707649, -7.613579 ], [ 112.707546, -7.614174 ], [ 112.707339, -7.615195 ], [ 112.707196, -7.615881 ], [ 112.707074, -7.616456 ], [ 112.706916, -7.617196 ], [ 112.706774, -7.617786 ], [ 112.70669, -7.618356 ], [ 112.706546, -7.618986 ], [ 112.706409, -7.619772 ], [ 112.706353, -7.6205 ], [ 112.706281, -7.621078 ], [ 112.706134, -7.621887 ], [ 112.706099, -7.622341 ], [ 112.706119, -7.622876 ], [ 112.706185, -7.623707 ], [ 112.706291, -7.624199 ], [ 112.706629, -7.625483 ], [ 112.706949, -7.626677 ], [ 112.707245, -7.627959 ], [ 112.707438, -7.62908 ], [ 112.707588, -7.630262 ], [ 112.707674, -7.631311 ], [ 112.7077, -7.632541 ], [ 112.707673, -7.633507 ], [ 112.707628, -7.634207 ], [ 112.70757, -7.63491 ], [ 112.707495, -7.635558 ], [ 112.707362, -7.636368 ], [ 112.707154, -7.637398 ], [ 112.706921, -7.63838 ], [ 112.706678, -7.639385 ], [ 112.706461, -7.64029 ], [ 112.706312, -7.641185 ], [ 112.706173, -7.642331 ], [ 112.706118, -7.643095 ], [ 112.706102, -7.644089 ], [ 112.706133, -7.644937 ], [ 112.70621, -7.645835 ], [ 112.706376, -7.646881 ], [ 112.706491, -7.647624 ], [ 112.706627, -7.6483 ], [ 112.706767, -7.64906 ], [ 112.706958, -7.650378 ], [ 112.707066, -7.651577 ], [ 112.707073, -7.65304 ], [ 112.70702, -7.653966 ], [ 112.706925, -7.655069 ], [ 112.706809, -7.656484 ], [ 112.706716, -7.65788 ], [ 112.706724, -7.659217 ], [ 112.706817, -7.660427 ], [ 112.707001, -7.661874 ], [ 112.70705, -7.663028 ], [ 112.707141, -7.664238 ], [ 112.707097, -7.664492 ], [ 112.707003, -7.664732 ], [ 112.706838, -7.664988 ], [ 112.706653, -7.665162 ], [ 112.706447, -7.665286 ], [ 112.706179, -7.665382 ], [ 112.705561, -7.665531 ], [ 112.70465, -7.665643 ] ] } },
{ "type": "Feature", "properties": { "Name": "Jalan Tol Gempol - Pasuruan (002)", "description": "Jalan Tol Gempol - Pasuruan (002)   0.77 km", "tessellate": 1, "GEOTAGGING": "", "gx_media_links": null }, "geometry": { "type": "LineString", "coordinates": [ [ 112.707002, -7.66186 ], [ 112.707165, -7.662628 ], [ 112.707246, -7.662992 ], [ 112.707359, -7.663339 ], [ 112.707433, -7.663508 ], [ 112.707545, -7.663651 ], [ 112.707694, -7.66379 ], [ 112.707952, -7.663923 ], [ 112.708256, -7.664079 ], [ 112.708478, -7.664225 ], [ 112.708582, -7.664355 ], [ 112.70864, -7.664536 ], [ 112.70863, -7.664728 ], [ 112.708594, -7.664884 ], [ 112.708478, -7.665042 ], [ 112.708372, -7.665134 ], [ 112.708202, -7.665207 ], [ 112.707971, -7.665251 ], [ 112.706857, -7.665391 ], [ 112.705792, -7.665526 ], [ 112.705499, -7.665537 ] ] } },
{ "type": "Feature", "properties": { "Name": "Jalan Tol Gempol - Pasuruan (003)", "description": "Jalan Tol Gempol - Pasuruan (003) 17.3 km", "tessellate": 1, "GEOTAGGING": "", "gx_media_links": "https:\/\/www.youtube.com\/embed\/0nbtloRzGUQ" }, "geometry": { "type": "LineString", "coordinates": [ [ 112.714521, -7.581554 ], [ 112.714432, -7.582231 ], [ 112.71445, -7.582853 ], [ 112.714501, -7.583741 ], [ 112.714523, -7.584344 ], [ 112.714486, -7.585131 ], [ 112.714431, -7.586026 ], [ 112.714429, -7.586305 ], [ 112.71448, -7.586653 ], [ 112.714605, -7.587078 ], [ 112.714842, -7.587526 ], [ 112.715074, -7.587833 ], [ 112.715472, -7.58819 ], [ 112.715859, -7.588433 ], [ 112.716217, -7.588585 ], [ 112.716865, -7.588755 ], [ 112.717466, -7.588934 ], [ 112.718336, -7.589138 ], [ 112.719338, -7.589371 ], [ 112.719867, -7.589562 ], [ 112.72068, -7.589975 ], [ 112.721522, -7.590311 ], [ 112.722289, -7.590582 ], [ 112.723329, -7.59083 ], [ 112.723876, -7.591002 ], [ 112.725074, -7.591438 ], [ 112.725951, -7.59187 ], [ 112.726756, -7.592282 ], [ 112.727684, -7.5929 ], [ 112.728324, -7.59334 ], [ 112.729525, -7.594059 ], [ 112.730317, -7.594521 ], [ 112.731575, -7.595163 ], [ 112.732812, -7.595716 ], [ 112.733823, -7.596121 ], [ 112.734787, -7.596508 ], [ 112.73566, -7.59679 ], [ 112.736986, -7.597328 ], [ 112.738219, -7.597862 ], [ 112.739769, -7.59865 ], [ 112.740805, -7.599223 ], [ 112.741962, -7.599907 ], [ 112.743123, -7.600688 ], [ 112.744219, -7.601491 ], [ 112.745616, -7.602635 ], [ 112.747261, -7.603961 ], [ 112.748643, -7.605091 ], [ 112.749219, -7.605538 ], [ 112.750017, -7.606096 ], [ 112.750965, -7.606564 ], [ 112.752384, -7.607106 ], [ 112.754143, -7.607458 ], [ 112.755947, -7.607712 ], [ 112.756974, -7.607954 ], [ 112.757788, -7.608243 ], [ 112.759046, -7.608811 ], [ 112.760293, -7.609698 ], [ 112.761116, -7.610417 ], [ 112.76239, -7.611771 ], [ 112.763022, -7.612377 ], [ 112.764166, -7.61335 ], [ 112.76543, -7.614199 ], [ 112.766839, -7.614925 ], [ 112.768675, -7.615717 ], [ 112.770492, -7.616468 ], [ 112.771779, -7.617097 ], [ 112.773891, -7.618335 ], [ 112.77553, -7.619387 ], [ 112.777013, -7.620306 ], [ 112.778629, -7.621354 ], [ 112.780168, -7.622319 ], [ 112.781681, -7.623276 ], [ 112.783432, -7.624215 ], [ 112.784947, -7.624904 ], [ 112.786462, -7.625534 ], [ 112.788151, -7.626111 ], [ 112.78972, -7.626557 ], [ 112.791378, -7.627022 ], [ 112.793003, -7.627496 ], [ 112.79511, -7.628125 ], [ 112.796973, -7.628663 ], [ 112.798856, -7.629195 ], [ 112.800688, -7.629725 ], [ 112.802772, -7.630323 ], [ 112.805005, -7.630971 ], [ 112.806939, -7.631521 ], [ 112.808715, -7.632019 ], [ 112.80948, -7.63225 ], [ 112.810461, -7.632576 ], [ 112.811998, -7.633147 ], [ 112.813968, -7.633952 ], [ 112.815812, -7.634815 ], [ 112.817424, -7.635644 ], [ 112.819088, -7.636577 ], [ 112.820596, -7.637553 ], [ 112.82239, -7.638662 ], [ 112.823907, -7.639644 ], [ 112.825733, -7.640779 ], [ 112.827166, -7.641678 ], [ 112.828467, -7.642505 ], [ 112.830398, -7.643737 ], [ 112.831783, -7.644552 ], [ 112.833227, -7.645316 ], [ 112.835453, -7.64655 ], [ 112.837488, -7.647501 ], [ 112.839425, -7.648375 ], [ 112.84136, -7.64909 ], [ 112.842931, -7.649735 ], [ 112.844735, -7.650389 ], [ 112.846593, -7.651085 ], [ 112.847307, -7.651423 ], [ 112.848865, -7.652209 ] ] } },
{ "type": "Feature", "properties": { "Name": "Jalan Tol Gempol - Pasuruan (004)", "description": "Jalan Tol Gempol - Pasuruan (004)   0.77 km", "tessellate": 1, "GEOTAGGING": "", "gx_media_links": null }, "geometry": { "type": "LineString", "coordinates": [ [ 112.822689, -7.638849 ], [ 112.823811, -7.639344 ], [ 112.824411, -7.639679 ], [ 112.824729, -7.639779 ], [ 112.824989, -7.639779 ], [ 112.825222, -7.639747 ], [ 112.825483, -7.639629 ], [ 112.826372, -7.639071 ], [ 112.82698, -7.638672 ], [ 112.827407, -7.638347 ], [ 112.82765, -7.638209 ], [ 112.828148, -7.637996 ], [ 112.828936, -7.637802 ] ] } },
{ "type": "Feature", "properties": { "Name": "Jalan Tol Gempol - Pasuruan (005)", "description": "Jalan Tol Gempol - Pasuruan (005)   0.59 km", "tessellate": 1, "GEOTAGGING": "", "gx_media_links": null }, "geometry": { "type": "LineString", "coordinates": [ [ 112.827191, -7.641683 ], [ 112.826809, -7.641293 ], [ 112.82635, -7.640916 ], [ 112.825946, -7.640667 ], [ 112.82578, -7.640547 ], [ 112.825678, -7.64042 ], [ 112.825622, -7.640294 ], [ 112.825599, -7.640164 ], [ 112.82561, -7.640037 ], [ 112.825667, -7.639921 ], [ 112.825782, -7.63978 ], [ 112.825936, -7.639642 ], [ 112.826282, -7.639343 ], [ 112.826609, -7.63907 ], [ 112.827261, -7.63862 ], [ 112.827497, -7.638441 ], [ 112.827816, -7.638137 ] ] } },
{ "type": "Feature", "properties": { "Name": "Jalan Tol Gempol - Pasuruan (006)", "description": "Jalan Tol Gempol - Pasuruan (006)   0.90 km", "tessellate": 1, "GEOTAGGING": "", "gx_media_links": null }, "geometry": { "type": "LineString", "coordinates": [ [ 112.821937, -7.638375 ], [ 112.822182, -7.638732 ], [ 112.822385, -7.638913 ], [ 112.822604, -7.639057 ], [ 112.822826, -7.639221 ], [ 112.822982, -7.639382 ], [ 112.823136, -7.639633 ], [ 112.823234, -7.639892 ], [ 112.823293, -7.640184 ], [ 112.82334, -7.640474 ], [ 112.823438, -7.640693 ], [ 112.823661, -7.640838 ], [ 112.823906, -7.640883 ], [ 112.82406, -7.640844 ], [ 112.824318, -7.640675 ], [ 112.825, -7.640159 ], [ 112.825866, -7.639531 ], [ 112.826503, -7.639073 ], [ 112.827161, -7.638613 ], [ 112.8278, -7.638147 ] ] } },
{ "type": "Feature", "properties": { "Name": "Jalan Tol Gempol - Pasuruan (007)", "description": "Jalan Tol Gempol - Pasuruan (007)   0.23 km", "tessellate": 1, "GEOTAGGING": "", "gx_media_links": null }, "geometry": { "type": "LineString", "coordinates": [ [ 112.82475, -7.640174 ], [ 112.824441, -7.640167 ], [ 112.824173, -7.640044 ], [ 112.823966, -7.639967 ], [ 112.823816, -7.639964 ], [ 112.823687, -7.639991 ], [ 112.823559, -7.640106 ], [ 112.823488, -7.640209 ], [ 112.823445, -7.640334 ], [ 112.823431, -7.640468 ], [ 112.8235, -7.640643 ], [ 112.823658, -7.640843 ] ] } },
{ "type": "Feature", "properties": { "Name": "Jalan Tol Gempol - Pasuruan (008)", "description": "Jalan Tol Gempol - Pasuruan (008)   1.82 km", "tessellate": 1, "GEOTAGGING": "", "gx_media_links": null }, "geometry": { "type": "LineString", "coordinates": [ [ 112.764507, -7.613574 ], [ 112.765191, -7.613889 ], [ 112.765923, -7.614246 ], [ 112.766206, -7.614364 ], [ 112.766475, -7.614432 ], [ 112.766743, -7.614444 ], [ 112.767027, -7.614414 ], [ 112.767341, -7.614301 ], [ 112.767648, -7.614194 ], [ 112.767872, -7.614171 ], [ 112.768076, -7.614189 ], [ 112.768216, -7.614269 ], [ 112.768361, -7.614416 ], [ 112.76846, -7.614589 ], [ 112.768502, -7.61476 ], [ 112.768492, -7.61495 ], [ 112.768449, -7.615109 ], [ 112.768384, -7.615257 ], [ 112.768271, -7.615417 ], [ 112.768174, -7.615546 ], [ 112.767961, -7.615749 ], [ 112.767722, -7.61591 ], [ 112.767488, -7.616029 ], [ 112.76707, -7.616151 ], [ 112.766259, -7.616368 ], [ 112.765553, -7.616538 ], [ 112.764852, -7.616711 ], [ 112.764347, -7.616774 ], [ 112.76395, -7.616729 ], [ 112.763512, -7.616595 ], [ 112.763158, -7.616403 ], [ 112.762826, -7.616157 ], [ 112.762559, -7.615864 ], [ 112.762337, -7.615502 ], [ 112.7619, -7.614139 ], [ 112.761779, -7.613786 ], [ 112.761564, -7.613278 ], [ 112.761265, -7.61272 ], [ 112.760764, -7.611967 ], [ 112.760449, -7.611476 ] ] } },
{ "type": "Feature", "properties": { "Name": "Jalan Tol Gempol - Pasuruan (009)", "description": "Jalan Tol Gempol - Pasuruan (009)   0.53 km", "tessellate": 1, "GEOTAGGING": "", "gx_media_links": null }, "geometry": { "type": "LineString", "coordinates": [ [ 112.765304, -7.614121 ], [ 112.765579, -7.61441 ], [ 112.766001, -7.61469 ], [ 112.766359, -7.614935 ], [ 112.766692, -7.615111 ], [ 112.766844, -7.615259 ], [ 112.766942, -7.615432 ], [ 112.76696, -7.615554 ], [ 112.76696, -7.615661 ], [ 112.766929, -7.615793 ], [ 112.766851, -7.615906 ], [ 112.766756, -7.616002 ], [ 112.766581, -7.616095 ], [ 112.766272, -7.616203 ], [ 112.765452, -7.61649 ], [ 112.764879, -7.616704 ] ] } },
{ "type": "Feature", "properties": { "Name": "Simpang Susun Penompo", "description": "Simpang Susun Penompo   0.54 km", "tessellate": 1, "GEOTAGGING": "", "gx_media_links": null }, "geometry": { "type": "LineString", "coordinates": [ [ 112.446439, -7.428916 ], [ 112.447319, -7.428362 ], [ 112.447793, -7.428133 ], [ 112.448291, -7.427983 ], [ 112.448636, -7.427962 ], [ 112.448917, -7.428005 ], [ 112.449235, -7.428091 ], [ 112.449555, -7.428278 ], [ 112.449852, -7.428541 ], [ 112.45019, -7.428897 ], [ 112.450563, -7.429346 ] ] } },
{ "type": "Feature", "properties": { "Name": "Jalan Tol Gempol - Pasuruan (015)", "description": "Jalan Tol Gempol - Pasuruan (015)   4.56 km", "tessellate": 1, "GEOTAGGING": "", "gx_media_links": null }, "geometry": { "type": "LineString", "coordinates": [ [ 112.848863, -7.652194 ], [ 112.849814, -7.652851 ], [ 112.85327, -7.654716 ], [ 112.856491, -7.657162 ], [ 112.858539, -7.659006 ], [ 112.860039, -7.660774 ], [ 112.862695, -7.66405 ], [ 112.865861, -7.666782 ], [ 112.867729, -7.667992 ], [ 112.870715, -7.669978 ], [ 112.874139, -7.67255 ], [ 112.877323, -7.674871 ], [ 112.880799, -7.678019 ] ] } },
{ "type": "Feature", "properties": { "Name": "Jalan Tol Jakarta - Cikampek", "description": "Jalan Tol Jakarta–Cikampek\n\nJalan Tol Jakarta-Cikampek (Japek)\nPanjang\t73 km\nPembangunan\t1985-1987\nPengelola\tPT Jasamarga (Persero) Tbk.\nJalan Tol Jakarta–Cikampek atau Jalan Tol Japek adalah sebuah jalan tol dari Cawang menuju Cikampek. Jalan tol ini mempunyai gerbang tol Cawang, Halim, Pondok Gede Barat, Pondok Gede Timur, Cikunir, Bekasi Barat, Bekasi Timur, Tambun, Cibitung, Cikarang Utama, Cikarang Barat, Cibatu, Cikarang Timur, Karawang Barat, Karawang Timur, Dawuan, Kalihurip, Cikampek, dan Cikopo. dan melintasi Kota Jakarta Timur, Kota dan Kabupaten Bekasi, Kabupaten Karawang, dan Kabupaten Purwakarta. Jalan tol ini merupakan bagian dari Jalan Tol Jakarta-Palimanan (189 km). Kilometer 0 berada di Cawang, Jakarta Timur, dan berakhir di Kilometer 189 di Palimanan. Panjang jalan tol ini adalah 73 kilometer.\nJalan tol ini mulai dioperasikan semenjak tahun 1988 setelah Jalan Tol Jagorawi pada tahun 1978 dan Jalan Tol Jakarta-Merak pada tahun 1984.\n\n\nDaftar isi\n1\tData Jalan Tol\n1.1\tData Total\n1.2\tData Ruas\n2\tFasilitas\n2.1\tTempat istirahat\n3\tGerbang Tol\n4\tSimpang Susun\n5\tPerubahan Tarif\n6\tLihat pula\n7\tReferensi\nData Jalan Tol\n\nGerbang tol Cikarang Utama, Km 29.\nData Total\nMulai\tDestinasi Utama\tSelesai\tArah\tPanjang (km)\tPintu Tol\tInterchange\tLokasi (Kabupaten \/ Kota)\nCawang\tPondok Gede\nBekasi\nTambun\nCikarang\nKarawang\nPurwakarta\nBandung\tCikampek\tBarat - Timur\t73\t18\t3\tJakarta\nBekasi\nKarawang\nPurwakarta\nData Ruas\nRuas\tPanjang (km)\tLajur (Total + Setiap Arah)\tPintu Tol\tPengelola\tLokasi (Kabupaten \/ Kota)\nJakarta-Cikarang Utama\t28\t8 (4×2)\t9\tPT Jasa Marga (Persero) Tbk.\tJakarta\nBekasi\nCikarang Utama-Cikarang Barat\t3\t6 (3x2)\t2\tBekasi\nCikarang Barat-Cikarang Timur-Cikampek\t42\t8 (4×2)\n6 (3×2)\t7\tBekasi\nKarawang\nPurwakarta\nFasilitas\nTempat istirahat\nJalan tol Jakarta-Cikampek mempunyai beberapa tempat istirahat untuk arah timur dan baratnya juga. Ada 9 tempat istirahat yaitu:\n\nLokasi\n(KM)\tArah\tToilet\tMasjid\/Musholla\tRestoran\tTelepon Umum\tBengkel Ban\tWarung Kopi\tTempat Peristirahatan\n6\tBarat\tCheckbox.svg\tCheckbox.svg\tCheckbox.svg\tCheckbox.svg\t\t\tCheckbox.svg\n19\tTimur\tCheckbox.svg\tCheckbox.svg\tCheckbox.svg\tCheckbox.svg\t\t\tCheckbox.svg\n32,0\tBarat\tCheckbox.svg\tCheckbox.svg\tCheckbox.svg\tCheckbox.svg\tCheckbox.svg\t\tCheckbox.svg\n39,0\tTimur\tCheckbox.svg\tCheckbox.svg\tCheckbox.svg\tCheckbox.svg\tCheckbox.svg\t\tCheckbox.svg\n42,5\tBarat\tCheckbox.svg\tCheckbox.svg\tCheckbox.svg\tCheckbox.svg\tCheckbox.svg\t\tCheckbox.svg\n50,8\tTimur\tCheckbox.svg\tCheckbox.svg\tCheckbox.svg\tCheckbox.svg\tCheckbox.svg\t\tCheckbox.svg\n57\tTimur\tCheckbox.svg\tCheckbox.svg\tCheckbox.svg\tCheckbox.svg\tCheckbox.svg\t\tCheckbox.svg\n62\tBarat\tCheckbox.svg\tCheckbox.svg\tCheckbox.svg\tCheckbox.svg\tCheckbox.svg\t\tCheckbox.svg\n71,3\tBarat\tCheckbox.svg\tCheckbox.svg\tCheckbox.svg\t\t\t\tCheckbox.svg\nGerbang Tol\nGerbang tol\/simpang susun\tKM\tLokasi\tTujuan\nSimpang Susun Cawang\t0\tCawang\t1. Gerbang awal:\nArah:\nCikampek\nBandung\n2. Gerbang akhir:\nArah:\nKe Arah Utara:\nJalan Tol Ir.Wiyoto Wiyono:\nJatinegara\nKelapa Gading\nTanjung Priok\nKe Arah Barat:\nJalan Tol Cawang-Pluit:\nTangerang\nGrogol\nBandara Soekarno Hatta\nGerbang Tol Halim\t2\tHalim Perdanakusuma\tCawang\nCililitan\nHalim PK\nJalan Tol Jagorawi\nBandar Udara Halim Perdanakusuma\nGerbang Tol Pondok Gede Barat\t4\tJatiwaringin\tPondok Gede\nJatiwaringin\nPondok Kelapa\nCoat of arms of Jakarta.svg\nBatas Wilayah Provinsi DKI Jakarta\nKotamadya Jakarta Timur \n\nCoat of arms of West Java.svg\nBatas Wilayah Provinsi Jawa Barat\nKota Bekasi\nGerbang Tol Pondok Gede Timur\t8\tJatibening\tJatibening\nCikunir\nGerbang Tol Cikunir\t10\tCikunir\tJalan Tol Lingkar Luar Jakarta\nJati Asih\nCikunir\nGerbang Tol Bekasi Barat\t13\tPekayon\tBekasi Barat\nPekayon\nGerbang Tol Bekasi Timur\t16\tBulak Kapal\tBekasi Timur\nBulak Kapal\nBantar Gebang\nCoat of arms of Bekasi.png\nBatas Wilayah Kota Bekasi \n\nLambang Kabupaten Bekasi\nBatas Wilayah Kabupaten Bekasi\nGerbang Tol Tambun\t21\tGrand Wisata\tTambun\nMustika Jaya\nSetu\nGerbang Tol Cibitung\t24\tCibitung\tCibitung\nKawasan Industri MM 2100\nGerbang Tol Cikarang Utama\t29\tCikarang Barat\tGerbang utama Jalan Tol Jakarta-Cikampek\n(sebagai pengganti dari Gerbang Tol Pondok Gede Timur (KM 8)\nGerbang Tol Padalarang Barat (KM 122)\nGerbang Tol Cikampek (KM 72)\n1. Gerbang Awal:\nArah:\nKarawang\nCikampek\nBandung\n\nCirebon\nJalan Tol Purbaleunyi\n\nJalan Tol Cipali\n2. Gerbang Akhir:\nArah:\nJakarta\nBogor\n\nGerbang Tol Cikarang Utara\n(belum beroperasi)\t30\t?\tCikarang Utara\nTerminal Peti Kemas\nCikarang Dry Port\nGerbang Tol Cikarang Barat\t31\tKota Jababeka\tCikarang Barat\nLemahabang\nCikarang Utara\nGerbang Tol Cibatu\t34\tLippo Cikarang\tKawasan Industri Lippo Cikarang\nCibatu\nJayamukti\nGerbang Tol Cikarang Timur\t37\tKota Delta Mas\tCikarang Pusat\nPasirranji\nSukamahi\nKota Delta Mas\nLambang Kabupaten Bekasi\nBatas Wilayah Kabupaten Bekasi \n\nLambang Kabupaten Karawang\nBatas Wilayah Kabupaten Karawang\nGerbang Tol Karawang Barat\t47\tTeluk Jambe\tKarawang Barat\nKawasan Industri KIIC\nRengasdengklok\nSan Diego Memorial Park\nGerbang Tol Karawang Timur\t54\tKlari\tKarawang Timur\nKlari\nKawasan Industri Surya Cipta\nSimpang Susun Dawuan\t67\tDawuan\tJalan Tol Cipularang\nJalan Tol Padaleunyi\nBandung\nGerbang Tol Kalihurip\t68\tKota Bukit Indah\tBukit Indah\nKawasan Industri KIKC\nIndotaisei\nDawuan\nCikampek Barat\nLambang Kabupaten Karawang\nBatas Wilayah Kabupaten Karawang \n\nLambang Kabupaten Purwakarta\nBatas Wilayah Kabupaten Purwakarta\nGerbang Tol Cikampek\t73\tCikopo\tPurwakarta\nCikampek\nCikopo\nGerbang Tol Cikopo\t77\tCikopo\tMulai 13 Juni 2016, tidak ada transaksi di gerbang tol tersebut. Pembayaran dilakukan di Gerbang Tol keluar, GT Cikarang Utama atau GT Palimanan.[1][2]\nSimpang Susun\nKM\tLokasi\tTujuan\n0\tSimpang Susun Cawang\tJalan Tol Lingkar Dalam Kota Jakarta\nJalan Tol Jagorawi\n10\tSimpang Susun Cikunir\tJalan Tol Lingkar Luar Jakarta\n67\tSimpang Susun Dawuan\tJalan Tol Cipularang\n73\tSimpang Susun Cikampek\tJalan Tol Cikopo-Palimanan\nPerubahan Tarif\nSejak 2 Maret 2011 pukul 00.00 WIB, sistem pembayaran terbuka telah diterapkan seiring dengan pemindahan gerbang tol utama dari Pondok Gede Timur ke Cikarang Utama. Dalam sistem pembayaran terbuka, kita hanya membayar di gerbang keluar tanpa mengambil tiket karena hanya ada satu pintu di pintu keluar. Sistem baru ini diterapkan untuk menghindari kemacetan lalu lintas di Pondok Gede Timur sebelum dan juga membuat waktu pembayaran yang lebih singkat[butuh rujukan].\n\nMulai tanggal 13 Juni 2016, 4 gerbang tol utama di ruas tol Jakarta-Cikampek-Palimanan-Kanci-Pejagan-Brebes Timur tidak melayani transaksi. Gerbang tol yang tidak melayani transaksi tersebut mulai tanggal 13 Juni 2016 adalah Cikopo (Cipali), Plumbon 3, Ciperna Utama (Palikanci), dan Mertapada (Kanci-Pejagan). Sehingga transaksi pembayaran hanya dapat dilakukan di gerbang tol Cikarang Utama, Palimanan, dan Brebes Timur. Tarif tol dari Jakarta (Cikarang Utama) sampai dengan Cirebon (Palimanan) adalah Rp111.000,00.[2]\n\nLihat pula\nJalan Tol Cipularang\nJalan Tol Padaleunyi\nJalan Tol Cikopo-Palimanan\nPantura", "tessellate": 1, "GEOTAGGING": "", "gx_media_links": "https:\/\/www.youtube.com\/embed\/kAjKQGReo3k https:\/\/www.youtube.com\/embed\/7f1On5pGzoM https:\/\/www.youtube.com\/embed\/cQh7a0HreHM" }, "geometry": { "type": "LineString", "coordinates": [ [ 106.877121, -6.246825 ], [ 106.877968, -6.247024 ], [ 106.87901, -6.247254 ], [ 106.879981, -6.247459 ], [ 106.880821, -6.2476 ], [ 106.881495, -6.247614 ], [ 106.882566, -6.247589 ], [ 106.884348, -6.24744 ], [ 106.885145, -6.247254 ], [ 106.885751, -6.247039 ], [ 106.886528, -6.246613 ], [ 106.887557, -6.245992 ], [ 106.888576, -6.245402 ], [ 106.889819, -6.244638 ], [ 106.890955, -6.244059 ], [ 106.891938, -6.243838 ], [ 106.892945, -6.243808 ], [ 106.894039, -6.243976 ], [ 106.894882, -6.244235 ], [ 106.895558, -6.244517 ], [ 106.89629, -6.244907 ], [ 106.897128, -6.245538 ], [ 106.897748, -6.246073 ], [ 106.898187, -6.24658 ], [ 106.898633, -6.247129 ], [ 106.899058, -6.247692 ], [ 106.899618, -6.248574 ], [ 106.90021, -6.249593 ], [ 106.900749, -6.250479 ], [ 106.901165, -6.25116 ], [ 106.90156, -6.251729 ], [ 106.901952, -6.252226 ], [ 106.902644, -6.252948 ], [ 106.903521, -6.253717 ], [ 106.904376, -6.254304 ], [ 106.905335, -6.254801 ], [ 106.906727, -6.255395 ], [ 106.908201, -6.255973 ], [ 106.91121, -6.257138 ], [ 106.912756, -6.257706 ], [ 106.91434, -6.258123 ], [ 106.915671, -6.25828 ], [ 106.917442, -6.258384 ], [ 106.919388, -6.258361 ], [ 106.922039, -6.258228 ], [ 106.926067, -6.258029 ], [ 106.928632, -6.257907 ], [ 106.931611, -6.257755 ], [ 106.935304, -6.257572 ], [ 106.938292, -6.257422 ], [ 106.941732, -6.257249 ], [ 106.944866, -6.257097 ], [ 106.946853, -6.256988 ], [ 106.948136, -6.256934 ], [ 106.951806, -6.256756 ], [ 106.955363, -6.256587 ], [ 106.957288, -6.256413 ], [ 106.958745, -6.256194 ], [ 106.961174, -6.255702 ], [ 106.962199, -6.255394 ], [ 106.964021, -6.254715 ], [ 106.965209, -6.254163 ], [ 106.966773, -6.253318 ], [ 106.969127, -6.251802 ], [ 106.971224, -6.250483 ], [ 106.971949, -6.250106 ], [ 106.972784, -6.249721 ], [ 106.973589, -6.249422 ], [ 106.974513, -6.249147 ], [ 106.97594, -6.248841 ], [ 106.977498, -6.248699 ], [ 106.979237, -6.248737 ], [ 106.981346, -6.249125 ], [ 106.983214, -6.249744 ], [ 106.984795, -6.250474 ], [ 106.986866, -6.251517 ], [ 106.989859, -6.252976 ], [ 106.992319, -6.253975 ], [ 106.994036, -6.254618 ], [ 106.996348, -6.255397 ], [ 106.998891, -6.256288 ], [ 107.000652, -6.256901 ], [ 107.003554, -6.257924 ], [ 107.006409, -6.258936 ], [ 107.009628, -6.260058 ], [ 107.013918, -6.26154 ], [ 107.016414, -6.262384 ], [ 107.018478, -6.263077 ], [ 107.022546, -6.26454 ], [ 107.027005, -6.266105 ], [ 107.030842, -6.267454 ], [ 107.034364, -6.268669 ], [ 107.038467, -6.270089 ], [ 107.040763, -6.270981 ], [ 107.043271, -6.27201 ], [ 107.045762, -6.273088 ], [ 107.048778, -6.274506 ], [ 107.051324, -6.275615 ], [ 107.053122, -6.276329 ], [ 107.055834, -6.277315 ], [ 107.058559, -6.278163 ], [ 107.062326, -6.279316 ], [ 107.064376, -6.279995 ], [ 107.068147, -6.281141 ], [ 107.072187, -6.282372 ], [ 107.075129, -6.283284 ], [ 107.078258, -6.284199 ], [ 107.081753, -6.285317 ], [ 107.085055, -6.286366 ], [ 107.089002, -6.287598 ], [ 107.091891, -6.288609 ], [ 107.094269, -6.289507 ], [ 107.096735, -6.290513 ], [ 107.099354, -6.291759 ], [ 107.102755, -6.293446 ], [ 107.105668, -6.295072 ], [ 107.108072, -6.296444 ], [ 107.110265, -6.29771 ], [ 107.112365, -6.298921 ], [ 107.114881, -6.300512 ], [ 107.117239, -6.301766 ], [ 107.121426, -6.304223 ], [ 107.123307, -6.305337 ], [ 107.125775, -6.306699 ], [ 107.128187, -6.308086 ], [ 107.130643, -6.309554 ], [ 107.133185, -6.311025 ], [ 107.135323, -6.312261 ], [ 107.137921, -6.313833 ], [ 107.140962, -6.315515 ], [ 107.144065, -6.317381 ], [ 107.147455, -6.319345 ], [ 107.149864, -6.32073 ], [ 107.15202, -6.32197 ], [ 107.15499, -6.323668 ], [ 107.157676, -6.325219 ], [ 107.160128, -6.326511 ], [ 107.163521, -6.32821 ], [ 107.165323, -6.329027 ], [ 107.167641, -6.329992 ], [ 107.169782, -6.330822 ], [ 107.171701, -6.331457 ], [ 107.173168, -6.332037 ], [ 107.174782, -6.332605 ], [ 107.176781, -6.333268 ], [ 107.180095, -6.334475 ], [ 107.183257, -6.335629 ], [ 107.185857, -6.336521 ], [ 107.187139, -6.336979 ], [ 107.188893, -6.337719 ], [ 107.190711, -6.338639 ], [ 107.192647, -6.339826 ], [ 107.194413, -6.34111 ], [ 107.195143, -6.341691 ], [ 107.195926, -6.34235 ], [ 107.197037, -6.343303 ], [ 107.198315, -6.344399 ], [ 107.199154, -6.345056 ], [ 107.20006, -6.345755 ], [ 107.200748, -6.346252 ], [ 107.201551, -6.346793 ], [ 107.20213, -6.347144 ], [ 107.203099, -6.347708 ], [ 107.204144, -6.348272 ], [ 107.205176, -6.348746 ], [ 107.206156, -6.349159 ], [ 107.207209, -6.349567 ], [ 107.208004, -6.349834 ], [ 107.209187, -6.350187 ], [ 107.210115, -6.350415 ], [ 107.211355, -6.350689 ], [ 107.21306, -6.351046 ], [ 107.215547, -6.351559 ], [ 107.218912, -6.35225 ], [ 107.224606, -6.353469 ], [ 107.227652, -6.35414 ], [ 107.230214, -6.354665 ], [ 107.232114, -6.354947 ], [ 107.234983, -6.355117 ], [ 107.237559, -6.355023 ], [ 107.239511, -6.354788 ], [ 107.241933, -6.35431 ], [ 107.244074, -6.353647 ], [ 107.246524, -6.35271 ], [ 107.251732, -6.350418 ], [ 107.253974, -6.34966 ], [ 107.255324, -6.349309 ], [ 107.257359, -6.348888 ], [ 107.259573, -6.348659 ], [ 107.261123, -6.348547 ], [ 107.26386, -6.348671 ], [ 107.266311, -6.348802 ], [ 107.269778, -6.348993 ], [ 107.27325, -6.349178 ], [ 107.277262, -6.349408 ], [ 107.281293, -6.349569 ], [ 107.285971, -6.349849 ], [ 107.289895, -6.350019 ], [ 107.29422, -6.350266 ], [ 107.29763, -6.350395 ], [ 107.303131, -6.350678 ], [ 107.308889, -6.351002 ], [ 107.313049, -6.35133 ], [ 107.31583, -6.351624 ], [ 107.31862, -6.351987 ], [ 107.322107, -6.352594 ], [ 107.325766, -6.353329 ], [ 107.329352, -6.354251 ], [ 107.332332, -6.355137 ], [ 107.333285, -6.355467 ], [ 107.334935, -6.356055 ], [ 107.336618, -6.356621 ], [ 107.339777, -6.357835 ], [ 107.340905, -6.358358 ], [ 107.343604, -6.359572 ], [ 107.34595, -6.360694 ], [ 107.347459, -6.361504 ], [ 107.350125, -6.362919 ], [ 107.353391, -6.364801 ], [ 107.35705, -6.366842 ], [ 107.360311, -6.368667 ], [ 107.36428, -6.371002 ], [ 107.368135, -6.373198 ], [ 107.371428, -6.375037 ], [ 107.374497, -6.376814 ], [ 107.377625, -6.378561 ], [ 107.38056, -6.380241 ], [ 107.381997, -6.381037 ], [ 107.385408, -6.383007 ], [ 107.389554, -6.385311 ], [ 107.39314, -6.387358 ], [ 107.396314, -6.389168 ], [ 107.399722, -6.391064 ], [ 107.402017, -6.392459 ], [ 107.403133, -6.393204 ], [ 107.404008, -6.393873 ], [ 107.405203, -6.394901 ], [ 107.405875, -6.395607 ], [ 107.406838, -6.396688 ], [ 107.407958, -6.398036 ], [ 107.408994, -6.399509 ], [ 107.409642, -6.400701 ], [ 107.410586, -6.40266 ], [ 107.411185, -6.404117 ], [ 107.412033, -6.406893 ], [ 107.412666, -6.409076 ], [ 107.413017, -6.410165 ], [ 107.413339, -6.410953 ], [ 107.414002, -6.412361 ], [ 107.414556, -6.413418 ], [ 107.415543, -6.415001 ], [ 107.41638, -6.416145 ], [ 107.417154, -6.417099 ], [ 107.418296, -6.418322 ], [ 107.419131, -6.419158 ], [ 107.42015, -6.420015 ], [ 107.421247, -6.420794 ], [ 107.422399, -6.421519 ], [ 107.423474, -6.422155 ], [ 107.424842, -6.422864 ], [ 107.427179, -6.423818 ], [ 107.42854, -6.424369 ] ] } },
{ "type": "Feature", "properties": { "Name": "Jalan Tol Jagorawi", "description": "Jalan Tol Jakarta-Bogor-Ciawi\nDari Wikipedia bahasa Indonesia, ensiklopedia bebas\nJump to navigationJump to search\nJalan Tol Jagorawi\nRambuppj.jpg\nPemandangan di jalan tol Jagorawi\nPanjang\t46 km\nPembangunan\t1973-1978\nPengelola\tPT Jasa Marga (Persero) Tbk\nJalan Tol Jagorawi adalah jalan tol pertama di Indonesia yang mulai dibangun pada tahun 1973, menghubungkan Jakarta-Bogor-Ciawi. Jalan tol ini dibangun dengan biaya Rp 350.000.000,00 per kilometer pada kurs rupiah saat itu.[1] Jalan tol sepanjang kurang lebih 50 km ini diresmikan Presiden Soeharto pada tanggal 9 Maret 1978. Saat diresmikan, jalan tol tersebut baru sampai ruas Jakarta-Citeureup saja, dengan karyawan 200 orang.[2] Jalan tol Jagorawi merupakan jalan tol pertama yang didanai APBN dari pinjaman luar negeri, kemudian pengelolaannya diberikan kepada PT Jasa Marga sebagai modal awal perusahaan tersebut dan merupakan penyertaan pemerintah.[3]\n\nJalan tol Jagorawi dikelola oleh PT Jasa Marga. Jagorawi sendiri merupakan singkatan kata dari \"JA\"karta, Bo\"GOR\", dan Ci\"AWI\". Jalan tol ini mempunyai gerbang tol Cililitan, TMII, Dukuh, Pasar Rebo, Cibubur, Cibubur Utama, Cimanggis Utama, Cimanggis, Gn. Putri, Citeureup, Sentul, Sentul Selatan, Bogor, dan Ciawi. dan melintasi Kota Jakarta Timur, Kota Depok, Kabupaten Bogor, dan Kota Bogor.\n\n\nDaftar isi\n1\tSejarah\n2\tFasilitas\n3\tGerbang Tol\n4\tTarif (Rupiah baru)\n5\tSimpang susun\n6\tInsiden\n7\tReferensi\n8\tPranala luar\nSejarah\n\nGerbang Tol Ciawi\nTahun 1973, Pemerintah mulai membangun jalan bebas hambatan pertama yang menghubungkan Jakarta dengan Bogor. Ketika masih dalam tahap pembangunan, jalan tol Jagorawi ini belum berstatus sebagai jalan tol. Ketika jalan tersebut selesai dibangun, pada tahun 1978, Pemerintah RI memikirkan agar biaya pengoperasian dan pemeliharaan ruas jalan tersebut dapat dilakukan mandiri tanpa membebani anggaran Pemerintah RI. Untuk itu, Menteri Pekerjaan Umum ketika itu, Ir. Sutami mengusulkan kepada Presiden RI agar ruas jalan Jakarta-Bogor tersebut dijadikan jalan tol.[2]\n\nMaka 2 pekan sebelum jalan tol Jagorawi diresmikan penggunaannya, persisnya pada 25 Februari 1978, terbit PP No. 4 tahun 1978 tentang Penyertaan Modal Negara Republik Indonesia untuk pendirian Persero yang mengurusi dan mengelola infrastruktur jalan raya. Dari situlah, kemudian lahir badan usaha persero PT Jasa Marga (Persero) pada 1 Maret 1978, sepekan sebelum jalan tol Jagorawi sudah diresmikan.[1]\n\nFasilitas\nDari Februari-Desember 2011, ruas tol Jagorawi telah dilebarkan dari 3 lajur menjadi 4 lajur dari Jakarta hingga Sentul Selatan, sisanya dari Sentul Selatan sampai Bogor masih 3 lajur dan Bogor sampai Ciawi masih 2 lajur.\n\nJalan tol ini dilengkapi pula oleh lima tempat istirahat yakni di tempat peristirahatan Cibubur Square di KM 10, tempat istirahat Sentul (KM 35) dan tempat istirahat Ciawi (KM 45) untuk arah Jakarta ke Bogor\/Ciawi. Sebaliknya dari Bogor\/Ciawi, tempat peristirahatan akan ditemui di tempat istirahat Bogor (KM 38), tempat istirahat Gunung Putri (KM 21).[4]\n\nGerbang Tol\nGerbang\tKM\tTujuan\tKeterangan\nSimpang Susun Cawang\t0\t1. Ke Arah Barat:\nMotorway CZ.svg Jalan Tol Cawang-Pluit:\nTebet\nSemanggi\nBandara Soekarno-Hatta\n2. Ke Arah Utara:\nMotorway CZ.svg Jalan Tol Ir. Wiyoto Wiyono:\nJatinegara\nKelapa Gading\nTanjung Priok\nAncol\t???\nGerbang Tol Cililitan\t2\tCawang\nRS Polri\nHalim PK\nMotorway CZ.svg Jalan Tol Jakarta-Cikampek\nBandar Udara Halim Perdanakusuma\tPartial exit\nGerbang Tol Taman Mini\t4\tTMII\nKramat Jati\nPondok Gede\nCipayung\t???\nGerbang Tol Dukuh\t7\tMotorway CZ.svg Jalan Tol Lingkar Luar Jakarta\nMotorway CZ.svg Jalan Tol Jakarta-Serpong\nMotorway CZ.svg Jalan Tol Jakarta-Cikampek\nMotorway CZ.svg Jalan Tol Jakarta-Tangerang\nBandar Udara Internasional Soekarno-Hatta\t???\nGerbang Tol Pasar Rebo\t8\nGerbang Tol Cibubur\t13\tCibubur\nCileungsi\nCikeas\nJonggol\t???\nGerbang Tol Cibubur Utama\t14\tMulai 8 September 2017, tidak ada transaksi yang terjadi di gerbang tol ini. Transaksi dilakukan di gerbang tol keluar.\t???\nCoat of arms of Jakarta.svg\nBatas Wilayah Provinsi DKI Jakarta\nKotamadya Jakarta Timur \n\nWest Java coa.png\nBatas Wilayah Provinsi Jawa Barat\nKota Depok\nSimpang Susun Cisalak\t16\tCisalak\nDepok\nMargonda\nMotorway CZ.svg Jalan Tol Cinere-Jagorawi\tT-Bone Interchange\nGerbang Tol Cimanggis Utama\t18\tMulai 8 September 2017, tidak ada transaksi yang terjadi di gerbang tol ini. Transaksi dilakukan di gerbang tol masuk.\t\nGerbang Tol Cimanggis\t19\tCimanggis\nCikeas\tHalf Trumpet Interchange\nLambang Kota Depok.png\nBatas Wilayah Kota Depok \n\nLambang Kabupaten Bogor.png\nBatas Wilayah Kabupaten Bogor\nGerbang Tol Gunung Putri\t24\tGunung Putri\nKaranggan\nCikeas\tTrumpet Interchange\nGerbang Tol Citeureup\t27\tCiteureup\nCibinong\tDiamond Interchange\nGerbang Tol Sentul\t34\tIPSC\nSirkuit Sentul\nNanggewer\tDiamond Interchange\nGerbang Tol Sentul Selatan\t37\tSentul Selatan\nKedung Halang\nMotorway CZ.svg Jalan Tol Lingkar Luar Bogor\tParclo\nLambang Kabupaten Bogor.png\nBatas Wilayah Kabupaten Bogor \n\nLambang Kota Bogor.png\nBatas Wilayah Kota Bogor\nGerbang Tol Bogor\t42\t1. Gerbang akhir:\nArah:\nBogor Kota\nKebun Raya\n2. Gerbang awal:\nArah:\nJakarta\nCiawi\tSemi directional T Interchange\nGerbang Tol Ciawi\t44\t1. Gerbang akhir:\nArah:\nCiawi\nSukabumi\nGadog\nCisarua\nPuncak\nTaman Safari\nCianjur\n2. Gerbang awal:\nArah:\nBogor\nJakarta\tHalf Trumpet Interchange\nTarif (Rupiah baru)\n!Artikel utama untuk bagian ini adalah: Tarif Jalan Tol Jagorawi\nPada awalnya ruas tol ini menggunakan sistem pembayaran tertutup dari ruas Cibubur Utama\/Cimanggis Utama-Bogor\/Ciawi, tetapi mulai 8 September 2017, sistem pembayaran yang digunakan oleh ruas tol ini berubah menjadi sistem terbuka (sekali transaksi) dengan dihilangkannya gerbang tol Cibubur Utama dan Cimanggis Utama sehingga transaksi hanya dapat dilakukan di gerbang tol masuk\/keluar.[5][6]\n\nGolongan\tTarif\nI\t6,50\nII\t9,50\nIII\t13,00\nIV\t16,00\nV\t19,50\nTarif di atas diberlakukan sejak tanggal 8 September 2017 pukul 00:00 WIB.[5][6]\nMulai 8 September 2017, transaksi di gerbang tol Cibubur Utama dan Cimanggis Utama ditiadakan. Transaksi dilakukan di gerbang tol masuk\/keluar.[5][6]\nSesuai dengan kebijakan redenominasi rupiah, 1.000 rupiah lama senilai dengan 1 rupiah ba", "tessellate": 1, "GEOTAGGING": "", "gx_media_links": "https:\/\/www.youtube.com\/embed\/mMeX2rtkQMU https:\/\/www.youtube.com\/embed\/FtNDKtuIRhM" }, "geometry": { "type": "LineString", "coordinates": [ [ 106.83903, -6.631156 ], [ 106.838503, -6.630223 ], [ 106.837533, -6.628015 ], [ 106.836643, -6.625757 ], [ 106.835743, -6.62349 ], [ 106.834645, -6.620741 ], [ 106.833503, -6.617826 ], [ 106.832674, -6.615721 ], [ 106.832293, -6.614478 ], [ 106.832016, -6.613197 ], [ 106.831852, -6.61208 ], [ 106.831792, -6.611302 ], [ 106.831707, -6.60948 ], [ 106.831564, -6.607739 ], [ 106.831456, -6.606122 ], [ 106.831353, -6.604044 ], [ 106.831282, -6.602483 ], [ 106.8313, -6.601952 ], [ 106.831315, -6.601439 ], [ 106.831417, -6.600217 ], [ 106.831574, -6.599282 ], [ 106.831783, -6.598314 ], [ 106.831997, -6.59754 ], [ 106.832317, -6.596587 ], [ 106.832928, -6.594796 ], [ 106.833773, -6.592368 ], [ 106.834482, -6.590254 ], [ 106.835495, -6.58735 ], [ 106.836628, -6.584338 ], [ 106.837837, -6.580788 ], [ 106.838961, -6.577485 ], [ 106.840169, -6.573937 ], [ 106.841407, -6.57031 ], [ 106.842452, -6.567048 ], [ 106.843433, -6.56412 ], [ 106.84456, -6.560849 ], [ 106.845379, -6.55843 ], [ 106.846397, -6.555471 ], [ 106.847329, -6.552718 ], [ 106.848558, -6.549089 ], [ 106.849746, -6.545621 ], [ 106.850432, -6.543609 ], [ 106.850596, -6.542979 ], [ 106.850802, -6.542107 ], [ 106.850983, -6.541092 ], [ 106.851388, -6.537943 ], [ 106.851783, -6.535317 ], [ 106.85191, -6.534749 ], [ 106.852132, -6.533785 ], [ 106.852527, -6.532587 ], [ 106.8536, -6.529175 ], [ 106.854305, -6.527045 ], [ 106.854693, -6.526166 ], [ 106.855064, -6.52541 ], [ 106.855461, -6.524739 ], [ 106.85659, -6.522998 ], [ 106.858539, -6.520091 ], [ 106.85974, -6.518152 ], [ 106.860129, -6.517454 ], [ 106.860592, -6.516532 ], [ 106.861064, -6.51547 ], [ 106.862412, -6.512326 ], [ 106.863883, -6.508986 ], [ 106.86584, -6.504547 ], [ 106.867227, -6.501329 ], [ 106.867666, -6.500117 ], [ 106.868378, -6.497929 ], [ 106.869574, -6.494046 ], [ 106.870152, -6.492226 ], [ 106.870925, -6.489698 ], [ 106.87151, -6.487989 ], [ 106.872177, -6.486365 ], [ 106.873427, -6.483791 ], [ 106.874914, -6.480831 ], [ 106.875964, -6.478785 ], [ 106.877694, -6.475376 ], [ 106.879698, -6.471374 ], [ 106.881612, -6.467637 ], [ 106.883397, -6.46408 ], [ 106.885377, -6.460221 ], [ 106.887572, -6.455925 ], [ 106.889325, -6.452432 ], [ 106.891297, -6.448499 ], [ 106.891744, -6.44747 ], [ 106.892084, -6.446435 ], [ 106.892317, -6.445371 ], [ 106.892928, -6.4418 ], [ 106.893731, -6.437205 ], [ 106.894439, -6.433136 ], [ 106.894738, -6.431951 ], [ 106.895211, -6.430434 ], [ 106.896375, -6.426814 ], [ 106.896517, -6.426246 ], [ 106.896855, -6.424467 ], [ 106.897112, -6.421989 ], [ 106.897482, -6.417966 ], [ 106.897778, -6.415101 ], [ 106.898182, -6.411418 ], [ 106.898542, -6.407957 ], [ 106.898565, -6.40628 ], [ 106.898423, -6.404512 ], [ 106.898213, -6.403071 ], [ 106.898082, -6.402381 ], [ 106.897794, -6.401123 ], [ 106.89722, -6.398743 ], [ 106.896554, -6.39591 ], [ 106.896066, -6.393762 ], [ 106.895739, -6.391812 ], [ 106.895636, -6.390216 ], [ 106.89564, -6.388856 ], [ 106.895879, -6.385113 ], [ 106.89627, -6.379696 ], [ 106.896387, -6.37665 ], [ 106.896331, -6.37543 ], [ 106.896264, -6.374535 ], [ 106.895979, -6.372837 ], [ 106.895496, -6.370297 ], [ 106.894999, -6.367507 ], [ 106.894392, -6.364188 ], [ 106.89381, -6.360979 ], [ 106.893185, -6.357414 ], [ 106.89278, -6.35561 ], [ 106.892318, -6.353906 ], [ 106.891667, -6.351586 ], [ 106.891149, -6.349752 ], [ 106.890321, -6.346838 ], [ 106.889783, -6.344288 ], [ 106.889022, -6.340221 ], [ 106.888164, -6.335865 ], [ 106.887323, -6.331539 ], [ 106.887211, -6.330202 ], [ 106.887119, -6.327729 ], [ 106.887082, -6.32229 ], [ 106.887007, -6.318639 ], [ 106.886808, -6.317077 ], [ 106.886445, -6.3153 ], [ 106.885349, -6.310956 ], [ 106.884726, -6.307505 ], [ 106.883855, -6.30405 ], [ 106.882823, -6.299849 ], [ 106.882071, -6.297241 ], [ 106.880576, -6.293691 ], [ 106.87908, -6.290134 ], [ 106.877475, -6.286109 ], [ 106.8747, -6.27942 ], [ 106.873258, -6.275443 ], [ 106.872863, -6.273419 ], [ 106.872652, -6.270694 ], [ 106.872832, -6.26735 ], [ 106.873043, -6.262877 ], [ 106.873243, -6.259631 ], [ 106.873131, -6.258343 ], [ 106.87271, -6.256697 ], [ 106.87244, -6.255312 ], [ 106.872456, -6.254067 ], [ 106.872713, -6.253037 ], [ 106.873269, -6.25198 ], [ 106.874188, -6.251003 ], [ 106.875297, -6.250001 ], [ 106.876264, -6.248861 ], [ 106.876641, -6.248228 ], [ 106.876984, -6.247373 ] ] } },
{ "type": "Feature", "properties": { "Name": "Jalan Tol Jagorawi", "description": "Jalan Tol Jagorawi   2.86 km", "tessellate": 1, "GEOTAGGING": "", "gx_media_links": null }, "geometry": { "type": "LineString", "coordinates": [ [ 106.831704, -6.60932 ], [ 106.831712, -6.608062 ], [ 106.831709, -6.607279 ], [ 106.831674, -6.605483 ], [ 106.831574, -6.603202 ], [ 106.831561, -6.601971 ], [ 106.831577, -6.6013 ], [ 106.831676, -6.600305 ], [ 106.831826, -6.599344 ], [ 106.832043, -6.598329 ], [ 106.832232, -6.597671 ], [ 106.832662, -6.596367 ], [ 106.833364, -6.594274 ], [ 106.834324, -6.591442 ], [ 106.835354, -6.588379 ], [ 106.836342, -6.585382 ], [ 106.836659, -6.584268 ] ] } },
{ "type": "Feature", "properties": { "Name": "Jalan Tol Jagorawi (Akses Tol)", "description": "Jalan Tol Jagorawi (Akses Tol)   2.60 km", "tessellate": 1, "GEOTAGGING": "", "gx_media_links": null }, "geometry": { "type": "LineString", "coordinates": [ [ 106.848242, -6.651906 ], [ 106.848358, -6.651313 ], [ 106.848455, -6.650718 ], [ 106.848532, -6.650157 ], [ 106.848578, -6.64967 ], [ 106.848592, -6.649048 ], [ 106.84859, -6.648509 ], [ 106.84856, -6.647878 ], [ 106.848492, -6.647247 ], [ 106.848411, -6.646733 ], [ 106.848254, -6.646028 ], [ 106.848013, -6.645133 ], [ 106.847732, -6.644164 ], [ 106.847423, -6.64348 ], [ 106.846984, -6.642627 ], [ 106.846663, -6.642072 ], [ 106.846261, -6.641484 ], [ 106.845112, -6.639939 ], [ 106.844204, -6.638729 ], [ 106.843425, -6.637684 ], [ 106.842214, -6.636066 ], [ 106.84123, -6.634706 ], [ 106.84014, -6.633074 ], [ 106.839025, -6.631155 ] ] } },
{ "type": "Feature", "properties": { "Name": "Jalan Tol Jagorawi (Akses Tol)", "description": "Jalan Tol Jagorawi (Akses Tol)   0.67 km", "tessellate": 1, "GEOTAGGING": "", "gx_media_links": null }, "geometry": { "type": "LineString", "coordinates": [ [ 106.849956, -6.648544 ], [ 106.849551, -6.648184 ], [ 106.849266, -6.6479 ], [ 106.849101, -6.647646 ], [ 106.848938, -6.647319 ], [ 106.848823, -6.646956 ], [ 106.84869, -6.646464 ], [ 106.848537, -6.645905 ], [ 106.848378, -6.645433 ], [ 106.848072, -6.644643 ], [ 106.847643, -6.643742 ], [ 106.847296, -6.643228 ] ] } },
{ "type": "Feature", "properties": { "Name": "Jalan Tol Jagorawi (Akses Tol)", "description": "Jalan Tol Jagorawi (Akses Tol)   2.18 km", "tessellate": 1, "GEOTAGGING": "", "gx_media_links": null }, "geometry": { "type": "LineString", "coordinates": [ [ 106.858798, -6.655438 ], [ 106.858379, -6.655418 ], [ 106.857968, -6.655344 ], [ 106.857463, -6.655195 ], [ 106.857082, -6.655055 ], [ 106.856676, -6.654835 ], [ 106.856235, -6.654541 ], [ 106.85589, -6.654259 ], [ 106.855527, -6.653889 ], [ 106.855201, -6.65346 ], [ 106.854862, -6.652918 ], [ 106.854359, -6.652116 ], [ 106.854032, -6.651605 ], [ 106.853698, -6.651197 ], [ 106.853307, -6.650801 ], [ 106.852972, -6.650526 ], [ 106.852413, -6.650117 ], [ 106.85179, -6.649733 ], [ 106.851273, -6.649441 ], [ 106.850697, -6.649112 ], [ 106.84986, -6.648477 ], [ 106.849291, -6.648063 ], [ 106.84868, -6.647571 ], [ 106.848305, -6.647256 ], [ 106.84802, -6.647026 ], [ 106.8478, -6.646716 ], [ 106.847641, -6.646332 ], [ 106.847572, -6.646086 ], [ 106.847542, -6.645661 ], [ 106.847522, -6.645081 ], [ 106.84748, -6.644654 ], [ 106.847385, -6.64416 ], [ 106.847254, -6.643641 ], [ 106.847094, -6.6432 ], [ 106.846764, -6.642428 ], [ 106.846399, -6.641691 ] ] } },
{ "type": "Feature", "properties": { "Name": "Jalan Tol Ngawi - Kertosono", "description": "Jalan Tol Ngawi - Kertosono 53.3 km", "tessellate": 1, "GEOTAGGING": "", "gx_media_links": "https:\/\/www.youtube.com\/embed\/maGLZ7g4BbU" }, "geometry": { "type": "LineString", "coordinates": [ [ 112.099015, -7.573809 ], [ 112.094961, -7.574647 ], [ 112.091353, -7.575618 ], [ 112.088913, -7.57719 ], [ 112.086215, -7.5789 ], [ 112.082727, -7.581154 ], [ 112.079951, -7.583143 ], [ 112.076945, -7.584851 ], [ 112.07437, -7.586616 ], [ 112.071016, -7.588224 ], [ 112.066175, -7.58967 ], [ 112.063106, -7.59027 ], [ 112.057585, -7.591 ], [ 112.054019, -7.590716 ], [ 112.051119, -7.59053 ], [ 112.049426, -7.590711 ], [ 112.045447, -7.59165 ], [ 112.042237, -7.59222 ], [ 112.039202, -7.592612 ], [ 112.035364, -7.593231 ], [ 112.031251, -7.593491 ], [ 112.027701, -7.593849 ], [ 112.02393, -7.594829 ], [ 112.022264, -7.595846 ], [ 112.021044, -7.597196 ], [ 112.01879, -7.598808 ], [ 112.014984, -7.599475 ], [ 112.009952, -7.600399 ], [ 112.005383, -7.600982 ], [ 112.003499, -7.601005 ], [ 112.001349, -7.600955 ], [ 111.99957, -7.600809 ], [ 111.997637, -7.600731 ], [ 111.996174, -7.600793 ], [ 111.993897, -7.601039 ], [ 111.991657, -7.600995 ], [ 111.988668, -7.60056 ], [ 111.986898, -7.600105 ], [ 111.985946, -7.599809 ], [ 111.984521, -7.599809 ], [ 111.982142, -7.599948 ], [ 111.979774, -7.599727 ], [ 111.976191, -7.599174 ], [ 111.97447, -7.599071 ], [ 111.971924, -7.59876 ], [ 111.968278, -7.59864 ], [ 111.962406, -7.598133 ], [ 111.959165, -7.597815 ], [ 111.955913, -7.596966 ], [ 111.952228, -7.595773 ], [ 111.950167, -7.595046 ], [ 111.947852, -7.593807 ], [ 111.943981, -7.591729 ], [ 111.939052, -7.588968 ], [ 111.934235, -7.586187 ], [ 111.930493, -7.583874 ], [ 111.928439, -7.582169 ], [ 111.925548, -7.579894 ], [ 111.92347, -7.577523 ], [ 111.921213, -7.57457 ], [ 111.919271, -7.571686 ], [ 111.916634, -7.568092 ], [ 111.914634, -7.565945 ], [ 111.912649, -7.564092 ], [ 111.910289, -7.562243 ], [ 111.90835, -7.561089 ], [ 111.905765, -7.559724 ], [ 111.903312, -7.558533 ], [ 111.901419, -7.557989 ], [ 111.898892, -7.557258 ], [ 111.895544, -7.556511 ], [ 111.891919, -7.555687 ], [ 111.886509, -7.554568 ], [ 111.880117, -7.552912 ], [ 111.876166, -7.551262 ], [ 111.874012, -7.550457 ], [ 111.870027, -7.548678 ], [ 111.867406, -7.54763 ], [ 111.862211, -7.544804 ], [ 111.855737, -7.541784 ], [ 111.853041, -7.540417 ], [ 111.848789, -7.538652 ], [ 111.846446, -7.537825 ], [ 111.844614, -7.537356 ], [ 111.84242, -7.537101 ], [ 111.839261, -7.536994 ], [ 111.83582, -7.53734 ], [ 111.834176, -7.537458 ], [ 111.831928, -7.537728 ], [ 111.829695, -7.538193 ], [ 111.825396, -7.539324 ], [ 111.821858, -7.540343 ], [ 111.819215, -7.541716 ], [ 111.817477, -7.543086 ], [ 111.815867, -7.544628 ], [ 111.813219, -7.547026 ], [ 111.811056, -7.548878 ], [ 111.808127, -7.55053 ], [ 111.804213, -7.552868 ], [ 111.801018, -7.554502 ], [ 111.799024, -7.555416 ], [ 111.797093, -7.555839 ], [ 111.795322, -7.556114 ], [ 111.792384, -7.55642 ], [ 111.785587, -7.557467 ], [ 111.781211, -7.558008 ], [ 111.777725, -7.557412 ], [ 111.774743, -7.556752 ], [ 111.769148, -7.554828 ], [ 111.761047, -7.550329 ], [ 111.75674, -7.546677 ], [ 111.75523, -7.54455 ], [ 111.75176, -7.54239 ], [ 111.746996, -7.539315 ], [ 111.740777, -7.537543 ], [ 111.73459, -7.536451 ], [ 111.730942, -7.536058 ], [ 111.723434, -7.535846 ], [ 111.715865, -7.535395 ], [ 111.70364, -7.534337 ], [ 111.69304, -7.533929 ], [ 111.687777, -7.534006 ], [ 111.68403, -7.533495 ], [ 111.675126, -7.53268 ], [ 111.671793, -7.532094 ], [ 111.667073, -7.529913 ], [ 111.662492, -7.528294 ], [ 111.656991, -7.525889 ], [ 111.653924, -7.524562 ] ] } },
{ "type": "Feature", "properties": { "Name": "Jalan Tol Ngawi - Kertosono", "description": "Jalan Tol Ngawi - Kertosono 31.8 km", "tessellate": 1, "GEOTAGGING": "", "gx_media_links": "https:\/\/www.youtube.com\/embed\/maGLZ7g4BbU https:\/\/www.youtube.com\/embed\/VCj7ch_uRbA" }, "geometry": { "type": "LineString", "coordinates": [ [ 111.653968, -7.524581 ], [ 111.650772, -7.523177 ], [ 111.64908, -7.522523 ], [ 111.646135, -7.521647 ], [ 111.643555, -7.52109 ], [ 111.640916, -7.520718 ], [ 111.637706, -7.520639 ], [ 111.633457, -7.520933 ], [ 111.630358, -7.521645 ], [ 111.623608, -7.524184 ], [ 111.621308, -7.525558 ], [ 111.616033, -7.529269 ], [ 111.611111, -7.532113 ], [ 111.606746, -7.533453 ], [ 111.603128, -7.534151 ], [ 111.599741, -7.534456 ], [ 111.597176, -7.534792 ], [ 111.594465, -7.535315 ], [ 111.590978, -7.536368 ], [ 111.58807, -7.537497 ], [ 111.584198, -7.539471 ], [ 111.58136, -7.540631 ], [ 111.579118, -7.541356 ], [ 111.575497, -7.542208 ], [ 111.572271, -7.542698 ], [ 111.568283, -7.543103 ], [ 111.566414, -7.543366 ], [ 111.55952, -7.544735 ], [ 111.552122, -7.54654 ], [ 111.545834, -7.54788 ], [ 111.538693, -7.549451 ], [ 111.532316, -7.550816 ], [ 111.526375, -7.551837 ], [ 111.523674, -7.551887 ], [ 111.521321, -7.551663 ], [ 111.518654, -7.551125 ], [ 111.515611, -7.550074 ], [ 111.513126, -7.54874 ], [ 111.509889, -7.546524 ], [ 111.50579, -7.543454 ], [ 111.502781, -7.541505 ], [ 111.501159, -7.540744 ], [ 111.498802, -7.539862 ], [ 111.496678, -7.539267 ], [ 111.492628, -7.538458 ], [ 111.489952, -7.53783 ], [ 111.488267, -7.537169 ], [ 111.485451, -7.535623 ], [ 111.48341, -7.534144 ], [ 111.48122, -7.532225 ], [ 111.479295, -7.529759 ], [ 111.476825, -7.525126 ], [ 111.476042, -7.523473 ], [ 111.474505, -7.521019 ], [ 111.472945, -7.518757 ], [ 111.470252, -7.51582 ], [ 111.466843, -7.512275 ], [ 111.4632, -7.508437 ], [ 111.460611, -7.505242 ], [ 111.459247, -7.502937 ], [ 111.458072, -7.500319 ], [ 111.457227, -7.497033 ], [ 111.456846, -7.493773 ], [ 111.456693, -7.488922 ], [ 111.456386, -7.484022 ], [ 111.456113, -7.482342 ], [ 111.455648, -7.480381 ], [ 111.454288, -7.476324 ], [ 111.452003, -7.470021 ], [ 111.449139, -7.462009 ], [ 111.446072, -7.453538 ], [ 111.445279, -7.451245 ], [ 111.443892, -7.448225 ], [ 111.441413, -7.443864 ], [ 111.439753, -7.441547 ], [ 111.438306, -7.439952 ] ] } },
{ "type": "Feature", "properties": { "Name": "Jalan Tol Ngawi - Kertosono", "description": "Jalan Tol Ngawi - Kertosono   1.95 km", "tessellate": 1, "GEOTAGGING": "", "gx_media_links": null }, "geometry": { "type": "LineString", "coordinates": [ [ 112.115734, -7.576693 ], [ 112.11459, -7.576449 ], [ 112.113308, -7.576132 ], [ 112.112424, -7.575818 ], [ 112.111464, -7.575301 ], [ 112.110298, -7.574374 ], [ 112.109318, -7.57376 ], [ 112.108392, -7.573351 ], [ 112.107509, -7.573108 ], [ 112.106436, -7.572943 ], [ 112.105301, -7.572913 ], [ 112.103335, -7.57317 ], [ 112.100358, -7.573697 ], [ 112.098971, -7.573785 ] ] } },
{ "type": "Feature", "properties": { "Name": "Tol Krian - Legundi - Bunder - Manyar", "description": "Tol Krian - Legundi - Bunder - Manyar 39.9 km", "tessellate": 1, "GEOTAGGING": "", "gx_media_links": "https:\/\/www.youtube.com\/embed\/G1TW8WtpF5Q https:\/\/www.youtube.com\/embed\/k5SS8JbuXxY" }, "geometry": { "type": "LineString", "coordinates": [ [ 112.552915, -7.407438 ], [ 112.552935, -7.40709 ], [ 112.55292, -7.406561 ], [ 112.552882, -7.406271 ], [ 112.55254, -7.405 ], [ 112.552123, -7.403372 ], [ 112.551972, -7.40292 ], [ 112.551233, -7.402205 ], [ 112.550355, -7.401506 ], [ 112.549527, -7.401242 ], [ 112.548026, -7.399902 ], [ 112.546128, -7.396872 ], [ 112.544576, -7.394845 ], [ 112.541916, -7.393013 ], [ 112.540629, -7.392033 ], [ 112.538501, -7.39071 ], [ 112.535721, -7.38809 ], [ 112.533088, -7.383958 ], [ 112.530776, -7.379992 ], [ 112.529255, -7.376382 ], [ 112.52898, -7.374082 ], [ 112.528429, -7.370608 ], [ 112.527643, -7.366692 ], [ 112.526916, -7.361247 ], [ 112.52627, -7.356446 ], [ 112.526296, -7.354783 ], [ 112.527497, -7.349754 ], [ 112.527437, -7.344369 ], [ 112.527863, -7.341276 ], [ 112.527806, -7.339299 ], [ 112.527568, -7.336681 ], [ 112.527788, -7.331866 ], [ 112.528232, -7.32732 ], [ 112.528513, -7.325085 ], [ 112.528598, -7.322101 ], [ 112.528679, -7.318244 ], [ 112.529031, -7.312983 ], [ 112.530198, -7.309682 ], [ 112.533083, -7.306723 ], [ 112.534546, -7.304601 ], [ 112.536291, -7.301976 ], [ 112.538643, -7.29937 ], [ 112.541389, -7.297118 ], [ 112.542796, -7.295925 ], [ 112.544568, -7.293955 ], [ 112.546444, -7.289835 ], [ 112.547658, -7.288101 ], [ 112.549448, -7.285631 ], [ 112.553413, -7.282989 ], [ 112.556258, -7.280662 ], [ 112.560056, -7.277876 ], [ 112.563172, -7.273948 ], [ 112.56566, -7.270529 ], [ 112.568333, -7.267554 ], [ 112.569868, -7.264919 ], [ 112.571278, -7.260138 ], [ 112.573064, -7.254734 ], [ 112.573797, -7.249172 ], [ 112.574551, -7.2456 ], [ 112.575665, -7.242763 ], [ 112.578026, -7.240378 ], [ 112.580643, -7.23696 ], [ 112.583015, -7.23309 ], [ 112.584411, -7.229614 ], [ 112.585417, -7.226003 ], [ 112.586254, -7.222097 ], [ 112.588896, -7.219716 ], [ 112.589768, -7.218295 ], [ 112.591612, -7.212989 ], [ 112.593469, -7.207706 ], [ 112.595227, -7.202532 ], [ 112.596909, -7.198595 ], [ 112.598091, -7.19575 ], [ 112.59949, -7.191738 ], [ 112.599881, -7.187318 ], [ 112.601017, -7.182659 ], [ 112.601837, -7.178004 ], [ 112.601853, -7.175566 ], [ 112.600328, -7.1728 ], [ 112.598495, -7.171426 ], [ 112.595245, -7.168201 ], [ 112.593123, -7.165941 ], [ 112.591323, -7.162738 ], [ 112.588537, -7.160424 ], [ 112.583942, -7.158186 ], [ 112.58154, -7.154401 ], [ 112.579856, -7.150158 ], [ 112.577915, -7.14519 ], [ 112.577605, -7.140061 ], [ 112.577195, -7.134441 ], [ 112.577353, -7.130277 ], [ 112.576964, -7.124785 ], [ 112.576557, -7.119699 ], [ 112.576223, -7.11354 ], [ 112.576158, -7.106544 ], [ 112.576217, -7.099864 ], [ 112.575988, -7.091836 ], [ 112.575659, -7.089622 ] ] } },
{ "type": "Feature", "properties": { "Name": "Jl. Tol Cinere-Jagorawi Seksi 1", "description": "Jl. Tol Cinere-Jagorawi Seksi 1   3.23 km", "tessellate": 1, "GEOTAGGING": "", "gx_media_links": null }, "geometry": { "type": "LineString", "coordinates": [ [ 106.89099, -6.386088 ], [ 106.889853, -6.385712 ], [ 106.888912, -6.385404 ], [ 106.88782, -6.385099 ], [ 106.886516, -6.384774 ], [ 106.885235, -6.384468 ], [ 106.882788, -6.38399 ], [ 106.880309, -6.383561 ], [ 106.878093, -6.38319 ], [ 106.875322, -6.382694 ], [ 106.873797, -6.382374 ], [ 106.872167, -6.382054 ], [ 106.870422, -6.381718 ], [ 106.869451, -6.381566 ], [ 106.867088, -6.381256 ], [ 106.864006, -6.380979 ], [ 106.862284, -6.38081 ] ] } },
{ "type": "Feature", "properties": { "Name": "Jalan Tol Kertosono - Mojokerto", "description": "Jalan Tol Kertosono - Mojokerto 16.9 km", "tessellate": 1, "GEOTAGGING": "", "gx_media_links": "https:\/\/www.youtube.com\/embed\/LpKhIkCqess https:\/\/www.youtube.com\/embed\/5NPAZ5KxoEE" }, "geometry": { "type": "LineString", "coordinates": [ [ 112.115703, -7.576688 ], [ 112.119453, -7.577475 ], [ 112.122039, -7.577751 ], [ 112.124538, -7.577618 ], [ 112.127066, -7.577044 ], [ 112.128988, -7.576011 ], [ 112.131496, -7.573834 ], [ 112.134293, -7.570854 ], [ 112.136536, -7.568566 ], [ 112.138389, -7.566648 ], [ 112.140216, -7.564571 ], [ 112.14165, -7.562819 ], [ 112.143362, -7.560776 ], [ 112.145647, -7.558055 ], [ 112.148191, -7.555134 ], [ 112.148961, -7.554338 ], [ 112.150692, -7.552679 ], [ 112.151767, -7.551694 ], [ 112.153216, -7.550439 ], [ 112.154937, -7.549059 ], [ 112.157567, -7.54719 ], [ 112.16072, -7.545249 ], [ 112.16192, -7.544509 ], [ 112.164613, -7.542906 ], [ 112.16669, -7.541694 ], [ 112.168566, -7.540542 ], [ 112.170316, -7.539383 ], [ 112.172391, -7.537865 ], [ 112.173862, -7.536673 ], [ 112.175618, -7.535242 ], [ 112.179125, -7.532392 ], [ 112.181027, -7.530827 ], [ 112.182622, -7.529567 ], [ 112.184173, -7.528419 ], [ 112.185584, -7.527459 ], [ 112.188383, -7.525701 ], [ 112.191273, -7.523979 ], [ 112.194743, -7.521929 ], [ 112.199043, -7.519365 ], [ 112.202247, -7.517462 ], [ 112.206105, -7.515143 ], [ 112.210118, -7.512727 ], [ 112.213901, -7.5106 ], [ 112.216941, -7.508713 ], [ 112.218196, -7.507929 ], [ 112.219277, -7.507271 ], [ 112.220291, -7.506669 ], [ 112.222198, -7.505543 ], [ 112.223906, -7.504533 ], [ 112.227107, -7.502621 ], [ 112.230538, -7.500577 ], [ 112.2328, -7.499288 ], [ 112.23423, -7.49862 ], [ 112.23555, -7.498112 ], [ 112.236708, -7.497768 ], [ 112.23912, -7.497178 ], [ 112.241057, -7.496773 ], [ 112.242016, -7.496626 ] ] } },
{ "type": "Feature", "properties": { "Name": "Jalan Tol Kertosono - Mojokerto Seksi 1A", "description": "Jalan Tol Kertosono - Mojokerto Seksi 1A   15.8 km", "tessellate": 1, "GEOTAGGING": "", "gx_media_links": null }, "geometry": { "type": "LineString", "coordinates": [ [ 112.448944, -7.426861 ], [ 112.449626, -7.426236 ], [ 112.450762, -7.425158 ], [ 112.452356, -7.423549 ], [ 112.453773, -7.422067 ], [ 112.457205, -7.418406 ], [ 112.460221, -7.415024 ], [ 112.463159, -7.411608 ], [ 112.465849, -7.408337 ], [ 112.468584, -7.404856 ], [ 112.470364, -7.402669 ], [ 112.47166, -7.401262 ], [ 112.472947, -7.400043 ], [ 112.474086, -7.399145 ], [ 112.475197, -7.398377 ], [ 112.476423, -7.397638 ], [ 112.477807, -7.396889 ], [ 112.479544, -7.396139 ], [ 112.480775, -7.395689 ], [ 112.482802, -7.39518 ], [ 112.484508, -7.394843 ], [ 112.486022, -7.394658 ], [ 112.488179, -7.394587 ], [ 112.490236, -7.394554 ], [ 112.492357, -7.394505 ], [ 112.493737, -7.394399 ], [ 112.494609, -7.394266 ], [ 112.496055, -7.393933 ], [ 112.497492, -7.393498 ], [ 112.499377, -7.392731 ], [ 112.501804, -7.391645 ], [ 112.503635, -7.390766 ], [ 112.50519, -7.390084 ], [ 112.50668, -7.389397 ], [ 112.509008, -7.388449 ], [ 112.510827, -7.387821 ], [ 112.513142, -7.387078 ], [ 112.515625, -7.386398 ], [ 112.518097, -7.38582 ], [ 112.519922, -7.385472 ], [ 112.522149, -7.385074 ], [ 112.524609, -7.384781 ], [ 112.527112, -7.384445 ], [ 112.528955, -7.384157 ], [ 112.531385, -7.383714 ], [ 112.533661, -7.383203 ], [ 112.537182, -7.382239 ], [ 112.539719, -7.381434 ], [ 112.542493, -7.380432 ], [ 112.54507, -7.37936 ], [ 112.547898, -7.378094 ], [ 112.550265, -7.376763 ], [ 112.553466, -7.374896 ], [ 112.557216, -7.372383 ], [ 112.561403, -7.369493 ], [ 112.564072, -7.367845 ], [ 112.566112, -7.366678 ], [ 112.569489, -7.364935 ], [ 112.572286, -7.363696 ] ] } },
{ "type": "Feature", "properties": { "Name": "Jalan Tol Kertosono - Mojokerto Seksi II", "description": "Jalan Tol Kertosono - Mojokerto Seksi II 25.4 km", "tessellate": 1, "GEOTAGGING": "", "gx_media_links": "https:\/\/www.youtube.com\/embed\/5NPAZ5KxoEE" }, "geometry": { "type": "LineString", "coordinates": [ [ 112.242, -7.496637 ], [ 112.242963, -7.496496 ], [ 112.244122, -7.496398 ], [ 112.245655, -7.496232 ], [ 112.247164, -7.496121 ], [ 112.248321, -7.496032 ], [ 112.250501, -7.495817 ], [ 112.252351, -7.495619 ], [ 112.253762, -7.495378 ], [ 112.255433, -7.495042 ], [ 112.257346, -7.494484 ], [ 112.259869, -7.493565 ], [ 112.26226, -7.492726 ], [ 112.265938, -7.491368 ], [ 112.269601, -7.490036 ], [ 112.27161, -7.489422 ], [ 112.273124, -7.489 ], [ 112.275569, -7.488465 ], [ 112.277076, -7.488209 ], [ 112.280216, -7.487757 ], [ 112.28238, -7.487439 ], [ 112.285527, -7.487005 ], [ 112.288426, -7.486593 ], [ 112.291118, -7.486209 ], [ 112.293878, -7.485833 ], [ 112.297297, -7.485335 ], [ 112.299535, -7.48505 ], [ 112.300971, -7.484872 ], [ 112.302288, -7.48482 ], [ 112.304627, -7.484859 ], [ 112.306621, -7.485011 ], [ 112.309706, -7.485494 ], [ 112.314536, -7.486425 ], [ 112.317446, -7.486981 ], [ 112.322843, -7.488043 ], [ 112.328653, -7.489193 ], [ 112.333613, -7.489518 ], [ 112.338816, -7.489898 ], [ 112.344675, -7.490457 ], [ 112.346813, -7.49053 ], [ 112.348598, -7.490428 ], [ 112.351943, -7.489808 ], [ 112.355469, -7.488312 ], [ 112.359955, -7.485761 ], [ 112.363773, -7.483187 ], [ 112.368605, -7.479493 ], [ 112.372024, -7.476818 ], [ 112.375039, -7.474041 ], [ 112.378738, -7.470417 ], [ 112.38048, -7.468786 ], [ 112.382437, -7.467401 ], [ 112.384293, -7.466414 ], [ 112.386324, -7.465548 ], [ 112.387893, -7.465132 ], [ 112.390122, -7.464606 ], [ 112.391692, -7.4639 ], [ 112.393706, -7.462669 ], [ 112.394718, -7.461857 ], [ 112.39616, -7.460361 ], [ 112.397127, -7.458987 ], [ 112.398911, -7.456093 ], [ 112.400265, -7.453951 ], [ 112.401644, -7.452067 ], [ 112.402684, -7.450876 ], [ 112.40424, -7.449259 ], [ 112.405887, -7.447851 ], [ 112.406585, -7.44727 ], [ 112.40828, -7.446123 ], [ 112.410683, -7.444805 ], [ 112.412396, -7.443978 ], [ 112.414149, -7.443312 ], [ 112.416077, -7.442705 ], [ 112.418181, -7.442223 ], [ 112.42001, -7.441997 ], [ 112.422702, -7.441689 ], [ 112.424739, -7.441432 ], [ 112.426508, -7.441047 ], [ 112.429259, -7.440268 ], [ 112.432344, -7.439057 ], [ 112.434188, -7.438103 ], [ 112.436578, -7.436672 ], [ 112.439014, -7.434892 ], [ 112.442524, -7.432057 ], [ 112.4459, -7.429346 ], [ 112.447902, -7.427728 ], [ 112.448929, -7.426869 ] ] } },
{ "type": "Feature", "properties": { "Name": "Simpang Susun", "description": "Simpang Susun   0.69 km", "tessellate": 1, "GEOTAGGING": "", "gx_media_links": null }, "geometry": { "type": "LineString", "coordinates": [ [ 112.245335, -7.496274 ], [ 112.244017, -7.496225 ], [ 112.243431, -7.496221 ], [ 112.24305, -7.496219 ], [ 112.242538, -7.496109 ], [ 112.242083, -7.495921 ], [ 112.241658, -7.495696 ], [ 112.24122, -7.49533 ], [ 112.240582, -7.494683 ], [ 112.23989, -7.493997 ] ] } },
{ "type": "Feature", "properties": { "Name": "Simpang Susun", "description": "Simpang Susun   0.41 km", "tessellate": 1, "GEOTAGGING": "", "gx_media_links": null }, "geometry": { "type": "LineString", "coordinates": [ [ 112.246913, -7.496159 ], [ 112.245939, -7.496428 ], [ 112.245094, -7.496553 ], [ 112.244878, -7.496609 ], [ 112.244626, -7.49676 ], [ 112.244403, -7.496944 ], [ 112.244258, -7.497123 ], [ 112.244114, -7.497379 ], [ 112.243941, -7.497616 ], [ 112.243722, -7.497748 ] ] } },
{ "type": "Feature", "properties": { "Name": "Simpang Susun", "description": "Simpang Susun   1.18 km", "tessellate": 1, "GEOTAGGING": "", "gx_media_links": null }, "geometry": { "type": "LineString", "coordinates": [ [ 112.403599, -7.449925 ], [ 112.404242, -7.449026 ], [ 112.404624, -7.448579 ], [ 112.404818, -7.448235 ], [ 112.404851, -7.447971 ], [ 112.40476, -7.447436 ], [ 112.404744, -7.447115 ], [ 112.404863, -7.446822 ], [ 112.405091, -7.446635 ], [ 112.405437, -7.44658 ], [ 112.405761, -7.446705 ], [ 112.406139, -7.447 ], [ 112.406593, -7.447486 ], [ 112.407175, -7.448054 ], [ 112.407533, -7.448535 ], [ 112.407667, -7.448932 ], [ 112.407726, -7.449304 ], [ 112.407693, -7.449664 ], [ 112.407607, -7.450013 ], [ 112.407482, -7.4503 ], [ 112.406868, -7.450994 ], [ 112.406276, -7.451588 ] ] } },
{ "type": "Feature", "properties": { "Name": "Simpang Susun", "description": "Simpang Susun   0.47 km", "tessellate": 1, "GEOTAGGING": "", "gx_media_links": null }, "geometry": { "type": "LineString", "coordinates": [ [ 112.408012, -7.446292 ], [ 112.406493, -7.447173 ], [ 112.405831, -7.447585 ], [ 112.40547, -7.447715 ], [ 112.405238, -7.447708 ], [ 112.405014, -7.447595 ], [ 112.404892, -7.44744 ], [ 112.404817, -7.44722 ], [ 112.404917, -7.446773 ] ] } },
{ "type": "Feature", "properties": { "Name": "Simpang Susun", "description": "Simpang Susun   0.61 km", "tessellate": 1, "GEOTAGGING": "", "gx_media_links": null }, "geometry": { "type": "LineString", "coordinates": [ [ 112.409293, -7.445576 ], [ 112.40903, -7.445857 ], [ 112.408336, -7.446332 ], [ 112.408048, -7.44657 ], [ 112.407831, -7.446862 ], [ 112.407695, -7.447166 ], [ 112.407654, -7.447488 ], [ 112.407745, -7.448212 ], [ 112.407801, -7.44869 ], [ 112.407845, -7.449068 ], [ 112.407855, -7.449395 ], [ 112.407818, -7.449685 ], [ 112.407727, -7.449952 ], [ 112.407487, -7.450273 ] ] } },
{ "type": "Feature", "properties": { "Name": "Simpang Susun", "description": "Simpang Susun   0.56 km", "tessellate": 1, "GEOTAGGING": "", "gx_media_links": null }, "geometry": { "type": "LineString", "coordinates": [ [ 112.404266, -7.449237 ], [ 112.405226, -7.448625 ], [ 112.405594, -7.448387 ], [ 112.40594, -7.448261 ], [ 112.406302, -7.448238 ], [ 112.406594, -7.448282 ], [ 112.406865, -7.448399 ], [ 112.407097, -7.44856 ], [ 112.407263, -7.448751 ], [ 112.407407, -7.44896 ], [ 112.407505, -7.449203 ], [ 112.407557, -7.449469 ], [ 112.407557, -7.449789 ], [ 112.407494, -7.450281 ] ] } },
{ "type": "Feature", "properties": { "Name": "Simpang Susun Jombang", "description": "Simpang Susun Jombang   0.75 km", "tessellate": 1, "GEOTAGGING": "", "gx_media_links": null }, "geometry": { "type": "LineString", "coordinates": [ [ 112.23668, -7.497775 ], [ 112.237981, -7.497322 ], [ 112.23888, -7.497047 ], [ 112.239539, -7.496861 ], [ 112.240062, -7.496688 ], [ 112.240389, -7.496513 ], [ 112.240595, -7.496286 ], [ 112.240746, -7.495955 ], [ 112.240783, -7.495604 ], [ 112.240703, -7.495282 ], [ 112.240475, -7.494883 ], [ 112.239893, -7.494003 ] ] } },
{ "type": "Feature", "properties": { "Name": "Simpang Susun Jombang", "description": "Simpang Susun Jombang   1.39 km", "tessellate": 1, "GEOTAGGING": "", "gx_media_links": null }, "geometry": { "type": "LineString", "coordinates": [ [ 112.239457, -7.49711 ], [ 112.24146, -7.496844 ], [ 112.242494, -7.496713 ], [ 112.243074, -7.496684 ], [ 112.24351, -7.496691 ], [ 112.243737, -7.496764 ], [ 112.243912, -7.496959 ], [ 112.243982, -7.497175 ], [ 112.243969, -7.497385 ], [ 112.243888, -7.497574 ], [ 112.243681, -7.497784 ], [ 112.243429, -7.49783 ], [ 112.243195, -7.497802 ], [ 112.242877, -7.497603 ], [ 112.242557, -7.49733 ], [ 112.242006, -7.496633 ], [ 112.241478, -7.495986 ], [ 112.24012, -7.494273 ], [ 112.239572, -7.49364 ], [ 112.238921, -7.492794 ] ] } },
{ "type": "Feature", "properties": { "Name": "Simpang Susun Penompo", "description": "Simpang Susun Penompo   1.16 km", "tessellate": 1, "GEOTAGGING": "", "gx_media_links": null }, "geometry": { "type": "LineString", "coordinates": [ [ 112.452844, -7.423039 ], [ 112.452036, -7.423729 ], [ 112.451599, -7.424117 ], [ 112.451378, -7.424322 ], [ 112.45114, -7.424498 ], [ 112.450934, -7.424587 ], [ 112.450726, -7.424669 ], [ 112.450465, -7.424709 ], [ 112.45019, -7.424716 ], [ 112.449896, -7.424676 ], [ 112.44953, -7.424564 ], [ 112.449243, -7.424505 ], [ 112.449015, -7.424484 ], [ 112.448769, -7.424539 ], [ 112.448474, -7.424734 ], [ 112.44827, -7.424971 ], [ 112.448191, -7.425183 ], [ 112.448159, -7.42546 ], [ 112.448199, -7.425664 ], [ 112.4483, -7.42594 ], [ 112.448684, -7.426548 ], [ 112.449028, -7.427079 ], [ 112.449516, -7.427829 ], [ 112.450191, -7.428842 ], [ 112.450578, -7.429369 ] ] } },
{ "type": "Feature", "properties": { "Name": "Simpang Susun Penompo", "description": "Simpang Susun Penompo   0.69 km", "tessellate": 1, "GEOTAGGING": "", "gx_media_links": null }, "geometry": { "type": "LineString", "coordinates": [ [ 112.451806, -7.424109 ], [ 112.451424, -7.424595 ], [ 112.450986, -7.425111 ], [ 112.450605, -7.425497 ], [ 112.450304, -7.425836 ], [ 112.449986, -7.426234 ], [ 112.449829, -7.426508 ], [ 112.449727, -7.426775 ], [ 112.449682, -7.427032 ], [ 112.449661, -7.427292 ], [ 112.449688, -7.427527 ], [ 112.449738, -7.42777 ], [ 112.449823, -7.428031 ], [ 112.44998, -7.428349 ], [ 112.45021, -7.428754 ], [ 112.450579, -7.429363 ] ] } },
{ "type": "Feature", "properties": { "Name": "Simpang Susun Penompo", "description": "Simpang Susun Penompo   0.57 km", "tessellate": 1, "GEOTAGGING": "", "gx_media_links": null }, "geometry": { "type": "LineString", "coordinates": [ [ 112.447683, -7.427912 ], [ 112.448458, -7.427122 ], [ 112.448975, -7.426588 ], [ 112.449459, -7.426112 ], [ 112.44961, -7.425911 ], [ 112.449702, -7.425741 ], [ 112.44977, -7.42555 ], [ 112.449798, -7.425368 ], [ 112.449783, -7.425205 ], [ 112.449712, -7.425004 ], [ 112.449595, -7.42482 ], [ 112.449447, -7.424704 ], [ 112.449225, -7.424607 ], [ 112.449011, -7.424583 ], [ 112.448819, -7.424599 ], [ 112.448479, -7.424727 ] ] } },
{ "type": "Feature", "properties": { "Name": "Simpang Susun Cimanggis", "description": "Simpang Susun Cimanggis   1.36 km", "tessellate": 1, "GEOTAGGING": "", "gx_media_links": null }, "geometry": { "type": "LineString", "coordinates": [ [ 106.89602, -6.383184 ], [ 106.896148, -6.383911 ], [ 106.896142, -6.384904 ], [ 106.896151, -6.385149 ], [ 106.896188, -6.385376 ], [ 106.896239, -6.385618 ], [ 106.896302, -6.385835 ], [ 106.896406, -6.38611 ], [ 106.896561, -6.386444 ], [ 106.896712, -6.386755 ], [ 106.896886, -6.387116 ], [ 106.896952, -6.387318 ], [ 106.896985, -6.387515 ], [ 106.896968, -6.387838 ], [ 106.896887, -6.388129 ], [ 106.896776, -6.388339 ], [ 106.896523, -6.388591 ], [ 106.896309, -6.388742 ], [ 106.896041, -6.388839 ], [ 106.895701, -6.388874 ], [ 106.895426, -6.388818 ], [ 106.895153, -6.388707 ], [ 106.894979, -6.388569 ], [ 106.894745, -6.388318 ], [ 106.894606, -6.388057 ], [ 106.894479, -6.38779 ], [ 106.89434, -6.387587 ], [ 106.894012, -6.387365 ], [ 106.893724, -6.387254 ], [ 106.893299, -6.387108 ], [ 106.892597, -6.386824 ], [ 106.892146, -6.386642 ], [ 106.891551, -6.386423 ], [ 106.89128, -6.386303 ], [ 106.89099, -6.386086 ] ] } },
{ "type": "Feature", "properties": { "Name": "Akses Tol", "description": "Akses Tol   1.29 km", "tessellate": 1, "GEOTAGGING": "", "gx_media_links": null }, "geometry": { "type": "LineString", "coordinates": [ [ 106.896321, -6.378563 ], [ 106.895982, -6.380337 ], [ 106.895847, -6.381696 ], [ 106.895716, -6.383546 ], [ 106.895662, -6.384211 ], [ 106.895497, -6.384677 ], [ 106.895315, -6.38503 ], [ 106.894894, -6.385505 ], [ 106.89405, -6.386395 ], [ 106.893779, -6.386584 ], [ 106.893551, -6.386653 ], [ 106.893341, -6.386656 ], [ 106.892935, -6.38655 ], [ 106.891908, -6.386275 ], [ 106.891219, -6.386107 ], [ 106.89099, -6.386089 ] ] } },
{ "type": "Feature", "properties": { "Name": "Simpang Susun Cimanggis", "description": "Simpang Susun Cimanggis   0.62 km", "tessellate": 1, "GEOTAGGING": "", "gx_media_links": null }, "geometry": { "type": "LineString", "coordinates": [ [ 106.894175, -6.386268 ], [ 106.89454, -6.385984 ], [ 106.894749, -6.385826 ], [ 106.894979, -6.385706 ], [ 106.895235, -6.385643 ], [ 106.89544, -6.385656 ], [ 106.895658, -6.385716 ], [ 106.895873, -6.385837 ], [ 106.896025, -6.385965 ], [ 106.896155, -6.386149 ], [ 106.896224, -6.386347 ], [ 106.896266, -6.386559 ], [ 106.896248, -6.386808 ], [ 106.896135, -6.387324 ], [ 106.896028, -6.387733 ], [ 106.895818, -6.388496 ], [ 106.895639, -6.389311 ] ] } },
{ "type": "Feature", "properties": { "Name": "Akses Tol", "description": "Akses Tol   0.63 km", "tessellate": 1, "GEOTAGGING": "", "gx_media_links": null }, "geometry": { "type": "LineString", "coordinates": [ [ 106.894403, -6.387677 ], [ 106.894687, -6.388422 ], [ 106.89513, -6.389539 ], [ 106.895216, -6.389828 ], [ 106.895269, -6.390276 ], [ 106.895305, -6.390772 ], [ 106.895334, -6.391101 ], [ 106.895401, -6.391536 ], [ 106.895571, -6.392275 ], [ 106.895953, -6.393078 ] ] } },
{ "type": "Feature", "properties": { "Name": "Jl. Tol Cimanggis - Cibitung", "description": "Jl. Tol Cimanggis - Cibitung 26.8 km", "tessellate": 1, "GEOTAGGING": "", "gx_media_links": "https:\/\/www.youtube.com\/embed\/muOSz2EWW0k https:\/\/www.youtube.com\/embed\/0JQhiNHZCz0" }, "geometry": { "type": "LineString", "coordinates": [ [ 106.891009, -6.386093 ], [ 106.893346, -6.386933 ], [ 106.894843, -6.387402 ], [ 106.896093, -6.387734 ], [ 106.897664, -6.388154 ], [ 106.898967, -6.38872 ], [ 106.900735, -6.389237 ], [ 106.902935, -6.389169 ], [ 106.904962, -6.389187 ], [ 106.905872, -6.389374 ], [ 106.906859, -6.389745 ], [ 106.908038, -6.389701 ], [ 106.910558, -6.389601 ], [ 106.914176, -6.388314 ], [ 106.916246, -6.386961 ], [ 106.917226, -6.385566 ], [ 106.918324, -6.383609 ], [ 106.919674, -6.382257 ], [ 106.920503, -6.381637 ], [ 106.92135, -6.381639 ], [ 106.922094, -6.381824 ], [ 106.922792, -6.381957 ], [ 106.924535, -6.382507 ], [ 106.927492, -6.382515 ], [ 106.931402, -6.382648 ], [ 106.934126, -6.383054 ], [ 106.937153, -6.383676 ], [ 106.939735, -6.384126 ], [ 106.941564, -6.384426 ], [ 106.942491, -6.384265 ], [ 106.943755, -6.383892 ], [ 106.945613, -6.383414 ], [ 106.946548, -6.383133 ], [ 106.947379, -6.382865 ], [ 106.949546, -6.382671 ], [ 106.952433, -6.382433 ], [ 106.95571, -6.382259 ], [ 106.957531, -6.382173 ], [ 106.959707, -6.38191 ], [ 106.961463, -6.381498 ], [ 106.962728, -6.38124 ], [ 106.965094, -6.381223 ], [ 106.967525, -6.380213 ], [ 106.969572, -6.378956 ], [ 106.972702, -6.377397 ], [ 106.974796, -6.376741 ], [ 106.97673, -6.376734 ], [ 106.979635, -6.376929 ], [ 106.982056, -6.377438 ], [ 106.983233, -6.377843 ], [ 106.985458, -6.37847 ], [ 106.987703, -6.37853 ], [ 106.987762, -6.378523 ], [ 106.989646, -6.377916 ], [ 106.991495, -6.377405 ], [ 106.992877, -6.37694 ], [ 106.993754, -6.376108 ], [ 106.99516, -6.374873 ], [ 106.996688, -6.373505 ], [ 106.9974, -6.372122 ], [ 106.998618, -6.370327 ], [ 107.000296, -6.368859 ], [ 107.002135, -6.366765 ], [ 107.003605, -6.365303 ], [ 107.008537, -6.361215 ], [ 107.012005, -6.358456 ], [ 107.013415, -6.357455 ], [ 107.018025, -6.353225 ], [ 107.021701, -6.349272 ], [ 107.023682, -6.347629 ], [ 107.024508, -6.346246 ], [ 107.024518, -6.346203 ], [ 107.025211, -6.344568 ], [ 107.026591, -6.341644 ], [ 107.026971, -6.340255 ], [ 107.027632, -6.338444 ], [ 107.029129, -6.3366 ], [ 107.03088, -6.334132 ], [ 107.033808, -6.330746 ], [ 107.035101, -6.327917 ], [ 107.036038, -6.325196 ], [ 107.037824, -6.320512 ], [ 107.039471, -6.31665 ], [ 107.042079, -6.31203 ], [ 107.045088, -6.308983 ], [ 107.047673, -6.306043 ], [ 107.050234, -6.30392 ], [ 107.052788, -6.301864 ], [ 107.057888, -6.29905 ], [ 107.062311, -6.296734 ], [ 107.065406, -6.295717 ], [ 107.071566, -6.293507 ], [ 107.076244, -6.292049 ], [ 107.078571, -6.291631 ], [ 107.081239, -6.290706 ], [ 107.083128, -6.288595 ], [ 107.084165, -6.287297 ], [ 107.084566, -6.286533 ] ] } },
{ "type": "Feature", "properties": { "Name": "Simpang Susun Padalarang", "description": "Simpang Susun Padalarang   1.21 km", "tessellate": 1, "GEOTAGGING": "", "gx_media_links": null }, "geometry": { "type": "LineString", "coordinates": [ [ 107.505128, -6.854192 ], [ 107.505141, -6.854842 ], [ 107.505075, -6.855628 ], [ 107.505067, -6.855937 ], [ 107.505109, -6.856108 ], [ 107.505195, -6.856261 ], [ 107.505283, -6.856357 ], [ 107.5055, -6.856455 ], [ 107.505753, -6.856459 ], [ 107.505974, -6.856372 ], [ 107.50623, -6.856206 ], [ 107.5064, -6.855973 ], [ 107.506509, -6.855694 ], [ 107.50656, -6.8554 ], [ 107.506529, -6.855057 ], [ 107.506436, -6.854763 ], [ 107.506314, -6.854538 ], [ 107.505994, -6.854187 ], [ 107.505585, -6.854008 ], [ 107.504914, -6.853864 ], [ 107.503288, -6.853511 ], [ 107.50207, -6.853214 ], [ 107.501143, -6.853016 ], [ 107.500731, -6.852871 ] ] } },
{ "type": "Feature", "properties": { "Name": "Simpang Susun Padalarang", "description": "Simpang Susun Padalarang   0.45 km", "tessellate": 1, "GEOTAGGING": "", "gx_media_links": null }, "geometry": { "type": "LineString", "coordinates": [ [ 107.504963, -6.85971 ], [ 107.504992, -6.858928 ], [ 107.504968, -6.858321 ], [ 107.504961, -6.857939 ], [ 107.505035, -6.857626 ], [ 107.505155, -6.857361 ], [ 107.505332, -6.857064 ], [ 107.50551, -6.856838 ], [ 107.505706, -6.856653 ], [ 107.505971, -6.856455 ], [ 107.50618, -6.856309 ], [ 107.506279, -6.856144 ] ] } },
{ "type": "Feature", "properties": { "Name": "Simpang Susun Padalarang", "description": "Simpang Susun Padalarang   0.49 km", "tessellate": 1, "GEOTAGGING": "", "gx_media_links": null }, "geometry": { "type": "LineString", "coordinates": [ [ 107.502642, -6.853346 ], [ 107.50345, -6.853642 ], [ 107.503823, -6.85383 ], [ 107.504131, -6.854098 ], [ 107.504359, -6.854371 ], [ 107.504513, -6.854595 ], [ 107.504644, -6.854885 ], [ 107.504732, -6.855187 ], [ 107.504792, -6.85552 ], [ 107.504805, -6.85599 ], [ 107.504863, -6.856656 ] ] } },
{ "type": "Feature", "properties": { "Name": "Jl. Tol Padalarang - Cileunyi", "description": "Jl. Tol Padalarang - Cileunyi 35.2 km \nProses Pelebaran Jalan Tol Padaleunyi KM 123,4\nPanjang\t33 km\nPembangunan\t1987-1991\nPengelola\tPT Jasamarga (Persero) Tbk.\n\nGerbang Tol Pasteur, namanya berasal dari salah satu ilmuwan, Louis Pasteur yang menemukan proses pasteurisasi pada susu.\nJalan Tol Padalarang-Cileunyi adalah jalan tol lanjutan dari Jalan Tol Cipularang. Jalan tol ini adalah jalan lingkar selatan Bandung. Jalan tol ini tidak hanya menghubungkan Jakarta dengan Bandung tetapi juga Sumedang, Garut, Nagreg, Ciamis, Tasikmalaya, Jawa Tengah, Daerah Istimewa Yogyakarta, dan Jawa Timur Melalui Jalan Nasional Rute 3. Jalan tol ini melintasi Kabupaten Bandung Barat, Kota Cimahi, Kota Bandung dan Kabupaten Bandung. Jalan tol ini adalah bagian Jalan Tol Trans Jawa\n\nPintu tol\nGerbang Tol\tKilometer\tKeterangan\nPadalarang\t121\tKeluar menuju Padalarang, Cianjur, Cikalong Wetan, Purwakarta, Kota Sukabumi, Waduk Saguling, Puncak Raya, Kabupaten Bogor Dan Kota Bogor\nBaros\t127 - 4P\n(Tol Pasteur)\tKeluar menuju Cimahi, Baros, Leuwigajah\nPasteur\t127 - 1P\n(Tol Pasteur)\tKeluar menuju Pasteur, Lembang, Gegerkalong, Dago, Cihampelas, Gedung Sate, Bandung Kota (Fly Over Pasupati).\nPasir Koja\t132\tKeluar menuju Pasir Koja, Leuwi Panjang, Bandung Kota\nKopo\t135\tKeluar menuju Kopo, Soreang, Ciwidey, Kawah Putih, Cibaduyut, Bandung Kota (Leuwi Panjang)\nMohammad Toha\t139\tKeluar menuju Mohammad Toha,Banjaran, Pangalengan, Bandung Kota (Tegal Lega)\nBuah Batu\t142\tKeluar menuju Buahbatu, Dayeuhkolot, Bandung Kota (Buah Batu)\nCileunyi\t155\tAkhir Jalan Tol Purbaleunyi(Padaleunyi)\nMenuju Cileunyi, Jatinangor, Sumedang, Cirebon, Semarang, Majalengka, Kuningan, Garut, Malangbong, Tasikmalaya, Ciamis, Purwokerto, Cilacap, Kebumen, Yogyakarta, Solo, Wonogiri, Madiun, Surabaya, Blitar, Malang, Jember, Banyuwangi, Denpasar, Gianyar, Mataram\nTempat Istirahat (Rest Area)\nKm 147 (arah Cileunyi)\nKm 149 (arah Jakarta)\nKm 125 (arah Jakarta)  ", "tessellate": 1, "GEOTAGGING": "", "gx_media_links": null }, "geometry": { "type": "LineString", "coordinates": [ [ 107.505164, -6.853946 ], [ 107.505112, -6.854322 ], [ 107.505002, -6.854997 ], [ 107.504935, -6.855508 ], [ 107.504853, -6.856795 ], [ 107.504833, -6.857444 ], [ 107.504828, -6.858288 ], [ 107.504911, -6.859294 ], [ 107.504974, -6.859777 ], [ 107.505084, -6.860527 ], [ 107.505303, -6.861588 ], [ 107.505665, -6.862933 ], [ 107.50631, -6.864697 ], [ 107.507172, -6.866375 ], [ 107.508198, -6.868075 ], [ 107.509723, -6.870065 ], [ 107.511393, -6.872249 ], [ 107.513071, -6.874327 ], [ 107.51449, -6.876275 ], [ 107.51562, -6.877961 ], [ 107.517225, -6.88047 ], [ 107.518894, -6.883019 ], [ 107.520383, -6.885193 ], [ 107.522178, -6.887909 ], [ 107.523067, -6.889248 ], [ 107.523886, -6.890247 ], [ 107.525029, -6.89146 ], [ 107.526537, -6.892745 ], [ 107.527676, -6.893512 ], [ 107.529138, -6.8945 ], [ 107.529936, -6.895183 ], [ 107.530846, -6.896106 ], [ 107.531897, -6.897382 ], [ 107.532598, -6.898458 ], [ 107.533276, -6.899712 ], [ 107.533936, -6.901479 ], [ 107.534631, -6.903311 ], [ 107.535367, -6.904696 ], [ 107.536181, -6.905955 ], [ 107.537264, -6.90746 ], [ 107.538472, -6.908719 ], [ 107.539842, -6.910065 ], [ 107.540653, -6.910912 ], [ 107.54176, -6.912655 ], [ 107.542464, -6.914034 ], [ 107.542991, -6.915454 ], [ 107.543325, -6.916815 ], [ 107.543826, -6.91969 ], [ 107.544436, -6.92289 ], [ 107.544994, -6.92558 ], [ 107.545716, -6.927709 ], [ 107.54649, -6.929164 ], [ 107.547792, -6.931043 ], [ 107.549552, -6.933475 ], [ 107.551013, -6.935427 ], [ 107.552898, -6.938098 ], [ 107.554592, -6.940421 ], [ 107.556133, -6.94263 ], [ 107.558284, -6.945568 ], [ 107.55936, -6.947154 ], [ 107.560495, -6.948661 ], [ 107.561348, -6.949624 ], [ 107.56272, -6.950943 ], [ 107.563749, -6.951712 ], [ 107.565074, -6.952543 ], [ 107.566694, -6.953436 ], [ 107.567784, -6.953986 ], [ 107.569271, -6.954785 ], [ 107.57057, -6.955479 ], [ 107.572255, -6.95641 ], [ 107.574332, -6.9575 ], [ 107.575788, -6.958302 ], [ 107.577676, -6.959295 ], [ 107.580182, -6.960672 ], [ 107.581631, -6.961341 ], [ 107.582439, -6.961663 ], [ 107.583342, -6.962014 ], [ 107.584665, -6.962348 ], [ 107.58631, -6.962615 ], [ 107.58768, -6.962711 ], [ 107.589272, -6.962665 ], [ 107.591099, -6.962545 ], [ 107.592772, -6.962394 ], [ 107.595033, -6.962265 ], [ 107.598734, -6.962012 ], [ 107.601578, -6.961793 ], [ 107.604708, -6.961556 ], [ 107.607506, -6.961321 ], [ 107.610736, -6.961127 ], [ 107.61362, -6.960883 ], [ 107.61543, -6.960781 ], [ 107.616566, -6.960822 ], [ 107.617883, -6.961034 ], [ 107.619257, -6.961465 ], [ 107.621455, -6.962373 ], [ 107.623672, -6.9634 ], [ 107.624997, -6.963817 ], [ 107.626438, -6.964197 ], [ 107.628295, -6.964539 ], [ 107.631186, -6.96489 ], [ 107.635119, -6.965402 ], [ 107.6372, -6.965628 ], [ 107.638613, -6.965823 ], [ 107.640256, -6.965936 ], [ 107.641376, -6.965921 ], [ 107.642397, -6.965783 ], [ 107.643386, -6.965641 ], [ 107.645047, -6.965194 ], [ 107.646029, -6.964944 ], [ 107.646921, -6.964781 ], [ 107.648038, -6.964644 ], [ 107.649298, -6.964634 ], [ 107.650064, -6.964716 ], [ 107.651671, -6.964933 ], [ 107.65352, -6.965267 ], [ 107.656239, -6.965672 ], [ 107.658542, -6.966076 ], [ 107.659735, -6.966278 ], [ 107.661687, -6.966798 ], [ 107.66317, -6.967225 ], [ 107.664224, -6.967423 ], [ 107.665399, -6.967567 ], [ 107.666592, -6.967628 ], [ 107.667999, -6.967632 ], [ 107.669344, -6.967561 ], [ 107.670444, -6.967551 ], [ 107.671916, -6.967664 ], [ 107.674142, -6.967898 ], [ 107.678341, -6.968321 ], [ 107.68218, -6.968686 ], [ 107.68494, -6.968972 ], [ 107.687847, -6.969269 ], [ 107.69152, -6.969643 ], [ 107.693486, -6.969778 ], [ 107.695188, -6.969737 ], [ 107.696807, -6.969603 ], [ 107.698476, -6.969409 ], [ 107.699991, -6.969101 ], [ 107.701767, -6.968615 ], [ 107.70337, -6.968064 ], [ 107.7053, -6.967285 ], [ 107.706996, -6.966448 ], [ 107.709854, -6.964912 ], [ 107.713483, -6.963008 ], [ 107.71749, -6.960943 ], [ 107.721399, -6.95884 ], [ 107.726454, -6.956231 ], [ 107.732145, -6.953228 ], [ 107.737695, -6.950152 ], [ 107.742915, -6.947318 ], [ 107.744352, -6.946568 ], [ 107.74743, -6.945293 ], [ 107.750251, -6.94413 ], [ 107.753022, -6.942977 ], [ 107.754986, -6.941916 ] ] } },
{ "type": "Feature", "properties": { "Name": "Simpang Susun Pasteur", "description": "Simpang Susun Pasteur   1.1 km", "tessellate": 1, "GEOTAGGING": "", "gx_media_links": null }, "geometry": { "type": "LineString", "coordinates": [ [ 107.529574, -6.894876 ], [ 107.530199, -6.895597 ], [ 107.530612, -6.896056 ], [ 107.530831, -6.896364 ], [ 107.531015, -6.896707 ], [ 107.531082, -6.896928 ], [ 107.531141, -6.897259 ], [ 107.531151, -6.897698 ], [ 107.531068, -6.898124 ], [ 107.531006, -6.898441 ], [ 107.530991, -6.89876 ], [ 107.531018, -6.89897 ], [ 107.531087, -6.899199 ], [ 107.531233, -6.89947 ], [ 107.531423, -6.89972 ], [ 107.531704, -6.899934 ], [ 107.532032, -6.900048 ], [ 107.532286, -6.900094 ], [ 107.532649, -6.900086 ], [ 107.533022, -6.90003 ], [ 107.533564, -6.899924 ], [ 107.534331, -6.899778 ], [ 107.534989, -6.899658 ], [ 107.535623, -6.899548 ] ] } },
{ "type": "Feature", "properties": { "Name": "Jl. Tol Cikampek - Padalarang", "description": "Jalan Tol Cikampek–Purwakarta–Padalarang\nDari Wikipedia bahasa Indonesia, ensiklopedia bebas\nIni adalah versi yang telah diperiksa dari halaman initampilkan\/sembunyikan detail\nJump to navigationJump to search\nJalan Tol Cipularang\n(Cikampek-Purwakarta-Padalarang)\nJln Tol Cipularang.JPG\nPanjang\t54 km\nPembangunan\t2002-2003 (KM 67-76, & 116-122)\n2004-2005 (KM 76-116)\nPengelola\tPT Jasamarga (Persero) Tbk.\nJalan Tol Cipularang (CIkampek - PUrwakarta - PadaLARANG) adalah jalan tol di Indonesia yang menghubungkan kabupaten Purwakarta dan Bandung. Jalan tol ini selesai dibangun pada akhir April 2005. Tol ini membentang dari Cikampek - Purwakarta sampai Padalarang. Jalan Tol ini melintasi Kabupaten Karawang, Kabupaten Purwakarta, dan Kabupaten Bandung Barat. Tol ini berada di pegunungan sehingga jalannya naik-turun dan juga mempunyai banyak jembatan yang panjang dan tinggi.\nPembangunannya dibagi 2, yaitu:\n\nTahap 1: Cikampek-Sadang (dibuka pada 1 Agustus 2003) dan Padalarang-Cikamuning (dibuka pada 21 September 2003) (17,5 km)\nTahap 2: Sadang-Cikamuning (dibuka pada 26 April 2005) (41 km)\nMelalui tol ini, jarak Jakarta-Bandung hanya membutuhkan waktu 1 jam 30 menit (jika tidak macet) dan dihitung dari Cawang.\n\n\nDaftar isi\n1\tAmblas dan Kecelakaan\n2\tGerbang tol\n3\tTempat Istirahat\n4\tJembatan\n5\tDaerah Rawan Kecelakaan\n6\tTarif\n7\tReferensi\n8\tLihat pula\n9\tPranala luar\nAmblas dan Kecelakaan\n\nRest Area KM 97 di Tol Cipularang\nSejak dibuka pada 26 April 2005, telah 2 kali terjadi peristiwa amblasnya jalan. Setelah kejadian ini, truk dan trailer tidak boleh masuk Jalan Tol Cipularang.\n\nTanggal\tKilometer\tWilayah\tKejadian\n28 November 2005\t91,6\tPasir Honje, Purwakarta\tAmblasnya jalan tol terutama di KM 24,6 [1]\n29 Januari 2006\t96,8\tKampung Lebak Ater, Kecamatan Darangdan, Purwakarta\tRuas jalan tol Cipularang di Kilometer 29,8 dari arah Jakarta menuju Bandung amblas di KM 29,8 [2]\nGerbang tol\nNama\tKilometer\tTujuan\nDawuan Interchange\t67\tJalan Tol Jakarta-Cikampek\nGerbang Tol Sadang\t76\tPurwakarta, Sadang, Subang\nGerbang Tol Jatiluhur\t84\tPurwakarta, Jatiluhur, Ciganea\nGerbang Tol Cikamuning\t116\t<hanya gerbang keluar dari arah Bandung> Cikamuning, Cikalongwetan, Purwakarta\nGerbang Tol Padalarang Barat (sudah ditutup)\t120\tGerbang perbatasan Jalan Tol Cipularang menuju Purwakarta, Cikampek, Jakarta dan Padaleunyi menuju Cimahi, Bandung, Cileunyi*\nGerbang Tol Padalarang\t121\tPadalarang, Cianjur, Cikalongwetan\nKeterangan: *) Ditutup dan diganti dengan GT Cikarang Utama di KM 29\n\nTempat Istirahat\nJalan tol Cipularang mempunyai 5 tempat istirahat yang tersebar di:\n\nKm 72A (arah Bandung)\nKm 72B (arah Jakarta)\nKm 88A (arah Bandung)\nKm 88B (arah Jakarta)\nKm 97B (arah Jakarta)\nJembatan\nNama\tPanjang\tKilometer\nCiujung\t500 meter\t95\nCisomang\t252 meter\t101\nCikubang\t520 meter\t110\nCipada\t720 meter\t112\nCimeta\t400 meter\t117\nDaerah Rawan Kecelakaan\nDaerah di ruas tol Cipularang yang rawan kecelakaan adalah sepanjang kilometer 90 sampai dengan kilometer 100, dimana sepanjang 10 kilometer tersebut, arus dari arah Jakarta mengalami tanjakan panjang dan arus sebaliknya mengalami turunan panjang. Di dalam 10 kilometer tersebut, setiap tanjakan panjang dan curam biasanya terdapat penambahan lajur untuk truk dan bus yang berjalan lambat.\n\nTarif\nRute\tGol. I\tGol. II\tGol. III\tGol. IV\tGol. V\nPadalarang - Cikamuning\t3.500\t5.000\t6.500\t8.500\t10.000\nSadang - Jatiluhur\t5.500\t8.000\t11.000\t13.500\t16.500\nDawuan - Sadang\t6.500\t10.000\t13.500\t16.500\t20.000\nDawuan - Jatiluhur\t12.500\t18.000\t24.500\t30.500\t36.500\nJatiluhur - Padalarang\t25.500\t38.000\t50.500\t63.000\t76.000\nSadang - Padalarang\t30.500\t46.000\t61.500\t77.000\t92.000\nDawuan - Padalarang\t37.500\t56.000\t75.000\t93.500\t112.000\nTarif di atas juga berlaku untuk arah kebalikannya (reversibel), kecuali dari arah Jatiluhur ke Dawuan untuk Golongan I, yaitu Rp 12.000,00\nBerlaku sejak tanggal 1 November 2015 pukul 00:00 WIB.\nDengan penundaan atas kebijakan redenominasi rupiah, tarif di atas dinyatakan dalam unit rupiah normal.", "tessellate": 1, "GEOTAGGING": "", "gx_media_links": null }, "geometry": { "type": "LineString", "coordinates": [ [ 107.424768, -6.425448 ], [ 107.4248, -6.426107 ], [ 107.424845, -6.42759 ], [ 107.424778, -6.428951 ], [ 107.424727, -6.429903 ], [ 107.424751, -6.431047 ], [ 107.424761, -6.43259 ], [ 107.424856, -6.43382 ], [ 107.424985, -6.434885 ], [ 107.425026, -6.435268 ], [ 107.425307, -6.436851 ], [ 107.42554, -6.438057 ], [ 107.425692, -6.438711 ], [ 107.425916, -6.439342 ], [ 107.426479, -6.440969 ], [ 107.426973, -6.442104 ], [ 107.427574, -6.443298 ], [ 107.428481, -6.444666 ], [ 107.429608, -6.446039 ], [ 107.430312, -6.447017 ], [ 107.431104, -6.448145 ], [ 107.431696, -6.449189 ], [ 107.432163, -6.450052 ], [ 107.432427, -6.450621 ], [ 107.432636, -6.45106 ], [ 107.432987, -6.451869 ], [ 107.433467, -6.453222 ], [ 107.433905, -6.454322 ], [ 107.434192, -6.454946 ], [ 107.434834, -6.455974 ], [ 107.435514, -6.456863 ], [ 107.435905, -6.457284 ], [ 107.436502, -6.457797 ], [ 107.437382, -6.458441 ], [ 107.437987, -6.458862 ], [ 107.438464, -6.459256 ], [ 107.438767, -6.459541 ], [ 107.439421, -6.460133 ], [ 107.439867, -6.460572 ], [ 107.440597, -6.461363 ], [ 107.441282, -6.462146 ], [ 107.442035, -6.463109 ], [ 107.442754, -6.464153 ], [ 107.443325, -6.46503 ], [ 107.44367, -6.465638 ], [ 107.444294, -6.466716 ], [ 107.444766, -6.467673 ], [ 107.445271, -6.468845 ], [ 107.445598, -6.469759 ], [ 107.446003, -6.470932 ], [ 107.446137, -6.471298 ], [ 107.446503, -6.472783 ], [ 107.446725, -6.473621 ], [ 107.446845, -6.474204 ], [ 107.447062, -6.475555 ], [ 107.447239, -6.476691 ], [ 107.447318, -6.478176 ], [ 107.447347, -6.479304 ], [ 107.447333, -6.480075 ], [ 107.447275, -6.481243 ], [ 107.447204, -6.482026 ], [ 107.447108, -6.483052 ], [ 107.446994, -6.483862 ], [ 107.446856, -6.484371 ], [ 107.446399, -6.485651 ], [ 107.445864, -6.486801 ], [ 107.445408, -6.487788 ], [ 107.44512, -6.488663 ], [ 107.444851, -6.489719 ], [ 107.44459, -6.491039 ], [ 107.444372, -6.4926 ], [ 107.444185, -6.493559 ], [ 107.443875, -6.494525 ], [ 107.443436, -6.495574 ], [ 107.442898, -6.496519 ], [ 107.442161, -6.497529 ], [ 107.441211, -6.498779 ], [ 107.440736, -6.499526 ], [ 107.440344, -6.500199 ], [ 107.440162, -6.500701 ], [ 107.439965, -6.501405 ], [ 107.439595, -6.502647 ], [ 107.439406, -6.50361 ], [ 107.439261, -6.505313 ], [ 107.439067, -6.506367 ], [ 107.438878, -6.507244 ], [ 107.438521, -6.508175 ], [ 107.43765, -6.509669 ], [ 107.437395, -6.510097 ], [ 107.436994, -6.510888 ], [ 107.43677, -6.511482 ], [ 107.43658, -6.512106 ], [ 107.436356, -6.513033 ], [ 107.436248, -6.513889 ], [ 107.436221, -6.51557 ], [ 107.436213, -6.517405 ], [ 107.436043, -6.518391 ], [ 107.435445, -6.520237 ], [ 107.434878, -6.521317 ], [ 107.433892, -6.5231 ], [ 107.433125, -6.52479 ], [ 107.43296, -6.525342 ], [ 107.432758, -6.52601 ], [ 107.432618, -6.526836 ], [ 107.432541, -6.527518 ], [ 107.432454, -6.528864 ], [ 107.432391, -6.531485 ], [ 107.43224, -6.533907 ], [ 107.432, -6.536419 ], [ 107.431875, -6.538342 ], [ 107.431732, -6.540329 ], [ 107.431646, -6.540924 ], [ 107.431502, -6.541439 ], [ 107.431242, -6.542057 ], [ 107.430367, -6.543559 ], [ 107.429591, -6.544794 ], [ 107.42907, -6.545566 ], [ 107.42854, -6.546434 ], [ 107.427829, -6.547728 ], [ 107.42713, -6.549168 ], [ 107.426471, -6.550921 ], [ 107.426116, -6.552054 ], [ 107.425963, -6.552527 ], [ 107.425766, -6.553453 ], [ 107.425538, -6.554689 ], [ 107.425433, -6.555533 ], [ 107.425174, -6.55745 ], [ 107.424993, -6.55903 ], [ 107.424957, -6.56012 ], [ 107.425057, -6.561565 ], [ 107.425285, -6.562955 ], [ 107.425746, -6.564478 ], [ 107.426266, -6.565845 ], [ 107.427036, -6.567235 ], [ 107.42815, -6.568749 ], [ 107.429023, -6.569745 ], [ 107.430111, -6.570732 ], [ 107.431574, -6.571971 ], [ 107.4322, -6.572544 ], [ 107.432605, -6.572918 ], [ 107.43291, -6.57331 ], [ 107.433305, -6.573901 ], [ 107.433863, -6.575029 ], [ 107.434076, -6.575598 ], [ 107.434203, -6.576146 ], [ 107.434341, -6.576754 ], [ 107.434382, -6.577262 ], [ 107.434414, -6.577887 ], [ 107.434391, -6.578481 ], [ 107.434318, -6.57942 ], [ 107.434114, -6.580249 ], [ 107.433525, -6.581471 ], [ 107.433167, -6.582291 ], [ 107.432576, -6.583668 ], [ 107.432172, -6.584757 ], [ 107.431854, -6.585743 ], [ 107.431676, -6.58632 ], [ 107.431437, -6.587209 ], [ 107.431039, -6.589067 ], [ 107.431068, -6.588998 ], [ 107.430651, -6.590745 ], [ 107.430434, -6.591869 ], [ 107.430116, -6.593232 ], [ 107.429792, -6.594532 ], [ 107.429114, -6.596234 ], [ 107.428661, -6.597378 ], [ 107.427706, -6.599346 ], [ 107.427043, -6.600564 ], [ 107.426459, -6.601522 ], [ 107.425427, -6.603144 ], [ 107.424295, -6.604945 ], [ 107.423456, -6.606118 ], [ 107.422708, -6.607179 ], [ 107.422338, -6.607802 ], [ 107.422143, -6.608246 ], [ 107.421773, -6.609544 ], [ 107.421651, -6.610214 ], [ 107.421544, -6.61111 ], [ 107.42154, -6.612407 ], [ 107.421637, -6.613206 ], [ 107.421976, -6.614867 ], [ 107.422259, -6.616531 ], [ 107.422422, -6.618522 ], [ 107.422497, -6.620257 ], [ 107.422494, -6.621485 ], [ 107.422533, -6.62209 ], [ 107.422669, -6.62345 ], [ 107.422903, -6.625521 ], [ 107.423327, -6.627643 ], [ 107.423707, -6.62918 ], [ 107.424115, -6.630515 ], [ 107.424651, -6.632196 ], [ 107.424748, -6.632749 ], [ 107.424821, -6.633232 ], [ 107.425022, -6.634855 ], [ 107.425109, -6.635256 ], [ 107.425332, -6.635802 ], [ 107.425699, -6.636458 ], [ 107.426176, -6.636975 ], [ 107.427007, -6.637619 ], [ 107.427495, -6.638064 ], [ 107.4278, -6.638504 ], [ 107.428075, -6.638947 ], [ 107.428254, -6.639385 ], [ 107.428401, -6.639946 ], [ 107.428618, -6.640728 ], [ 107.428836, -6.641458 ], [ 107.42892, -6.641762 ], [ 107.428998, -6.642691 ], [ 107.429025, -6.643841 ], [ 107.429043, -6.644347 ], [ 107.428894, -6.64551 ], [ 107.428746, -6.646197 ], [ 107.42855, -6.646775 ], [ 107.427494, -6.648984 ], [ 107.427159, -6.649784 ], [ 107.427025, -6.650166 ], [ 107.426952, -6.650595 ], [ 107.426883, -6.651058 ], [ 107.426854, -6.651685 ], [ 107.426965, -6.652349 ], [ 107.427109, -6.652991 ], [ 107.427285, -6.653506 ], [ 107.427558, -6.654014 ], [ 107.427886, -6.654469 ], [ 107.428278, -6.654959 ], [ 107.42863, -6.655295 ], [ 107.42922, -6.655688 ], [ 107.429922, -6.655985 ], [ 107.430921, -6.65636 ], [ 107.432063, -6.656645 ], [ 107.432708, -6.656813 ], [ 107.433408, -6.657046 ], [ 107.434023, -6.657319 ], [ 107.434712, -6.65767 ], [ 107.435312, -6.658108 ], [ 107.435806, -6.658532 ], [ 107.436453, -6.659224 ], [ 107.43779, -6.660612 ], [ 107.439393, -6.662248 ], [ 107.440618, -6.663468 ], [ 107.441098, -6.663953 ], [ 107.441492, -6.664466 ], [ 107.441756, -6.665007 ], [ 107.442014, -6.665638 ], [ 107.442123, -6.666047 ], [ 107.442186, -6.666442 ], [ 107.442217, -6.6671 ], [ 107.442178, -6.667701 ], [ 107.442106, -6.668301 ], [ 107.441981, -6.668763 ], [ 107.441773, -6.66931 ], [ 107.44146, -6.670016 ], [ 107.441059, -6.670886 ], [ 107.440591, -6.671948 ], [ 107.440198, -6.672927 ], [ 107.439809, -6.674006 ], [ 107.439637, -6.674742 ], [ 107.43952, -6.675211 ], [ 107.439411, -6.675903 ], [ 107.439248, -6.676976 ], [ 107.439138, -6.678321 ], [ 107.438969, -6.679535 ], [ 107.438874, -6.679925 ], [ 107.438153, -6.681881 ], [ 107.437796, -6.682772 ], [ 107.43739, -6.683833 ], [ 107.437176, -6.684452 ], [ 107.436909, -6.685309 ], [ 107.436553, -6.686533 ], [ 107.436376, -6.687389 ], [ 107.436132, -6.688648 ], [ 107.435847, -6.690079 ], [ 107.435601, -6.6913 ], [ 107.43534, -6.692585 ], [ 107.43504, -6.69413 ], [ 107.434651, -6.69604 ], [ 107.434348, -6.697529 ], [ 107.434033, -6.699065 ], [ 107.433919, -6.699514 ], [ 107.433376, -6.701264 ], [ 107.433129, -6.702046 ], [ 107.432372, -6.703866 ], [ 107.431864, -6.705359 ], [ 107.431687, -6.706335 ], [ 107.431521, -6.707479 ], [ 107.431534, -6.708411 ], [ 107.431608, -6.709832 ], [ 107.431914, -6.71169 ], [ 107.432306, -6.714163 ], [ 107.432445, -6.715002 ], [ 107.432519, -6.71559 ], [ 107.432632, -6.716484 ], [ 107.432748, -6.717324 ], [ 107.433002, -6.718417 ], [ 107.433285, -6.71984 ], [ 107.433661, -6.7214 ], [ 107.433923, -6.722276 ], [ 107.434308, -6.723537 ], [ 107.434743, -6.724777 ], [ 107.435127, -6.7259 ], [ 107.435446, -6.726759 ], [ 107.435946, -6.72798 ], [ 107.436427, -6.729121 ], [ 107.436878, -6.730071 ], [ 107.437129, -6.730547 ], [ 107.437263, -6.730864 ], [ 107.437397, -6.731321 ], [ 107.437475, -6.73167 ], [ 107.437513, -6.731979 ], [ 107.437548, -6.732412 ], [ 107.437528, -6.733092 ], [ 107.437362, -6.73426 ], [ 107.43725, -6.735069 ], [ 107.437208, -6.735733 ], [ 107.437199, -6.736275 ], [ 107.43724, -6.737291 ], [ 107.43731, -6.737864 ], [ 107.437454, -6.738683 ], [ 107.437658, -6.739584 ], [ 107.437833, -6.740092 ], [ 107.438197, -6.740965 ], [ 107.438682, -6.741987 ], [ 107.439275, -6.743156 ], [ 107.439625, -6.743854 ], [ 107.439768, -6.744189 ], [ 107.440018, -6.744779 ], [ 107.440103, -6.745071 ], [ 107.440214, -6.745618 ], [ 107.440311, -6.746259 ], [ 107.440348, -6.746978 ], [ 107.440282, -6.747809 ], [ 107.440191, -6.74876 ], [ 107.440023, -6.749747 ], [ 107.439981, -6.750083 ], [ 107.439901, -6.751067 ], [ 107.439903, -6.751765 ], [ 107.439956, -6.75249 ], [ 107.44002, -6.75311 ], [ 107.440154, -6.753817 ], [ 107.440329, -6.754914 ], [ 107.440479, -6.755904 ], [ 107.440556, -6.756452 ], [ 107.440583, -6.756874 ], [ 107.4406, -6.757684 ], [ 107.440637, -6.758469 ], [ 107.440672, -6.759351 ], [ 107.440642, -6.760273 ], [ 107.440561, -6.761218 ], [ 107.440371, -6.762914 ], [ 107.440214, -6.764286 ], [ 107.440212, -6.765043 ], [ 107.440246, -6.765904 ], [ 107.440413, -6.767208 ], [ 107.440568, -6.768029 ], [ 107.440715, -6.76892 ], [ 107.440818, -6.769543 ], [ 107.44084, -6.769902 ], [ 107.44086, -6.770374 ], [ 107.440873, -6.770947 ], [ 107.440793, -6.771832 ], [ 107.440663, -6.772806 ], [ 107.440499, -6.773615 ], [ 107.440259, -6.775144 ], [ 107.44012, -6.775948 ], [ 107.440039, -6.776657 ], [ 107.439989, -6.777255 ], [ 107.43997, -6.778009 ], [ 107.439983, -6.778675 ], [ 107.440035, -6.779192 ], [ 107.440217, -6.780047 ], [ 107.440658, -6.781525 ], [ 107.44098, -6.78252 ], [ 107.441309, -6.783274 ], [ 107.441942, -6.784424 ], [ 107.442447, -6.785311 ], [ 107.442634, -6.785653 ], [ 107.442891, -6.786199 ], [ 107.443178, -6.786848 ], [ 107.443319, -6.787335 ], [ 107.443435, -6.787832 ], [ 107.443534, -6.788323 ], [ 107.443632, -6.788975 ], [ 107.443706, -6.789696 ], [ 107.443743, -6.790674 ], [ 107.443842, -6.79181 ], [ 107.443944, -6.792514 ], [ 107.444156, -6.793309 ], [ 107.444372, -6.79397 ], [ 107.44489, -6.794946 ], [ 107.445816, -6.796198 ], [ 107.446951, -6.797446 ], [ 107.447921, -6.798543 ], [ 107.448966, -6.799403 ], [ 107.450243, -6.800417 ], [ 107.451392, -6.80126 ], [ 107.452358, -6.801734 ], [ 107.453551, -6.802303 ], [ 107.454758, -6.802624 ], [ 107.456026, -6.802734 ], [ 107.457771, -6.802915 ], [ 107.458817, -6.803075 ], [ 107.459978, -6.803315 ], [ 107.461328, -6.803624 ], [ 107.46266, -6.803966 ], [ 107.463638, -6.804269 ], [ 107.464541, -6.804661 ], [ 107.465816, -6.8053 ], [ 107.467308, -6.806101 ], [ 107.468943, -6.807129 ], [ 107.470479, -6.808155 ], [ 107.471759, -6.809274 ], [ 107.473274, -6.810252 ], [ 107.474416, -6.811209 ], [ 107.475839, -6.812554 ], [ 107.477313, -6.81409 ], [ 107.478572, -6.815502 ], [ 107.479535, -6.816699 ], [ 107.480934, -6.818094 ], [ 107.482131, -6.81905 ], [ 107.483557, -6.820055 ], [ 107.484946, -6.821026 ], [ 107.485535, -6.821606 ], [ 107.486048, -6.822275 ], [ 107.486463, -6.822866 ], [ 107.486873, -6.823652 ], [ 107.487506, -6.824994 ], [ 107.487751, -6.825452 ], [ 107.488545, -6.826483 ], [ 107.48958, -6.827594 ], [ 107.49027, -6.828302 ], [ 107.490786, -6.829072 ], [ 107.491744, -6.830551 ], [ 107.492694, -6.832059 ], [ 107.493084, -6.832529 ], [ 107.493996, -6.833615 ], [ 107.494551, -6.834176 ], [ 107.495932, -6.835284 ], [ 107.497558, -6.836586 ], [ 107.499064, -6.837776 ], [ 107.500687, -6.838762 ], [ 107.501785, -6.839454 ], [ 107.502514, -6.840047 ], [ 107.503416, -6.840895 ], [ 107.504077, -6.841636 ], [ 107.504602, -6.842447 ], [ 107.505033, -6.843373 ], [ 107.505432, -6.844382 ], [ 107.505634, -6.845415 ], [ 107.505718, -6.84674 ], [ 107.50571, -6.848269 ], [ 107.505612, -6.850319 ], [ 107.505466, -6.851819 ], [ 107.505162, -6.853957 ] ] } },
{ "type": "Feature", "properties": { "Name": "Simpang Susun Padalarang", "description": "Simpang Susun Padalarang   0.88 km", "tessellate": 1, "GEOTAGGING": "", "gx_media_links": null }, "geometry": { "type": "LineString", "coordinates": [ [ 107.50564, -6.849655 ], [ 107.505479, -6.850692 ], [ 107.505361, -6.8512 ], [ 107.505275, -6.851582 ], [ 107.505188, -6.851879 ], [ 107.505095, -6.852097 ], [ 107.504949, -6.852348 ], [ 107.50473, -6.852605 ], [ 107.504448, -6.852839 ], [ 107.504101, -6.853016 ], [ 107.503762, -6.85313 ], [ 107.503321, -6.85319 ], [ 107.502891, -6.853164 ], [ 107.502398, -6.853109 ], [ 107.501531, -6.852972 ], [ 107.50109, -6.852911 ], [ 107.50005, -6.85279 ] ] } },
{ "type": "Feature", "properties": { "Name": "Simpang Susun Pasteur", "description": "Simpang Susun Pasteur   0.50 km", "tessellate": 1, "GEOTAGGING": "", "gx_media_links": null }, "geometry": { "type": "LineString", "coordinates": [ [ 107.533475, -6.900243 ], [ 107.533108, -6.899732 ], [ 107.532776, -6.899143 ], [ 107.53236, -6.898448 ], [ 107.532199, -6.898214 ], [ 107.532081, -6.898099 ], [ 107.531961, -6.898021 ], [ 107.531795, -6.897982 ], [ 107.531612, -6.897994 ], [ 107.531437, -6.898065 ], [ 107.531281, -6.898173 ], [ 107.531178, -6.898292 ], [ 107.531088, -6.898471 ], [ 107.531042, -6.898645 ], [ 107.531056, -6.898952 ], [ 107.531092, -6.899214 ] ] } },
{ "type": "Feature", "properties": { "Name": "Simpang Susun Pasteur", "description": "Simpang Susun Pasteur   0.40 km", "tessellate": 1, "GEOTAGGING": "", "gx_media_links": null }, "geometry": { "type": "LineString", "coordinates": [ [ 107.5343, -6.902424 ], [ 107.534152, -6.901736 ], [ 107.534051, -6.901359 ], [ 107.534023, -6.901088 ], [ 107.534038, -6.900806 ], [ 107.53411, -6.900584 ], [ 107.534227, -6.900336 ], [ 107.53441, -6.900128 ], [ 107.534629, -6.899924 ], [ 107.534919, -6.899771 ], [ 107.535446, -6.899584 ] ] } },
{ "type": "Feature", "properties": { "Name": "Simpang Susun Pasteur", "description": "Simpang Susun Pasteur   0.47 km", "tessellate": 1, "GEOTAGGING": "", "gx_media_links": null }, "geometry": { "type": "LineString", "coordinates": [ [ 107.532021, -6.897567 ], [ 107.53245, -6.897996 ], [ 107.532684, -6.898311 ], [ 107.532886, -6.898614 ], [ 107.533062, -6.898844 ], [ 107.533289, -6.899066 ], [ 107.533548, -6.899248 ], [ 107.533811, -6.899388 ], [ 107.534097, -6.899489 ], [ 107.534489, -6.899573 ], [ 107.534882, -6.899598 ], [ 107.535313, -6.899568 ], [ 107.535472, -6.899574 ] ] } },
{ "type": "Feature", "properties": { "Name": "Jl. Tol Padalarang - Cileunyi", "description": "Jl. Tol Padalarang - Cileunyi 5.47 km   Jalan \n\nGerbang Tol Pasteur, namanya berasal dari salah satu ilmuwan, Louis Pasteur yang menemukan proses pasteurisasi pada susu.\nJalan Tol Padalarang-Cileunyi adalah jalan tol lanjutan dari Jalan Tol Cipularang. Jalan tol ini adalah jalan lingkar selatan Bandung. Jalan tol ini tidak hanya menghubungkan Jakarta dengan Bandung tetapi juga Sumedang, Garut, Nagreg, Ciamis, Tasikmalaya, Jawa Tengah, Daerah Istimewa Yogyakarta, dan Jawa Timur Melalui Jalan Nasional Rute 3. Jalan tol ini melintasi Kabupaten Bandung Barat, Kota Cimahi, Kota Bandung dan Kabupaten Bandung. Jalan tol ini adalah bagian Jalan Tol Trans Jawa\n\nPintu tol\nGerbang Tol\tKilometer\tKeterangan\nPadalarang\t121\tKeluar menuju Padalarang, Cianjur, Cikalong Wetan, Purwakarta, Kota Sukabumi, Waduk Saguling, Puncak Raya, Kabupaten Bogor Dan Kota Bogor\nBaros\t127 - 4P\n(Tol Pasteur)\tKeluar menuju Cimahi, Baros, Leuwigajah\nPasteur\t127 - 1P\n(Tol Pasteur)\tKeluar menuju Pasteur, Lembang, Gegerkalong, Dago, Cihampelas, Gedung Sate, Bandung Kota (Fly Over Pasupati).\nPasir Koja\t132\tKeluar menuju Pasir Koja, Leuwi Panjang, Bandung Kota\nKopo\t135\tKeluar menuju Kopo, Soreang, Ciwidey, Kawah Putih, Cibaduyut, Bandung Kota (Leuwi Panjang)\nMohammad Toha\t139\tKeluar menuju Mohammad Toha,Banjaran, Pangalengan, Bandung Kota (Tegal Lega)\nBuah Batu\t142\tKeluar menuju Buahbatu, Dayeuhkolot, Bandung Kota (Buah Batu)\nCileunyi\t155\tAkhir Jalan Tol Purbaleunyi(Padaleunyi)\nMenuju Cileunyi, Jatinangor, Sumedang, Cirebon, Semarang, Majalengka, Kuningan, Garut, Malangbong, Tasikmalaya, Ciamis, Purwokerto, Cilacap, Kebumen, Yogyakarta, Solo, Wonogiri, Madiun, Surabaya, Blitar, Malang, Jember, Banyuwangi, Denpasar, Gianyar, Mataram\nTempat Istirahat (Rest Area)\nKm 147 (arah Cileunyi)\nKm 149 (arah Jakarta)\nKm 125 (arah Jakarta)", "tessellate": 1, "GEOTAGGING": "", "gx_media_links": null }, "geometry": { "type": "LineString", "coordinates": [ [ 107.535609, -6.899548 ], [ 107.536185, -6.899432 ], [ 107.537334, -6.89927 ], [ 107.53901, -6.898977 ], [ 107.540375, -6.898743 ], [ 107.541216, -6.898578 ], [ 107.541824, -6.898438 ], [ 107.542458, -6.898219 ], [ 107.543023, -6.897976 ], [ 107.543475, -6.897728 ], [ 107.544147, -6.897243 ], [ 107.544958, -6.896593 ], [ 107.546011, -6.895698 ], [ 107.546595, -6.895194 ], [ 107.547664, -6.894277 ], [ 107.54831, -6.893713 ], [ 107.5493, -6.892919 ], [ 107.550379, -6.892133 ], [ 107.551393, -6.891495 ], [ 107.552395, -6.890935 ], [ 107.554179, -6.889893 ], [ 107.555222, -6.889339 ], [ 107.556275, -6.888908 ], [ 107.557509, -6.888532 ], [ 107.558537, -6.888304 ], [ 107.559669, -6.888094 ], [ 107.560781, -6.888008 ], [ 107.562019, -6.888004 ], [ 107.563008, -6.888086 ], [ 107.564252, -6.888286 ], [ 107.565354, -6.88853 ], [ 107.566934, -6.888851 ], [ 107.56878, -6.889251 ], [ 107.570446, -6.889616 ], [ 107.572201, -6.889962 ], [ 107.574679, -6.890461 ], [ 107.576208, -6.890786 ], [ 107.577683, -6.891077 ], [ 107.578365, -6.891247 ], [ 107.578914, -6.891413 ], [ 107.579668, -6.89174 ], [ 107.580294, -6.892007 ], [ 107.580967, -6.892211 ], [ 107.581363, -6.892312 ] ] } },
{ "type": "Feature", "properties": { "Name": "Simpang Susun Pasir Koja", "description": "Simpang Susun Pasir Koja   1.27 km", "tessellate": 1, "GEOTAGGING": "", "gx_media_links": null }, "geometry": { "type": "LineString", "coordinates": [ [ 107.550008, -6.934079 ], [ 107.550071, -6.93441 ], [ 107.550342, -6.934787 ], [ 107.550478, -6.934992 ], [ 107.550593, -6.935185 ], [ 107.550715, -6.935441 ], [ 107.55078, -6.935622 ], [ 107.550839, -6.935911 ], [ 107.550864, -6.936133 ], [ 107.550868, -6.936402 ], [ 107.550801, -6.936785 ], [ 107.55071, -6.937083 ], [ 107.550634, -6.937329 ], [ 107.550619, -6.937475 ], [ 107.550612, -6.937685 ], [ 107.550653, -6.937918 ], [ 107.550731, -6.938169 ], [ 107.550845, -6.938374 ], [ 107.55099, -6.938542 ], [ 107.551289, -6.93878 ], [ 107.551564, -6.938909 ], [ 107.552034, -6.938987 ], [ 107.552219, -6.938977 ], [ 107.552497, -6.938904 ], [ 107.552852, -6.938757 ], [ 107.553606, -6.93839 ], [ 107.554906, -6.937762 ], [ 107.556002, -6.937249 ], [ 107.557041, -6.936743 ] ] } },
{ "type": "Feature", "properties": { "Name": "Simpang Susun Pasir Koja", "description": "Simpang Susun Pasir Koja   0.49 km", "tessellate": 1, "GEOTAGGING": "", "gx_media_links": null }, "geometry": { "type": "LineString", "coordinates": [ [ 107.553052, -6.93831 ], [ 107.552385, -6.93764 ], [ 107.551939, -6.937067 ], [ 107.551764, -6.936865 ], [ 107.551628, -6.936749 ], [ 107.551469, -6.936693 ], [ 107.551287, -6.936693 ], [ 107.551112, -6.936762 ], [ 107.550935, -6.936894 ], [ 107.550777, -6.937101 ], [ 107.550682, -6.937359 ], [ 107.550663, -6.937589 ], [ 107.550674, -6.937804 ], [ 107.550744, -6.938063 ], [ 107.550836, -6.938368 ] ] } },
{ "type": "Feature", "properties": { "Name": "Simpang Susun Pasir Koja", "description": "Simpang Susun Pasir Koja   0.57 km", "tessellate": 1, "GEOTAGGING": "", "gx_media_links": null }, "geometry": { "type": "LineString", "coordinates": [ [ 107.55158, -6.936218 ], [ 107.55187, -6.936453 ], [ 107.552191, -6.936857 ], [ 107.552446, -6.937176 ], [ 107.552696, -6.937408 ], [ 107.553052, -6.937612 ], [ 107.553467, -6.937769 ], [ 107.553797, -6.937848 ], [ 107.554197, -6.937851 ], [ 107.554677, -6.937777 ], [ 107.555205, -6.937575 ], [ 107.556045, -6.937221 ] ] } },
{ "type": "Feature", "properties": { "Name": "Simpang Susun Pasir Koja", "description": "Simpang Susun Pasir Koja   0.42 km", "tessellate": 1, "GEOTAGGING": "", "gx_media_links": null }, "geometry": { "type": "LineString", "coordinates": [ [ 107.554639, -6.940483 ], [ 107.554421, -6.939961 ], [ 107.554279, -6.939628 ], [ 107.554207, -6.939286 ], [ 107.554222, -6.938992 ], [ 107.554287, -6.93869 ], [ 107.554393, -6.938428 ], [ 107.554561, -6.93816 ], [ 107.554837, -6.937913 ], [ 107.555113, -6.937726 ], [ 107.555641, -6.937413 ] ] } },
{ "type": "Feature", "properties": { "Name": "Simpang Susun Kopo", "description": "Simpang Susun Kopo   1.28 km", "tessellate": 1, "GEOTAGGING": "", "gx_media_links": null }, "geometry": { "type": "LineString", "coordinates": [ [ 107.569191, -6.954733 ], [ 107.569923, -6.955286 ], [ 107.570516, -6.95568 ], [ 107.570761, -6.955933 ], [ 107.571016, -6.956303 ], [ 107.571118, -6.956529 ], [ 107.571261, -6.95695 ], [ 107.571296, -6.957321 ], [ 107.57144, -6.957719 ], [ 107.571641, -6.958012 ], [ 107.571971, -6.958287 ], [ 107.57236, -6.958461 ], [ 107.572817, -6.958503 ], [ 107.573256, -6.95839 ], [ 107.5736, -6.958174 ], [ 107.573948, -6.957788 ], [ 107.575084, -6.956356 ], [ 107.575812, -6.955403 ], [ 107.576241, -6.954925 ], [ 107.576711, -6.954595 ], [ 107.577079, -6.954429 ] ] } },
{ "type": "Feature", "properties": { "Name": "Simpang Susun Kopo", "description": "Simpang Susun Kopo   0.58 km", "tessellate": 1, "GEOTAGGING": "", "gx_media_links": null }, "geometry": { "type": "LineString", "coordinates": [ [ 107.571223, -6.955842 ], [ 107.572157, -6.956182 ], [ 107.572685, -6.956408 ], [ 107.573035, -6.956545 ], [ 107.573403, -6.956627 ], [ 107.57382, -6.95663 ], [ 107.574218, -6.956562 ], [ 107.574582, -6.956457 ], [ 107.574988, -6.956213 ], [ 107.575327, -6.955911 ], [ 107.575882, -6.955328 ] ] } },
{ "type": "Feature", "properties": { "Name": "Simpang Susun Kopo", "description": "Simpang Susun Kopo   0.48 km", "tessellate": 1, "GEOTAGGING": "", "gx_media_links": null }, "geometry": { "type": "LineString", "coordinates": [ [ 107.576726, -6.95879 ], [ 107.575995, -6.95825 ], [ 107.575644, -6.957954 ], [ 107.575432, -6.957619 ], [ 107.575292, -6.957257 ], [ 107.575232, -6.956884 ], [ 107.575262, -6.956509 ], [ 107.575352, -6.956185 ], [ 107.57556, -6.955834 ], [ 107.575966, -6.955223 ] ] } },
{ "type": "Feature", "properties": { "Name": "Simpang Susun Mohammad Toha", "description": "Simpang Susun Mohammad Toha   1.50 km", "tessellate": 1, "GEOTAGGING": "", "gx_media_links": null }, "geometry": { "type": "LineString", "coordinates": [ [ 107.600373, -6.96189 ], [ 107.601118, -6.961988 ], [ 107.601794, -6.961958 ], [ 107.602446, -6.962104 ], [ 107.602772, -6.962239 ], [ 107.603205, -6.962582 ], [ 107.603557, -6.962973 ], [ 107.60395, -6.963234 ], [ 107.604558, -6.963392 ], [ 107.604976, -6.963341 ], [ 107.605312, -6.963175 ], [ 107.605529, -6.962967 ], [ 107.605729, -6.962718 ], [ 107.605878, -6.962452 ], [ 107.605957, -6.962151 ], [ 107.606055, -6.961154 ], [ 107.606208, -6.959652 ], [ 107.606291, -6.958999 ], [ 107.606485, -6.958514 ], [ 107.606787, -6.958028 ], [ 107.60715, -6.957658 ], [ 107.607601, -6.957328 ], [ 107.607985, -6.957133 ], [ 107.608432, -6.95702 ], [ 107.609093, -6.956796 ] ] } },
{ "type": "Feature", "properties": { "Name": "Simpang Susun Mohammad Toha", "description": "Simpang Susun Mohammad Toha   0.54 km", "tessellate": 1, "GEOTAGGING": "", "gx_media_links": null }, "geometry": { "type": "LineString", "coordinates": [ [ 107.602822, -6.96169 ], [ 107.603629, -6.96151 ], [ 107.604426, -6.96137 ], [ 107.604982, -6.961194 ], [ 107.605378, -6.960931 ], [ 107.605695, -6.960629 ], [ 107.605889, -6.960332 ], [ 107.606002, -6.960076 ], [ 107.606117, -6.959725 ], [ 107.606197, -6.959349 ], [ 107.606287, -6.959024 ] ] } },
{ "type": "Feature", "properties": { "Name": "Simpang Susun Mohammad Toha", "description": "Simpang Susun Mohammad Toha   0.48 km", "tessellate": 1, "GEOTAGGING": "", "gx_media_links": null }, "geometry": { "type": "LineString", "coordinates": [ [ 107.609008, -6.961227 ], [ 107.608384, -6.961181 ], [ 107.607754, -6.961191 ], [ 107.607353, -6.961116 ], [ 107.607033, -6.960965 ], [ 107.606761, -6.960746 ], [ 107.606571, -6.960521 ], [ 107.606413, -6.960258 ], [ 107.606314, -6.959933 ], [ 107.606278, -6.959549 ], [ 107.606311, -6.958944 ] ] } },
{ "type": "Feature", "properties": { "Name": "Simpang Susun Mohammad Toha", "description": "Simpang Susun Mohammad Toha   0.51 km", "tessellate": 1, "GEOTAGGING": "", "gx_media_links": null }, "geometry": { "type": "LineString", "coordinates": [ [ 107.606334, -6.961421 ], [ 107.605195, -6.961668 ], [ 107.603974, -6.961857 ], [ 107.603757, -6.961897 ], [ 107.603646, -6.961957 ], [ 107.603461, -6.962111 ], [ 107.603412, -6.96224 ], [ 107.603403, -6.962461 ], [ 107.603459, -6.962674 ], [ 107.603577, -6.962838 ], [ 107.603816, -6.963108 ], [ 107.604244, -6.963316 ] ] } },
{ "type": "Feature", "properties": { "Name": "Simpang Susun Buah Batu", "description": "Simpang Susun Buah Batu   1.67 km", "tessellate": 1, "GEOTAGGING": "", "gx_media_links": null }, "geometry": { "type": "LineString", "coordinates": [ [ 107.625823, -6.964038 ], [ 107.626293, -6.964277 ], [ 107.626861, -6.964404 ], [ 107.627653, -6.964565 ], [ 107.628857, -6.964759 ], [ 107.629329, -6.964919 ], [ 107.629702, -6.965084 ], [ 107.630001, -6.965287 ], [ 107.630217, -6.965517 ], [ 107.630403, -6.965791 ], [ 107.630595, -6.966081 ], [ 107.630867, -6.966361 ], [ 107.631293, -6.96663 ], [ 107.631709, -6.966752 ], [ 107.632057, -6.966739 ], [ 107.632315, -6.966662 ], [ 107.63257, -6.966508 ], [ 107.632832, -6.966271 ], [ 107.63299, -6.966065 ], [ 107.633088, -6.965813 ], [ 107.633223, -6.965459 ], [ 107.633611, -6.96418 ], [ 107.634038, -6.962826 ], [ 107.63427, -6.962196 ], [ 107.634641, -6.961726 ], [ 107.635007, -6.961472 ], [ 107.635392, -6.96132 ], [ 107.63581, -6.961288 ], [ 107.636663, -6.961459 ] ] } },
{ "type": "Feature", "properties": { "Name": "Simpang Susun Buah Batu", "description": "Simpang Susun Buah Batu    0.60 km", "tessellate": 1, "GEOTAGGING": "", "gx_media_links": null }, "geometry": { "type": "LineString", "coordinates": [ [ 107.634618, -6.965337 ], [ 107.634151, -6.965369 ], [ 107.633034, -6.965224 ], [ 107.632329, -6.965157 ], [ 107.631632, -6.965125 ], [ 107.631054, -6.965087 ], [ 107.630928, -6.965108 ], [ 107.630811, -6.965157 ], [ 107.630665, -6.965247 ], [ 107.630569, -6.9654 ], [ 107.630547, -6.965527 ], [ 107.630538, -6.965673 ], [ 107.6306, -6.965893 ], [ 107.630719, -6.966123 ], [ 107.63101, -6.96645 ] ] } },
{ "type": "Feature", "properties": { "Name": "Simpang Susun Buah Batu", "description": "Simpang Susun Buah Batu   0.54 km", "tessellate": 1, "GEOTAGGING": "", "gx_media_links": null }, "geometry": { "type": "LineString", "coordinates": [ [ 107.636776, -6.965583 ], [ 107.635777, -6.96532 ], [ 107.635105, -6.965199 ], [ 107.634684, -6.96502 ], [ 107.634403, -6.964817 ], [ 107.634174, -6.964531 ], [ 107.633985, -6.964113 ], [ 107.633928, -6.963818 ], [ 107.633933, -6.963426 ], [ 107.634129, -6.96259 ] ] } },
{ "type": "Feature", "properties": { "Name": "Simpang Susun Buah Batu", "description": "Simpang Susun Buah Batu   0.60 km", "tessellate": 1, "GEOTAGGING": "", "gx_media_links": null }, "geometry": { "type": "LineString", "coordinates": [ [ 107.629443, -6.96468 ], [ 107.630233, -6.964638 ], [ 107.630844, -6.964676 ], [ 107.631475, -6.96474 ], [ 107.631976, -6.964723 ], [ 107.632303, -6.964672 ], [ 107.632583, -6.964581 ], [ 107.632836, -6.964433 ], [ 107.633207, -6.964168 ], [ 107.633454, -6.963928 ], [ 107.633674, -6.963605 ], [ 107.634018, -6.962892 ] ] } },
{ "type": "Feature", "properties": { "Name": "Jl. Tol Cileunyi - Sumedang - Dawuan", "description": "Jl. Tol Cileunyi - Sumedang - Dawuan   8.89 km", "tessellate": 1, "GEOTAGGING": "", "gx_media_links": null }, "geometry": { "type": "LineString", "coordinates": [ [ 107.754987, -6.941917 ], [ 107.755639, -6.940274 ], [ 107.756739, -6.937356 ], [ 107.757871, -6.934595 ], [ 107.758779, -6.930428 ], [ 107.759041, -6.928527 ], [ 107.759585, -6.927421 ], [ 107.760752, -6.925057 ], [ 107.762003, -6.921344 ], [ 107.762662, -6.920228 ], [ 107.764054, -6.918346 ], [ 107.763953, -6.914953 ], [ 107.764521, -6.908367 ], [ 107.773889, -6.901453 ], [ 107.777862, -6.897909 ], [ 107.783572, -6.891362 ], [ 107.787848, -6.890159 ], [ 107.792728, -6.890353 ], [ 107.802679, -6.889834 ] ] } },
{ "type": "Feature", "properties": { "Name": "Jl. Tol Cileunyi - Sumedang - Dawuan", "description": "Jl. Tol Cileunyi - Sumedang - Dawuan   8.50 km", "tessellate": 1, "GEOTAGGING": "", "gx_media_links": null }, "geometry": { "type": "LineString", "coordinates": [ [ 107.802669, -6.889834 ], [ 107.802936, -6.889795 ], [ 107.803277, -6.889728 ], [ 107.803724, -6.889664 ], [ 107.804868, -6.889452 ], [ 107.806152, -6.889132 ], [ 107.807197, -6.888817 ], [ 107.81033, -6.887968 ], [ 107.812097, -6.887491 ], [ 107.813593, -6.887143 ], [ 107.816113, -6.886441 ], [ 107.817879, -6.885854 ], [ 107.819748, -6.885063 ], [ 107.821041, -6.884578 ], [ 107.822447, -6.883867 ], [ 107.823678, -6.883018 ], [ 107.824942, -6.881898 ], [ 107.826346, -6.880195 ], [ 107.827202, -6.87881 ], [ 107.827771, -6.877592 ], [ 107.828528, -6.876051 ], [ 107.830066, -6.873042 ], [ 107.831617, -6.869528 ], [ 107.833912, -6.864817 ], [ 107.835347, -6.862133 ], [ 107.836426, -6.859721 ], [ 107.837372, -6.857843 ], [ 107.838282, -6.855942 ], [ 107.841133, -6.850436 ], [ 107.842463, -6.848392 ], [ 107.843927, -6.847279 ], [ 107.845318, -6.846253 ], [ 107.847525, -6.845396 ], [ 107.851997, -6.845737 ], [ 107.856601, -6.845042 ] ] } },
{ "type": "Feature", "properties": { "Name": "Jl. Tol Cileunyi - Sumedang - Dawuan", "description": "Jl. Tol Cileunyi - Sumedang - Dawuan   34.6 km", "tessellate": 1, "GEOTAGGING": "", "gx_media_links": null }, "geometry": { "type": "LineString", "coordinates": [ [ 107.856592, -6.845042 ], [ 107.858831, -6.84436 ], [ 107.871105, -6.84055 ], [ 107.939363, -6.801239 ], [ 107.997962, -6.787335 ], [ 108.047699, -6.739362 ], [ 108.090141, -6.659924 ] ] } },
{ "type": "Feature", "properties": { "Name": "001", "description": "001   33.3 km", "tessellate": 1, "GEOTAGGING": "", "gx_media_links": null }, "geometry": { "type": "LineString", "coordinates": [ [ 107.505091, -6.854558 ], [ 107.50027, -6.853253 ], [ 107.497786, -6.852457 ], [ 107.495242, -6.852044 ], [ 107.49191, -6.852108 ], [ 107.487055, -6.853443 ], [ 107.484815, -6.852824 ], [ 107.480308, -6.850698 ], [ 107.476225, -6.846197 ], [ 107.471462, -6.841284 ], [ 107.468278, -6.839393 ], [ 107.465974, -6.835147 ], [ 107.464852, -6.832557 ], [ 107.46318, -6.830433 ], [ 107.461699, -6.829846 ], [ 107.457825, -6.828735 ], [ 107.454504, -6.829023 ], [ 107.451506, -6.828967 ], [ 107.447071, -6.828651 ], [ 107.444205, -6.828645 ], [ 107.442048, -6.828771 ], [ 107.438637, -6.829762 ], [ 107.43623, -6.831051 ], [ 107.431208, -6.834725 ], [ 107.426551, -6.837413 ], [ 107.422692, -6.838712 ], [ 107.419621, -6.838682 ], [ 107.416382, -6.837254 ], [ 107.412961, -6.835241 ], [ 107.409532, -6.830774 ], [ 107.407746, -6.827935 ], [ 107.40619, -6.826357 ], [ 107.404466, -6.824883 ], [ 107.400805, -6.822889 ], [ 107.397816, -6.822348 ], [ 107.394745, -6.82221 ], [ 107.393824, -6.822374 ], [ 107.392334, -6.823073 ], [ 107.388285, -6.824556 ], [ 107.384221, -6.825913 ], [ 107.379939, -6.826278 ], [ 107.373989, -6.826642 ], [ 107.370158, -6.826993 ], [ 107.365489, -6.827957 ], [ 107.360248, -6.829839 ], [ 107.355035, -6.828873 ], [ 107.347653, -6.827469 ], [ 107.342827, -6.827763 ], [ 107.332313, -6.827329 ], [ 107.322873, -6.826423 ], [ 107.317598, -6.825258 ], [ 107.310824, -6.822845 ], [ 107.307944, -6.820949 ], [ 107.305176, -6.820168 ], [ 107.302971, -6.820564 ], [ 107.299735, -6.821875 ], [ 107.294857, -6.823095 ], [ 107.288203, -6.825335 ], [ 107.284473, -6.82543 ], [ 107.281294, -6.825188 ], [ 107.273909, -6.823939 ], [ 107.270746, -6.824074 ], [ 107.268269, -6.825277 ], [ 107.266832, -6.825998 ], [ 107.264601, -6.825914 ], [ 107.262117, -6.825285 ], [ 107.258438, -6.824462 ], [ 107.254859, -6.823193 ], [ 107.248503, -6.822226 ], [ 107.246385, -6.822236 ], [ 107.240198, -6.82302 ], [ 107.23557, -6.82489 ], [ 107.231479, -6.825735 ], [ 107.229349, -6.825687 ] ] } },
{ "type": "Feature", "properties": { "Name": "Jl. Tol Sukabumi - Ciranjang", "description": "Jl. Tol Sukabumi - Ciranjang   82.4 km", "tessellate": 1, "GEOTAGGING": "", "gx_media_links": null }, "geometry": { "type": "LineString", "coordinates": [ [ 107.229363, -6.825684 ], [ 107.225033, -6.824344 ], [ 107.220293, -6.823295 ], [ 107.217986, -6.823096 ], [ 107.215247, -6.823468 ], [ 107.211621, -6.825629 ], [ 107.208557, -6.827575 ], [ 107.205445, -6.82947 ], [ 107.200909, -6.83143 ], [ 107.191174, -6.83263 ], [ 107.176733, -6.83458 ], [ 107.175472, -6.835001 ], [ 107.168281, -6.836415 ], [ 107.161856, -6.840257 ], [ 107.159612, -6.842246 ], [ 107.154083, -6.846626 ], [ 107.15054, -6.849769 ], [ 107.146382, -6.853823 ], [ 107.141935, -6.857716 ], [ 107.137068, -6.86113 ], [ 107.135737, -6.861538 ], [ 107.133389, -6.861642 ], [ 107.121958, -6.86076 ], [ 107.11948, -6.861181 ], [ 107.118076, -6.861668 ], [ 107.1163, -6.863039 ], [ 107.11198, -6.865843 ], [ 107.106819, -6.869886 ], [ 107.101921, -6.874413 ], [ 107.09476, -6.878656 ], [ 107.091168, -6.879441 ], [ 107.083895, -6.878887 ], [ 107.075793, -6.878327 ], [ 107.069468, -6.876148 ], [ 107.061797, -6.876082 ], [ 107.05846, -6.876627 ], [ 107.05305, -6.877802 ], [ 107.048274, -6.878085 ], [ 107.045552, -6.87747 ], [ 107.036767, -6.875412 ], [ 107.032781, -6.875087 ], [ 107.029341, -6.876045 ], [ 107.026615, -6.878834 ], [ 107.02124, -6.883503 ], [ 107.016202, -6.887708 ], [ 107.008965, -6.891871 ], [ 106.995318, -6.895215 ], [ 106.986804, -6.898009 ], [ 106.980256, -6.899758 ], [ 106.966991, -6.904203 ], [ 106.96178, -6.905137 ], [ 106.956345, -6.904787 ], [ 106.952371, -6.903292 ], [ 106.949468, -6.903268 ], [ 106.942559, -6.903522 ], [ 106.935215, -6.902204 ], [ 106.928392, -6.900257 ], [ 106.925899, -6.898761 ], [ 106.923072, -6.898396 ], [ 106.915815, -6.899358 ], [ 106.914072, -6.8998 ], [ 106.910964, -6.899889 ], [ 106.90904, -6.899798 ], [ 106.903949, -6.898519 ], [ 106.901297, -6.897786 ], [ 106.896323, -6.896774 ], [ 106.886328, -6.895882 ], [ 106.882221, -6.896086 ], [ 106.874137, -6.894997 ], [ 106.869289, -6.896004 ], [ 106.863833, -6.897387 ], [ 106.856788, -6.897767 ], [ 106.853233, -6.896813 ], [ 106.844284, -6.895753 ], [ 106.837814, -6.894836 ], [ 106.832842, -6.893778 ], [ 106.827843, -6.892503 ], [ 106.82371, -6.891573 ], [ 106.815801, -6.889306 ], [ 106.810798, -6.888145 ], [ 106.804781, -6.887886 ], [ 106.802551, -6.887758 ], [ 106.79774, -6.886573 ], [ 106.792043, -6.884344 ], [ 106.788027, -6.881415 ], [ 106.784123, -6.877415 ], [ 106.782562, -6.874717 ], [ 106.778993, -6.86856 ], [ 106.775918, -6.861294 ], [ 106.772846, -6.855512 ], [ 106.771879, -6.853529 ], [ 106.769957, -6.843187 ], [ 106.769421, -6.839607 ], [ 106.770277, -6.831288 ], [ 106.771841, -6.82514 ], [ 106.776981, -6.818841 ], [ 106.780526, -6.815229 ], [ 106.783666, -6.810664 ], [ 106.785292, -6.807129 ], [ 106.78628, -6.799371 ], [ 106.787311, -6.795894 ], [ 106.789606, -6.791739 ], [ 106.792167, -6.788249 ], [ 106.796219, -6.784316 ], [ 106.799146, -6.780964 ], [ 106.801465, -6.778151 ], [ 106.804133, -6.773319 ], [ 106.805264, -6.769488 ], [ 106.805346, -6.767856 ], [ 106.805347, -6.767074 ], [ 106.804901, -6.764581 ], [ 106.804686, -6.762786 ], [ 106.804397, -6.759632 ], [ 106.805256, -6.753947 ], [ 106.807655, -6.749985 ], [ 106.811082, -6.746611 ], [ 106.814463, -6.745346 ], [ 106.818323, -6.743074 ], [ 106.820507, -6.741804 ], [ 106.822902, -6.74023 ], [ 106.825605, -6.736909 ], [ 106.826893, -6.733122 ], [ 106.828278, -6.727518 ], [ 106.829087, -6.723458 ], [ 106.830107, -6.717577 ], [ 106.830471, -6.712332 ], [ 106.830255, -6.707432 ], [ 106.827803, -6.704129 ], [ 106.824526, -6.701384 ], [ 106.823151, -6.698984 ], [ 106.82336, -6.695949 ], [ 106.826381, -6.691087 ], [ 106.828026, -6.688069 ], [ 106.830961, -6.683576 ], [ 106.834368, -6.678374 ], [ 106.835791, -6.674645 ], [ 106.836027, -6.670691 ], [ 106.838027, -6.664618 ], [ 106.838788, -6.659662 ], [ 106.841131, -6.656828 ], [ 106.843513, -6.655227 ], [ 106.846876, -6.65269 ], [ 106.847873, -6.650949 ], [ 106.848185, -6.648832 ], [ 106.848102, -6.645751 ], [ 106.848038, -6.645196 ] ] } },
{ "type": "Feature", "properties": { "Name": "28.\tJalan Tol Cengkareng – Batu – Ceper – Kunciran (14,19km)", "description": "002 16.0 km", "tessellate": 1, "GEOTAGGING": "", "gx_media_links": null }, "geometry": { "type": "LineString", "coordinates": [ [ 106.689657, -6.110792 ], [ 106.691199, -6.112586 ], [ 106.691524, -6.113006 ], [ 106.692469, -6.114821 ], [ 106.694592, -6.123678 ], [ 106.693738, -6.126947 ], [ 106.692488, -6.129197 ], [ 106.68818, -6.131626 ], [ 106.683491, -6.133186 ], [ 106.683407, -6.133254 ], [ 106.679897, -6.134897 ], [ 106.675765, -6.136899 ], [ 106.669134, -6.140844 ], [ 106.663629, -6.141158 ], [ 106.660869, -6.142926 ], [ 106.659152, -6.145769 ], [ 106.659149, -6.145798 ], [ 106.658549, -6.147365 ], [ 106.659024, -6.149164 ], [ 106.659706, -6.151767 ], [ 106.661926, -6.153882 ], [ 106.663124, -6.155134 ], [ 106.662889, -6.157101 ], [ 106.662782, -6.158238 ], [ 106.662062, -6.16015 ], [ 106.661073, -6.161194 ], [ 106.657163, -6.162771 ], [ 106.655893, -6.164334 ], [ 106.65597, -6.165766 ], [ 106.654313, -6.170577 ], [ 106.653711, -6.173523 ], [ 106.654026, -6.175854 ], [ 106.654243, -6.178823 ], [ 106.653098, -6.180569 ], [ 106.651837, -6.182632 ], [ 106.651603, -6.186839 ], [ 106.65205, -6.190046 ], [ 106.652664, -6.192184 ], [ 106.654701, -6.194422 ], [ 106.655973, -6.197683 ], [ 106.656485, -6.202904 ], [ 106.65844, -6.204775 ], [ 106.665045, -6.209334 ], [ 106.669071, -6.212693 ], [ 106.672702, -6.214911 ], [ 106.673438, -6.216106 ] ] } },
{ "type": "Feature", "properties": { "Name": "30.\tJalan Tol Serpong – Cinere (10,14km)", "description": "003 10.7 km", "tessellate": 1, "GEOTAGGING": "", "gx_media_links": null }, "geometry": { "type": "LineString", "coordinates": [ [ 106.673421, -6.216077 ], [ 106.674887, -6.218652 ], [ 106.676796, -6.221715 ], [ 106.678014, -6.22478 ], [ 106.678179, -6.226923 ], [ 106.676798, -6.228639 ], [ 106.675734, -6.230083 ], [ 106.675182, -6.231369 ], [ 106.674535, -6.233701 ], [ 106.674818, -6.23634 ], [ 106.675007, -6.237421 ], [ 106.676611, -6.239643 ], [ 106.677581, -6.241234 ], [ 106.679223, -6.242579 ], [ 106.683626, -6.245741 ], [ 106.684552, -6.246702 ], [ 106.684915, -6.247147 ], [ 106.684942, -6.247783 ], [ 106.685249, -6.251775 ], [ 106.68565, -6.252972 ], [ 106.687024, -6.254831 ], [ 106.687708, -6.256958 ], [ 106.689632, -6.259032 ], [ 106.694313, -6.264522 ], [ 106.695941, -6.266394 ], [ 106.696604, -6.268524 ], [ 106.697045, -6.269795 ], [ 106.697424, -6.271803 ], [ 106.698229, -6.275837 ], [ 106.698072, -6.279932 ], [ 106.697809, -6.283458 ], [ 106.698202, -6.285708 ], [ 106.700271, -6.291654 ], [ 106.701177, -6.293382 ], [ 106.704136, -6.298254 ], [ 106.705383, -6.300009 ] ] } },
{ "type": "Feature", "properties": { "Name": "Jl. Tol Serpong - Cinere", "description": "Jl. Tol Serpong - Cinere   10.2 km", "tessellate": 1, "GEOTAGGING": "", "gx_media_links": null }, "geometry": { "type": "LineString", "coordinates": [ [ 106.702723, -6.301818 ], [ 106.703905, -6.303617 ], [ 106.707261, -6.307549 ], [ 106.708397, -6.308975 ], [ 106.709975, -6.309902 ], [ 106.712229, -6.311999 ], [ 106.715898, -6.314118 ], [ 106.719422, -6.315071 ], [ 106.724885, -6.316274 ], [ 106.728664, -6.317838 ], [ 106.730807, -6.320453 ], [ 106.733095, -6.323547 ], [ 106.733868, -6.326646 ], [ 106.73455, -6.328662 ], [ 106.736324, -6.330217 ], [ 106.738766, -6.33261 ], [ 106.742009, -6.333951 ], [ 106.743969, -6.335413 ], [ 106.745015, -6.337891 ], [ 106.746396, -6.341592 ], [ 106.748574, -6.343708 ], [ 106.751871, -6.345667 ], [ 106.754665, -6.347573 ], [ 106.755286, -6.348714 ], [ 106.757541, -6.354405 ], [ 106.758302, -6.355713 ], [ 106.760579, -6.357627 ], [ 106.764371, -6.361334 ], [ 106.766407, -6.362595 ] ] } },
{ "type": "Feature", "properties": { "Name": "65.\tJalan Tol Yogyakarta – Solo (40,49km)", "description": "", "tessellate": 1, "GEOTAGGING": "", "gx_media_links": null }, "geometry": { "type": "LineString", "coordinates": [ [ 110.4318237, -7.7844724 ], [ 110.4592896, -7.7817511 ], [ 110.4771423, -7.7735872 ], [ 110.5018616, -7.763382 ], [ 110.5190277, -7.7565784 ], [ 110.5355072, -7.7463729 ], [ 110.565033, -7.7314043 ], [ 110.6069183, -7.7109917 ], [ 110.6268311, -7.6946609 ], [ 110.6536102, -7.6688025 ], [ 110.6721497, -7.6463453 ], [ 110.6803894, -7.6259286 ], [ 110.6913757, -7.6068721 ], [ 110.7051086, -7.5755633 ], [ 110.7112885, -7.5544625 ], [ 110.7112885, -7.5435714 ], [ 110.712407, -7.531892 ] ] } },
{ "type": "Feature", "properties": { "Name": "36.\tJalan Tol Bogor Ring Road (11km)", "description": "", "tessellate": 1, "GEOTAGGING": "", "gx_media_links": null }, "geometry": { "type": "LineString", "coordinates": [ [ 106.8430281, -6.5650886 ], [ 106.8423629, -6.5648542 ], [ 106.841805, -6.5647263 ], [ 106.8411398, -6.5645984 ], [ 106.8401742, -6.5645131 ], [ 106.8390584, -6.5644065 ], [ 106.8379641, -6.5642999 ], [ 106.8371916, -6.5642999 ], [ 106.8363762, -6.5642999 ], [ 106.8353891, -6.5644278 ], [ 106.834445, -6.5647902 ], [ 106.833179, -6.5654084 ], [ 106.8322349, -6.5661545 ], [ 106.8314409, -6.5667514 ], [ 106.830647, -6.5674335 ], [ 106.8295956, -6.5682435 ], [ 106.8287158, -6.5688831 ], [ 106.8279862, -6.5693094 ], [ 106.8272567, -6.5695012 ], [ 106.8262053, -6.5696931 ], [ 106.8251538, -6.5696718 ], [ 106.8235016, -6.5697144 ], [ 106.8219781, -6.5696505 ], [ 106.8206048, -6.5695652 ], [ 106.8192744, -6.5694586 ], [ 106.8181372, -6.5692668 ], [ 106.8168497, -6.5687552 ], [ 106.8154764, -6.5679451 ], [ 106.8141031, -6.5669645 ], [ 106.8128371, -6.5659413 ], [ 106.8115497, -6.5647689 ], [ 106.8105841, -6.5641507 ], [ 106.8095112, -6.5633407 ], [ 106.8084812, -6.562424 ], [ 106.8076873, -6.5619764 ], [ 106.8071508, -6.5615927 ], [ 106.8065286, -6.5613155 ], [ 106.806035, -6.5611237 ], [ 106.8055415, -6.5610597 ], [ 106.8046188, -6.5611663 ], [ 106.8036962, -6.5614008 ], [ 106.8020868, -6.5617845 ], [ 106.7996192, -6.5622961 ], [ 106.7978382, -6.5626585 ], [ 106.7967224, -6.5626585 ], [ 106.7954779, -6.5625306 ], [ 106.7920446, -6.56155 ], [ 106.7897272, -6.5608466 ], [ 106.7878175, -6.5602497 ], [ 106.7853928, -6.5592264 ], [ 106.7831612, -6.55799 ], [ 106.7815304, -6.5570521 ], [ 106.7805004, -6.556711 ], [ 106.7791271, -6.5560289 ] ] } },
{ "type": "Feature", "properties": { "Name": "33.\tJalan Tol Cibitung – Cilincing (34km)", "description": "", "tessellate": 1, "GEOTAGGING": "", "gx_media_links": "https:\/\/doc-0o-58-mymaps.googleusercontent.com\/untrusted\/hostedimage\/ihucu48q9m5s1hftel5u85tfdc\/06ngtf4gfkmdm2d3s37eh4t9vg\/1650520800000\/28RfnFRTngKteFjOzVQ7-IdecxTCOcCK\/*\/6AIsG_vYVzqeMcqFO6-i0M0mjUf5aVvlTixAzgguax8e_kSZyILHwwrd_5sdr-A1zt-TWWFoCT5bi2TlAQlsvJHeZItbZLVHY3hLmi6RlVMIPBC6mTRkICe_MN_fErg_yFYZhIT224oph7MBsN7wTWULgdVOYpoqb7H--arPEhhwHrv9Ayuwkyvs2JWW_yzcC?session=0&fife" }, "geometry": { "type": "LineString", "coordinates": [ [ 106.935526, -6.135656 ], [ 106.9411971, -6.1298758 ], [ 106.9523551, -6.1154531 ], [ 106.9557025, -6.1123808 ], [ 106.9646289, -6.1071749 ], [ 106.9700362, -6.1061507 ], [ 106.9747569, -6.10598 ], [ 106.9945527, -6.1086334 ], [ 107.0394733, -6.1128928 ], [ 107.0549755, -6.1210574 ], [ 107.0605876, -6.1335454 ], [ 107.0617892, -6.1356788 ], [ 107.0640208, -6.1483089 ], [ 107.06548, -6.1583785 ], [ 107.0716598, -6.1834665 ], [ 107.0863368, -6.2250213 ], [ 107.0886392, -6.2387022 ], [ 107.0940144, -6.250018 ], [ 107.0976665, -6.2560785 ], [ 107.0986857, -6.270679 ], [ 107.0980098, -6.2751897 ], [ 107.0875385, -6.2873045 ], [ 107.085055, -6.286366 ] ] } },
{ "type": "Feature", "properties": { "Name": "TOL BEKASI - CAWANG - KP MELAYU", "description": "", "tessellate": 1, "GEOTAGGING": "", "gx_media_links": null }, "geometry": { "type": "LineString", "coordinates": [ [ 106.878, -6.238304 ], [ 106.8787929, -6.2392212 ], [ 106.8796082, -6.2399891 ], [ 106.8813249, -6.2403731 ], [ 106.8841573, -6.2400744 ], [ 106.8856593, -6.2400318 ], [ 106.8880626, -6.2400318 ], [ 106.8904658, -6.2399465 ], [ 106.8933412, -6.2403304 ], [ 106.8948432, -6.2412263 ], [ 106.8959161, -6.2422075 ], [ 106.8967744, -6.2430607 ], [ 106.8981906, -6.2441272 ], [ 106.8999501, -6.2451084 ], [ 106.9021388, -6.245791 ], [ 106.90558, -6.2469855 ], [ 106.9090132, -6.24818 ], [ 106.9132189, -6.2498864 ], [ 106.9179396, -6.2492038 ], [ 106.9214586, -6.2488625 ], [ 106.9260935, -6.2489479 ], [ 106.9315866, -6.2495451 ], [ 106.9386248, -6.2499717 ], [ 106.9448904, -6.2504836 ], [ 106.9502977, -6.2506543 ], [ 106.953731, -6.2506543 ], [ 106.956968, -6.250952 ] ] } },
{ "type": "Feature", "properties": { "Name": "Jalan Tol Tanjung Priok .", "description": "", "tessellate": 1, "GEOTAGGING": "", "gx_media_links": null }, "geometry": { "type": "LineString", "coordinates": [ [ 106.892686, -6.133401 ], [ 106.8932118, -6.1317976 ], [ 106.8937697, -6.1304321 ], [ 106.8937268, -6.1286827 ], [ 106.8935122, -6.124373 ], [ 106.8933405, -6.1197219 ], [ 106.893126, -6.1163082 ], [ 106.8930831, -6.1137479 ], [ 106.8931474, -6.1122544 ], [ 106.8932118, -6.111529 ], [ 106.8931903, -6.1093741 ], [ 106.8932547, -6.1084567 ], [ 106.8934693, -6.1079873 ], [ 106.8938126, -6.1077739 ], [ 106.8943276, -6.1076459 ], [ 106.8951001, -6.1076032 ], [ 106.8958725, -6.1075179 ], [ 106.8968381, -6.1075819 ], [ 106.8979969, -6.1076459 ], [ 106.8993272, -6.1078166 ], [ 106.9006791, -6.1079873 ], [ 106.9019236, -6.108222 ], [ 106.9040694, -6.108542 ], [ 106.9057431, -6.1087554 ], [ 106.9068589, -6.1087767 ], [ 106.9091548, -6.108862 ], [ 106.9106569, -6.1087554 ], [ 106.9120731, -6.108606 ], [ 106.9130172, -6.1085207 ], [ 106.9142189, -6.108478 ], [ 106.9154849, -6.108414 ], [ 106.9166436, -6.1083287 ], [ 106.9175019, -6.1080726 ], [ 106.9183602, -6.1077739 ], [ 106.9190898, -6.1075392 ], [ 106.9197335, -6.1073259 ], [ 106.9205489, -6.1073472 ], [ 106.9214716, -6.1076459 ], [ 106.9220938, -6.1080086 ], [ 106.9227161, -6.1086487 ], [ 106.9230594, -6.1092034 ], [ 106.923274, -6.1099502 ], [ 106.92351, -6.1111023 ], [ 106.9237246, -6.1121264 ], [ 106.9241538, -6.1132359 ], [ 106.9244542, -6.1144093 ], [ 106.92454, -6.1150921 ] ] } }
]
}
