<?xml version="1.0" encoding="UTF-8"?>
<kml xmlns="http://www.opengis.net/kml/2.2">
  <Document>
    <name>Trans Jogja - v60</name>
    <description><![CDATA[Bahasa: Indonesia / Language: English<br><br>Tanggal: 5 Juni 2026 / Date: June 5, 2026<br><br>Catatan Perubahan  / Changelog:<br><br>I. Perubahan jalur untuk: / Changed route:<br>* 13<br><br>II. Penambahan perhentian bus untuk: / Added bus stops:<br>* Makam Santrean<br>* Ombudsman<br>* Pasar Belut Godean - A<br>* Pasar Induk Godean - A<br>* Pasar Induk Godean - B<br>* Pasar Lempuyangan<br>* Polsek Umbulharjo<br>* Stadion TGP<br>* SMK Negeri 2 Godean<br>* SMPN 1 Godean<br><br>III. Perubahan perhentian bus untuk: / Changed bus stops:<br>* Pusat Kuliner Belut Godean => Pasar Belut Godean - B <br><br>IV.Penyesuaian deskripsi untuk / Adjusted Description:<br>* 2A<br>* 2B<br>* 4A<br>* 4B<br>* 12<br>* 13<br><br>V. Penyesuaian Nama Versi / Adjusted Versioning:<br>* v59.0 => v60<br><br>--------------------------------------------------------------<br><br>Github Repository: https://github.com/MifuSaja/trans-jogja<br><br>Masukan / Feedback: <br>- Email: mifusaja@gmail.com]]></description>
    <Style id="icon-seq2-1-0-1A237E-normal">
      <IconStyle>
        <color>ff7e231a</color>
        <scale>1</scale>
        <Icon>
          <href>images/icon-1.png</href>
        </Icon>
      </IconStyle>
      <LabelStyle>
        <scale>0</scale>
      </LabelStyle>
    </Style>
    <Style id="icon-seq2-1-0-1A237E-highlight">
      <IconStyle>
        <color>ff7e231a</color>
        <scale>1</scale>
        <Icon>
          <href>images/icon-1.png</href>
        </Icon>
      </IconStyle>
      <LabelStyle>
        <scale>1</scale>
      </LabelStyle>
    </Style>
    <StyleMap id="icon-seq2-1-0-1A237E">
      <Pair>
        <key>normal</key>
        <styleUrl>#icon-seq2-1-0-1A237E-normal</styleUrl>
      </Pair>
      <Pair>
        <key>highlight</key>
        <styleUrl>#icon-seq2-1-0-1A237E-highlight</styleUrl>
      </Pair>
    </StyleMap>
    <Style id="icon-seq2-1-1-1A237E-normal">
      <IconStyle>
        <color>ff7e231a</color>
        <scale>1</scale>
        <Icon>
          <href>images/icon-2.png</href>
        </Icon>
      </IconStyle>
      <LabelStyle>
        <scale>0</scale>
      </LabelStyle>
    </Style>
    <Style id="icon-seq2-1-1-1A237E-highlight">
      <IconStyle>
        <color>ff7e231a</color>
        <scale>1</scale>
        <Icon>
          <href>images/icon-2.png</href>
        </Icon>
      </IconStyle>
      <LabelStyle>
        <scale>1</scale>
      </LabelStyle>
    </Style>
    <StyleMap id="icon-seq2-1-1-1A237E">
      <Pair>
        <key>normal</key>
        <styleUrl>#icon-seq2-1-1-1A237E-normal</styleUrl>
      </Pair>
      <Pair>
        <key>highlight</key>
        <styleUrl>#icon-seq2-1-1-1A237E-highlight</styleUrl>
      </Pair>
    </StyleMap>
    <Style id="icon-seq2-1-10-1A237E-normal">
      <IconStyle>
        <color>ff7e231a</color>
        <scale>1</scale>
        <Icon>
          <href>images/icon-11.png</href>
        </Icon>
      </IconStyle>
      <LabelStyle>
        <scale>0</scale>
      </LabelStyle>
    </Style>
    <Style id="icon-seq2-1-10-1A237E-highlight">
      <IconStyle>
        <color>ff7e231a</color>
        <scale>1</scale>
        <Icon>
          <href>images/icon-11.png</href>
        </Icon>
      </IconStyle>
      <LabelStyle>
        <scale>1</scale>
      </LabelStyle>
    </Style>
    <StyleMap id="icon-seq2-1-10-1A237E">
      <Pair>
        <key>normal</key>
        <styleUrl>#icon-seq2-1-10-1A237E-normal</styleUrl>
      </Pair>
      <Pair>
        <key>highlight</key>
        <styleUrl>#icon-seq2-1-10-1A237E-highlight</styleUrl>
      </Pair>
    </StyleMap>
    <Style id="icon-seq2-1-100-1A237E-normal">
      <IconStyle>
        <color>ff7e231a</color>
        <scale>1</scale>
        <Icon>
          <href>images/icon-101.png</href>
        </Icon>
      </IconStyle>
      <LabelStyle>
        <scale>0</scale>
      </LabelStyle>
    </Style>
    <Style id="icon-seq2-1-100-1A237E-highlight">
      <IconStyle>
        <color>ff7e231a</color>
        <scale>1</scale>
        <Icon>
          <href>images/icon-101.png</href>
        </Icon>
      </IconStyle>
      <LabelStyle>
        <scale>1</scale>
      </LabelStyle>
    </Style>
    <StyleMap id="icon-seq2-1-100-1A237E">
      <Pair>
        <key>normal</key>
        <styleUrl>#icon-seq2-1-100-1A237E-normal</styleUrl>
      </Pair>
      <Pair>
        <key>highlight</key>
        <styleUrl>#icon-seq2-1-100-1A237E-highlight</styleUrl>
      </Pair>
    </StyleMap>
    <Style id="icon-seq2-1-101-1A237E-normal">
      <IconStyle>
        <color>ff7e231a</color>
        <scale>1</scale>
        <Icon>
          <href>images/icon-102.png</href>
        </Icon>
      </IconStyle>
      <LabelStyle>
        <scale>0</scale>
      </LabelStyle>
    </Style>
    <Style id="icon-seq2-1-101-1A237E-highlight">
      <IconStyle>
        <color>ff7e231a</color>
        <scale>1</scale>
        <Icon>
          <href>images/icon-102.png</href>
        </Icon>
      </IconStyle>
      <LabelStyle>
        <scale>1</scale>
      </LabelStyle>
    </Style>
    <StyleMap id="icon-seq2-1-101-1A237E">
      <Pair>
        <key>normal</key>
        <styleUrl>#icon-seq2-1-101-1A237E-normal</styleUrl>
      </Pair>
      <Pair>
        <key>highlight</key>
        <styleUrl>#icon-seq2-1-101-1A237E-highlight</styleUrl>
      </Pair>
    </StyleMap>
    <Style id="icon-seq2-1-102-1A237E-normal">
      <IconStyle>
        <color>ff7e231a</color>
        <scale>1</scale>
        <Icon>
          <href>images/icon-103.png</href>
        </Icon>
      </IconStyle>
      <LabelStyle>
        <scale>0</scale>
      </LabelStyle>
    </Style>
    <Style id="icon-seq2-1-102-1A237E-highlight">
      <IconStyle>
        <color>ff7e231a</color>
        <scale>1</scale>
        <Icon>
          <href>images/icon-103.png</href>
        </Icon>
      </IconStyle>
      <LabelStyle>
        <scale>1</scale>
      </LabelStyle>
    </Style>
    <StyleMap id="icon-seq2-1-102-1A237E">
      <Pair>
        <key>normal</key>
        <styleUrl>#icon-seq2-1-102-1A237E-normal</styleUrl>
      </Pair>
      <Pair>
        <key>highlight</key>
        <styleUrl>#icon-seq2-1-102-1A237E-highlight</styleUrl>
      </Pair>
    </StyleMap>
    <Style id="icon-seq2-1-103-1A237E-normal">
      <IconStyle>
        <color>ff7e231a</color>
        <scale>1</scale>
        <Icon>
          <href>images/icon-104.png</href>
        </Icon>
      </IconStyle>
      <LabelStyle>
        <scale>0</scale>
      </LabelStyle>
    </Style>
    <Style id="icon-seq2-1-103-1A237E-highlight">
      <IconStyle>
        <color>ff7e231a</color>
        <scale>1</scale>
        <Icon>
          <href>images/icon-104.png</href>
        </Icon>
      </IconStyle>
      <LabelStyle>
        <scale>1</scale>
      </LabelStyle>
    </Style>
    <StyleMap id="icon-seq2-1-103-1A237E">
      <Pair>
        <key>normal</key>
        <styleUrl>#icon-seq2-1-103-1A237E-normal</styleUrl>
      </Pair>
      <Pair>
        <key>highlight</key>
        <styleUrl>#icon-seq2-1-103-1A237E-highlight</styleUrl>
      </Pair>
    </StyleMap>
    <Style id="icon-seq2-1-104-1A237E-normal">
      <IconStyle>
        <color>ff7e231a</color>
        <scale>1</scale>
        <Icon>
          <href>images/icon-105.png</href>
        </Icon>
      </IconStyle>
      <LabelStyle>
        <scale>0</scale>
      </LabelStyle>
    </Style>
    <Style id="icon-seq2-1-104-1A237E-highlight">
      <IconStyle>
        <color>ff7e231a</color>
        <scale>1</scale>
        <Icon>
          <href>images/icon-105.png</href>
        </Icon>
      </IconStyle>
      <LabelStyle>
        <scale>1</scale>
      </LabelStyle>
    </Style>
    <StyleMap id="icon-seq2-1-104-1A237E">
      <Pair>
        <key>normal</key>
        <styleUrl>#icon-seq2-1-104-1A237E-normal</styleUrl>
      </Pair>
      <Pair>
        <key>highlight</key>
        <styleUrl>#icon-seq2-1-104-1A237E-highlight</styleUrl>
      </Pair>
    </StyleMap>
    <Style id="icon-seq2-1-105-1A237E-normal">
      <IconStyle>
        <color>ff7e231a</color>
        <scale>1</scale>
        <Icon>
          <href>images/icon-106.png</href>
        </Icon>
      </IconStyle>
      <LabelStyle>
        <scale>0</scale>
      </LabelStyle>
    </Style>
    <Style id="icon-seq2-1-105-1A237E-highlight">
      <IconStyle>
        <color>ff7e231a</color>
        <scale>1</scale>
        <Icon>
          <href>images/icon-106.png</href>
        </Icon>
      </IconStyle>
      <LabelStyle>
        <scale>1</scale>
      </LabelStyle>
    </Style>
    <StyleMap id="icon-seq2-1-105-1A237E">
      <Pair>
        <key>normal</key>
        <styleUrl>#icon-seq2-1-105-1A237E-normal</styleUrl>
      </Pair>
      <Pair>
        <key>highlight</key>
        <styleUrl>#icon-seq2-1-105-1A237E-highlight</styleUrl>
      </Pair>
    </StyleMap>
    <Style id="icon-seq2-1-106-1A237E-normal">
      <IconStyle>
        <color>ff7e231a</color>
        <scale>1</scale>
        <Icon>
          <href>images/icon-107.png</href>
        </Icon>
      </IconStyle>
      <LabelStyle>
        <scale>0</scale>
      </LabelStyle>
    </Style>
    <Style id="icon-seq2-1-106-1A237E-highlight">
      <IconStyle>
        <color>ff7e231a</color>
        <scale>1</scale>
        <Icon>
          <href>images/icon-107.png</href>
        </Icon>
      </IconStyle>
      <LabelStyle>
        <scale>1</scale>
      </LabelStyle>
    </Style>
    <StyleMap id="icon-seq2-1-106-1A237E">
      <Pair>
        <key>normal</key>
        <styleUrl>#icon-seq2-1-106-1A237E-normal</styleUrl>
      </Pair>
      <Pair>
        <key>highlight</key>
        <styleUrl>#icon-seq2-1-106-1A237E-highlight</styleUrl>
      </Pair>
    </StyleMap>
    <Style id="icon-seq2-1-107-1A237E-normal">
      <IconStyle>
        <color>ff7e231a</color>
        <scale>1</scale>
        <Icon>
          <href>images/icon-108.png</href>
        </Icon>
      </IconStyle>
      <LabelStyle>
        <scale>0</scale>
      </LabelStyle>
    </Style>
    <Style id="icon-seq2-1-107-1A237E-highlight">
      <IconStyle>
        <color>ff7e231a</color>
        <scale>1</scale>
        <Icon>
          <href>images/icon-108.png</href>
        </Icon>
      </IconStyle>
      <LabelStyle>
        <scale>1</scale>
      </LabelStyle>
    </Style>
    <StyleMap id="icon-seq2-1-107-1A237E">
      <Pair>
        <key>normal</key>
        <styleUrl>#icon-seq2-1-107-1A237E-normal</styleUrl>
      </Pair>
      <Pair>
        <key>highlight</key>
        <styleUrl>#icon-seq2-1-107-1A237E-highlight</styleUrl>
      </Pair>
    </StyleMap>
    <Style id="icon-seq2-1-108-1A237E-normal">
      <IconStyle>
        <color>ff7e231a</color>
        <scale>1</scale>
        <Icon>
          <href>images/icon-109.png</href>
        </Icon>
      </IconStyle>
      <LabelStyle>
        <scale>0</scale>
      </LabelStyle>
    </Style>
    <Style id="icon-seq2-1-108-1A237E-highlight">
      <IconStyle>
        <color>ff7e231a</color>
        <scale>1</scale>
        <Icon>
          <href>images/icon-109.png</href>
        </Icon>
      </IconStyle>
      <LabelStyle>
        <scale>1</scale>
      </LabelStyle>
    </Style>
    <StyleMap id="icon-seq2-1-108-1A237E">
      <Pair>
        <key>normal</key>
        <styleUrl>#icon-seq2-1-108-1A237E-normal</styleUrl>
      </Pair>
      <Pair>
        <key>highlight</key>
        <styleUrl>#icon-seq2-1-108-1A237E-highlight</styleUrl>
      </Pair>
    </StyleMap>
    <Style id="icon-seq2-1-109-1A237E-normal">
      <IconStyle>
        <color>ff7e231a</color>
        <scale>1</scale>
        <Icon>
          <href>images/icon-110.png</href>
        </Icon>
      </IconStyle>
      <LabelStyle>
        <scale>0</scale>
      </LabelStyle>
    </Style>
    <Style id="icon-seq2-1-109-1A237E-highlight">
      <IconStyle>
        <color>ff7e231a</color>
        <scale>1</scale>
        <Icon>
          <href>images/icon-110.png</href>
        </Icon>
      </IconStyle>
      <LabelStyle>
        <scale>1</scale>
      </LabelStyle>
    </Style>
    <StyleMap id="icon-seq2-1-109-1A237E">
      <Pair>
        <key>normal</key>
        <styleUrl>#icon-seq2-1-109-1A237E-normal</styleUrl>
      </Pair>
      <Pair>
        <key>highlight</key>
        <styleUrl>#icon-seq2-1-109-1A237E-highlight</styleUrl>
      </Pair>
    </StyleMap>
    <Style id="icon-seq2-1-11-1A237E-normal">
      <IconStyle>
        <color>ff7e231a</color>
        <scale>1</scale>
        <Icon>
          <href>images/icon-12.png</href>
        </Icon>
      </IconStyle>
      <LabelStyle>
        <scale>0</scale>
      </LabelStyle>
    </Style>
    <Style id="icon-seq2-1-11-1A237E-highlight">
      <IconStyle>
        <color>ff7e231a</color>
        <scale>1</scale>
        <Icon>
          <href>images/icon-12.png</href>
        </Icon>
      </IconStyle>
      <LabelStyle>
        <scale>1</scale>
      </LabelStyle>
    </Style>
    <StyleMap id="icon-seq2-1-11-1A237E">
      <Pair>
        <key>normal</key>
        <styleUrl>#icon-seq2-1-11-1A237E-normal</styleUrl>
      </Pair>
      <Pair>
        <key>highlight</key>
        <styleUrl>#icon-seq2-1-11-1A237E-highlight</styleUrl>
      </Pair>
    </StyleMap>
    <Style id="icon-seq2-1-110-1A237E-normal">
      <IconStyle>
        <color>ff7e231a</color>
        <scale>1</scale>
        <Icon>
          <href>images/icon-111.png</href>
        </Icon>
      </IconStyle>
      <LabelStyle>
        <scale>0</scale>
      </LabelStyle>
    </Style>
    <Style id="icon-seq2-1-110-1A237E-highlight">
      <IconStyle>
        <color>ff7e231a</color>
        <scale>1</scale>
        <Icon>
          <href>images/icon-111.png</href>
        </Icon>
      </IconStyle>
      <LabelStyle>
        <scale>1</scale>
      </LabelStyle>
    </Style>
    <StyleMap id="icon-seq2-1-110-1A237E">
      <Pair>
        <key>normal</key>
        <styleUrl>#icon-seq2-1-110-1A237E-normal</styleUrl>
      </Pair>
      <Pair>
        <key>highlight</key>
        <styleUrl>#icon-seq2-1-110-1A237E-highlight</styleUrl>
      </Pair>
    </StyleMap>
    <Style id="icon-seq2-1-111-1A237E-normal">
      <IconStyle>
        <color>ff7e231a</color>
        <scale>1</scale>
        <Icon>
          <href>images/icon-112.png</href>
        </Icon>
      </IconStyle>
      <LabelStyle>
        <scale>0</scale>
      </LabelStyle>
    </Style>
    <Style id="icon-seq2-1-111-1A237E-highlight">
      <IconStyle>
        <color>ff7e231a</color>
        <scale>1</scale>
        <Icon>
          <href>images/icon-112.png</href>
        </Icon>
      </IconStyle>
      <LabelStyle>
        <scale>1</scale>
      </LabelStyle>
    </Style>
    <StyleMap id="icon-seq2-1-111-1A237E">
      <Pair>
        <key>normal</key>
        <styleUrl>#icon-seq2-1-111-1A237E-normal</styleUrl>
      </Pair>
      <Pair>
        <key>highlight</key>
        <styleUrl>#icon-seq2-1-111-1A237E-highlight</styleUrl>
      </Pair>
    </StyleMap>
    <Style id="icon-seq2-1-112-1A237E-normal">
      <IconStyle>
        <color>ff7e231a</color>
        <scale>1</scale>
        <Icon>
          <href>images/icon-113.png</href>
        </Icon>
      </IconStyle>
      <LabelStyle>
        <scale>0</scale>
      </LabelStyle>
    </Style>
    <Style id="icon-seq2-1-112-1A237E-highlight">
      <IconStyle>
        <color>ff7e231a</color>
        <scale>1</scale>
        <Icon>
          <href>images/icon-113.png</href>
        </Icon>
      </IconStyle>
      <LabelStyle>
        <scale>1</scale>
      </LabelStyle>
    </Style>
    <StyleMap id="icon-seq2-1-112-1A237E">
      <Pair>
        <key>normal</key>
        <styleUrl>#icon-seq2-1-112-1A237E-normal</styleUrl>
      </Pair>
      <Pair>
        <key>highlight</key>
        <styleUrl>#icon-seq2-1-112-1A237E-highlight</styleUrl>
      </Pair>
    </StyleMap>
    <Style id="icon-seq2-1-113-1A237E-normal">
      <IconStyle>
        <color>ff7e231a</color>
        <scale>1</scale>
        <Icon>
          <href>images/icon-114.png</href>
        </Icon>
      </IconStyle>
      <LabelStyle>
        <scale>0</scale>
      </LabelStyle>
    </Style>
    <Style id="icon-seq2-1-113-1A237E-highlight">
      <IconStyle>
        <color>ff7e231a</color>
        <scale>1</scale>
        <Icon>
          <href>images/icon-114.png</href>
        </Icon>
      </IconStyle>
      <LabelStyle>
        <scale>1</scale>
      </LabelStyle>
    </Style>
    <StyleMap id="icon-seq2-1-113-1A237E">
      <Pair>
        <key>normal</key>
        <styleUrl>#icon-seq2-1-113-1A237E-normal</styleUrl>
      </Pair>
      <Pair>
        <key>highlight</key>
        <styleUrl>#icon-seq2-1-113-1A237E-highlight</styleUrl>
      </Pair>
    </StyleMap>
    <Style id="icon-seq2-1-114-1A237E-normal">
      <IconStyle>
        <color>ff7e231a</color>
        <scale>1</scale>
        <Icon>
          <href>images/icon-115.png</href>
        </Icon>
      </IconStyle>
      <LabelStyle>
        <scale>0</scale>
      </LabelStyle>
    </Style>
    <Style id="icon-seq2-1-114-1A237E-highlight">
      <IconStyle>
        <color>ff7e231a</color>
        <scale>1</scale>
        <Icon>
          <href>images/icon-115.png</href>
        </Icon>
      </IconStyle>
      <LabelStyle>
        <scale>1</scale>
      </LabelStyle>
    </Style>
    <StyleMap id="icon-seq2-1-114-1A237E">
      <Pair>
        <key>normal</key>
        <styleUrl>#icon-seq2-1-114-1A237E-normal</styleUrl>
      </Pair>
      <Pair>
        <key>highlight</key>
        <styleUrl>#icon-seq2-1-114-1A237E-highlight</styleUrl>
      </Pair>
    </StyleMap>
    <Style id="icon-seq2-1-115-1A237E-normal">
      <IconStyle>
        <color>ff7e231a</color>
        <scale>1</scale>
        <Icon>
          <href>images/icon-116.png</href>
        </Icon>
      </IconStyle>
      <LabelStyle>
        <scale>0</scale>
      </LabelStyle>
    </Style>
    <Style id="icon-seq2-1-115-1A237E-highlight">
      <IconStyle>
        <color>ff7e231a</color>
        <scale>1</scale>
        <Icon>
          <href>images/icon-116.png</href>
        </Icon>
      </IconStyle>
      <LabelStyle>
        <scale>1</scale>
      </LabelStyle>
    </Style>
    <StyleMap id="icon-seq2-1-115-1A237E">
      <Pair>
        <key>normal</key>
        <styleUrl>#icon-seq2-1-115-1A237E-normal</styleUrl>
      </Pair>
      <Pair>
        <key>highlight</key>
        <styleUrl>#icon-seq2-1-115-1A237E-highlight</styleUrl>
      </Pair>
    </StyleMap>
    <Style id="icon-seq2-1-116-1A237E-normal">
      <IconStyle>
        <color>ff7e231a</color>
        <scale>1</scale>
        <Icon>
          <href>images/icon-117.png</href>
        </Icon>
      </IconStyle>
      <LabelStyle>
        <scale>0</scale>
      </LabelStyle>
    </Style>
    <Style id="icon-seq2-1-116-1A237E-highlight">
      <IconStyle>
        <color>ff7e231a</color>
        <scale>1</scale>
        <Icon>
          <href>images/icon-117.png</href>
        </Icon>
      </IconStyle>
      <LabelStyle>
        <scale>1</scale>
      </LabelStyle>
    </Style>
    <StyleMap id="icon-seq2-1-116-1A237E">
      <Pair>
        <key>normal</key>
        <styleUrl>#icon-seq2-1-116-1A237E-normal</styleUrl>
      </Pair>
      <Pair>
        <key>highlight</key>
        <styleUrl>#icon-seq2-1-116-1A237E-highlight</styleUrl>
      </Pair>
    </StyleMap>
    <Style id="icon-seq2-1-117-1A237E-normal">
      <IconStyle>
        <color>ff7e231a</color>
        <scale>1</scale>
        <Icon>
          <href>images/icon-118.png</href>
        </Icon>
      </IconStyle>
      <LabelStyle>
        <scale>0</scale>
      </LabelStyle>
    </Style>
    <Style id="icon-seq2-1-117-1A237E-highlight">
      <IconStyle>
        <color>ff7e231a</color>
        <scale>1</scale>
        <Icon>
          <href>images/icon-118.png</href>
        </Icon>
      </IconStyle>
      <LabelStyle>
        <scale>1</scale>
      </LabelStyle>
    </Style>
    <StyleMap id="icon-seq2-1-117-1A237E">
      <Pair>
        <key>normal</key>
        <styleUrl>#icon-seq2-1-117-1A237E-normal</styleUrl>
      </Pair>
      <Pair>
        <key>highlight</key>
        <styleUrl>#icon-seq2-1-117-1A237E-highlight</styleUrl>
      </Pair>
    </StyleMap>
    <Style id="icon-seq2-1-118-1A237E-normal">
      <IconStyle>
        <color>ff7e231a</color>
        <scale>1</scale>
        <Icon>
          <href>images/icon-119.png</href>
        </Icon>
      </IconStyle>
      <LabelStyle>
        <scale>0</scale>
      </LabelStyle>
    </Style>
    <Style id="icon-seq2-1-118-1A237E-highlight">
      <IconStyle>
        <color>ff7e231a</color>
        <scale>1</scale>
        <Icon>
          <href>images/icon-119.png</href>
        </Icon>
      </IconStyle>
      <LabelStyle>
        <scale>1</scale>
      </LabelStyle>
    </Style>
    <StyleMap id="icon-seq2-1-118-1A237E">
      <Pair>
        <key>normal</key>
        <styleUrl>#icon-seq2-1-118-1A237E-normal</styleUrl>
      </Pair>
      <Pair>
        <key>highlight</key>
        <styleUrl>#icon-seq2-1-118-1A237E-highlight</styleUrl>
      </Pair>
    </StyleMap>
    <Style id="icon-seq2-1-119-1A237E-normal">
      <IconStyle>
        <color>ff7e231a</color>
        <scale>1</scale>
        <Icon>
          <href>images/icon-120.png</href>
        </Icon>
      </IconStyle>
      <LabelStyle>
        <scale>0</scale>
      </LabelStyle>
    </Style>
    <Style id="icon-seq2-1-119-1A237E-highlight">
      <IconStyle>
        <color>ff7e231a</color>
        <scale>1</scale>
        <Icon>
          <href>images/icon-120.png</href>
        </Icon>
      </IconStyle>
      <LabelStyle>
        <scale>1</scale>
      </LabelStyle>
    </Style>
    <StyleMap id="icon-seq2-1-119-1A237E">
      <Pair>
        <key>normal</key>
        <styleUrl>#icon-seq2-1-119-1A237E-normal</styleUrl>
      </Pair>
      <Pair>
        <key>highlight</key>
        <styleUrl>#icon-seq2-1-119-1A237E-highlight</styleUrl>
      </Pair>
    </StyleMap>
    <Style id="icon-seq2-1-12-1A237E-normal">
      <IconStyle>
        <color>ff7e231a</color>
        <scale>1</scale>
        <Icon>
          <href>images/icon-13.png</href>
        </Icon>
      </IconStyle>
      <LabelStyle>
        <scale>0</scale>
      </LabelStyle>
    </Style>
    <Style id="icon-seq2-1-12-1A237E-highlight">
      <IconStyle>
        <color>ff7e231a</color>
        <scale>1</scale>
        <Icon>
          <href>images/icon-13.png</href>
        </Icon>
      </IconStyle>
      <LabelStyle>
        <scale>1</scale>
      </LabelStyle>
    </Style>
    <StyleMap id="icon-seq2-1-12-1A237E">
      <Pair>
        <key>normal</key>
        <styleUrl>#icon-seq2-1-12-1A237E-normal</styleUrl>
      </Pair>
      <Pair>
        <key>highlight</key>
        <styleUrl>#icon-seq2-1-12-1A237E-highlight</styleUrl>
      </Pair>
    </StyleMap>
    <Style id="icon-seq2-1-120-1A237E-normal">
      <IconStyle>
        <color>ff7e231a</color>
        <scale>1</scale>
        <Icon>
          <href>images/icon-121.png</href>
        </Icon>
      </IconStyle>
      <LabelStyle>
        <scale>0</scale>
      </LabelStyle>
    </Style>
    <Style id="icon-seq2-1-120-1A237E-highlight">
      <IconStyle>
        <color>ff7e231a</color>
        <scale>1</scale>
        <Icon>
          <href>images/icon-121.png</href>
        </Icon>
      </IconStyle>
      <LabelStyle>
        <scale>1</scale>
      </LabelStyle>
    </Style>
    <StyleMap id="icon-seq2-1-120-1A237E">
      <Pair>
        <key>normal</key>
        <styleUrl>#icon-seq2-1-120-1A237E-normal</styleUrl>
      </Pair>
      <Pair>
        <key>highlight</key>
        <styleUrl>#icon-seq2-1-120-1A237E-highlight</styleUrl>
      </Pair>
    </StyleMap>
    <Style id="icon-seq2-1-121-1A237E-normal">
      <IconStyle>
        <color>ff7e231a</color>
        <scale>1</scale>
        <Icon>
          <href>images/icon-122.png</href>
        </Icon>
      </IconStyle>
      <LabelStyle>
        <scale>0</scale>
      </LabelStyle>
    </Style>
    <Style id="icon-seq2-1-121-1A237E-highlight">
      <IconStyle>
        <color>ff7e231a</color>
        <scale>1</scale>
        <Icon>
          <href>images/icon-122.png</href>
        </Icon>
      </IconStyle>
      <LabelStyle>
        <scale>1</scale>
      </LabelStyle>
    </Style>
    <StyleMap id="icon-seq2-1-121-1A237E">
      <Pair>
        <key>normal</key>
        <styleUrl>#icon-seq2-1-121-1A237E-normal</styleUrl>
      </Pair>
      <Pair>
        <key>highlight</key>
        <styleUrl>#icon-seq2-1-121-1A237E-highlight</styleUrl>
      </Pair>
    </StyleMap>
    <Style id="icon-seq2-1-122-1A237E-normal">
      <IconStyle>
        <color>ff7e231a</color>
        <scale>1</scale>
        <Icon>
          <href>images/icon-123.png</href>
        </Icon>
      </IconStyle>
      <LabelStyle>
        <scale>0</scale>
      </LabelStyle>
    </Style>
    <Style id="icon-seq2-1-122-1A237E-highlight">
      <IconStyle>
        <color>ff7e231a</color>
        <scale>1</scale>
        <Icon>
          <href>images/icon-123.png</href>
        </Icon>
      </IconStyle>
      <LabelStyle>
        <scale>1</scale>
      </LabelStyle>
    </Style>
    <StyleMap id="icon-seq2-1-122-1A237E">
      <Pair>
        <key>normal</key>
        <styleUrl>#icon-seq2-1-122-1A237E-normal</styleUrl>
      </Pair>
      <Pair>
        <key>highlight</key>
        <styleUrl>#icon-seq2-1-122-1A237E-highlight</styleUrl>
      </Pair>
    </StyleMap>
    <Style id="icon-seq2-1-123-1A237E-normal">
      <IconStyle>
        <color>ff7e231a</color>
        <scale>1</scale>
        <Icon>
          <href>images/icon-124.png</href>
        </Icon>
      </IconStyle>
      <LabelStyle>
        <scale>0</scale>
      </LabelStyle>
    </Style>
    <Style id="icon-seq2-1-123-1A237E-highlight">
      <IconStyle>
        <color>ff7e231a</color>
        <scale>1</scale>
        <Icon>
          <href>images/icon-124.png</href>
        </Icon>
      </IconStyle>
      <LabelStyle>
        <scale>1</scale>
      </LabelStyle>
    </Style>
    <StyleMap id="icon-seq2-1-123-1A237E">
      <Pair>
        <key>normal</key>
        <styleUrl>#icon-seq2-1-123-1A237E-normal</styleUrl>
      </Pair>
      <Pair>
        <key>highlight</key>
        <styleUrl>#icon-seq2-1-123-1A237E-highlight</styleUrl>
      </Pair>
    </StyleMap>
    <Style id="icon-seq2-1-124-1A237E-normal">
      <IconStyle>
        <color>ff7e231a</color>
        <scale>1</scale>
        <Icon>
          <href>images/icon-125.png</href>
        </Icon>
      </IconStyle>
      <LabelStyle>
        <scale>0</scale>
      </LabelStyle>
    </Style>
    <Style id="icon-seq2-1-124-1A237E-highlight">
      <IconStyle>
        <color>ff7e231a</color>
        <scale>1</scale>
        <Icon>
          <href>images/icon-125.png</href>
        </Icon>
      </IconStyle>
      <LabelStyle>
        <scale>1</scale>
      </LabelStyle>
    </Style>
    <StyleMap id="icon-seq2-1-124-1A237E">
      <Pair>
        <key>normal</key>
        <styleUrl>#icon-seq2-1-124-1A237E-normal</styleUrl>
      </Pair>
      <Pair>
        <key>highlight</key>
        <styleUrl>#icon-seq2-1-124-1A237E-highlight</styleUrl>
      </Pair>
    </StyleMap>
    <Style id="icon-seq2-1-125-1A237E-normal">
      <IconStyle>
        <color>ff7e231a</color>
        <scale>1</scale>
        <Icon>
          <href>images/icon-126.png</href>
        </Icon>
      </IconStyle>
      <LabelStyle>
        <scale>0</scale>
      </LabelStyle>
    </Style>
    <Style id="icon-seq2-1-125-1A237E-highlight">
      <IconStyle>
        <color>ff7e231a</color>
        <scale>1</scale>
        <Icon>
          <href>images/icon-126.png</href>
        </Icon>
      </IconStyle>
      <LabelStyle>
        <scale>1</scale>
      </LabelStyle>
    </Style>
    <StyleMap id="icon-seq2-1-125-1A237E">
      <Pair>
        <key>normal</key>
        <styleUrl>#icon-seq2-1-125-1A237E-normal</styleUrl>
      </Pair>
      <Pair>
        <key>highlight</key>
        <styleUrl>#icon-seq2-1-125-1A237E-highlight</styleUrl>
      </Pair>
    </StyleMap>
    <Style id="icon-seq2-1-126-1A237E-normal">
      <IconStyle>
        <color>ff7e231a</color>
        <scale>1</scale>
        <Icon>
          <href>images/icon-127.png</href>
        </Icon>
      </IconStyle>
      <LabelStyle>
        <scale>0</scale>
      </LabelStyle>
    </Style>
    <Style id="icon-seq2-1-126-1A237E-highlight">
      <IconStyle>
        <color>ff7e231a</color>
        <scale>1</scale>
        <Icon>
          <href>images/icon-127.png</href>
        </Icon>
      </IconStyle>
      <LabelStyle>
        <scale>1</scale>
      </LabelStyle>
    </Style>
    <StyleMap id="icon-seq2-1-126-1A237E">
      <Pair>
        <key>normal</key>
        <styleUrl>#icon-seq2-1-126-1A237E-normal</styleUrl>
      </Pair>
      <Pair>
        <key>highlight</key>
        <styleUrl>#icon-seq2-1-126-1A237E-highlight</styleUrl>
      </Pair>
    </StyleMap>
    <Style id="icon-seq2-1-127-1A237E-normal">
      <IconStyle>
        <color>ff7e231a</color>
        <scale>1</scale>
        <Icon>
          <href>images/icon-128.png</href>
        </Icon>
      </IconStyle>
      <LabelStyle>
        <scale>0</scale>
      </LabelStyle>
    </Style>
    <Style id="icon-seq2-1-127-1A237E-highlight">
      <IconStyle>
        <color>ff7e231a</color>
        <scale>1</scale>
        <Icon>
          <href>images/icon-128.png</href>
        </Icon>
      </IconStyle>
      <LabelStyle>
        <scale>1</scale>
      </LabelStyle>
    </Style>
    <StyleMap id="icon-seq2-1-127-1A237E">
      <Pair>
        <key>normal</key>
        <styleUrl>#icon-seq2-1-127-1A237E-normal</styleUrl>
      </Pair>
      <Pair>
        <key>highlight</key>
        <styleUrl>#icon-seq2-1-127-1A237E-highlight</styleUrl>
      </Pair>
    </StyleMap>
    <Style id="icon-seq2-1-128-1A237E-normal">
      <IconStyle>
        <color>ff7e231a</color>
        <scale>1</scale>
        <Icon>
          <href>images/icon-129.png</href>
        </Icon>
      </IconStyle>
      <LabelStyle>
        <scale>0</scale>
      </LabelStyle>
    </Style>
    <Style id="icon-seq2-1-128-1A237E-highlight">
      <IconStyle>
        <color>ff7e231a</color>
        <scale>1</scale>
        <Icon>
          <href>images/icon-129.png</href>
        </Icon>
      </IconStyle>
      <LabelStyle>
        <scale>1</scale>
      </LabelStyle>
    </Style>
    <StyleMap id="icon-seq2-1-128-1A237E">
      <Pair>
        <key>normal</key>
        <styleUrl>#icon-seq2-1-128-1A237E-normal</styleUrl>
      </Pair>
      <Pair>
        <key>highlight</key>
        <styleUrl>#icon-seq2-1-128-1A237E-highlight</styleUrl>
      </Pair>
    </StyleMap>
    <Style id="icon-seq2-1-129-1A237E-normal">
      <IconStyle>
        <color>ff7e231a</color>
        <scale>1</scale>
        <Icon>
          <href>images/icon-130.png</href>
        </Icon>
      </IconStyle>
      <LabelStyle>
        <scale>0</scale>
      </LabelStyle>
    </Style>
    <Style id="icon-seq2-1-129-1A237E-highlight">
      <IconStyle>
        <color>ff7e231a</color>
        <scale>1</scale>
        <Icon>
          <href>images/icon-130.png</href>
        </Icon>
      </IconStyle>
      <LabelStyle>
        <scale>1</scale>
      </LabelStyle>
    </Style>
    <StyleMap id="icon-seq2-1-129-1A237E">
      <Pair>
        <key>normal</key>
        <styleUrl>#icon-seq2-1-129-1A237E-normal</styleUrl>
      </Pair>
      <Pair>
        <key>highlight</key>
        <styleUrl>#icon-seq2-1-129-1A237E-highlight</styleUrl>
      </Pair>
    </StyleMap>
    <Style id="icon-seq2-1-13-1A237E-normal">
      <IconStyle>
        <color>ff7e231a</color>
        <scale>1</scale>
        <Icon>
          <href>images/icon-14.png</href>
        </Icon>
      </IconStyle>
      <LabelStyle>
        <scale>0</scale>
      </LabelStyle>
    </Style>
    <Style id="icon-seq2-1-13-1A237E-highlight">
      <IconStyle>
        <color>ff7e231a</color>
        <scale>1</scale>
        <Icon>
          <href>images/icon-14.png</href>
        </Icon>
      </IconStyle>
      <LabelStyle>
        <scale>1</scale>
      </LabelStyle>
    </Style>
    <StyleMap id="icon-seq2-1-13-1A237E">
      <Pair>
        <key>normal</key>
        <styleUrl>#icon-seq2-1-13-1A237E-normal</styleUrl>
      </Pair>
      <Pair>
        <key>highlight</key>
        <styleUrl>#icon-seq2-1-13-1A237E-highlight</styleUrl>
      </Pair>
    </StyleMap>
    <Style id="icon-seq2-1-130-1A237E-normal">
      <IconStyle>
        <color>ff7e231a</color>
        <scale>1</scale>
        <Icon>
          <href>images/icon-131.png</href>
        </Icon>
      </IconStyle>
      <LabelStyle>
        <scale>0</scale>
      </LabelStyle>
    </Style>
    <Style id="icon-seq2-1-130-1A237E-highlight">
      <IconStyle>
        <color>ff7e231a</color>
        <scale>1</scale>
        <Icon>
          <href>images/icon-131.png</href>
        </Icon>
      </IconStyle>
      <LabelStyle>
        <scale>1</scale>
      </LabelStyle>
    </Style>
    <StyleMap id="icon-seq2-1-130-1A237E">
      <Pair>
        <key>normal</key>
        <styleUrl>#icon-seq2-1-130-1A237E-normal</styleUrl>
      </Pair>
      <Pair>
        <key>highlight</key>
        <styleUrl>#icon-seq2-1-130-1A237E-highlight</styleUrl>
      </Pair>
    </StyleMap>
    <Style id="icon-seq2-1-131-1A237E-normal">
      <IconStyle>
        <color>ff7e231a</color>
        <scale>1</scale>
        <Icon>
          <href>images/icon-132.png</href>
        </Icon>
      </IconStyle>
      <LabelStyle>
        <scale>0</scale>
      </LabelStyle>
    </Style>
    <Style id="icon-seq2-1-131-1A237E-highlight">
      <IconStyle>
        <color>ff7e231a</color>
        <scale>1</scale>
        <Icon>
          <href>images/icon-132.png</href>
        </Icon>
      </IconStyle>
      <LabelStyle>
        <scale>1</scale>
      </LabelStyle>
    </Style>
    <StyleMap id="icon-seq2-1-131-1A237E">
      <Pair>
        <key>normal</key>
        <styleUrl>#icon-seq2-1-131-1A237E-normal</styleUrl>
      </Pair>
      <Pair>
        <key>highlight</key>
        <styleUrl>#icon-seq2-1-131-1A237E-highlight</styleUrl>
      </Pair>
    </StyleMap>
    <Style id="icon-seq2-1-132-1A237E-normal">
      <IconStyle>
        <color>ff7e231a</color>
        <scale>1</scale>
        <Icon>
          <href>images/icon-133.png</href>
        </Icon>
      </IconStyle>
      <LabelStyle>
        <scale>0</scale>
      </LabelStyle>
    </Style>
    <Style id="icon-seq2-1-132-1A237E-highlight">
      <IconStyle>
        <color>ff7e231a</color>
        <scale>1</scale>
        <Icon>
          <href>images/icon-133.png</href>
        </Icon>
      </IconStyle>
      <LabelStyle>
        <scale>1</scale>
      </LabelStyle>
    </Style>
    <StyleMap id="icon-seq2-1-132-1A237E">
      <Pair>
        <key>normal</key>
        <styleUrl>#icon-seq2-1-132-1A237E-normal</styleUrl>
      </Pair>
      <Pair>
        <key>highlight</key>
        <styleUrl>#icon-seq2-1-132-1A237E-highlight</styleUrl>
      </Pair>
    </StyleMap>
    <Style id="icon-seq2-1-133-1A237E-normal">
      <IconStyle>
        <color>ff7e231a</color>
        <scale>1</scale>
        <Icon>
          <href>images/icon-134.png</href>
        </Icon>
      </IconStyle>
      <LabelStyle>
        <scale>0</scale>
      </LabelStyle>
    </Style>
    <Style id="icon-seq2-1-133-1A237E-highlight">
      <IconStyle>
        <color>ff7e231a</color>
        <scale>1</scale>
        <Icon>
          <href>images/icon-134.png</href>
        </Icon>
      </IconStyle>
      <LabelStyle>
        <scale>1</scale>
      </LabelStyle>
    </Style>
    <StyleMap id="icon-seq2-1-133-1A237E">
      <Pair>
        <key>normal</key>
        <styleUrl>#icon-seq2-1-133-1A237E-normal</styleUrl>
      </Pair>
      <Pair>
        <key>highlight</key>
        <styleUrl>#icon-seq2-1-133-1A237E-highlight</styleUrl>
      </Pair>
    </StyleMap>
    <Style id="icon-seq2-1-134-1A237E-normal">
      <IconStyle>
        <color>ff7e231a</color>
        <scale>1</scale>
        <Icon>
          <href>images/icon-135.png</href>
        </Icon>
      </IconStyle>
      <LabelStyle>
        <scale>0</scale>
      </LabelStyle>
    </Style>
    <Style id="icon-seq2-1-134-1A237E-highlight">
      <IconStyle>
        <color>ff7e231a</color>
        <scale>1</scale>
        <Icon>
          <href>images/icon-135.png</href>
        </Icon>
      </IconStyle>
      <LabelStyle>
        <scale>1</scale>
      </LabelStyle>
    </Style>
    <StyleMap id="icon-seq2-1-134-1A237E">
      <Pair>
        <key>normal</key>
        <styleUrl>#icon-seq2-1-134-1A237E-normal</styleUrl>
      </Pair>
      <Pair>
        <key>highlight</key>
        <styleUrl>#icon-seq2-1-134-1A237E-highlight</styleUrl>
      </Pair>
    </StyleMap>
    <Style id="icon-seq2-1-135-1A237E-normal">
      <IconStyle>
        <color>ff7e231a</color>
        <scale>1</scale>
        <Icon>
          <href>images/icon-136.png</href>
        </Icon>
      </IconStyle>
      <LabelStyle>
        <scale>0</scale>
      </LabelStyle>
    </Style>
    <Style id="icon-seq2-1-135-1A237E-highlight">
      <IconStyle>
        <color>ff7e231a</color>
        <scale>1</scale>
        <Icon>
          <href>images/icon-136.png</href>
        </Icon>
      </IconStyle>
      <LabelStyle>
        <scale>1</scale>
      </LabelStyle>
    </Style>
    <StyleMap id="icon-seq2-1-135-1A237E">
      <Pair>
        <key>normal</key>
        <styleUrl>#icon-seq2-1-135-1A237E-normal</styleUrl>
      </Pair>
      <Pair>
        <key>highlight</key>
        <styleUrl>#icon-seq2-1-135-1A237E-highlight</styleUrl>
      </Pair>
    </StyleMap>
    <Style id="icon-seq2-1-136-1A237E-normal">
      <IconStyle>
        <color>ff7e231a</color>
        <scale>1</scale>
        <Icon>
          <href>images/icon-137.png</href>
        </Icon>
      </IconStyle>
      <LabelStyle>
        <scale>0</scale>
      </LabelStyle>
    </Style>
    <Style id="icon-seq2-1-136-1A237E-highlight">
      <IconStyle>
        <color>ff7e231a</color>
        <scale>1</scale>
        <Icon>
          <href>images/icon-137.png</href>
        </Icon>
      </IconStyle>
      <LabelStyle>
        <scale>1</scale>
      </LabelStyle>
    </Style>
    <StyleMap id="icon-seq2-1-136-1A237E">
      <Pair>
        <key>normal</key>
        <styleUrl>#icon-seq2-1-136-1A237E-normal</styleUrl>
      </Pair>
      <Pair>
        <key>highlight</key>
        <styleUrl>#icon-seq2-1-136-1A237E-highlight</styleUrl>
      </Pair>
    </StyleMap>
    <Style id="icon-seq2-1-137-1A237E-normal">
      <IconStyle>
        <color>ff7e231a</color>
        <scale>1</scale>
        <Icon>
          <href>images/icon-138.png</href>
        </Icon>
      </IconStyle>
      <LabelStyle>
        <scale>0</scale>
      </LabelStyle>
    </Style>
    <Style id="icon-seq2-1-137-1A237E-highlight">
      <IconStyle>
        <color>ff7e231a</color>
        <scale>1</scale>
        <Icon>
          <href>images/icon-138.png</href>
        </Icon>
      </IconStyle>
      <LabelStyle>
        <scale>1</scale>
      </LabelStyle>
    </Style>
    <StyleMap id="icon-seq2-1-137-1A237E">
      <Pair>
        <key>normal</key>
        <styleUrl>#icon-seq2-1-137-1A237E-normal</styleUrl>
      </Pair>
      <Pair>
        <key>highlight</key>
        <styleUrl>#icon-seq2-1-137-1A237E-highlight</styleUrl>
      </Pair>
    </StyleMap>
    <Style id="icon-seq2-1-138-1A237E-normal">
      <IconStyle>
        <color>ff7e231a</color>
        <scale>1</scale>
        <Icon>
          <href>images/icon-139.png</href>
        </Icon>
      </IconStyle>
      <LabelStyle>
        <scale>0</scale>
      </LabelStyle>
    </Style>
    <Style id="icon-seq2-1-138-1A237E-highlight">
      <IconStyle>
        <color>ff7e231a</color>
        <scale>1</scale>
        <Icon>
          <href>images/icon-139.png</href>
        </Icon>
      </IconStyle>
      <LabelStyle>
        <scale>1</scale>
      </LabelStyle>
    </Style>
    <StyleMap id="icon-seq2-1-138-1A237E">
      <Pair>
        <key>normal</key>
        <styleUrl>#icon-seq2-1-138-1A237E-normal</styleUrl>
      </Pair>
      <Pair>
        <key>highlight</key>
        <styleUrl>#icon-seq2-1-138-1A237E-highlight</styleUrl>
      </Pair>
    </StyleMap>
    <Style id="icon-seq2-1-139-1A237E-normal">
      <IconStyle>
        <color>ff7e231a</color>
        <scale>1</scale>
        <Icon>
          <href>images/icon-140.png</href>
        </Icon>
      </IconStyle>
      <LabelStyle>
        <scale>0</scale>
      </LabelStyle>
    </Style>
    <Style id="icon-seq2-1-139-1A237E-highlight">
      <IconStyle>
        <color>ff7e231a</color>
        <scale>1</scale>
        <Icon>
          <href>images/icon-140.png</href>
        </Icon>
      </IconStyle>
      <LabelStyle>
        <scale>1</scale>
      </LabelStyle>
    </Style>
    <StyleMap id="icon-seq2-1-139-1A237E">
      <Pair>
        <key>normal</key>
        <styleUrl>#icon-seq2-1-139-1A237E-normal</styleUrl>
      </Pair>
      <Pair>
        <key>highlight</key>
        <styleUrl>#icon-seq2-1-139-1A237E-highlight</styleUrl>
      </Pair>
    </StyleMap>
    <Style id="icon-seq2-1-14-1A237E-normal">
      <IconStyle>
        <color>ff7e231a</color>
        <scale>1</scale>
        <Icon>
          <href>images/icon-15.png</href>
        </Icon>
      </IconStyle>
      <LabelStyle>
        <scale>0</scale>
      </LabelStyle>
    </Style>
    <Style id="icon-seq2-1-14-1A237E-highlight">
      <IconStyle>
        <color>ff7e231a</color>
        <scale>1</scale>
        <Icon>
          <href>images/icon-15.png</href>
        </Icon>
      </IconStyle>
      <LabelStyle>
        <scale>1</scale>
      </LabelStyle>
    </Style>
    <StyleMap id="icon-seq2-1-14-1A237E">
      <Pair>
        <key>normal</key>
        <styleUrl>#icon-seq2-1-14-1A237E-normal</styleUrl>
      </Pair>
      <Pair>
        <key>highlight</key>
        <styleUrl>#icon-seq2-1-14-1A237E-highlight</styleUrl>
      </Pair>
    </StyleMap>
    <Style id="icon-seq2-1-140-1A237E-normal">
      <IconStyle>
        <color>ff7e231a</color>
        <scale>1</scale>
        <Icon>
          <href>images/icon-141.png</href>
        </Icon>
      </IconStyle>
      <LabelStyle>
        <scale>0</scale>
      </LabelStyle>
    </Style>
    <Style id="icon-seq2-1-140-1A237E-highlight">
      <IconStyle>
        <color>ff7e231a</color>
        <scale>1</scale>
        <Icon>
          <href>images/icon-141.png</href>
        </Icon>
      </IconStyle>
      <LabelStyle>
        <scale>1</scale>
      </LabelStyle>
    </Style>
    <StyleMap id="icon-seq2-1-140-1A237E">
      <Pair>
        <key>normal</key>
        <styleUrl>#icon-seq2-1-140-1A237E-normal</styleUrl>
      </Pair>
      <Pair>
        <key>highlight</key>
        <styleUrl>#icon-seq2-1-140-1A237E-highlight</styleUrl>
      </Pair>
    </StyleMap>
    <Style id="icon-seq2-1-141-1A237E-normal">
      <IconStyle>
        <color>ff7e231a</color>
        <scale>1</scale>
        <Icon>
          <href>images/icon-142.png</href>
        </Icon>
      </IconStyle>
      <LabelStyle>
        <scale>0</scale>
      </LabelStyle>
    </Style>
    <Style id="icon-seq2-1-141-1A237E-highlight">
      <IconStyle>
        <color>ff7e231a</color>
        <scale>1</scale>
        <Icon>
          <href>images/icon-142.png</href>
        </Icon>
      </IconStyle>
      <LabelStyle>
        <scale>1</scale>
      </LabelStyle>
    </Style>
    <StyleMap id="icon-seq2-1-141-1A237E">
      <Pair>
        <key>normal</key>
        <styleUrl>#icon-seq2-1-141-1A237E-normal</styleUrl>
      </Pair>
      <Pair>
        <key>highlight</key>
        <styleUrl>#icon-seq2-1-141-1A237E-highlight</styleUrl>
      </Pair>
    </StyleMap>
    <Style id="icon-seq2-1-142-1A237E-normal">
      <IconStyle>
        <color>ff7e231a</color>
        <scale>1</scale>
        <Icon>
          <href>images/icon-143.png</href>
        </Icon>
      </IconStyle>
      <LabelStyle>
        <scale>0</scale>
      </LabelStyle>
    </Style>
    <Style id="icon-seq2-1-142-1A237E-highlight">
      <IconStyle>
        <color>ff7e231a</color>
        <scale>1</scale>
        <Icon>
          <href>images/icon-143.png</href>
        </Icon>
      </IconStyle>
      <LabelStyle>
        <scale>1</scale>
      </LabelStyle>
    </Style>
    <StyleMap id="icon-seq2-1-142-1A237E">
      <Pair>
        <key>normal</key>
        <styleUrl>#icon-seq2-1-142-1A237E-normal</styleUrl>
      </Pair>
      <Pair>
        <key>highlight</key>
        <styleUrl>#icon-seq2-1-142-1A237E-highlight</styleUrl>
      </Pair>
    </StyleMap>
    <Style id="icon-seq2-1-143-1A237E-normal">
      <IconStyle>
        <color>ff7e231a</color>
        <scale>1</scale>
        <Icon>
          <href>images/icon-144.png</href>
        </Icon>
      </IconStyle>
      <LabelStyle>
        <scale>0</scale>
      </LabelStyle>
    </Style>
    <Style id="icon-seq2-1-143-1A237E-highlight">
      <IconStyle>
        <color>ff7e231a</color>
        <scale>1</scale>
        <Icon>
          <href>images/icon-144.png</href>
        </Icon>
      </IconStyle>
      <LabelStyle>
        <scale>1</scale>
      </LabelStyle>
    </Style>
    <StyleMap id="icon-seq2-1-143-1A237E">
      <Pair>
        <key>normal</key>
        <styleUrl>#icon-seq2-1-143-1A237E-normal</styleUrl>
      </Pair>
      <Pair>
        <key>highlight</key>
        <styleUrl>#icon-seq2-1-143-1A237E-highlight</styleUrl>
      </Pair>
    </StyleMap>
    <Style id="icon-seq2-1-144-1A237E-normal">
      <IconStyle>
        <color>ff7e231a</color>
        <scale>1</scale>
        <Icon>
          <href>images/icon-145.png</href>
        </Icon>
      </IconStyle>
      <LabelStyle>
        <scale>0</scale>
      </LabelStyle>
    </Style>
    <Style id="icon-seq2-1-144-1A237E-highlight">
      <IconStyle>
        <color>ff7e231a</color>
        <scale>1</scale>
        <Icon>
          <href>images/icon-145.png</href>
        </Icon>
      </IconStyle>
      <LabelStyle>
        <scale>1</scale>
      </LabelStyle>
    </Style>
    <StyleMap id="icon-seq2-1-144-1A237E">
      <Pair>
        <key>normal</key>
        <styleUrl>#icon-seq2-1-144-1A237E-normal</styleUrl>
      </Pair>
      <Pair>
        <key>highlight</key>
        <styleUrl>#icon-seq2-1-144-1A237E-highlight</styleUrl>
      </Pair>
    </StyleMap>
    <Style id="icon-seq2-1-145-1A237E-normal">
      <IconStyle>
        <color>ff7e231a</color>
        <scale>1</scale>
        <Icon>
          <href>images/icon-146.png</href>
        </Icon>
      </IconStyle>
      <LabelStyle>
        <scale>0</scale>
      </LabelStyle>
    </Style>
    <Style id="icon-seq2-1-145-1A237E-highlight">
      <IconStyle>
        <color>ff7e231a</color>
        <scale>1</scale>
        <Icon>
          <href>images/icon-146.png</href>
        </Icon>
      </IconStyle>
      <LabelStyle>
        <scale>1</scale>
      </LabelStyle>
    </Style>
    <StyleMap id="icon-seq2-1-145-1A237E">
      <Pair>
        <key>normal</key>
        <styleUrl>#icon-seq2-1-145-1A237E-normal</styleUrl>
      </Pair>
      <Pair>
        <key>highlight</key>
        <styleUrl>#icon-seq2-1-145-1A237E-highlight</styleUrl>
      </Pair>
    </StyleMap>
    <Style id="icon-seq2-1-146-1A237E-normal">
      <IconStyle>
        <color>ff7e231a</color>
        <scale>1</scale>
        <Icon>
          <href>images/icon-147.png</href>
        </Icon>
      </IconStyle>
      <LabelStyle>
        <scale>0</scale>
      </LabelStyle>
    </Style>
    <Style id="icon-seq2-1-146-1A237E-highlight">
      <IconStyle>
        <color>ff7e231a</color>
        <scale>1</scale>
        <Icon>
          <href>images/icon-147.png</href>
        </Icon>
      </IconStyle>
      <LabelStyle>
        <scale>1</scale>
      </LabelStyle>
    </Style>
    <StyleMap id="icon-seq2-1-146-1A237E">
      <Pair>
        <key>normal</key>
        <styleUrl>#icon-seq2-1-146-1A237E-normal</styleUrl>
      </Pair>
      <Pair>
        <key>highlight</key>
        <styleUrl>#icon-seq2-1-146-1A237E-highlight</styleUrl>
      </Pair>
    </StyleMap>
    <Style id="icon-seq2-1-147-1A237E-normal">
      <IconStyle>
        <color>ff7e231a</color>
        <scale>1</scale>
        <Icon>
          <href>images/icon-148.png</href>
        </Icon>
      </IconStyle>
      <LabelStyle>
        <scale>0</scale>
      </LabelStyle>
    </Style>
    <Style id="icon-seq2-1-147-1A237E-highlight">
      <IconStyle>
        <color>ff7e231a</color>
        <scale>1</scale>
        <Icon>
          <href>images/icon-148.png</href>
        </Icon>
      </IconStyle>
      <LabelStyle>
        <scale>1</scale>
      </LabelStyle>
    </Style>
    <StyleMap id="icon-seq2-1-147-1A237E">
      <Pair>
        <key>normal</key>
        <styleUrl>#icon-seq2-1-147-1A237E-normal</styleUrl>
      </Pair>
      <Pair>
        <key>highlight</key>
        <styleUrl>#icon-seq2-1-147-1A237E-highlight</styleUrl>
      </Pair>
    </StyleMap>
    <Style id="icon-seq2-1-148-1A237E-normal">
      <IconStyle>
        <color>ff7e231a</color>
        <scale>1</scale>
        <Icon>
          <href>images/icon-149.png</href>
        </Icon>
      </IconStyle>
      <LabelStyle>
        <scale>0</scale>
      </LabelStyle>
    </Style>
    <Style id="icon-seq2-1-148-1A237E-highlight">
      <IconStyle>
        <color>ff7e231a</color>
        <scale>1</scale>
        <Icon>
          <href>images/icon-149.png</href>
        </Icon>
      </IconStyle>
      <LabelStyle>
        <scale>1</scale>
      </LabelStyle>
    </Style>
    <StyleMap id="icon-seq2-1-148-1A237E">
      <Pair>
        <key>normal</key>
        <styleUrl>#icon-seq2-1-148-1A237E-normal</styleUrl>
      </Pair>
      <Pair>
        <key>highlight</key>
        <styleUrl>#icon-seq2-1-148-1A237E-highlight</styleUrl>
      </Pair>
    </StyleMap>
    <Style id="icon-seq2-1-149-1A237E-normal">
      <IconStyle>
        <color>ff7e231a</color>
        <scale>1</scale>
        <Icon>
          <href>images/icon-150.png</href>
        </Icon>
      </IconStyle>
      <LabelStyle>
        <scale>0</scale>
      </LabelStyle>
    </Style>
    <Style id="icon-seq2-1-149-1A237E-highlight">
      <IconStyle>
        <color>ff7e231a</color>
        <scale>1</scale>
        <Icon>
          <href>images/icon-150.png</href>
        </Icon>
      </IconStyle>
      <LabelStyle>
        <scale>1</scale>
      </LabelStyle>
    </Style>
    <StyleMap id="icon-seq2-1-149-1A237E">
      <Pair>
        <key>normal</key>
        <styleUrl>#icon-seq2-1-149-1A237E-normal</styleUrl>
      </Pair>
      <Pair>
        <key>highlight</key>
        <styleUrl>#icon-seq2-1-149-1A237E-highlight</styleUrl>
      </Pair>
    </StyleMap>
    <Style id="icon-seq2-1-15-1A237E-normal">
      <IconStyle>
        <color>ff7e231a</color>
        <scale>1</scale>
        <Icon>
          <href>images/icon-16.png</href>
        </Icon>
      </IconStyle>
      <LabelStyle>
        <scale>0</scale>
      </LabelStyle>
    </Style>
    <Style id="icon-seq2-1-15-1A237E-highlight">
      <IconStyle>
        <color>ff7e231a</color>
        <scale>1</scale>
        <Icon>
          <href>images/icon-16.png</href>
        </Icon>
      </IconStyle>
      <LabelStyle>
        <scale>1</scale>
      </LabelStyle>
    </Style>
    <StyleMap id="icon-seq2-1-15-1A237E">
      <Pair>
        <key>normal</key>
        <styleUrl>#icon-seq2-1-15-1A237E-normal</styleUrl>
      </Pair>
      <Pair>
        <key>highlight</key>
        <styleUrl>#icon-seq2-1-15-1A237E-highlight</styleUrl>
      </Pair>
    </StyleMap>
    <Style id="icon-seq2-1-150-1A237E-normal">
      <IconStyle>
        <color>ff7e231a</color>
        <scale>1</scale>
        <Icon>
          <href>images/icon-151.png</href>
        </Icon>
      </IconStyle>
      <LabelStyle>
        <scale>0</scale>
      </LabelStyle>
    </Style>
    <Style id="icon-seq2-1-150-1A237E-highlight">
      <IconStyle>
        <color>ff7e231a</color>
        <scale>1</scale>
        <Icon>
          <href>images/icon-151.png</href>
        </Icon>
      </IconStyle>
      <LabelStyle>
        <scale>1</scale>
      </LabelStyle>
    </Style>
    <StyleMap id="icon-seq2-1-150-1A237E">
      <Pair>
        <key>normal</key>
        <styleUrl>#icon-seq2-1-150-1A237E-normal</styleUrl>
      </Pair>
      <Pair>
        <key>highlight</key>
        <styleUrl>#icon-seq2-1-150-1A237E-highlight</styleUrl>
      </Pair>
    </StyleMap>
    <Style id="icon-seq2-1-151-1A237E-normal">
      <IconStyle>
        <color>ff7e231a</color>
        <scale>1</scale>
        <Icon>
          <href>images/icon-152.png</href>
        </Icon>
      </IconStyle>
      <LabelStyle>
        <scale>0</scale>
      </LabelStyle>
    </Style>
    <Style id="icon-seq2-1-151-1A237E-highlight">
      <IconStyle>
        <color>ff7e231a</color>
        <scale>1</scale>
        <Icon>
          <href>images/icon-152.png</href>
        </Icon>
      </IconStyle>
      <LabelStyle>
        <scale>1</scale>
      </LabelStyle>
    </Style>
    <StyleMap id="icon-seq2-1-151-1A237E">
      <Pair>
        <key>normal</key>
        <styleUrl>#icon-seq2-1-151-1A237E-normal</styleUrl>
      </Pair>
      <Pair>
        <key>highlight</key>
        <styleUrl>#icon-seq2-1-151-1A237E-highlight</styleUrl>
      </Pair>
    </StyleMap>
    <Style id="icon-seq2-1-152-1A237E-normal">
      <IconStyle>
        <color>ff7e231a</color>
        <scale>1</scale>
        <Icon>
          <href>images/icon-153.png</href>
        </Icon>
      </IconStyle>
      <LabelStyle>
        <scale>0</scale>
      </LabelStyle>
    </Style>
    <Style id="icon-seq2-1-152-1A237E-highlight">
      <IconStyle>
        <color>ff7e231a</color>
        <scale>1</scale>
        <Icon>
          <href>images/icon-153.png</href>
        </Icon>
      </IconStyle>
      <LabelStyle>
        <scale>1</scale>
      </LabelStyle>
    </Style>
    <StyleMap id="icon-seq2-1-152-1A237E">
      <Pair>
        <key>normal</key>
        <styleUrl>#icon-seq2-1-152-1A237E-normal</styleUrl>
      </Pair>
      <Pair>
        <key>highlight</key>
        <styleUrl>#icon-seq2-1-152-1A237E-highlight</styleUrl>
      </Pair>
    </StyleMap>
    <Style id="icon-seq2-1-153-1A237E-normal">
      <IconStyle>
        <color>ff7e231a</color>
        <scale>1</scale>
        <Icon>
          <href>images/icon-154.png</href>
        </Icon>
      </IconStyle>
      <LabelStyle>
        <scale>0</scale>
      </LabelStyle>
    </Style>
    <Style id="icon-seq2-1-153-1A237E-highlight">
      <IconStyle>
        <color>ff7e231a</color>
        <scale>1</scale>
        <Icon>
          <href>images/icon-154.png</href>
        </Icon>
      </IconStyle>
      <LabelStyle>
        <scale>1</scale>
      </LabelStyle>
    </Style>
    <StyleMap id="icon-seq2-1-153-1A237E">
      <Pair>
        <key>normal</key>
        <styleUrl>#icon-seq2-1-153-1A237E-normal</styleUrl>
      </Pair>
      <Pair>
        <key>highlight</key>
        <styleUrl>#icon-seq2-1-153-1A237E-highlight</styleUrl>
      </Pair>
    </StyleMap>
    <Style id="icon-seq2-1-154-1A237E-normal">
      <IconStyle>
        <color>ff7e231a</color>
        <scale>1</scale>
        <Icon>
          <href>images/icon-155.png</href>
        </Icon>
      </IconStyle>
      <LabelStyle>
        <scale>0</scale>
      </LabelStyle>
    </Style>
    <Style id="icon-seq2-1-154-1A237E-highlight">
      <IconStyle>
        <color>ff7e231a</color>
        <scale>1</scale>
        <Icon>
          <href>images/icon-155.png</href>
        </Icon>
      </IconStyle>
      <LabelStyle>
        <scale>1</scale>
      </LabelStyle>
    </Style>
    <StyleMap id="icon-seq2-1-154-1A237E">
      <Pair>
        <key>normal</key>
        <styleUrl>#icon-seq2-1-154-1A237E-normal</styleUrl>
      </Pair>
      <Pair>
        <key>highlight</key>
        <styleUrl>#icon-seq2-1-154-1A237E-highlight</styleUrl>
      </Pair>
    </StyleMap>
    <Style id="icon-seq2-1-155-1A237E-normal">
      <IconStyle>
        <color>ff7e231a</color>
        <scale>1</scale>
        <Icon>
          <href>images/icon-156.png</href>
        </Icon>
      </IconStyle>
      <LabelStyle>
        <scale>0</scale>
      </LabelStyle>
    </Style>
    <Style id="icon-seq2-1-155-1A237E-highlight">
      <IconStyle>
        <color>ff7e231a</color>
        <scale>1</scale>
        <Icon>
          <href>images/icon-156.png</href>
        </Icon>
      </IconStyle>
      <LabelStyle>
        <scale>1</scale>
      </LabelStyle>
    </Style>
    <StyleMap id="icon-seq2-1-155-1A237E">
      <Pair>
        <key>normal</key>
        <styleUrl>#icon-seq2-1-155-1A237E-normal</styleUrl>
      </Pair>
      <Pair>
        <key>highlight</key>
        <styleUrl>#icon-seq2-1-155-1A237E-highlight</styleUrl>
      </Pair>
    </StyleMap>
    <Style id="icon-seq2-1-156-1A237E-normal">
      <IconStyle>
        <color>ff7e231a</color>
        <scale>1</scale>
        <Icon>
          <href>images/icon-157.png</href>
        </Icon>
      </IconStyle>
      <LabelStyle>
        <scale>0</scale>
      </LabelStyle>
    </Style>
    <Style id="icon-seq2-1-156-1A237E-highlight">
      <IconStyle>
        <color>ff7e231a</color>
        <scale>1</scale>
        <Icon>
          <href>images/icon-157.png</href>
        </Icon>
      </IconStyle>
      <LabelStyle>
        <scale>1</scale>
      </LabelStyle>
    </Style>
    <StyleMap id="icon-seq2-1-156-1A237E">
      <Pair>
        <key>normal</key>
        <styleUrl>#icon-seq2-1-156-1A237E-normal</styleUrl>
      </Pair>
      <Pair>
        <key>highlight</key>
        <styleUrl>#icon-seq2-1-156-1A237E-highlight</styleUrl>
      </Pair>
    </StyleMap>
    <Style id="icon-seq2-1-157-1A237E-normal">
      <IconStyle>
        <color>ff7e231a</color>
        <scale>1</scale>
        <Icon>
          <href>images/icon-158.png</href>
        </Icon>
      </IconStyle>
      <LabelStyle>
        <scale>0</scale>
      </LabelStyle>
    </Style>
    <Style id="icon-seq2-1-157-1A237E-highlight">
      <IconStyle>
        <color>ff7e231a</color>
        <scale>1</scale>
        <Icon>
          <href>images/icon-158.png</href>
        </Icon>
      </IconStyle>
      <LabelStyle>
        <scale>1</scale>
      </LabelStyle>
    </Style>
    <StyleMap id="icon-seq2-1-157-1A237E">
      <Pair>
        <key>normal</key>
        <styleUrl>#icon-seq2-1-157-1A237E-normal</styleUrl>
      </Pair>
      <Pair>
        <key>highlight</key>
        <styleUrl>#icon-seq2-1-157-1A237E-highlight</styleUrl>
      </Pair>
    </StyleMap>
    <Style id="icon-seq2-1-158-1A237E-normal">
      <IconStyle>
        <color>ff7e231a</color>
        <scale>1</scale>
        <Icon>
          <href>images/icon-159.png</href>
        </Icon>
      </IconStyle>
      <LabelStyle>
        <scale>0</scale>
      </LabelStyle>
    </Style>
    <Style id="icon-seq2-1-158-1A237E-highlight">
      <IconStyle>
        <color>ff7e231a</color>
        <scale>1</scale>
        <Icon>
          <href>images/icon-159.png</href>
        </Icon>
      </IconStyle>
      <LabelStyle>
        <scale>1</scale>
      </LabelStyle>
    </Style>
    <StyleMap id="icon-seq2-1-158-1A237E">
      <Pair>
        <key>normal</key>
        <styleUrl>#icon-seq2-1-158-1A237E-normal</styleUrl>
      </Pair>
      <Pair>
        <key>highlight</key>
        <styleUrl>#icon-seq2-1-158-1A237E-highlight</styleUrl>
      </Pair>
    </StyleMap>
    <Style id="icon-seq2-1-159-1A237E-normal">
      <IconStyle>
        <color>ff7e231a</color>
        <scale>1</scale>
        <Icon>
          <href>images/icon-160.png</href>
        </Icon>
      </IconStyle>
      <LabelStyle>
        <scale>0</scale>
      </LabelStyle>
    </Style>
    <Style id="icon-seq2-1-159-1A237E-highlight">
      <IconStyle>
        <color>ff7e231a</color>
        <scale>1</scale>
        <Icon>
          <href>images/icon-160.png</href>
        </Icon>
      </IconStyle>
      <LabelStyle>
        <scale>1</scale>
      </LabelStyle>
    </Style>
    <StyleMap id="icon-seq2-1-159-1A237E">
      <Pair>
        <key>normal</key>
        <styleUrl>#icon-seq2-1-159-1A237E-normal</styleUrl>
      </Pair>
      <Pair>
        <key>highlight</key>
        <styleUrl>#icon-seq2-1-159-1A237E-highlight</styleUrl>
      </Pair>
    </StyleMap>
    <Style id="icon-seq2-1-16-1A237E-normal">
      <IconStyle>
        <color>ff7e231a</color>
        <scale>1</scale>
        <Icon>
          <href>images/icon-17.png</href>
        </Icon>
      </IconStyle>
      <LabelStyle>
        <scale>0</scale>
      </LabelStyle>
    </Style>
    <Style id="icon-seq2-1-16-1A237E-highlight">
      <IconStyle>
        <color>ff7e231a</color>
        <scale>1</scale>
        <Icon>
          <href>images/icon-17.png</href>
        </Icon>
      </IconStyle>
      <LabelStyle>
        <scale>1</scale>
      </LabelStyle>
    </Style>
    <StyleMap id="icon-seq2-1-16-1A237E">
      <Pair>
        <key>normal</key>
        <styleUrl>#icon-seq2-1-16-1A237E-normal</styleUrl>
      </Pair>
      <Pair>
        <key>highlight</key>
        <styleUrl>#icon-seq2-1-16-1A237E-highlight</styleUrl>
      </Pair>
    </StyleMap>
    <Style id="icon-seq2-1-160-1A237E-normal">
      <IconStyle>
        <color>ff7e231a</color>
        <scale>1</scale>
        <Icon>
          <href>images/icon-161.png</href>
        </Icon>
      </IconStyle>
      <LabelStyle>
        <scale>0</scale>
      </LabelStyle>
    </Style>
    <Style id="icon-seq2-1-160-1A237E-highlight">
      <IconStyle>
        <color>ff7e231a</color>
        <scale>1</scale>
        <Icon>
          <href>images/icon-161.png</href>
        </Icon>
      </IconStyle>
      <LabelStyle>
        <scale>1</scale>
      </LabelStyle>
    </Style>
    <StyleMap id="icon-seq2-1-160-1A237E">
      <Pair>
        <key>normal</key>
        <styleUrl>#icon-seq2-1-160-1A237E-normal</styleUrl>
      </Pair>
      <Pair>
        <key>highlight</key>
        <styleUrl>#icon-seq2-1-160-1A237E-highlight</styleUrl>
      </Pair>
    </StyleMap>
    <Style id="icon-seq2-1-161-1A237E-normal">
      <IconStyle>
        <color>ff7e231a</color>
        <scale>1</scale>
        <Icon>
          <href>images/icon-162.png</href>
        </Icon>
      </IconStyle>
      <LabelStyle>
        <scale>0</scale>
      </LabelStyle>
    </Style>
    <Style id="icon-seq2-1-161-1A237E-highlight">
      <IconStyle>
        <color>ff7e231a</color>
        <scale>1</scale>
        <Icon>
          <href>images/icon-162.png</href>
        </Icon>
      </IconStyle>
      <LabelStyle>
        <scale>1</scale>
      </LabelStyle>
    </Style>
    <StyleMap id="icon-seq2-1-161-1A237E">
      <Pair>
        <key>normal</key>
        <styleUrl>#icon-seq2-1-161-1A237E-normal</styleUrl>
      </Pair>
      <Pair>
        <key>highlight</key>
        <styleUrl>#icon-seq2-1-161-1A237E-highlight</styleUrl>
      </Pair>
    </StyleMap>
    <Style id="icon-seq2-1-162-1A237E-normal">
      <IconStyle>
        <color>ff7e231a</color>
        <scale>1</scale>
        <Icon>
          <href>images/icon-163.png</href>
        </Icon>
      </IconStyle>
      <LabelStyle>
        <scale>0</scale>
      </LabelStyle>
    </Style>
    <Style id="icon-seq2-1-162-1A237E-highlight">
      <IconStyle>
        <color>ff7e231a</color>
        <scale>1</scale>
        <Icon>
          <href>images/icon-163.png</href>
        </Icon>
      </IconStyle>
      <LabelStyle>
        <scale>1</scale>
      </LabelStyle>
    </Style>
    <StyleMap id="icon-seq2-1-162-1A237E">
      <Pair>
        <key>normal</key>
        <styleUrl>#icon-seq2-1-162-1A237E-normal</styleUrl>
      </Pair>
      <Pair>
        <key>highlight</key>
        <styleUrl>#icon-seq2-1-162-1A237E-highlight</styleUrl>
      </Pair>
    </StyleMap>
    <Style id="icon-seq2-1-163-1A237E-normal">
      <IconStyle>
        <color>ff7e231a</color>
        <scale>1</scale>
        <Icon>
          <href>images/icon-164.png</href>
        </Icon>
      </IconStyle>
      <LabelStyle>
        <scale>0</scale>
      </LabelStyle>
    </Style>
    <Style id="icon-seq2-1-163-1A237E-highlight">
      <IconStyle>
        <color>ff7e231a</color>
        <scale>1</scale>
        <Icon>
          <href>images/icon-164.png</href>
        </Icon>
      </IconStyle>
      <LabelStyle>
        <scale>1</scale>
      </LabelStyle>
    </Style>
    <StyleMap id="icon-seq2-1-163-1A237E">
      <Pair>
        <key>normal</key>
        <styleUrl>#icon-seq2-1-163-1A237E-normal</styleUrl>
      </Pair>
      <Pair>
        <key>highlight</key>
        <styleUrl>#icon-seq2-1-163-1A237E-highlight</styleUrl>
      </Pair>
    </StyleMap>
    <Style id="icon-seq2-1-164-1A237E-normal">
      <IconStyle>
        <color>ff7e231a</color>
        <scale>1</scale>
        <Icon>
          <href>images/icon-165.png</href>
        </Icon>
      </IconStyle>
      <LabelStyle>
        <scale>0</scale>
      </LabelStyle>
    </Style>
    <Style id="icon-seq2-1-164-1A237E-highlight">
      <IconStyle>
        <color>ff7e231a</color>
        <scale>1</scale>
        <Icon>
          <href>images/icon-165.png</href>
        </Icon>
      </IconStyle>
      <LabelStyle>
        <scale>1</scale>
      </LabelStyle>
    </Style>
    <StyleMap id="icon-seq2-1-164-1A237E">
      <Pair>
        <key>normal</key>
        <styleUrl>#icon-seq2-1-164-1A237E-normal</styleUrl>
      </Pair>
      <Pair>
        <key>highlight</key>
        <styleUrl>#icon-seq2-1-164-1A237E-highlight</styleUrl>
      </Pair>
    </StyleMap>
    <Style id="icon-seq2-1-165-1A237E-normal">
      <IconStyle>
        <color>ff7e231a</color>
        <scale>1</scale>
        <Icon>
          <href>images/icon-166.png</href>
        </Icon>
      </IconStyle>
      <LabelStyle>
        <scale>0</scale>
      </LabelStyle>
    </Style>
    <Style id="icon-seq2-1-165-1A237E-highlight">
      <IconStyle>
        <color>ff7e231a</color>
        <scale>1</scale>
        <Icon>
          <href>images/icon-166.png</href>
        </Icon>
      </IconStyle>
      <LabelStyle>
        <scale>1</scale>
      </LabelStyle>
    </Style>
    <StyleMap id="icon-seq2-1-165-1A237E">
      <Pair>
        <key>normal</key>
        <styleUrl>#icon-seq2-1-165-1A237E-normal</styleUrl>
      </Pair>
      <Pair>
        <key>highlight</key>
        <styleUrl>#icon-seq2-1-165-1A237E-highlight</styleUrl>
      </Pair>
    </StyleMap>
    <Style id="icon-seq2-1-166-1A237E-normal">
      <IconStyle>
        <color>ff7e231a</color>
        <scale>1</scale>
        <Icon>
          <href>images/icon-167.png</href>
        </Icon>
      </IconStyle>
      <LabelStyle>
        <scale>0</scale>
      </LabelStyle>
    </Style>
    <Style id="icon-seq2-1-166-1A237E-highlight">
      <IconStyle>
        <color>ff7e231a</color>
        <scale>1</scale>
        <Icon>
          <href>images/icon-167.png</href>
        </Icon>
      </IconStyle>
      <LabelStyle>
        <scale>1</scale>
      </LabelStyle>
    </Style>
    <StyleMap id="icon-seq2-1-166-1A237E">
      <Pair>
        <key>normal</key>
        <styleUrl>#icon-seq2-1-166-1A237E-normal</styleUrl>
      </Pair>
      <Pair>
        <key>highlight</key>
        <styleUrl>#icon-seq2-1-166-1A237E-highlight</styleUrl>
      </Pair>
    </StyleMap>
    <Style id="icon-seq2-1-167-1A237E-normal">
      <IconStyle>
        <color>ff7e231a</color>
        <scale>1</scale>
        <Icon>
          <href>images/icon-168.png</href>
        </Icon>
      </IconStyle>
      <LabelStyle>
        <scale>0</scale>
      </LabelStyle>
    </Style>
    <Style id="icon-seq2-1-167-1A237E-highlight">
      <IconStyle>
        <color>ff7e231a</color>
        <scale>1</scale>
        <Icon>
          <href>images/icon-168.png</href>
        </Icon>
      </IconStyle>
      <LabelStyle>
        <scale>1</scale>
      </LabelStyle>
    </Style>
    <StyleMap id="icon-seq2-1-167-1A237E">
      <Pair>
        <key>normal</key>
        <styleUrl>#icon-seq2-1-167-1A237E-normal</styleUrl>
      </Pair>
      <Pair>
        <key>highlight</key>
        <styleUrl>#icon-seq2-1-167-1A237E-highlight</styleUrl>
      </Pair>
    </StyleMap>
    <Style id="icon-seq2-1-168-1A237E-normal">
      <IconStyle>
        <color>ff7e231a</color>
        <scale>1</scale>
        <Icon>
          <href>images/icon-169.png</href>
        </Icon>
      </IconStyle>
      <LabelStyle>
        <scale>0</scale>
      </LabelStyle>
    </Style>
    <Style id="icon-seq2-1-168-1A237E-highlight">
      <IconStyle>
        <color>ff7e231a</color>
        <scale>1</scale>
        <Icon>
          <href>images/icon-169.png</href>
        </Icon>
      </IconStyle>
      <LabelStyle>
        <scale>1</scale>
      </LabelStyle>
    </Style>
    <StyleMap id="icon-seq2-1-168-1A237E">
      <Pair>
        <key>normal</key>
        <styleUrl>#icon-seq2-1-168-1A237E-normal</styleUrl>
      </Pair>
      <Pair>
        <key>highlight</key>
        <styleUrl>#icon-seq2-1-168-1A237E-highlight</styleUrl>
      </Pair>
    </StyleMap>
    <Style id="icon-seq2-1-169-1A237E-normal">
      <IconStyle>
        <color>ff7e231a</color>
        <scale>1</scale>
        <Icon>
          <href>images/icon-170.png</href>
        </Icon>
      </IconStyle>
      <LabelStyle>
        <scale>0</scale>
      </LabelStyle>
    </Style>
    <Style id="icon-seq2-1-169-1A237E-highlight">
      <IconStyle>
        <color>ff7e231a</color>
        <scale>1</scale>
        <Icon>
          <href>images/icon-170.png</href>
        </Icon>
      </IconStyle>
      <LabelStyle>
        <scale>1</scale>
      </LabelStyle>
    </Style>
    <StyleMap id="icon-seq2-1-169-1A237E">
      <Pair>
        <key>normal</key>
        <styleUrl>#icon-seq2-1-169-1A237E-normal</styleUrl>
      </Pair>
      <Pair>
        <key>highlight</key>
        <styleUrl>#icon-seq2-1-169-1A237E-highlight</styleUrl>
      </Pair>
    </StyleMap>
    <Style id="icon-seq2-1-17-1A237E-normal">
      <IconStyle>
        <color>ff7e231a</color>
        <scale>1</scale>
        <Icon>
          <href>images/icon-18.png</href>
        </Icon>
      </IconStyle>
      <LabelStyle>
        <scale>0</scale>
      </LabelStyle>
    </Style>
    <Style id="icon-seq2-1-17-1A237E-highlight">
      <IconStyle>
        <color>ff7e231a</color>
        <scale>1</scale>
        <Icon>
          <href>images/icon-18.png</href>
        </Icon>
      </IconStyle>
      <LabelStyle>
        <scale>1</scale>
      </LabelStyle>
    </Style>
    <StyleMap id="icon-seq2-1-17-1A237E">
      <Pair>
        <key>normal</key>
        <styleUrl>#icon-seq2-1-17-1A237E-normal</styleUrl>
      </Pair>
      <Pair>
        <key>highlight</key>
        <styleUrl>#icon-seq2-1-17-1A237E-highlight</styleUrl>
      </Pair>
    </StyleMap>
    <Style id="icon-seq2-1-170-1A237E-normal">
      <IconStyle>
        <color>ff7e231a</color>
        <scale>1</scale>
        <Icon>
          <href>images/icon-171.png</href>
        </Icon>
      </IconStyle>
      <LabelStyle>
        <scale>0</scale>
      </LabelStyle>
    </Style>
    <Style id="icon-seq2-1-170-1A237E-highlight">
      <IconStyle>
        <color>ff7e231a</color>
        <scale>1</scale>
        <Icon>
          <href>images/icon-171.png</href>
        </Icon>
      </IconStyle>
      <LabelStyle>
        <scale>1</scale>
      </LabelStyle>
    </Style>
    <StyleMap id="icon-seq2-1-170-1A237E">
      <Pair>
        <key>normal</key>
        <styleUrl>#icon-seq2-1-170-1A237E-normal</styleUrl>
      </Pair>
      <Pair>
        <key>highlight</key>
        <styleUrl>#icon-seq2-1-170-1A237E-highlight</styleUrl>
      </Pair>
    </StyleMap>
    <Style id="icon-seq2-1-171-1A237E-normal">
      <IconStyle>
        <color>ff7e231a</color>
        <scale>1</scale>
        <Icon>
          <href>images/icon-172.png</href>
        </Icon>
      </IconStyle>
      <LabelStyle>
        <scale>0</scale>
      </LabelStyle>
    </Style>
    <Style id="icon-seq2-1-171-1A237E-highlight">
      <IconStyle>
        <color>ff7e231a</color>
        <scale>1</scale>
        <Icon>
          <href>images/icon-172.png</href>
        </Icon>
      </IconStyle>
      <LabelStyle>
        <scale>1</scale>
      </LabelStyle>
    </Style>
    <StyleMap id="icon-seq2-1-171-1A237E">
      <Pair>
        <key>normal</key>
        <styleUrl>#icon-seq2-1-171-1A237E-normal</styleUrl>
      </Pair>
      <Pair>
        <key>highlight</key>
        <styleUrl>#icon-seq2-1-171-1A237E-highlight</styleUrl>
      </Pair>
    </StyleMap>
    <Style id="icon-seq2-1-172-1A237E-normal">
      <IconStyle>
        <color>ff7e231a</color>
        <scale>1</scale>
        <Icon>
          <href>images/icon-173.png</href>
        </Icon>
      </IconStyle>
      <LabelStyle>
        <scale>0</scale>
      </LabelStyle>
    </Style>
    <Style id="icon-seq2-1-172-1A237E-highlight">
      <IconStyle>
        <color>ff7e231a</color>
        <scale>1</scale>
        <Icon>
          <href>images/icon-173.png</href>
        </Icon>
      </IconStyle>
      <LabelStyle>
        <scale>1</scale>
      </LabelStyle>
    </Style>
    <StyleMap id="icon-seq2-1-172-1A237E">
      <Pair>
        <key>normal</key>
        <styleUrl>#icon-seq2-1-172-1A237E-normal</styleUrl>
      </Pair>
      <Pair>
        <key>highlight</key>
        <styleUrl>#icon-seq2-1-172-1A237E-highlight</styleUrl>
      </Pair>
    </StyleMap>
    <Style id="icon-seq2-1-173-1A237E-normal">
      <IconStyle>
        <color>ff7e231a</color>
        <scale>1</scale>
        <Icon>
          <href>images/icon-174.png</href>
        </Icon>
      </IconStyle>
      <LabelStyle>
        <scale>0</scale>
      </LabelStyle>
    </Style>
    <Style id="icon-seq2-1-173-1A237E-highlight">
      <IconStyle>
        <color>ff7e231a</color>
        <scale>1</scale>
        <Icon>
          <href>images/icon-174.png</href>
        </Icon>
      </IconStyle>
      <LabelStyle>
        <scale>1</scale>
      </LabelStyle>
    </Style>
    <StyleMap id="icon-seq2-1-173-1A237E">
      <Pair>
        <key>normal</key>
        <styleUrl>#icon-seq2-1-173-1A237E-normal</styleUrl>
      </Pair>
      <Pair>
        <key>highlight</key>
        <styleUrl>#icon-seq2-1-173-1A237E-highlight</styleUrl>
      </Pair>
    </StyleMap>
    <Style id="icon-seq2-1-174-1A237E-normal">
      <IconStyle>
        <color>ff7e231a</color>
        <scale>1</scale>
        <Icon>
          <href>images/icon-175.png</href>
        </Icon>
      </IconStyle>
      <LabelStyle>
        <scale>0</scale>
      </LabelStyle>
    </Style>
    <Style id="icon-seq2-1-174-1A237E-highlight">
      <IconStyle>
        <color>ff7e231a</color>
        <scale>1</scale>
        <Icon>
          <href>images/icon-175.png</href>
        </Icon>
      </IconStyle>
      <LabelStyle>
        <scale>1</scale>
      </LabelStyle>
    </Style>
    <StyleMap id="icon-seq2-1-174-1A237E">
      <Pair>
        <key>normal</key>
        <styleUrl>#icon-seq2-1-174-1A237E-normal</styleUrl>
      </Pair>
      <Pair>
        <key>highlight</key>
        <styleUrl>#icon-seq2-1-174-1A237E-highlight</styleUrl>
      </Pair>
    </StyleMap>
    <Style id="icon-seq2-1-175-1A237E-normal">
      <IconStyle>
        <color>ff7e231a</color>
        <scale>1</scale>
        <Icon>
          <href>images/icon-176.png</href>
        </Icon>
      </IconStyle>
      <LabelStyle>
        <scale>0</scale>
      </LabelStyle>
    </Style>
    <Style id="icon-seq2-1-175-1A237E-highlight">
      <IconStyle>
        <color>ff7e231a</color>
        <scale>1</scale>
        <Icon>
          <href>images/icon-176.png</href>
        </Icon>
      </IconStyle>
      <LabelStyle>
        <scale>1</scale>
      </LabelStyle>
    </Style>
    <StyleMap id="icon-seq2-1-175-1A237E">
      <Pair>
        <key>normal</key>
        <styleUrl>#icon-seq2-1-175-1A237E-normal</styleUrl>
      </Pair>
      <Pair>
        <key>highlight</key>
        <styleUrl>#icon-seq2-1-175-1A237E-highlight</styleUrl>
      </Pair>
    </StyleMap>
    <Style id="icon-seq2-1-176-1A237E-normal">
      <IconStyle>
        <color>ff7e231a</color>
        <scale>1</scale>
        <Icon>
          <href>images/icon-177.png</href>
        </Icon>
      </IconStyle>
      <LabelStyle>
        <scale>0</scale>
      </LabelStyle>
    </Style>
    <Style id="icon-seq2-1-176-1A237E-highlight">
      <IconStyle>
        <color>ff7e231a</color>
        <scale>1</scale>
        <Icon>
          <href>images/icon-177.png</href>
        </Icon>
      </IconStyle>
      <LabelStyle>
        <scale>1</scale>
      </LabelStyle>
    </Style>
    <StyleMap id="icon-seq2-1-176-1A237E">
      <Pair>
        <key>normal</key>
        <styleUrl>#icon-seq2-1-176-1A237E-normal</styleUrl>
      </Pair>
      <Pair>
        <key>highlight</key>
        <styleUrl>#icon-seq2-1-176-1A237E-highlight</styleUrl>
      </Pair>
    </StyleMap>
    <Style id="icon-seq2-1-177-1A237E-normal">
      <IconStyle>
        <color>ff7e231a</color>
        <scale>1</scale>
        <Icon>
          <href>images/icon-178.png</href>
        </Icon>
      </IconStyle>
      <LabelStyle>
        <scale>0</scale>
      </LabelStyle>
    </Style>
    <Style id="icon-seq2-1-177-1A237E-highlight">
      <IconStyle>
        <color>ff7e231a</color>
        <scale>1</scale>
        <Icon>
          <href>images/icon-178.png</href>
        </Icon>
      </IconStyle>
      <LabelStyle>
        <scale>1</scale>
      </LabelStyle>
    </Style>
    <StyleMap id="icon-seq2-1-177-1A237E">
      <Pair>
        <key>normal</key>
        <styleUrl>#icon-seq2-1-177-1A237E-normal</styleUrl>
      </Pair>
      <Pair>
        <key>highlight</key>
        <styleUrl>#icon-seq2-1-177-1A237E-highlight</styleUrl>
      </Pair>
    </StyleMap>
    <Style id="icon-seq2-1-178-1A237E-normal">
      <IconStyle>
        <color>ff7e231a</color>
        <scale>1</scale>
        <Icon>
          <href>images/icon-179.png</href>
        </Icon>
      </IconStyle>
      <LabelStyle>
        <scale>0</scale>
      </LabelStyle>
    </Style>
    <Style id="icon-seq2-1-178-1A237E-highlight">
      <IconStyle>
        <color>ff7e231a</color>
        <scale>1</scale>
        <Icon>
          <href>images/icon-179.png</href>
        </Icon>
      </IconStyle>
      <LabelStyle>
        <scale>1</scale>
      </LabelStyle>
    </Style>
    <StyleMap id="icon-seq2-1-178-1A237E">
      <Pair>
        <key>normal</key>
        <styleUrl>#icon-seq2-1-178-1A237E-normal</styleUrl>
      </Pair>
      <Pair>
        <key>highlight</key>
        <styleUrl>#icon-seq2-1-178-1A237E-highlight</styleUrl>
      </Pair>
    </StyleMap>
    <Style id="icon-seq2-1-179-1A237E-normal">
      <IconStyle>
        <color>ff7e231a</color>
        <scale>1</scale>
        <Icon>
          <href>images/icon-180.png</href>
        </Icon>
      </IconStyle>
      <LabelStyle>
        <scale>0</scale>
      </LabelStyle>
    </Style>
    <Style id="icon-seq2-1-179-1A237E-highlight">
      <IconStyle>
        <color>ff7e231a</color>
        <scale>1</scale>
        <Icon>
          <href>images/icon-180.png</href>
        </Icon>
      </IconStyle>
      <LabelStyle>
        <scale>1</scale>
      </LabelStyle>
    </Style>
    <StyleMap id="icon-seq2-1-179-1A237E">
      <Pair>
        <key>normal</key>
        <styleUrl>#icon-seq2-1-179-1A237E-normal</styleUrl>
      </Pair>
      <Pair>
        <key>highlight</key>
        <styleUrl>#icon-seq2-1-179-1A237E-highlight</styleUrl>
      </Pair>
    </StyleMap>
    <Style id="icon-seq2-1-18-1A237E-normal">
      <IconStyle>
        <color>ff7e231a</color>
        <scale>1</scale>
        <Icon>
          <href>images/icon-19.png</href>
        </Icon>
      </IconStyle>
      <LabelStyle>
        <scale>0</scale>
      </LabelStyle>
    </Style>
    <Style id="icon-seq2-1-18-1A237E-highlight">
      <IconStyle>
        <color>ff7e231a</color>
        <scale>1</scale>
        <Icon>
          <href>images/icon-19.png</href>
        </Icon>
      </IconStyle>
      <LabelStyle>
        <scale>1</scale>
      </LabelStyle>
    </Style>
    <StyleMap id="icon-seq2-1-18-1A237E">
      <Pair>
        <key>normal</key>
        <styleUrl>#icon-seq2-1-18-1A237E-normal</styleUrl>
      </Pair>
      <Pair>
        <key>highlight</key>
        <styleUrl>#icon-seq2-1-18-1A237E-highlight</styleUrl>
      </Pair>
    </StyleMap>
    <Style id="icon-seq2-1-180-1A237E-normal">
      <IconStyle>
        <color>ff7e231a</color>
        <scale>1</scale>
        <Icon>
          <href>images/icon-181.png</href>
        </Icon>
      </IconStyle>
      <LabelStyle>
        <scale>0</scale>
      </LabelStyle>
    </Style>
    <Style id="icon-seq2-1-180-1A237E-highlight">
      <IconStyle>
        <color>ff7e231a</color>
        <scale>1</scale>
        <Icon>
          <href>images/icon-181.png</href>
        </Icon>
      </IconStyle>
      <LabelStyle>
        <scale>1</scale>
      </LabelStyle>
    </Style>
    <StyleMap id="icon-seq2-1-180-1A237E">
      <Pair>
        <key>normal</key>
        <styleUrl>#icon-seq2-1-180-1A237E-normal</styleUrl>
      </Pair>
      <Pair>
        <key>highlight</key>
        <styleUrl>#icon-seq2-1-180-1A237E-highlight</styleUrl>
      </Pair>
    </StyleMap>
    <Style id="icon-seq2-1-181-1A237E-normal">
      <IconStyle>
        <color>ff7e231a</color>
        <scale>1</scale>
        <Icon>
          <href>images/icon-182.png</href>
        </Icon>
      </IconStyle>
      <LabelStyle>
        <scale>0</scale>
      </LabelStyle>
    </Style>
    <Style id="icon-seq2-1-181-1A237E-highlight">
      <IconStyle>
        <color>ff7e231a</color>
        <scale>1</scale>
        <Icon>
          <href>images/icon-182.png</href>
        </Icon>
      </IconStyle>
      <LabelStyle>
        <scale>1</scale>
      </LabelStyle>
    </Style>
    <StyleMap id="icon-seq2-1-181-1A237E">
      <Pair>
        <key>normal</key>
        <styleUrl>#icon-seq2-1-181-1A237E-normal</styleUrl>
      </Pair>
      <Pair>
        <key>highlight</key>
        <styleUrl>#icon-seq2-1-181-1A237E-highlight</styleUrl>
      </Pair>
    </StyleMap>
    <Style id="icon-seq2-1-182-1A237E-normal">
      <IconStyle>
        <color>ff7e231a</color>
        <scale>1</scale>
        <Icon>
          <href>images/icon-183.png</href>
        </Icon>
      </IconStyle>
      <LabelStyle>
        <scale>0</scale>
      </LabelStyle>
    </Style>
    <Style id="icon-seq2-1-182-1A237E-highlight">
      <IconStyle>
        <color>ff7e231a</color>
        <scale>1</scale>
        <Icon>
          <href>images/icon-183.png</href>
        </Icon>
      </IconStyle>
      <LabelStyle>
        <scale>1</scale>
      </LabelStyle>
    </Style>
    <StyleMap id="icon-seq2-1-182-1A237E">
      <Pair>
        <key>normal</key>
        <styleUrl>#icon-seq2-1-182-1A237E-normal</styleUrl>
      </Pair>
      <Pair>
        <key>highlight</key>
        <styleUrl>#icon-seq2-1-182-1A237E-highlight</styleUrl>
      </Pair>
    </StyleMap>
    <Style id="icon-seq2-1-183-1A237E-normal">
      <IconStyle>
        <color>ff7e231a</color>
        <scale>1</scale>
        <Icon>
          <href>images/icon-184.png</href>
        </Icon>
      </IconStyle>
      <LabelStyle>
        <scale>0</scale>
      </LabelStyle>
    </Style>
    <Style id="icon-seq2-1-183-1A237E-highlight">
      <IconStyle>
        <color>ff7e231a</color>
        <scale>1</scale>
        <Icon>
          <href>images/icon-184.png</href>
        </Icon>
      </IconStyle>
      <LabelStyle>
        <scale>1</scale>
      </LabelStyle>
    </Style>
    <StyleMap id="icon-seq2-1-183-1A237E">
      <Pair>
        <key>normal</key>
        <styleUrl>#icon-seq2-1-183-1A237E-normal</styleUrl>
      </Pair>
      <Pair>
        <key>highlight</key>
        <styleUrl>#icon-seq2-1-183-1A237E-highlight</styleUrl>
      </Pair>
    </StyleMap>
    <Style id="icon-seq2-1-184-1A237E-normal">
      <IconStyle>
        <color>ff7e231a</color>
        <scale>1</scale>
        <Icon>
          <href>images/icon-185.png</href>
        </Icon>
      </IconStyle>
      <LabelStyle>
        <scale>0</scale>
      </LabelStyle>
    </Style>
    <Style id="icon-seq2-1-184-1A237E-highlight">
      <IconStyle>
        <color>ff7e231a</color>
        <scale>1</scale>
        <Icon>
          <href>images/icon-185.png</href>
        </Icon>
      </IconStyle>
      <LabelStyle>
        <scale>1</scale>
      </LabelStyle>
    </Style>
    <StyleMap id="icon-seq2-1-184-1A237E">
      <Pair>
        <key>normal</key>
        <styleUrl>#icon-seq2-1-184-1A237E-normal</styleUrl>
      </Pair>
      <Pair>
        <key>highlight</key>
        <styleUrl>#icon-seq2-1-184-1A237E-highlight</styleUrl>
      </Pair>
    </StyleMap>
    <Style id="icon-seq2-1-185-1A237E-normal">
      <IconStyle>
        <color>ff7e231a</color>
        <scale>1</scale>
        <Icon>
          <href>images/icon-186.png</href>
        </Icon>
      </IconStyle>
      <LabelStyle>
        <scale>0</scale>
      </LabelStyle>
    </Style>
    <Style id="icon-seq2-1-185-1A237E-highlight">
      <IconStyle>
        <color>ff7e231a</color>
        <scale>1</scale>
        <Icon>
          <href>images/icon-186.png</href>
        </Icon>
      </IconStyle>
      <LabelStyle>
        <scale>1</scale>
      </LabelStyle>
    </Style>
    <StyleMap id="icon-seq2-1-185-1A237E">
      <Pair>
        <key>normal</key>
        <styleUrl>#icon-seq2-1-185-1A237E-normal</styleUrl>
      </Pair>
      <Pair>
        <key>highlight</key>
        <styleUrl>#icon-seq2-1-185-1A237E-highlight</styleUrl>
      </Pair>
    </StyleMap>
    <Style id="icon-seq2-1-186-1A237E-normal">
      <IconStyle>
        <color>ff7e231a</color>
        <scale>1</scale>
        <Icon>
          <href>images/icon-187.png</href>
        </Icon>
      </IconStyle>
      <LabelStyle>
        <scale>0</scale>
      </LabelStyle>
    </Style>
    <Style id="icon-seq2-1-186-1A237E-highlight">
      <IconStyle>
        <color>ff7e231a</color>
        <scale>1</scale>
        <Icon>
          <href>images/icon-187.png</href>
        </Icon>
      </IconStyle>
      <LabelStyle>
        <scale>1</scale>
      </LabelStyle>
    </Style>
    <StyleMap id="icon-seq2-1-186-1A237E">
      <Pair>
        <key>normal</key>
        <styleUrl>#icon-seq2-1-186-1A237E-normal</styleUrl>
      </Pair>
      <Pair>
        <key>highlight</key>
        <styleUrl>#icon-seq2-1-186-1A237E-highlight</styleUrl>
      </Pair>
    </StyleMap>
    <Style id="icon-seq2-1-187-1A237E-normal">
      <IconStyle>
        <color>ff7e231a</color>
        <scale>1</scale>
        <Icon>
          <href>images/icon-188.png</href>
        </Icon>
      </IconStyle>
      <LabelStyle>
        <scale>0</scale>
      </LabelStyle>
    </Style>
    <Style id="icon-seq2-1-187-1A237E-highlight">
      <IconStyle>
        <color>ff7e231a</color>
        <scale>1</scale>
        <Icon>
          <href>images/icon-188.png</href>
        </Icon>
      </IconStyle>
      <LabelStyle>
        <scale>1</scale>
      </LabelStyle>
    </Style>
    <StyleMap id="icon-seq2-1-187-1A237E">
      <Pair>
        <key>normal</key>
        <styleUrl>#icon-seq2-1-187-1A237E-normal</styleUrl>
      </Pair>
      <Pair>
        <key>highlight</key>
        <styleUrl>#icon-seq2-1-187-1A237E-highlight</styleUrl>
      </Pair>
    </StyleMap>
    <Style id="icon-seq2-1-188-1A237E-normal">
      <IconStyle>
        <color>ff7e231a</color>
        <scale>1</scale>
        <Icon>
          <href>images/icon-189.png</href>
        </Icon>
      </IconStyle>
      <LabelStyle>
        <scale>0</scale>
      </LabelStyle>
    </Style>
    <Style id="icon-seq2-1-188-1A237E-highlight">
      <IconStyle>
        <color>ff7e231a</color>
        <scale>1</scale>
        <Icon>
          <href>images/icon-189.png</href>
        </Icon>
      </IconStyle>
      <LabelStyle>
        <scale>1</scale>
      </LabelStyle>
    </Style>
    <StyleMap id="icon-seq2-1-188-1A237E">
      <Pair>
        <key>normal</key>
        <styleUrl>#icon-seq2-1-188-1A237E-normal</styleUrl>
      </Pair>
      <Pair>
        <key>highlight</key>
        <styleUrl>#icon-seq2-1-188-1A237E-highlight</styleUrl>
      </Pair>
    </StyleMap>
    <Style id="icon-seq2-1-189-1A237E-normal">
      <IconStyle>
        <color>ff7e231a</color>
        <scale>1</scale>
        <Icon>
          <href>images/icon-190.png</href>
        </Icon>
      </IconStyle>
      <LabelStyle>
        <scale>0</scale>
      </LabelStyle>
    </Style>
    <Style id="icon-seq2-1-189-1A237E-highlight">
      <IconStyle>
        <color>ff7e231a</color>
        <scale>1</scale>
        <Icon>
          <href>images/icon-190.png</href>
        </Icon>
      </IconStyle>
      <LabelStyle>
        <scale>1</scale>
      </LabelStyle>
    </Style>
    <StyleMap id="icon-seq2-1-189-1A237E">
      <Pair>
        <key>normal</key>
        <styleUrl>#icon-seq2-1-189-1A237E-normal</styleUrl>
      </Pair>
      <Pair>
        <key>highlight</key>
        <styleUrl>#icon-seq2-1-189-1A237E-highlight</styleUrl>
      </Pair>
    </StyleMap>
    <Style id="icon-seq2-1-19-1A237E-normal">
      <IconStyle>
        <color>ff7e231a</color>
        <scale>1</scale>
        <Icon>
          <href>images/icon-20.png</href>
        </Icon>
      </IconStyle>
      <LabelStyle>
        <scale>0</scale>
      </LabelStyle>
    </Style>
    <Style id="icon-seq2-1-19-1A237E-highlight">
      <IconStyle>
        <color>ff7e231a</color>
        <scale>1</scale>
        <Icon>
          <href>images/icon-20.png</href>
        </Icon>
      </IconStyle>
      <LabelStyle>
        <scale>1</scale>
      </LabelStyle>
    </Style>
    <StyleMap id="icon-seq2-1-19-1A237E">
      <Pair>
        <key>normal</key>
        <styleUrl>#icon-seq2-1-19-1A237E-normal</styleUrl>
      </Pair>
      <Pair>
        <key>highlight</key>
        <styleUrl>#icon-seq2-1-19-1A237E-highlight</styleUrl>
      </Pair>
    </StyleMap>
    <Style id="icon-seq2-1-190-1A237E-normal">
      <IconStyle>
        <color>ff7e231a</color>
        <scale>1</scale>
        <Icon>
          <href>images/icon-191.png</href>
        </Icon>
      </IconStyle>
      <LabelStyle>
        <scale>0</scale>
      </LabelStyle>
    </Style>
    <Style id="icon-seq2-1-190-1A237E-highlight">
      <IconStyle>
        <color>ff7e231a</color>
        <scale>1</scale>
        <Icon>
          <href>images/icon-191.png</href>
        </Icon>
      </IconStyle>
      <LabelStyle>
        <scale>1</scale>
      </LabelStyle>
    </Style>
    <StyleMap id="icon-seq2-1-190-1A237E">
      <Pair>
        <key>normal</key>
        <styleUrl>#icon-seq2-1-190-1A237E-normal</styleUrl>
      </Pair>
      <Pair>
        <key>highlight</key>
        <styleUrl>#icon-seq2-1-190-1A237E-highlight</styleUrl>
      </Pair>
    </StyleMap>
    <Style id="icon-seq2-1-191-1A237E-normal">
      <IconStyle>
        <color>ff7e231a</color>
        <scale>1</scale>
        <Icon>
          <href>images/icon-192.png</href>
        </Icon>
      </IconStyle>
      <LabelStyle>
        <scale>0</scale>
      </LabelStyle>
    </Style>
    <Style id="icon-seq2-1-191-1A237E-highlight">
      <IconStyle>
        <color>ff7e231a</color>
        <scale>1</scale>
        <Icon>
          <href>images/icon-192.png</href>
        </Icon>
      </IconStyle>
      <LabelStyle>
        <scale>1</scale>
      </LabelStyle>
    </Style>
    <StyleMap id="icon-seq2-1-191-1A237E">
      <Pair>
        <key>normal</key>
        <styleUrl>#icon-seq2-1-191-1A237E-normal</styleUrl>
      </Pair>
      <Pair>
        <key>highlight</key>
        <styleUrl>#icon-seq2-1-191-1A237E-highlight</styleUrl>
      </Pair>
    </StyleMap>
    <Style id="icon-seq2-1-192-1A237E-normal">
      <IconStyle>
        <color>ff7e231a</color>
        <scale>1</scale>
        <Icon>
          <href>images/icon-193.png</href>
        </Icon>
      </IconStyle>
      <LabelStyle>
        <scale>0</scale>
      </LabelStyle>
    </Style>
    <Style id="icon-seq2-1-192-1A237E-highlight">
      <IconStyle>
        <color>ff7e231a</color>
        <scale>1</scale>
        <Icon>
          <href>images/icon-193.png</href>
        </Icon>
      </IconStyle>
      <LabelStyle>
        <scale>1</scale>
      </LabelStyle>
    </Style>
    <StyleMap id="icon-seq2-1-192-1A237E">
      <Pair>
        <key>normal</key>
        <styleUrl>#icon-seq2-1-192-1A237E-normal</styleUrl>
      </Pair>
      <Pair>
        <key>highlight</key>
        <styleUrl>#icon-seq2-1-192-1A237E-highlight</styleUrl>
      </Pair>
    </StyleMap>
    <Style id="icon-seq2-1-193-1A237E-normal">
      <IconStyle>
        <color>ff7e231a</color>
        <scale>1</scale>
        <Icon>
          <href>images/icon-194.png</href>
        </Icon>
      </IconStyle>
      <LabelStyle>
        <scale>0</scale>
      </LabelStyle>
    </Style>
    <Style id="icon-seq2-1-193-1A237E-highlight">
      <IconStyle>
        <color>ff7e231a</color>
        <scale>1</scale>
        <Icon>
          <href>images/icon-194.png</href>
        </Icon>
      </IconStyle>
      <LabelStyle>
        <scale>1</scale>
      </LabelStyle>
    </Style>
    <StyleMap id="icon-seq2-1-193-1A237E">
      <Pair>
        <key>normal</key>
        <styleUrl>#icon-seq2-1-193-1A237E-normal</styleUrl>
      </Pair>
      <Pair>
        <key>highlight</key>
        <styleUrl>#icon-seq2-1-193-1A237E-highlight</styleUrl>
      </Pair>
    </StyleMap>
    <Style id="icon-seq2-1-194-1A237E-normal">
      <IconStyle>
        <color>ff7e231a</color>
        <scale>1</scale>
        <Icon>
          <href>images/icon-195.png</href>
        </Icon>
      </IconStyle>
      <LabelStyle>
        <scale>0</scale>
      </LabelStyle>
    </Style>
    <Style id="icon-seq2-1-194-1A237E-highlight">
      <IconStyle>
        <color>ff7e231a</color>
        <scale>1</scale>
        <Icon>
          <href>images/icon-195.png</href>
        </Icon>
      </IconStyle>
      <LabelStyle>
        <scale>1</scale>
      </LabelStyle>
    </Style>
    <StyleMap id="icon-seq2-1-194-1A237E">
      <Pair>
        <key>normal</key>
        <styleUrl>#icon-seq2-1-194-1A237E-normal</styleUrl>
      </Pair>
      <Pair>
        <key>highlight</key>
        <styleUrl>#icon-seq2-1-194-1A237E-highlight</styleUrl>
      </Pair>
    </StyleMap>
    <Style id="icon-seq2-1-195-1A237E-normal">
      <IconStyle>
        <color>ff7e231a</color>
        <scale>1</scale>
        <Icon>
          <href>images/icon-196.png</href>
        </Icon>
      </IconStyle>
      <LabelStyle>
        <scale>0</scale>
      </LabelStyle>
    </Style>
    <Style id="icon-seq2-1-195-1A237E-highlight">
      <IconStyle>
        <color>ff7e231a</color>
        <scale>1</scale>
        <Icon>
          <href>images/icon-196.png</href>
        </Icon>
      </IconStyle>
      <LabelStyle>
        <scale>1</scale>
      </LabelStyle>
    </Style>
    <StyleMap id="icon-seq2-1-195-1A237E">
      <Pair>
        <key>normal</key>
        <styleUrl>#icon-seq2-1-195-1A237E-normal</styleUrl>
      </Pair>
      <Pair>
        <key>highlight</key>
        <styleUrl>#icon-seq2-1-195-1A237E-highlight</styleUrl>
      </Pair>
    </StyleMap>
    <Style id="icon-seq2-1-196-1A237E-normal">
      <IconStyle>
        <color>ff7e231a</color>
        <scale>1</scale>
        <Icon>
          <href>images/icon-197.png</href>
        </Icon>
      </IconStyle>
      <LabelStyle>
        <scale>0</scale>
      </LabelStyle>
    </Style>
    <Style id="icon-seq2-1-196-1A237E-highlight">
      <IconStyle>
        <color>ff7e231a</color>
        <scale>1</scale>
        <Icon>
          <href>images/icon-197.png</href>
        </Icon>
      </IconStyle>
      <LabelStyle>
        <scale>1</scale>
      </LabelStyle>
    </Style>
    <StyleMap id="icon-seq2-1-196-1A237E">
      <Pair>
        <key>normal</key>
        <styleUrl>#icon-seq2-1-196-1A237E-normal</styleUrl>
      </Pair>
      <Pair>
        <key>highlight</key>
        <styleUrl>#icon-seq2-1-196-1A237E-highlight</styleUrl>
      </Pair>
    </StyleMap>
    <Style id="icon-seq2-1-197-1A237E-normal">
      <IconStyle>
        <color>ff7e231a</color>
        <scale>1</scale>
        <Icon>
          <href>images/icon-198.png</href>
        </Icon>
      </IconStyle>
      <LabelStyle>
        <scale>0</scale>
      </LabelStyle>
    </Style>
    <Style id="icon-seq2-1-197-1A237E-highlight">
      <IconStyle>
        <color>ff7e231a</color>
        <scale>1</scale>
        <Icon>
          <href>images/icon-198.png</href>
        </Icon>
      </IconStyle>
      <LabelStyle>
        <scale>1</scale>
      </LabelStyle>
    </Style>
    <StyleMap id="icon-seq2-1-197-1A237E">
      <Pair>
        <key>normal</key>
        <styleUrl>#icon-seq2-1-197-1A237E-normal</styleUrl>
      </Pair>
      <Pair>
        <key>highlight</key>
        <styleUrl>#icon-seq2-1-197-1A237E-highlight</styleUrl>
      </Pair>
    </StyleMap>
    <Style id="icon-seq2-1-198-1A237E-normal">
      <IconStyle>
        <color>ff7e231a</color>
        <scale>1</scale>
        <Icon>
          <href>images/icon-199.png</href>
        </Icon>
      </IconStyle>
      <LabelStyle>
        <scale>0</scale>
      </LabelStyle>
    </Style>
    <Style id="icon-seq2-1-198-1A237E-highlight">
      <IconStyle>
        <color>ff7e231a</color>
        <scale>1</scale>
        <Icon>
          <href>images/icon-199.png</href>
        </Icon>
      </IconStyle>
      <LabelStyle>
        <scale>1</scale>
      </LabelStyle>
    </Style>
    <StyleMap id="icon-seq2-1-198-1A237E">
      <Pair>
        <key>normal</key>
        <styleUrl>#icon-seq2-1-198-1A237E-normal</styleUrl>
      </Pair>
      <Pair>
        <key>highlight</key>
        <styleUrl>#icon-seq2-1-198-1A237E-highlight</styleUrl>
      </Pair>
    </StyleMap>
    <Style id="icon-seq2-1-199-1A237E-normal">
      <IconStyle>
        <color>ff7e231a</color>
        <scale>1</scale>
        <Icon>
          <href>images/icon-200.png</href>
        </Icon>
      </IconStyle>
      <LabelStyle>
        <scale>0</scale>
      </LabelStyle>
    </Style>
    <Style id="icon-seq2-1-199-1A237E-highlight">
      <IconStyle>
        <color>ff7e231a</color>
        <scale>1</scale>
        <Icon>
          <href>images/icon-200.png</href>
        </Icon>
      </IconStyle>
      <LabelStyle>
        <scale>1</scale>
      </LabelStyle>
    </Style>
    <StyleMap id="icon-seq2-1-199-1A237E">
      <Pair>
        <key>normal</key>
        <styleUrl>#icon-seq2-1-199-1A237E-normal</styleUrl>
      </Pair>
      <Pair>
        <key>highlight</key>
        <styleUrl>#icon-seq2-1-199-1A237E-highlight</styleUrl>
      </Pair>
    </StyleMap>
    <Style id="icon-seq2-1-2-1A237E-normal">
      <IconStyle>
        <color>ff7e231a</color>
        <scale>1</scale>
        <Icon>
          <href>images/icon-3.png</href>
        </Icon>
      </IconStyle>
      <LabelStyle>
        <scale>0</scale>
      </LabelStyle>
    </Style>
    <Style id="icon-seq2-1-2-1A237E-highlight">
      <IconStyle>
        <color>ff7e231a</color>
        <scale>1</scale>
        <Icon>
          <href>images/icon-3.png</href>
        </Icon>
      </IconStyle>
      <LabelStyle>
        <scale>1</scale>
      </LabelStyle>
    </Style>
    <StyleMap id="icon-seq2-1-2-1A237E">
      <Pair>
        <key>normal</key>
        <styleUrl>#icon-seq2-1-2-1A237E-normal</styleUrl>
      </Pair>
      <Pair>
        <key>highlight</key>
        <styleUrl>#icon-seq2-1-2-1A237E-highlight</styleUrl>
      </Pair>
    </StyleMap>
    <Style id="icon-seq2-1-20-1A237E-normal">
      <IconStyle>
        <color>ff7e231a</color>
        <scale>1</scale>
        <Icon>
          <href>images/icon-21.png</href>
        </Icon>
      </IconStyle>
      <LabelStyle>
        <scale>0</scale>
      </LabelStyle>
    </Style>
    <Style id="icon-seq2-1-20-1A237E-highlight">
      <IconStyle>
        <color>ff7e231a</color>
        <scale>1</scale>
        <Icon>
          <href>images/icon-21.png</href>
        </Icon>
      </IconStyle>
      <LabelStyle>
        <scale>1</scale>
      </LabelStyle>
    </Style>
    <StyleMap id="icon-seq2-1-20-1A237E">
      <Pair>
        <key>normal</key>
        <styleUrl>#icon-seq2-1-20-1A237E-normal</styleUrl>
      </Pair>
      <Pair>
        <key>highlight</key>
        <styleUrl>#icon-seq2-1-20-1A237E-highlight</styleUrl>
      </Pair>
    </StyleMap>
    <Style id="icon-seq2-1-200-1A237E-normal">
      <IconStyle>
        <color>ff7e231a</color>
        <scale>1</scale>
        <Icon>
          <href>images/icon-201.png</href>
        </Icon>
      </IconStyle>
      <LabelStyle>
        <scale>0</scale>
      </LabelStyle>
    </Style>
    <Style id="icon-seq2-1-200-1A237E-highlight">
      <IconStyle>
        <color>ff7e231a</color>
        <scale>1</scale>
        <Icon>
          <href>images/icon-201.png</href>
        </Icon>
      </IconStyle>
      <LabelStyle>
        <scale>1</scale>
      </LabelStyle>
    </Style>
    <StyleMap id="icon-seq2-1-200-1A237E">
      <Pair>
        <key>normal</key>
        <styleUrl>#icon-seq2-1-200-1A237E-normal</styleUrl>
      </Pair>
      <Pair>
        <key>highlight</key>
        <styleUrl>#icon-seq2-1-200-1A237E-highlight</styleUrl>
      </Pair>
    </StyleMap>
    <Style id="icon-seq2-1-201-1A237E-normal">
      <IconStyle>
        <color>ff7e231a</color>
        <scale>1</scale>
        <Icon>
          <href>images/icon-202.png</href>
        </Icon>
      </IconStyle>
      <LabelStyle>
        <scale>0</scale>
      </LabelStyle>
    </Style>
    <Style id="icon-seq2-1-201-1A237E-highlight">
      <IconStyle>
        <color>ff7e231a</color>
        <scale>1</scale>
        <Icon>
          <href>images/icon-202.png</href>
        </Icon>
      </IconStyle>
      <LabelStyle>
        <scale>1</scale>
      </LabelStyle>
    </Style>
    <StyleMap id="icon-seq2-1-201-1A237E">
      <Pair>
        <key>normal</key>
        <styleUrl>#icon-seq2-1-201-1A237E-normal</styleUrl>
      </Pair>
      <Pair>
        <key>highlight</key>
        <styleUrl>#icon-seq2-1-201-1A237E-highlight</styleUrl>
      </Pair>
    </StyleMap>
    <Style id="icon-seq2-1-202-1A237E-normal">
      <IconStyle>
        <color>ff7e231a</color>
        <scale>1</scale>
        <Icon>
          <href>images/icon-203.png</href>
        </Icon>
      </IconStyle>
      <LabelStyle>
        <scale>0</scale>
      </LabelStyle>
    </Style>
    <Style id="icon-seq2-1-202-1A237E-highlight">
      <IconStyle>
        <color>ff7e231a</color>
        <scale>1</scale>
        <Icon>
          <href>images/icon-203.png</href>
        </Icon>
      </IconStyle>
      <LabelStyle>
        <scale>1</scale>
      </LabelStyle>
    </Style>
    <StyleMap id="icon-seq2-1-202-1A237E">
      <Pair>
        <key>normal</key>
        <styleUrl>#icon-seq2-1-202-1A237E-normal</styleUrl>
      </Pair>
      <Pair>
        <key>highlight</key>
        <styleUrl>#icon-seq2-1-202-1A237E-highlight</styleUrl>
      </Pair>
    </StyleMap>
    <Style id="icon-seq2-1-203-1A237E-normal">
      <IconStyle>
        <color>ff7e231a</color>
        <scale>1</scale>
        <Icon>
          <href>images/icon-204.png</href>
        </Icon>
      </IconStyle>
      <LabelStyle>
        <scale>0</scale>
      </LabelStyle>
    </Style>
    <Style id="icon-seq2-1-203-1A237E-highlight">
      <IconStyle>
        <color>ff7e231a</color>
        <scale>1</scale>
        <Icon>
          <href>images/icon-204.png</href>
        </Icon>
      </IconStyle>
      <LabelStyle>
        <scale>1</scale>
      </LabelStyle>
    </Style>
    <StyleMap id="icon-seq2-1-203-1A237E">
      <Pair>
        <key>normal</key>
        <styleUrl>#icon-seq2-1-203-1A237E-normal</styleUrl>
      </Pair>
      <Pair>
        <key>highlight</key>
        <styleUrl>#icon-seq2-1-203-1A237E-highlight</styleUrl>
      </Pair>
    </StyleMap>
    <Style id="icon-seq2-1-204-1A237E-normal">
      <IconStyle>
        <color>ff7e231a</color>
        <scale>1</scale>
        <Icon>
          <href>images/icon-205.png</href>
        </Icon>
      </IconStyle>
      <LabelStyle>
        <scale>0</scale>
      </LabelStyle>
    </Style>
    <Style id="icon-seq2-1-204-1A237E-highlight">
      <IconStyle>
        <color>ff7e231a</color>
        <scale>1</scale>
        <Icon>
          <href>images/icon-205.png</href>
        </Icon>
      </IconStyle>
      <LabelStyle>
        <scale>1</scale>
      </LabelStyle>
    </Style>
    <StyleMap id="icon-seq2-1-204-1A237E">
      <Pair>
        <key>normal</key>
        <styleUrl>#icon-seq2-1-204-1A237E-normal</styleUrl>
      </Pair>
      <Pair>
        <key>highlight</key>
        <styleUrl>#icon-seq2-1-204-1A237E-highlight</styleUrl>
      </Pair>
    </StyleMap>
    <Style id="icon-seq2-1-205-1A237E-normal">
      <IconStyle>
        <color>ff7e231a</color>
        <scale>1</scale>
        <Icon>
          <href>images/icon-206.png</href>
        </Icon>
      </IconStyle>
      <LabelStyle>
        <scale>0</scale>
      </LabelStyle>
    </Style>
    <Style id="icon-seq2-1-205-1A237E-highlight">
      <IconStyle>
        <color>ff7e231a</color>
        <scale>1</scale>
        <Icon>
          <href>images/icon-206.png</href>
        </Icon>
      </IconStyle>
      <LabelStyle>
        <scale>1</scale>
      </LabelStyle>
    </Style>
    <StyleMap id="icon-seq2-1-205-1A237E">
      <Pair>
        <key>normal</key>
        <styleUrl>#icon-seq2-1-205-1A237E-normal</styleUrl>
      </Pair>
      <Pair>
        <key>highlight</key>
        <styleUrl>#icon-seq2-1-205-1A237E-highlight</styleUrl>
      </Pair>
    </StyleMap>
    <Style id="icon-seq2-1-206-1A237E-normal">
      <IconStyle>
        <color>ff7e231a</color>
        <scale>1</scale>
        <Icon>
          <href>images/icon-207.png</href>
        </Icon>
      </IconStyle>
      <LabelStyle>
        <scale>0</scale>
      </LabelStyle>
    </Style>
    <Style id="icon-seq2-1-206-1A237E-highlight">
      <IconStyle>
        <color>ff7e231a</color>
        <scale>1</scale>
        <Icon>
          <href>images/icon-207.png</href>
        </Icon>
      </IconStyle>
      <LabelStyle>
        <scale>1</scale>
      </LabelStyle>
    </Style>
    <StyleMap id="icon-seq2-1-206-1A237E">
      <Pair>
        <key>normal</key>
        <styleUrl>#icon-seq2-1-206-1A237E-normal</styleUrl>
      </Pair>
      <Pair>
        <key>highlight</key>
        <styleUrl>#icon-seq2-1-206-1A237E-highlight</styleUrl>
      </Pair>
    </StyleMap>
    <Style id="icon-seq2-1-207-1A237E-normal">
      <IconStyle>
        <color>ff7e231a</color>
        <scale>1</scale>
        <Icon>
          <href>images/icon-208.png</href>
        </Icon>
      </IconStyle>
      <LabelStyle>
        <scale>0</scale>
      </LabelStyle>
    </Style>
    <Style id="icon-seq2-1-207-1A237E-highlight">
      <IconStyle>
        <color>ff7e231a</color>
        <scale>1</scale>
        <Icon>
          <href>images/icon-208.png</href>
        </Icon>
      </IconStyle>
      <LabelStyle>
        <scale>1</scale>
      </LabelStyle>
    </Style>
    <StyleMap id="icon-seq2-1-207-1A237E">
      <Pair>
        <key>normal</key>
        <styleUrl>#icon-seq2-1-207-1A237E-normal</styleUrl>
      </Pair>
      <Pair>
        <key>highlight</key>
        <styleUrl>#icon-seq2-1-207-1A237E-highlight</styleUrl>
      </Pair>
    </StyleMap>
    <Style id="icon-seq2-1-208-1A237E-normal">
      <IconStyle>
        <color>ff7e231a</color>
        <scale>1</scale>
        <Icon>
          <href>images/icon-209.png</href>
        </Icon>
      </IconStyle>
      <LabelStyle>
        <scale>0</scale>
      </LabelStyle>
    </Style>
    <Style id="icon-seq2-1-208-1A237E-highlight">
      <IconStyle>
        <color>ff7e231a</color>
        <scale>1</scale>
        <Icon>
          <href>images/icon-209.png</href>
        </Icon>
      </IconStyle>
      <LabelStyle>
        <scale>1</scale>
      </LabelStyle>
    </Style>
    <StyleMap id="icon-seq2-1-208-1A237E">
      <Pair>
        <key>normal</key>
        <styleUrl>#icon-seq2-1-208-1A237E-normal</styleUrl>
      </Pair>
      <Pair>
        <key>highlight</key>
        <styleUrl>#icon-seq2-1-208-1A237E-highlight</styleUrl>
      </Pair>
    </StyleMap>
    <Style id="icon-seq2-1-209-1A237E-normal">
      <IconStyle>
        <color>ff7e231a</color>
        <scale>1</scale>
        <Icon>
          <href>images/icon-210.png</href>
        </Icon>
      </IconStyle>
      <LabelStyle>
        <scale>0</scale>
      </LabelStyle>
    </Style>
    <Style id="icon-seq2-1-209-1A237E-highlight">
      <IconStyle>
        <color>ff7e231a</color>
        <scale>1</scale>
        <Icon>
          <href>images/icon-210.png</href>
        </Icon>
      </IconStyle>
      <LabelStyle>
        <scale>1</scale>
      </LabelStyle>
    </Style>
    <StyleMap id="icon-seq2-1-209-1A237E">
      <Pair>
        <key>normal</key>
        <styleUrl>#icon-seq2-1-209-1A237E-normal</styleUrl>
      </Pair>
      <Pair>
        <key>highlight</key>
        <styleUrl>#icon-seq2-1-209-1A237E-highlight</styleUrl>
      </Pair>
    </StyleMap>
    <Style id="icon-seq2-1-21-1A237E-normal">
      <IconStyle>
        <color>ff7e231a</color>
        <scale>1</scale>
        <Icon>
          <href>images/icon-22.png</href>
        </Icon>
      </IconStyle>
      <LabelStyle>
        <scale>0</scale>
      </LabelStyle>
    </Style>
    <Style id="icon-seq2-1-21-1A237E-highlight">
      <IconStyle>
        <color>ff7e231a</color>
        <scale>1</scale>
        <Icon>
          <href>images/icon-22.png</href>
        </Icon>
      </IconStyle>
      <LabelStyle>
        <scale>1</scale>
      </LabelStyle>
    </Style>
    <StyleMap id="icon-seq2-1-21-1A237E">
      <Pair>
        <key>normal</key>
        <styleUrl>#icon-seq2-1-21-1A237E-normal</styleUrl>
      </Pair>
      <Pair>
        <key>highlight</key>
        <styleUrl>#icon-seq2-1-21-1A237E-highlight</styleUrl>
      </Pair>
    </StyleMap>
    <Style id="icon-seq2-1-210-1A237E-normal">
      <IconStyle>
        <color>ff7e231a</color>
        <scale>1</scale>
        <Icon>
          <href>images/icon-211.png</href>
        </Icon>
      </IconStyle>
      <LabelStyle>
        <scale>0</scale>
      </LabelStyle>
    </Style>
    <Style id="icon-seq2-1-210-1A237E-highlight">
      <IconStyle>
        <color>ff7e231a</color>
        <scale>1</scale>
        <Icon>
          <href>images/icon-211.png</href>
        </Icon>
      </IconStyle>
      <LabelStyle>
        <scale>1</scale>
      </LabelStyle>
    </Style>
    <StyleMap id="icon-seq2-1-210-1A237E">
      <Pair>
        <key>normal</key>
        <styleUrl>#icon-seq2-1-210-1A237E-normal</styleUrl>
      </Pair>
      <Pair>
        <key>highlight</key>
        <styleUrl>#icon-seq2-1-210-1A237E-highlight</styleUrl>
      </Pair>
    </StyleMap>
    <Style id="icon-seq2-1-211-1A237E-normal">
      <IconStyle>
        <color>ff7e231a</color>
        <scale>1</scale>
        <Icon>
          <href>images/icon-212.png</href>
        </Icon>
      </IconStyle>
      <LabelStyle>
        <scale>0</scale>
      </LabelStyle>
    </Style>
    <Style id="icon-seq2-1-211-1A237E-highlight">
      <IconStyle>
        <color>ff7e231a</color>
        <scale>1</scale>
        <Icon>
          <href>images/icon-212.png</href>
        </Icon>
      </IconStyle>
      <LabelStyle>
        <scale>1</scale>
      </LabelStyle>
    </Style>
    <StyleMap id="icon-seq2-1-211-1A237E">
      <Pair>
        <key>normal</key>
        <styleUrl>#icon-seq2-1-211-1A237E-normal</styleUrl>
      </Pair>
      <Pair>
        <key>highlight</key>
        <styleUrl>#icon-seq2-1-211-1A237E-highlight</styleUrl>
      </Pair>
    </StyleMap>
    <Style id="icon-seq2-1-212-1A237E-normal">
      <IconStyle>
        <color>ff7e231a</color>
        <scale>1</scale>
        <Icon>
          <href>images/icon-213.png</href>
        </Icon>
      </IconStyle>
      <LabelStyle>
        <scale>0</scale>
      </LabelStyle>
    </Style>
    <Style id="icon-seq2-1-212-1A237E-highlight">
      <IconStyle>
        <color>ff7e231a</color>
        <scale>1</scale>
        <Icon>
          <href>images/icon-213.png</href>
        </Icon>
      </IconStyle>
      <LabelStyle>
        <scale>1</scale>
      </LabelStyle>
    </Style>
    <StyleMap id="icon-seq2-1-212-1A237E">
      <Pair>
        <key>normal</key>
        <styleUrl>#icon-seq2-1-212-1A237E-normal</styleUrl>
      </Pair>
      <Pair>
        <key>highlight</key>
        <styleUrl>#icon-seq2-1-212-1A237E-highlight</styleUrl>
      </Pair>
    </StyleMap>
    <Style id="icon-seq2-1-213-1A237E-normal">
      <IconStyle>
        <color>ff7e231a</color>
        <scale>1</scale>
        <Icon>
          <href>images/icon-214.png</href>
        </Icon>
      </IconStyle>
      <LabelStyle>
        <scale>0</scale>
      </LabelStyle>
    </Style>
    <Style id="icon-seq2-1-213-1A237E-highlight">
      <IconStyle>
        <color>ff7e231a</color>
        <scale>1</scale>
        <Icon>
          <href>images/icon-214.png</href>
        </Icon>
      </IconStyle>
      <LabelStyle>
        <scale>1</scale>
      </LabelStyle>
    </Style>
    <StyleMap id="icon-seq2-1-213-1A237E">
      <Pair>
        <key>normal</key>
        <styleUrl>#icon-seq2-1-213-1A237E-normal</styleUrl>
      </Pair>
      <Pair>
        <key>highlight</key>
        <styleUrl>#icon-seq2-1-213-1A237E-highlight</styleUrl>
      </Pair>
    </StyleMap>
    <Style id="icon-seq2-1-214-1A237E-normal">
      <IconStyle>
        <color>ff7e231a</color>
        <scale>1</scale>
        <Icon>
          <href>images/icon-215.png</href>
        </Icon>
      </IconStyle>
      <LabelStyle>
        <scale>0</scale>
      </LabelStyle>
    </Style>
    <Style id="icon-seq2-1-214-1A237E-highlight">
      <IconStyle>
        <color>ff7e231a</color>
        <scale>1</scale>
        <Icon>
          <href>images/icon-215.png</href>
        </Icon>
      </IconStyle>
      <LabelStyle>
        <scale>1</scale>
      </LabelStyle>
    </Style>
    <StyleMap id="icon-seq2-1-214-1A237E">
      <Pair>
        <key>normal</key>
        <styleUrl>#icon-seq2-1-214-1A237E-normal</styleUrl>
      </Pair>
      <Pair>
        <key>highlight</key>
        <styleUrl>#icon-seq2-1-214-1A237E-highlight</styleUrl>
      </Pair>
    </StyleMap>
    <Style id="icon-seq2-1-215-1A237E-normal">
      <IconStyle>
        <color>ff7e231a</color>
        <scale>1</scale>
        <Icon>
          <href>images/icon-216.png</href>
        </Icon>
      </IconStyle>
      <LabelStyle>
        <scale>0</scale>
      </LabelStyle>
    </Style>
    <Style id="icon-seq2-1-215-1A237E-highlight">
      <IconStyle>
        <color>ff7e231a</color>
        <scale>1</scale>
        <Icon>
          <href>images/icon-216.png</href>
        </Icon>
      </IconStyle>
      <LabelStyle>
        <scale>1</scale>
      </LabelStyle>
    </Style>
    <StyleMap id="icon-seq2-1-215-1A237E">
      <Pair>
        <key>normal</key>
        <styleUrl>#icon-seq2-1-215-1A237E-normal</styleUrl>
      </Pair>
      <Pair>
        <key>highlight</key>
        <styleUrl>#icon-seq2-1-215-1A237E-highlight</styleUrl>
      </Pair>
    </StyleMap>
    <Style id="icon-seq2-1-216-1A237E-normal">
      <IconStyle>
        <color>ff7e231a</color>
        <scale>1</scale>
        <Icon>
          <href>images/icon-217.png</href>
        </Icon>
      </IconStyle>
      <LabelStyle>
        <scale>0</scale>
      </LabelStyle>
    </Style>
    <Style id="icon-seq2-1-216-1A237E-highlight">
      <IconStyle>
        <color>ff7e231a</color>
        <scale>1</scale>
        <Icon>
          <href>images/icon-217.png</href>
        </Icon>
      </IconStyle>
      <LabelStyle>
        <scale>1</scale>
      </LabelStyle>
    </Style>
    <StyleMap id="icon-seq2-1-216-1A237E">
      <Pair>
        <key>normal</key>
        <styleUrl>#icon-seq2-1-216-1A237E-normal</styleUrl>
      </Pair>
      <Pair>
        <key>highlight</key>
        <styleUrl>#icon-seq2-1-216-1A237E-highlight</styleUrl>
      </Pair>
    </StyleMap>
    <Style id="icon-seq2-1-217-1A237E-normal">
      <IconStyle>
        <color>ff7e231a</color>
        <scale>1</scale>
        <Icon>
          <href>images/icon-218.png</href>
        </Icon>
      </IconStyle>
      <LabelStyle>
        <scale>0</scale>
      </LabelStyle>
    </Style>
    <Style id="icon-seq2-1-217-1A237E-highlight">
      <IconStyle>
        <color>ff7e231a</color>
        <scale>1</scale>
        <Icon>
          <href>images/icon-218.png</href>
        </Icon>
      </IconStyle>
      <LabelStyle>
        <scale>1</scale>
      </LabelStyle>
    </Style>
    <StyleMap id="icon-seq2-1-217-1A237E">
      <Pair>
        <key>normal</key>
        <styleUrl>#icon-seq2-1-217-1A237E-normal</styleUrl>
      </Pair>
      <Pair>
        <key>highlight</key>
        <styleUrl>#icon-seq2-1-217-1A237E-highlight</styleUrl>
      </Pair>
    </StyleMap>
    <Style id="icon-seq2-1-218-1A237E-normal">
      <IconStyle>
        <color>ff7e231a</color>
        <scale>1</scale>
        <Icon>
          <href>images/icon-219.png</href>
        </Icon>
      </IconStyle>
      <LabelStyle>
        <scale>0</scale>
      </LabelStyle>
    </Style>
    <Style id="icon-seq2-1-218-1A237E-highlight">
      <IconStyle>
        <color>ff7e231a</color>
        <scale>1</scale>
        <Icon>
          <href>images/icon-219.png</href>
        </Icon>
      </IconStyle>
      <LabelStyle>
        <scale>1</scale>
      </LabelStyle>
    </Style>
    <StyleMap id="icon-seq2-1-218-1A237E">
      <Pair>
        <key>normal</key>
        <styleUrl>#icon-seq2-1-218-1A237E-normal</styleUrl>
      </Pair>
      <Pair>
        <key>highlight</key>
        <styleUrl>#icon-seq2-1-218-1A237E-highlight</styleUrl>
      </Pair>
    </StyleMap>
    <Style id="icon-seq2-1-219-1A237E-normal">
      <IconStyle>
        <color>ff7e231a</color>
        <scale>1</scale>
        <Icon>
          <href>images/icon-220.png</href>
        </Icon>
      </IconStyle>
      <LabelStyle>
        <scale>0</scale>
      </LabelStyle>
    </Style>
    <Style id="icon-seq2-1-219-1A237E-highlight">
      <IconStyle>
        <color>ff7e231a</color>
        <scale>1</scale>
        <Icon>
          <href>images/icon-220.png</href>
        </Icon>
      </IconStyle>
      <LabelStyle>
        <scale>1</scale>
      </LabelStyle>
    </Style>
    <StyleMap id="icon-seq2-1-219-1A237E">
      <Pair>
        <key>normal</key>
        <styleUrl>#icon-seq2-1-219-1A237E-normal</styleUrl>
      </Pair>
      <Pair>
        <key>highlight</key>
        <styleUrl>#icon-seq2-1-219-1A237E-highlight</styleUrl>
      </Pair>
    </StyleMap>
    <Style id="icon-seq2-1-22-1A237E-normal">
      <IconStyle>
        <color>ff7e231a</color>
        <scale>1</scale>
        <Icon>
          <href>images/icon-23.png</href>
        </Icon>
      </IconStyle>
      <LabelStyle>
        <scale>0</scale>
      </LabelStyle>
    </Style>
    <Style id="icon-seq2-1-22-1A237E-highlight">
      <IconStyle>
        <color>ff7e231a</color>
        <scale>1</scale>
        <Icon>
          <href>images/icon-23.png</href>
        </Icon>
      </IconStyle>
      <LabelStyle>
        <scale>1</scale>
      </LabelStyle>
    </Style>
    <StyleMap id="icon-seq2-1-22-1A237E">
      <Pair>
        <key>normal</key>
        <styleUrl>#icon-seq2-1-22-1A237E-normal</styleUrl>
      </Pair>
      <Pair>
        <key>highlight</key>
        <styleUrl>#icon-seq2-1-22-1A237E-highlight</styleUrl>
      </Pair>
    </StyleMap>
    <Style id="icon-seq2-1-220-1A237E-normal">
      <IconStyle>
        <color>ff7e231a</color>
        <scale>1</scale>
        <Icon>
          <href>images/icon-221.png</href>
        </Icon>
      </IconStyle>
      <LabelStyle>
        <scale>0</scale>
      </LabelStyle>
    </Style>
    <Style id="icon-seq2-1-220-1A237E-highlight">
      <IconStyle>
        <color>ff7e231a</color>
        <scale>1</scale>
        <Icon>
          <href>images/icon-221.png</href>
        </Icon>
      </IconStyle>
      <LabelStyle>
        <scale>1</scale>
      </LabelStyle>
    </Style>
    <StyleMap id="icon-seq2-1-220-1A237E">
      <Pair>
        <key>normal</key>
        <styleUrl>#icon-seq2-1-220-1A237E-normal</styleUrl>
      </Pair>
      <Pair>
        <key>highlight</key>
        <styleUrl>#icon-seq2-1-220-1A237E-highlight</styleUrl>
      </Pair>
    </StyleMap>
    <Style id="icon-seq2-1-221-1A237E-normal">
      <IconStyle>
        <color>ff7e231a</color>
        <scale>1</scale>
        <Icon>
          <href>images/icon-222.png</href>
        </Icon>
      </IconStyle>
      <LabelStyle>
        <scale>0</scale>
      </LabelStyle>
    </Style>
    <Style id="icon-seq2-1-221-1A237E-highlight">
      <IconStyle>
        <color>ff7e231a</color>
        <scale>1</scale>
        <Icon>
          <href>images/icon-222.png</href>
        </Icon>
      </IconStyle>
      <LabelStyle>
        <scale>1</scale>
      </LabelStyle>
    </Style>
    <StyleMap id="icon-seq2-1-221-1A237E">
      <Pair>
        <key>normal</key>
        <styleUrl>#icon-seq2-1-221-1A237E-normal</styleUrl>
      </Pair>
      <Pair>
        <key>highlight</key>
        <styleUrl>#icon-seq2-1-221-1A237E-highlight</styleUrl>
      </Pair>
    </StyleMap>
    <Style id="icon-seq2-1-222-1A237E-normal">
      <IconStyle>
        <color>ff7e231a</color>
        <scale>1</scale>
        <Icon>
          <href>images/icon-223.png</href>
        </Icon>
      </IconStyle>
      <LabelStyle>
        <scale>0</scale>
      </LabelStyle>
    </Style>
    <Style id="icon-seq2-1-222-1A237E-highlight">
      <IconStyle>
        <color>ff7e231a</color>
        <scale>1</scale>
        <Icon>
          <href>images/icon-223.png</href>
        </Icon>
      </IconStyle>
      <LabelStyle>
        <scale>1</scale>
      </LabelStyle>
    </Style>
    <StyleMap id="icon-seq2-1-222-1A237E">
      <Pair>
        <key>normal</key>
        <styleUrl>#icon-seq2-1-222-1A237E-normal</styleUrl>
      </Pair>
      <Pair>
        <key>highlight</key>
        <styleUrl>#icon-seq2-1-222-1A237E-highlight</styleUrl>
      </Pair>
    </StyleMap>
    <Style id="icon-seq2-1-223-1A237E-normal">
      <IconStyle>
        <color>ff7e231a</color>
        <scale>1</scale>
        <Icon>
          <href>images/icon-224.png</href>
        </Icon>
      </IconStyle>
      <LabelStyle>
        <scale>0</scale>
      </LabelStyle>
    </Style>
    <Style id="icon-seq2-1-223-1A237E-highlight">
      <IconStyle>
        <color>ff7e231a</color>
        <scale>1</scale>
        <Icon>
          <href>images/icon-224.png</href>
        </Icon>
      </IconStyle>
      <LabelStyle>
        <scale>1</scale>
      </LabelStyle>
    </Style>
    <StyleMap id="icon-seq2-1-223-1A237E">
      <Pair>
        <key>normal</key>
        <styleUrl>#icon-seq2-1-223-1A237E-normal</styleUrl>
      </Pair>
      <Pair>
        <key>highlight</key>
        <styleUrl>#icon-seq2-1-223-1A237E-highlight</styleUrl>
      </Pair>
    </StyleMap>
    <Style id="icon-seq2-1-224-1A237E-normal">
      <IconStyle>
        <color>ff7e231a</color>
        <scale>1</scale>
        <Icon>
          <href>images/icon-225.png</href>
        </Icon>
      </IconStyle>
      <LabelStyle>
        <scale>0</scale>
      </LabelStyle>
    </Style>
    <Style id="icon-seq2-1-224-1A237E-highlight">
      <IconStyle>
        <color>ff7e231a</color>
        <scale>1</scale>
        <Icon>
          <href>images/icon-225.png</href>
        </Icon>
      </IconStyle>
      <LabelStyle>
        <scale>1</scale>
      </LabelStyle>
    </Style>
    <StyleMap id="icon-seq2-1-224-1A237E">
      <Pair>
        <key>normal</key>
        <styleUrl>#icon-seq2-1-224-1A237E-normal</styleUrl>
      </Pair>
      <Pair>
        <key>highlight</key>
        <styleUrl>#icon-seq2-1-224-1A237E-highlight</styleUrl>
      </Pair>
    </StyleMap>
    <Style id="icon-seq2-1-225-1A237E-normal">
      <IconStyle>
        <color>ff7e231a</color>
        <scale>1</scale>
        <Icon>
          <href>images/icon-226.png</href>
        </Icon>
      </IconStyle>
      <LabelStyle>
        <scale>0</scale>
      </LabelStyle>
    </Style>
    <Style id="icon-seq2-1-225-1A237E-highlight">
      <IconStyle>
        <color>ff7e231a</color>
        <scale>1</scale>
        <Icon>
          <href>images/icon-226.png</href>
        </Icon>
      </IconStyle>
      <LabelStyle>
        <scale>1</scale>
      </LabelStyle>
    </Style>
    <StyleMap id="icon-seq2-1-225-1A237E">
      <Pair>
        <key>normal</key>
        <styleUrl>#icon-seq2-1-225-1A237E-normal</styleUrl>
      </Pair>
      <Pair>
        <key>highlight</key>
        <styleUrl>#icon-seq2-1-225-1A237E-highlight</styleUrl>
      </Pair>
    </StyleMap>
    <Style id="icon-seq2-1-226-1A237E-normal">
      <IconStyle>
        <color>ff7e231a</color>
        <scale>1</scale>
        <Icon>
          <href>images/icon-227.png</href>
        </Icon>
      </IconStyle>
      <LabelStyle>
        <scale>0</scale>
      </LabelStyle>
    </Style>
    <Style id="icon-seq2-1-226-1A237E-highlight">
      <IconStyle>
        <color>ff7e231a</color>
        <scale>1</scale>
        <Icon>
          <href>images/icon-227.png</href>
        </Icon>
      </IconStyle>
      <LabelStyle>
        <scale>1</scale>
      </LabelStyle>
    </Style>
    <StyleMap id="icon-seq2-1-226-1A237E">
      <Pair>
        <key>normal</key>
        <styleUrl>#icon-seq2-1-226-1A237E-normal</styleUrl>
      </Pair>
      <Pair>
        <key>highlight</key>
        <styleUrl>#icon-seq2-1-226-1A237E-highlight</styleUrl>
      </Pair>
    </StyleMap>
    <Style id="icon-seq2-1-227-1A237E-normal">
      <IconStyle>
        <color>ff7e231a</color>
        <scale>1</scale>
        <Icon>
          <href>images/icon-228.png</href>
        </Icon>
      </IconStyle>
      <LabelStyle>
        <scale>0</scale>
      </LabelStyle>
    </Style>
    <Style id="icon-seq2-1-227-1A237E-highlight">
      <IconStyle>
        <color>ff7e231a</color>
        <scale>1</scale>
        <Icon>
          <href>images/icon-228.png</href>
        </Icon>
      </IconStyle>
      <LabelStyle>
        <scale>1</scale>
      </LabelStyle>
    </Style>
    <StyleMap id="icon-seq2-1-227-1A237E">
      <Pair>
        <key>normal</key>
        <styleUrl>#icon-seq2-1-227-1A237E-normal</styleUrl>
      </Pair>
      <Pair>
        <key>highlight</key>
        <styleUrl>#icon-seq2-1-227-1A237E-highlight</styleUrl>
      </Pair>
    </StyleMap>
    <Style id="icon-seq2-1-228-1A237E-normal">
      <IconStyle>
        <color>ff7e231a</color>
        <scale>1</scale>
        <Icon>
          <href>images/icon-229.png</href>
        </Icon>
      </IconStyle>
      <LabelStyle>
        <scale>0</scale>
      </LabelStyle>
    </Style>
    <Style id="icon-seq2-1-228-1A237E-highlight">
      <IconStyle>
        <color>ff7e231a</color>
        <scale>1</scale>
        <Icon>
          <href>images/icon-229.png</href>
        </Icon>
      </IconStyle>
      <LabelStyle>
        <scale>1</scale>
      </LabelStyle>
    </Style>
    <StyleMap id="icon-seq2-1-228-1A237E">
      <Pair>
        <key>normal</key>
        <styleUrl>#icon-seq2-1-228-1A237E-normal</styleUrl>
      </Pair>
      <Pair>
        <key>highlight</key>
        <styleUrl>#icon-seq2-1-228-1A237E-highlight</styleUrl>
      </Pair>
    </StyleMap>
    <Style id="icon-seq2-1-229-1A237E-normal">
      <IconStyle>
        <color>ff7e231a</color>
        <scale>1</scale>
        <Icon>
          <href>images/icon-230.png</href>
        </Icon>
      </IconStyle>
      <LabelStyle>
        <scale>0</scale>
      </LabelStyle>
    </Style>
    <Style id="icon-seq2-1-229-1A237E-highlight">
      <IconStyle>
        <color>ff7e231a</color>
        <scale>1</scale>
        <Icon>
          <href>images/icon-230.png</href>
        </Icon>
      </IconStyle>
      <LabelStyle>
        <scale>1</scale>
      </LabelStyle>
    </Style>
    <StyleMap id="icon-seq2-1-229-1A237E">
      <Pair>
        <key>normal</key>
        <styleUrl>#icon-seq2-1-229-1A237E-normal</styleUrl>
      </Pair>
      <Pair>
        <key>highlight</key>
        <styleUrl>#icon-seq2-1-229-1A237E-highlight</styleUrl>
      </Pair>
    </StyleMap>
    <Style id="icon-seq2-1-23-1A237E-normal">
      <IconStyle>
        <color>ff7e231a</color>
        <scale>1</scale>
        <Icon>
          <href>images/icon-24.png</href>
        </Icon>
      </IconStyle>
      <LabelStyle>
        <scale>0</scale>
      </LabelStyle>
    </Style>
    <Style id="icon-seq2-1-23-1A237E-highlight">
      <IconStyle>
        <color>ff7e231a</color>
        <scale>1</scale>
        <Icon>
          <href>images/icon-24.png</href>
        </Icon>
      </IconStyle>
      <LabelStyle>
        <scale>1</scale>
      </LabelStyle>
    </Style>
    <StyleMap id="icon-seq2-1-23-1A237E">
      <Pair>
        <key>normal</key>
        <styleUrl>#icon-seq2-1-23-1A237E-normal</styleUrl>
      </Pair>
      <Pair>
        <key>highlight</key>
        <styleUrl>#icon-seq2-1-23-1A237E-highlight</styleUrl>
      </Pair>
    </StyleMap>
    <Style id="icon-seq2-1-230-1A237E-normal">
      <IconStyle>
        <color>ff7e231a</color>
        <scale>1</scale>
        <Icon>
          <href>images/icon-231.png</href>
        </Icon>
      </IconStyle>
      <LabelStyle>
        <scale>0</scale>
      </LabelStyle>
    </Style>
    <Style id="icon-seq2-1-230-1A237E-highlight">
      <IconStyle>
        <color>ff7e231a</color>
        <scale>1</scale>
        <Icon>
          <href>images/icon-231.png</href>
        </Icon>
      </IconStyle>
      <LabelStyle>
        <scale>1</scale>
      </LabelStyle>
    </Style>
    <StyleMap id="icon-seq2-1-230-1A237E">
      <Pair>
        <key>normal</key>
        <styleUrl>#icon-seq2-1-230-1A237E-normal</styleUrl>
      </Pair>
      <Pair>
        <key>highlight</key>
        <styleUrl>#icon-seq2-1-230-1A237E-highlight</styleUrl>
      </Pair>
    </StyleMap>
    <Style id="icon-seq2-1-231-1A237E-normal">
      <IconStyle>
        <color>ff7e231a</color>
        <scale>1</scale>
        <Icon>
          <href>images/icon-232.png</href>
        </Icon>
      </IconStyle>
      <LabelStyle>
        <scale>0</scale>
      </LabelStyle>
    </Style>
    <Style id="icon-seq2-1-231-1A237E-highlight">
      <IconStyle>
        <color>ff7e231a</color>
        <scale>1</scale>
        <Icon>
          <href>images/icon-232.png</href>
        </Icon>
      </IconStyle>
      <LabelStyle>
        <scale>1</scale>
      </LabelStyle>
    </Style>
    <StyleMap id="icon-seq2-1-231-1A237E">
      <Pair>
        <key>normal</key>
        <styleUrl>#icon-seq2-1-231-1A237E-normal</styleUrl>
      </Pair>
      <Pair>
        <key>highlight</key>
        <styleUrl>#icon-seq2-1-231-1A237E-highlight</styleUrl>
      </Pair>
    </StyleMap>
    <Style id="icon-seq2-1-232-1A237E-normal">
      <IconStyle>
        <color>ff7e231a</color>
        <scale>1</scale>
        <Icon>
          <href>images/icon-233.png</href>
        </Icon>
      </IconStyle>
      <LabelStyle>
        <scale>0</scale>
      </LabelStyle>
    </Style>
    <Style id="icon-seq2-1-232-1A237E-highlight">
      <IconStyle>
        <color>ff7e231a</color>
        <scale>1</scale>
        <Icon>
          <href>images/icon-233.png</href>
        </Icon>
      </IconStyle>
      <LabelStyle>
        <scale>1</scale>
      </LabelStyle>
    </Style>
    <StyleMap id="icon-seq2-1-232-1A237E">
      <Pair>
        <key>normal</key>
        <styleUrl>#icon-seq2-1-232-1A237E-normal</styleUrl>
      </Pair>
      <Pair>
        <key>highlight</key>
        <styleUrl>#icon-seq2-1-232-1A237E-highlight</styleUrl>
      </Pair>
    </StyleMap>
    <Style id="icon-seq2-1-233-1A237E-normal">
      <IconStyle>
        <color>ff7e231a</color>
        <scale>1</scale>
        <Icon>
          <href>images/icon-234.png</href>
        </Icon>
      </IconStyle>
      <LabelStyle>
        <scale>0</scale>
      </LabelStyle>
    </Style>
    <Style id="icon-seq2-1-233-1A237E-highlight">
      <IconStyle>
        <color>ff7e231a</color>
        <scale>1</scale>
        <Icon>
          <href>images/icon-234.png</href>
        </Icon>
      </IconStyle>
      <LabelStyle>
        <scale>1</scale>
      </LabelStyle>
    </Style>
    <StyleMap id="icon-seq2-1-233-1A237E">
      <Pair>
        <key>normal</key>
        <styleUrl>#icon-seq2-1-233-1A237E-normal</styleUrl>
      </Pair>
      <Pair>
        <key>highlight</key>
        <styleUrl>#icon-seq2-1-233-1A237E-highlight</styleUrl>
      </Pair>
    </StyleMap>
    <Style id="icon-seq2-1-234-1A237E-normal">
      <IconStyle>
        <color>ff7e231a</color>
        <scale>1</scale>
        <Icon>
          <href>images/icon-235.png</href>
        </Icon>
      </IconStyle>
      <LabelStyle>
        <scale>0</scale>
      </LabelStyle>
    </Style>
    <Style id="icon-seq2-1-234-1A237E-highlight">
      <IconStyle>
        <color>ff7e231a</color>
        <scale>1</scale>
        <Icon>
          <href>images/icon-235.png</href>
        </Icon>
      </IconStyle>
      <LabelStyle>
        <scale>1</scale>
      </LabelStyle>
    </Style>
    <StyleMap id="icon-seq2-1-234-1A237E">
      <Pair>
        <key>normal</key>
        <styleUrl>#icon-seq2-1-234-1A237E-normal</styleUrl>
      </Pair>
      <Pair>
        <key>highlight</key>
        <styleUrl>#icon-seq2-1-234-1A237E-highlight</styleUrl>
      </Pair>
    </StyleMap>
    <Style id="icon-seq2-1-235-1A237E-normal">
      <IconStyle>
        <color>ff7e231a</color>
        <scale>1</scale>
        <Icon>
          <href>images/icon-236.png</href>
        </Icon>
      </IconStyle>
      <LabelStyle>
        <scale>0</scale>
      </LabelStyle>
    </Style>
    <Style id="icon-seq2-1-235-1A237E-highlight">
      <IconStyle>
        <color>ff7e231a</color>
        <scale>1</scale>
        <Icon>
          <href>images/icon-236.png</href>
        </Icon>
      </IconStyle>
      <LabelStyle>
        <scale>1</scale>
      </LabelStyle>
    </Style>
    <StyleMap id="icon-seq2-1-235-1A237E">
      <Pair>
        <key>normal</key>
        <styleUrl>#icon-seq2-1-235-1A237E-normal</styleUrl>
      </Pair>
      <Pair>
        <key>highlight</key>
        <styleUrl>#icon-seq2-1-235-1A237E-highlight</styleUrl>
      </Pair>
    </StyleMap>
    <Style id="icon-seq2-1-236-1A237E-normal">
      <IconStyle>
        <color>ff7e231a</color>
        <scale>1</scale>
        <Icon>
          <href>images/icon-237.png</href>
        </Icon>
      </IconStyle>
      <LabelStyle>
        <scale>0</scale>
      </LabelStyle>
    </Style>
    <Style id="icon-seq2-1-236-1A237E-highlight">
      <IconStyle>
        <color>ff7e231a</color>
        <scale>1</scale>
        <Icon>
          <href>images/icon-237.png</href>
        </Icon>
      </IconStyle>
      <LabelStyle>
        <scale>1</scale>
      </LabelStyle>
    </Style>
    <StyleMap id="icon-seq2-1-236-1A237E">
      <Pair>
        <key>normal</key>
        <styleUrl>#icon-seq2-1-236-1A237E-normal</styleUrl>
      </Pair>
      <Pair>
        <key>highlight</key>
        <styleUrl>#icon-seq2-1-236-1A237E-highlight</styleUrl>
      </Pair>
    </StyleMap>
    <Style id="icon-seq2-1-237-1A237E-normal">
      <IconStyle>
        <color>ff7e231a</color>
        <scale>1</scale>
        <Icon>
          <href>images/icon-238.png</href>
        </Icon>
      </IconStyle>
      <LabelStyle>
        <scale>0</scale>
      </LabelStyle>
    </Style>
    <Style id="icon-seq2-1-237-1A237E-highlight">
      <IconStyle>
        <color>ff7e231a</color>
        <scale>1</scale>
        <Icon>
          <href>images/icon-238.png</href>
        </Icon>
      </IconStyle>
      <LabelStyle>
        <scale>1</scale>
      </LabelStyle>
    </Style>
    <StyleMap id="icon-seq2-1-237-1A237E">
      <Pair>
        <key>normal</key>
        <styleUrl>#icon-seq2-1-237-1A237E-normal</styleUrl>
      </Pair>
      <Pair>
        <key>highlight</key>
        <styleUrl>#icon-seq2-1-237-1A237E-highlight</styleUrl>
      </Pair>
    </StyleMap>
    <Style id="icon-seq2-1-238-1A237E-normal">
      <IconStyle>
        <color>ff7e231a</color>
        <scale>1</scale>
        <Icon>
          <href>images/icon-239.png</href>
        </Icon>
      </IconStyle>
      <LabelStyle>
        <scale>0</scale>
      </LabelStyle>
    </Style>
    <Style id="icon-seq2-1-238-1A237E-highlight">
      <IconStyle>
        <color>ff7e231a</color>
        <scale>1</scale>
        <Icon>
          <href>images/icon-239.png</href>
        </Icon>
      </IconStyle>
      <LabelStyle>
        <scale>1</scale>
      </LabelStyle>
    </Style>
    <StyleMap id="icon-seq2-1-238-1A237E">
      <Pair>
        <key>normal</key>
        <styleUrl>#icon-seq2-1-238-1A237E-normal</styleUrl>
      </Pair>
      <Pair>
        <key>highlight</key>
        <styleUrl>#icon-seq2-1-238-1A237E-highlight</styleUrl>
      </Pair>
    </StyleMap>
    <Style id="icon-seq2-1-239-1A237E-normal">
      <IconStyle>
        <color>ff7e231a</color>
        <scale>1</scale>
        <Icon>
          <href>images/icon-240.png</href>
        </Icon>
      </IconStyle>
      <LabelStyle>
        <scale>0</scale>
      </LabelStyle>
    </Style>
    <Style id="icon-seq2-1-239-1A237E-highlight">
      <IconStyle>
        <color>ff7e231a</color>
        <scale>1</scale>
        <Icon>
          <href>images/icon-240.png</href>
        </Icon>
      </IconStyle>
      <LabelStyle>
        <scale>1</scale>
      </LabelStyle>
    </Style>
    <StyleMap id="icon-seq2-1-239-1A237E">
      <Pair>
        <key>normal</key>
        <styleUrl>#icon-seq2-1-239-1A237E-normal</styleUrl>
      </Pair>
      <Pair>
        <key>highlight</key>
        <styleUrl>#icon-seq2-1-239-1A237E-highlight</styleUrl>
      </Pair>
    </StyleMap>
    <Style id="icon-seq2-1-24-1A237E-normal">
      <IconStyle>
        <color>ff7e231a</color>
        <scale>1</scale>
        <Icon>
          <href>images/icon-25.png</href>
        </Icon>
      </IconStyle>
      <LabelStyle>
        <scale>0</scale>
      </LabelStyle>
    </Style>
    <Style id="icon-seq2-1-24-1A237E-highlight">
      <IconStyle>
        <color>ff7e231a</color>
        <scale>1</scale>
        <Icon>
          <href>images/icon-25.png</href>
        </Icon>
      </IconStyle>
      <LabelStyle>
        <scale>1</scale>
      </LabelStyle>
    </Style>
    <StyleMap id="icon-seq2-1-24-1A237E">
      <Pair>
        <key>normal</key>
        <styleUrl>#icon-seq2-1-24-1A237E-normal</styleUrl>
      </Pair>
      <Pair>
        <key>highlight</key>
        <styleUrl>#icon-seq2-1-24-1A237E-highlight</styleUrl>
      </Pair>
    </StyleMap>
    <Style id="icon-seq2-1-240-1A237E-normal">
      <IconStyle>
        <color>ff7e231a</color>
        <scale>1</scale>
        <Icon>
          <href>images/icon-241.png</href>
        </Icon>
      </IconStyle>
      <LabelStyle>
        <scale>0</scale>
      </LabelStyle>
    </Style>
    <Style id="icon-seq2-1-240-1A237E-highlight">
      <IconStyle>
        <color>ff7e231a</color>
        <scale>1</scale>
        <Icon>
          <href>images/icon-241.png</href>
        </Icon>
      </IconStyle>
      <LabelStyle>
        <scale>1</scale>
      </LabelStyle>
    </Style>
    <StyleMap id="icon-seq2-1-240-1A237E">
      <Pair>
        <key>normal</key>
        <styleUrl>#icon-seq2-1-240-1A237E-normal</styleUrl>
      </Pair>
      <Pair>
        <key>highlight</key>
        <styleUrl>#icon-seq2-1-240-1A237E-highlight</styleUrl>
      </Pair>
    </StyleMap>
    <Style id="icon-seq2-1-241-1A237E-normal">
      <IconStyle>
        <color>ff7e231a</color>
        <scale>1</scale>
        <Icon>
          <href>images/icon-242.png</href>
        </Icon>
      </IconStyle>
      <LabelStyle>
        <scale>0</scale>
      </LabelStyle>
    </Style>
    <Style id="icon-seq2-1-241-1A237E-highlight">
      <IconStyle>
        <color>ff7e231a</color>
        <scale>1</scale>
        <Icon>
          <href>images/icon-242.png</href>
        </Icon>
      </IconStyle>
      <LabelStyle>
        <scale>1</scale>
      </LabelStyle>
    </Style>
    <StyleMap id="icon-seq2-1-241-1A237E">
      <Pair>
        <key>normal</key>
        <styleUrl>#icon-seq2-1-241-1A237E-normal</styleUrl>
      </Pair>
      <Pair>
        <key>highlight</key>
        <styleUrl>#icon-seq2-1-241-1A237E-highlight</styleUrl>
      </Pair>
    </StyleMap>
    <Style id="icon-seq2-1-242-1A237E-normal">
      <IconStyle>
        <color>ff7e231a</color>
        <scale>1</scale>
        <Icon>
          <href>images/icon-243.png</href>
        </Icon>
      </IconStyle>
      <LabelStyle>
        <scale>0</scale>
      </LabelStyle>
    </Style>
    <Style id="icon-seq2-1-242-1A237E-highlight">
      <IconStyle>
        <color>ff7e231a</color>
        <scale>1</scale>
        <Icon>
          <href>images/icon-243.png</href>
        </Icon>
      </IconStyle>
      <LabelStyle>
        <scale>1</scale>
      </LabelStyle>
    </Style>
    <StyleMap id="icon-seq2-1-242-1A237E">
      <Pair>
        <key>normal</key>
        <styleUrl>#icon-seq2-1-242-1A237E-normal</styleUrl>
      </Pair>
      <Pair>
        <key>highlight</key>
        <styleUrl>#icon-seq2-1-242-1A237E-highlight</styleUrl>
      </Pair>
    </StyleMap>
    <Style id="icon-seq2-1-243-1A237E-normal">
      <IconStyle>
        <color>ff7e231a</color>
        <scale>1</scale>
        <Icon>
          <href>images/icon-244.png</href>
        </Icon>
      </IconStyle>
      <LabelStyle>
        <scale>0</scale>
      </LabelStyle>
    </Style>
    <Style id="icon-seq2-1-243-1A237E-highlight">
      <IconStyle>
        <color>ff7e231a</color>
        <scale>1</scale>
        <Icon>
          <href>images/icon-244.png</href>
        </Icon>
      </IconStyle>
      <LabelStyle>
        <scale>1</scale>
      </LabelStyle>
    </Style>
    <StyleMap id="icon-seq2-1-243-1A237E">
      <Pair>
        <key>normal</key>
        <styleUrl>#icon-seq2-1-243-1A237E-normal</styleUrl>
      </Pair>
      <Pair>
        <key>highlight</key>
        <styleUrl>#icon-seq2-1-243-1A237E-highlight</styleUrl>
      </Pair>
    </StyleMap>
    <Style id="icon-seq2-1-244-1A237E-normal">
      <IconStyle>
        <color>ff7e231a</color>
        <scale>1</scale>
        <Icon>
          <href>images/icon-245.png</href>
        </Icon>
      </IconStyle>
      <LabelStyle>
        <scale>0</scale>
      </LabelStyle>
    </Style>
    <Style id="icon-seq2-1-244-1A237E-highlight">
      <IconStyle>
        <color>ff7e231a</color>
        <scale>1</scale>
        <Icon>
          <href>images/icon-245.png</href>
        </Icon>
      </IconStyle>
      <LabelStyle>
        <scale>1</scale>
      </LabelStyle>
    </Style>
    <StyleMap id="icon-seq2-1-244-1A237E">
      <Pair>
        <key>normal</key>
        <styleUrl>#icon-seq2-1-244-1A237E-normal</styleUrl>
      </Pair>
      <Pair>
        <key>highlight</key>
        <styleUrl>#icon-seq2-1-244-1A237E-highlight</styleUrl>
      </Pair>
    </StyleMap>
    <Style id="icon-seq2-1-245-1A237E-normal">
      <IconStyle>
        <color>ff7e231a</color>
        <scale>1</scale>
        <Icon>
          <href>images/icon-246.png</href>
        </Icon>
      </IconStyle>
      <LabelStyle>
        <scale>0</scale>
      </LabelStyle>
    </Style>
    <Style id="icon-seq2-1-245-1A237E-highlight">
      <IconStyle>
        <color>ff7e231a</color>
        <scale>1</scale>
        <Icon>
          <href>images/icon-246.png</href>
        </Icon>
      </IconStyle>
      <LabelStyle>
        <scale>1</scale>
      </LabelStyle>
    </Style>
    <StyleMap id="icon-seq2-1-245-1A237E">
      <Pair>
        <key>normal</key>
        <styleUrl>#icon-seq2-1-245-1A237E-normal</styleUrl>
      </Pair>
      <Pair>
        <key>highlight</key>
        <styleUrl>#icon-seq2-1-245-1A237E-highlight</styleUrl>
      </Pair>
    </StyleMap>
    <Style id="icon-seq2-1-246-1A237E-normal">
      <IconStyle>
        <color>ff7e231a</color>
        <scale>1</scale>
        <Icon>
          <href>images/icon-247.png</href>
        </Icon>
      </IconStyle>
      <LabelStyle>
        <scale>0</scale>
      </LabelStyle>
    </Style>
    <Style id="icon-seq2-1-246-1A237E-highlight">
      <IconStyle>
        <color>ff7e231a</color>
        <scale>1</scale>
        <Icon>
          <href>images/icon-247.png</href>
        </Icon>
      </IconStyle>
      <LabelStyle>
        <scale>1</scale>
      </LabelStyle>
    </Style>
    <StyleMap id="icon-seq2-1-246-1A237E">
      <Pair>
        <key>normal</key>
        <styleUrl>#icon-seq2-1-246-1A237E-normal</styleUrl>
      </Pair>
      <Pair>
        <key>highlight</key>
        <styleUrl>#icon-seq2-1-246-1A237E-highlight</styleUrl>
      </Pair>
    </StyleMap>
    <Style id="icon-seq2-1-247-1A237E-normal">
      <IconStyle>
        <color>ff7e231a</color>
        <scale>1</scale>
        <Icon>
          <href>images/icon-248.png</href>
        </Icon>
      </IconStyle>
      <LabelStyle>
        <scale>0</scale>
      </LabelStyle>
    </Style>
    <Style id="icon-seq2-1-247-1A237E-highlight">
      <IconStyle>
        <color>ff7e231a</color>
        <scale>1</scale>
        <Icon>
          <href>images/icon-248.png</href>
        </Icon>
      </IconStyle>
      <LabelStyle>
        <scale>1</scale>
      </LabelStyle>
    </Style>
    <StyleMap id="icon-seq2-1-247-1A237E">
      <Pair>
        <key>normal</key>
        <styleUrl>#icon-seq2-1-247-1A237E-normal</styleUrl>
      </Pair>
      <Pair>
        <key>highlight</key>
        <styleUrl>#icon-seq2-1-247-1A237E-highlight</styleUrl>
      </Pair>
    </StyleMap>
    <Style id="icon-seq2-1-248-1A237E-normal">
      <IconStyle>
        <color>ff7e231a</color>
        <scale>1</scale>
        <Icon>
          <href>images/icon-249.png</href>
        </Icon>
      </IconStyle>
      <LabelStyle>
        <scale>0</scale>
      </LabelStyle>
    </Style>
    <Style id="icon-seq2-1-248-1A237E-highlight">
      <IconStyle>
        <color>ff7e231a</color>
        <scale>1</scale>
        <Icon>
          <href>images/icon-249.png</href>
        </Icon>
      </IconStyle>
      <LabelStyle>
        <scale>1</scale>
      </LabelStyle>
    </Style>
    <StyleMap id="icon-seq2-1-248-1A237E">
      <Pair>
        <key>normal</key>
        <styleUrl>#icon-seq2-1-248-1A237E-normal</styleUrl>
      </Pair>
      <Pair>
        <key>highlight</key>
        <styleUrl>#icon-seq2-1-248-1A237E-highlight</styleUrl>
      </Pair>
    </StyleMap>
    <Style id="icon-seq2-1-249-1A237E-normal">
      <IconStyle>
        <color>ff7e231a</color>
        <scale>1</scale>
        <Icon>
          <href>images/icon-250.png</href>
        </Icon>
      </IconStyle>
      <LabelStyle>
        <scale>0</scale>
      </LabelStyle>
    </Style>
    <Style id="icon-seq2-1-249-1A237E-highlight">
      <IconStyle>
        <color>ff7e231a</color>
        <scale>1</scale>
        <Icon>
          <href>images/icon-250.png</href>
        </Icon>
      </IconStyle>
      <LabelStyle>
        <scale>1</scale>
      </LabelStyle>
    </Style>
    <StyleMap id="icon-seq2-1-249-1A237E">
      <Pair>
        <key>normal</key>
        <styleUrl>#icon-seq2-1-249-1A237E-normal</styleUrl>
      </Pair>
      <Pair>
        <key>highlight</key>
        <styleUrl>#icon-seq2-1-249-1A237E-highlight</styleUrl>
      </Pair>
    </StyleMap>
    <Style id="icon-seq2-1-25-1A237E-normal">
      <IconStyle>
        <color>ff7e231a</color>
        <scale>1</scale>
        <Icon>
          <href>images/icon-26.png</href>
        </Icon>
      </IconStyle>
      <LabelStyle>
        <scale>0</scale>
      </LabelStyle>
    </Style>
    <Style id="icon-seq2-1-25-1A237E-highlight">
      <IconStyle>
        <color>ff7e231a</color>
        <scale>1</scale>
        <Icon>
          <href>images/icon-26.png</href>
        </Icon>
      </IconStyle>
      <LabelStyle>
        <scale>1</scale>
      </LabelStyle>
    </Style>
    <StyleMap id="icon-seq2-1-25-1A237E">
      <Pair>
        <key>normal</key>
        <styleUrl>#icon-seq2-1-25-1A237E-normal</styleUrl>
      </Pair>
      <Pair>
        <key>highlight</key>
        <styleUrl>#icon-seq2-1-25-1A237E-highlight</styleUrl>
      </Pair>
    </StyleMap>
    <Style id="icon-seq2-1-250-1A237E-normal">
      <IconStyle>
        <color>ff7e231a</color>
        <scale>1</scale>
        <Icon>
          <href>images/icon-251.png</href>
        </Icon>
      </IconStyle>
      <LabelStyle>
        <scale>0</scale>
      </LabelStyle>
    </Style>
    <Style id="icon-seq2-1-250-1A237E-highlight">
      <IconStyle>
        <color>ff7e231a</color>
        <scale>1</scale>
        <Icon>
          <href>images/icon-251.png</href>
        </Icon>
      </IconStyle>
      <LabelStyle>
        <scale>1</scale>
      </LabelStyle>
    </Style>
    <StyleMap id="icon-seq2-1-250-1A237E">
      <Pair>
        <key>normal</key>
        <styleUrl>#icon-seq2-1-250-1A237E-normal</styleUrl>
      </Pair>
      <Pair>
        <key>highlight</key>
        <styleUrl>#icon-seq2-1-250-1A237E-highlight</styleUrl>
      </Pair>
    </StyleMap>
    <Style id="icon-seq2-1-251-1A237E-normal">
      <IconStyle>
        <color>ff7e231a</color>
        <scale>1</scale>
        <Icon>
          <href>images/icon-252.png</href>
        </Icon>
      </IconStyle>
      <LabelStyle>
        <scale>0</scale>
      </LabelStyle>
    </Style>
    <Style id="icon-seq2-1-251-1A237E-highlight">
      <IconStyle>
        <color>ff7e231a</color>
        <scale>1</scale>
        <Icon>
          <href>images/icon-252.png</href>
        </Icon>
      </IconStyle>
      <LabelStyle>
        <scale>1</scale>
      </LabelStyle>
    </Style>
    <StyleMap id="icon-seq2-1-251-1A237E">
      <Pair>
        <key>normal</key>
        <styleUrl>#icon-seq2-1-251-1A237E-normal</styleUrl>
      </Pair>
      <Pair>
        <key>highlight</key>
        <styleUrl>#icon-seq2-1-251-1A237E-highlight</styleUrl>
      </Pair>
    </StyleMap>
    <Style id="icon-seq2-1-252-1A237E-normal">
      <IconStyle>
        <color>ff7e231a</color>
        <scale>1</scale>
        <Icon>
          <href>images/icon-253.png</href>
        </Icon>
      </IconStyle>
      <LabelStyle>
        <scale>0</scale>
      </LabelStyle>
    </Style>
    <Style id="icon-seq2-1-252-1A237E-highlight">
      <IconStyle>
        <color>ff7e231a</color>
        <scale>1</scale>
        <Icon>
          <href>images/icon-253.png</href>
        </Icon>
      </IconStyle>
      <LabelStyle>
        <scale>1</scale>
      </LabelStyle>
    </Style>
    <StyleMap id="icon-seq2-1-252-1A237E">
      <Pair>
        <key>normal</key>
        <styleUrl>#icon-seq2-1-252-1A237E-normal</styleUrl>
      </Pair>
      <Pair>
        <key>highlight</key>
        <styleUrl>#icon-seq2-1-252-1A237E-highlight</styleUrl>
      </Pair>
    </StyleMap>
    <Style id="icon-seq2-1-253-1A237E-normal">
      <IconStyle>
        <color>ff7e231a</color>
        <scale>1</scale>
        <Icon>
          <href>images/icon-254.png</href>
        </Icon>
      </IconStyle>
      <LabelStyle>
        <scale>0</scale>
      </LabelStyle>
    </Style>
    <Style id="icon-seq2-1-253-1A237E-highlight">
      <IconStyle>
        <color>ff7e231a</color>
        <scale>1</scale>
        <Icon>
          <href>images/icon-254.png</href>
        </Icon>
      </IconStyle>
      <LabelStyle>
        <scale>1</scale>
      </LabelStyle>
    </Style>
    <StyleMap id="icon-seq2-1-253-1A237E">
      <Pair>
        <key>normal</key>
        <styleUrl>#icon-seq2-1-253-1A237E-normal</styleUrl>
      </Pair>
      <Pair>
        <key>highlight</key>
        <styleUrl>#icon-seq2-1-253-1A237E-highlight</styleUrl>
      </Pair>
    </StyleMap>
    <Style id="icon-seq2-1-254-1A237E-normal">
      <IconStyle>
        <color>ff7e231a</color>
        <scale>1</scale>
        <Icon>
          <href>images/icon-255.png</href>
        </Icon>
      </IconStyle>
      <LabelStyle>
        <scale>0</scale>
      </LabelStyle>
    </Style>
    <Style id="icon-seq2-1-254-1A237E-highlight">
      <IconStyle>
        <color>ff7e231a</color>
        <scale>1</scale>
        <Icon>
          <href>images/icon-255.png</href>
        </Icon>
      </IconStyle>
      <LabelStyle>
        <scale>1</scale>
      </LabelStyle>
    </Style>
    <StyleMap id="icon-seq2-1-254-1A237E">
      <Pair>
        <key>normal</key>
        <styleUrl>#icon-seq2-1-254-1A237E-normal</styleUrl>
      </Pair>
      <Pair>
        <key>highlight</key>
        <styleUrl>#icon-seq2-1-254-1A237E-highlight</styleUrl>
      </Pair>
    </StyleMap>
    <Style id="icon-seq2-1-255-1A237E-normal">
      <IconStyle>
        <color>ff7e231a</color>
        <scale>1</scale>
        <Icon>
          <href>images/icon-256.png</href>
        </Icon>
      </IconStyle>
      <LabelStyle>
        <scale>0</scale>
      </LabelStyle>
    </Style>
    <Style id="icon-seq2-1-255-1A237E-highlight">
      <IconStyle>
        <color>ff7e231a</color>
        <scale>1</scale>
        <Icon>
          <href>images/icon-256.png</href>
        </Icon>
      </IconStyle>
      <LabelStyle>
        <scale>1</scale>
      </LabelStyle>
    </Style>
    <StyleMap id="icon-seq2-1-255-1A237E">
      <Pair>
        <key>normal</key>
        <styleUrl>#icon-seq2-1-255-1A237E-normal</styleUrl>
      </Pair>
      <Pair>
        <key>highlight</key>
        <styleUrl>#icon-seq2-1-255-1A237E-highlight</styleUrl>
      </Pair>
    </StyleMap>
    <Style id="icon-seq2-1-256-1A237E-normal">
      <IconStyle>
        <color>ff7e231a</color>
        <scale>1</scale>
        <Icon>
          <href>images/icon-257.png</href>
        </Icon>
      </IconStyle>
      <LabelStyle>
        <scale>0</scale>
      </LabelStyle>
    </Style>
    <Style id="icon-seq2-1-256-1A237E-highlight">
      <IconStyle>
        <color>ff7e231a</color>
        <scale>1</scale>
        <Icon>
          <href>images/icon-257.png</href>
        </Icon>
      </IconStyle>
      <LabelStyle>
        <scale>1</scale>
      </LabelStyle>
    </Style>
    <StyleMap id="icon-seq2-1-256-1A237E">
      <Pair>
        <key>normal</key>
        <styleUrl>#icon-seq2-1-256-1A237E-normal</styleUrl>
      </Pair>
      <Pair>
        <key>highlight</key>
        <styleUrl>#icon-seq2-1-256-1A237E-highlight</styleUrl>
      </Pair>
    </StyleMap>
    <Style id="icon-seq2-1-257-1A237E-normal">
      <IconStyle>
        <color>ff7e231a</color>
        <scale>1</scale>
        <Icon>
          <href>images/icon-258.png</href>
        </Icon>
      </IconStyle>
      <LabelStyle>
        <scale>0</scale>
      </LabelStyle>
    </Style>
    <Style id="icon-seq2-1-257-1A237E-highlight">
      <IconStyle>
        <color>ff7e231a</color>
        <scale>1</scale>
        <Icon>
          <href>images/icon-258.png</href>
        </Icon>
      </IconStyle>
      <LabelStyle>
        <scale>1</scale>
      </LabelStyle>
    </Style>
    <StyleMap id="icon-seq2-1-257-1A237E">
      <Pair>
        <key>normal</key>
        <styleUrl>#icon-seq2-1-257-1A237E-normal</styleUrl>
      </Pair>
      <Pair>
        <key>highlight</key>
        <styleUrl>#icon-seq2-1-257-1A237E-highlight</styleUrl>
      </Pair>
    </StyleMap>
    <Style id="icon-seq2-1-258-1A237E-normal">
      <IconStyle>
        <color>ff7e231a</color>
        <scale>1</scale>
        <Icon>
          <href>images/icon-259.png</href>
        </Icon>
      </IconStyle>
      <LabelStyle>
        <scale>0</scale>
      </LabelStyle>
    </Style>
    <Style id="icon-seq2-1-258-1A237E-highlight">
      <IconStyle>
        <color>ff7e231a</color>
        <scale>1</scale>
        <Icon>
          <href>images/icon-259.png</href>
        </Icon>
      </IconStyle>
      <LabelStyle>
        <scale>1</scale>
      </LabelStyle>
    </Style>
    <StyleMap id="icon-seq2-1-258-1A237E">
      <Pair>
        <key>normal</key>
        <styleUrl>#icon-seq2-1-258-1A237E-normal</styleUrl>
      </Pair>
      <Pair>
        <key>highlight</key>
        <styleUrl>#icon-seq2-1-258-1A237E-highlight</styleUrl>
      </Pair>
    </StyleMap>
    <Style id="icon-seq2-1-259-1A237E-normal">
      <IconStyle>
        <color>ff7e231a</color>
        <scale>1</scale>
        <Icon>
          <href>images/icon-260.png</href>
        </Icon>
      </IconStyle>
      <LabelStyle>
        <scale>0</scale>
      </LabelStyle>
    </Style>
    <Style id="icon-seq2-1-259-1A237E-highlight">
      <IconStyle>
        <color>ff7e231a</color>
        <scale>1</scale>
        <Icon>
          <href>images/icon-260.png</href>
        </Icon>
      </IconStyle>
      <LabelStyle>
        <scale>1</scale>
      </LabelStyle>
    </Style>
    <StyleMap id="icon-seq2-1-259-1A237E">
      <Pair>
        <key>normal</key>
        <styleUrl>#icon-seq2-1-259-1A237E-normal</styleUrl>
      </Pair>
      <Pair>
        <key>highlight</key>
        <styleUrl>#icon-seq2-1-259-1A237E-highlight</styleUrl>
      </Pair>
    </StyleMap>
    <Style id="icon-seq2-1-26-1A237E-normal">
      <IconStyle>
        <color>ff7e231a</color>
        <scale>1</scale>
        <Icon>
          <href>images/icon-27.png</href>
        </Icon>
      </IconStyle>
      <LabelStyle>
        <scale>0</scale>
      </LabelStyle>
    </Style>
    <Style id="icon-seq2-1-26-1A237E-highlight">
      <IconStyle>
        <color>ff7e231a</color>
        <scale>1</scale>
        <Icon>
          <href>images/icon-27.png</href>
        </Icon>
      </IconStyle>
      <LabelStyle>
        <scale>1</scale>
      </LabelStyle>
    </Style>
    <StyleMap id="icon-seq2-1-26-1A237E">
      <Pair>
        <key>normal</key>
        <styleUrl>#icon-seq2-1-26-1A237E-normal</styleUrl>
      </Pair>
      <Pair>
        <key>highlight</key>
        <styleUrl>#icon-seq2-1-26-1A237E-highlight</styleUrl>
      </Pair>
    </StyleMap>
    <Style id="icon-seq2-1-260-1A237E-normal">
      <IconStyle>
        <color>ff7e231a</color>
        <scale>1</scale>
        <Icon>
          <href>images/icon-261.png</href>
        </Icon>
      </IconStyle>
      <LabelStyle>
        <scale>0</scale>
      </LabelStyle>
    </Style>
    <Style id="icon-seq2-1-260-1A237E-highlight">
      <IconStyle>
        <color>ff7e231a</color>
        <scale>1</scale>
        <Icon>
          <href>images/icon-261.png</href>
        </Icon>
      </IconStyle>
      <LabelStyle>
        <scale>1</scale>
      </LabelStyle>
    </Style>
    <StyleMap id="icon-seq2-1-260-1A237E">
      <Pair>
        <key>normal</key>
        <styleUrl>#icon-seq2-1-260-1A237E-normal</styleUrl>
      </Pair>
      <Pair>
        <key>highlight</key>
        <styleUrl>#icon-seq2-1-260-1A237E-highlight</styleUrl>
      </Pair>
    </StyleMap>
    <Style id="icon-seq2-1-261-1A237E-normal">
      <IconStyle>
        <color>ff7e231a</color>
        <scale>1</scale>
        <Icon>
          <href>images/icon-262.png</href>
        </Icon>
      </IconStyle>
      <LabelStyle>
        <scale>0</scale>
      </LabelStyle>
    </Style>
    <Style id="icon-seq2-1-261-1A237E-highlight">
      <IconStyle>
        <color>ff7e231a</color>
        <scale>1</scale>
        <Icon>
          <href>images/icon-262.png</href>
        </Icon>
      </IconStyle>
      <LabelStyle>
        <scale>1</scale>
      </LabelStyle>
    </Style>
    <StyleMap id="icon-seq2-1-261-1A237E">
      <Pair>
        <key>normal</key>
        <styleUrl>#icon-seq2-1-261-1A237E-normal</styleUrl>
      </Pair>
      <Pair>
        <key>highlight</key>
        <styleUrl>#icon-seq2-1-261-1A237E-highlight</styleUrl>
      </Pair>
    </StyleMap>
    <Style id="icon-seq2-1-262-1A237E-normal">
      <IconStyle>
        <color>ff7e231a</color>
        <scale>1</scale>
        <Icon>
          <href>images/icon-263.png</href>
        </Icon>
      </IconStyle>
      <LabelStyle>
        <scale>0</scale>
      </LabelStyle>
    </Style>
    <Style id="icon-seq2-1-262-1A237E-highlight">
      <IconStyle>
        <color>ff7e231a</color>
        <scale>1</scale>
        <Icon>
          <href>images/icon-263.png</href>
        </Icon>
      </IconStyle>
      <LabelStyle>
        <scale>1</scale>
      </LabelStyle>
    </Style>
    <StyleMap id="icon-seq2-1-262-1A237E">
      <Pair>
        <key>normal</key>
        <styleUrl>#icon-seq2-1-262-1A237E-normal</styleUrl>
      </Pair>
      <Pair>
        <key>highlight</key>
        <styleUrl>#icon-seq2-1-262-1A237E-highlight</styleUrl>
      </Pair>
    </StyleMap>
    <Style id="icon-seq2-1-263-1A237E-normal">
      <IconStyle>
        <color>ff7e231a</color>
        <scale>1</scale>
        <Icon>
          <href>images/icon-264.png</href>
        </Icon>
      </IconStyle>
      <LabelStyle>
        <scale>0</scale>
      </LabelStyle>
    </Style>
    <Style id="icon-seq2-1-263-1A237E-highlight">
      <IconStyle>
        <color>ff7e231a</color>
        <scale>1</scale>
        <Icon>
          <href>images/icon-264.png</href>
        </Icon>
      </IconStyle>
      <LabelStyle>
        <scale>1</scale>
      </LabelStyle>
    </Style>
    <StyleMap id="icon-seq2-1-263-1A237E">
      <Pair>
        <key>normal</key>
        <styleUrl>#icon-seq2-1-263-1A237E-normal</styleUrl>
      </Pair>
      <Pair>
        <key>highlight</key>
        <styleUrl>#icon-seq2-1-263-1A237E-highlight</styleUrl>
      </Pair>
    </StyleMap>
    <Style id="icon-seq2-1-264-1A237E-normal">
      <IconStyle>
        <color>ff7e231a</color>
        <scale>1</scale>
        <Icon>
          <href>images/icon-265.png</href>
        </Icon>
      </IconStyle>
      <LabelStyle>
        <scale>0</scale>
      </LabelStyle>
    </Style>
    <Style id="icon-seq2-1-264-1A237E-highlight">
      <IconStyle>
        <color>ff7e231a</color>
        <scale>1</scale>
        <Icon>
          <href>images/icon-265.png</href>
        </Icon>
      </IconStyle>
      <LabelStyle>
        <scale>1</scale>
      </LabelStyle>
    </Style>
    <StyleMap id="icon-seq2-1-264-1A237E">
      <Pair>
        <key>normal</key>
        <styleUrl>#icon-seq2-1-264-1A237E-normal</styleUrl>
      </Pair>
      <Pair>
        <key>highlight</key>
        <styleUrl>#icon-seq2-1-264-1A237E-highlight</styleUrl>
      </Pair>
    </StyleMap>
    <Style id="icon-seq2-1-265-1A237E-normal">
      <IconStyle>
        <color>ff7e231a</color>
        <scale>1</scale>
        <Icon>
          <href>images/icon-266.png</href>
        </Icon>
      </IconStyle>
      <LabelStyle>
        <scale>0</scale>
      </LabelStyle>
    </Style>
    <Style id="icon-seq2-1-265-1A237E-highlight">
      <IconStyle>
        <color>ff7e231a</color>
        <scale>1</scale>
        <Icon>
          <href>images/icon-266.png</href>
        </Icon>
      </IconStyle>
      <LabelStyle>
        <scale>1</scale>
      </LabelStyle>
    </Style>
    <StyleMap id="icon-seq2-1-265-1A237E">
      <Pair>
        <key>normal</key>
        <styleUrl>#icon-seq2-1-265-1A237E-normal</styleUrl>
      </Pair>
      <Pair>
        <key>highlight</key>
        <styleUrl>#icon-seq2-1-265-1A237E-highlight</styleUrl>
      </Pair>
    </StyleMap>
    <Style id="icon-seq2-1-266-1A237E-normal">
      <IconStyle>
        <color>ff7e231a</color>
        <scale>1</scale>
        <Icon>
          <href>images/icon-267.png</href>
        </Icon>
      </IconStyle>
      <LabelStyle>
        <scale>0</scale>
      </LabelStyle>
    </Style>
    <Style id="icon-seq2-1-266-1A237E-highlight">
      <IconStyle>
        <color>ff7e231a</color>
        <scale>1</scale>
        <Icon>
          <href>images/icon-267.png</href>
        </Icon>
      </IconStyle>
      <LabelStyle>
        <scale>1</scale>
      </LabelStyle>
    </Style>
    <StyleMap id="icon-seq2-1-266-1A237E">
      <Pair>
        <key>normal</key>
        <styleUrl>#icon-seq2-1-266-1A237E-normal</styleUrl>
      </Pair>
      <Pair>
        <key>highlight</key>
        <styleUrl>#icon-seq2-1-266-1A237E-highlight</styleUrl>
      </Pair>
    </StyleMap>
    <Style id="icon-seq2-1-267-1A237E-normal">
      <IconStyle>
        <color>ff7e231a</color>
        <scale>1</scale>
        <Icon>
          <href>images/icon-268.png</href>
        </Icon>
      </IconStyle>
      <LabelStyle>
        <scale>0</scale>
      </LabelStyle>
    </Style>
    <Style id="icon-seq2-1-267-1A237E-highlight">
      <IconStyle>
        <color>ff7e231a</color>
        <scale>1</scale>
        <Icon>
          <href>images/icon-268.png</href>
        </Icon>
      </IconStyle>
      <LabelStyle>
        <scale>1</scale>
      </LabelStyle>
    </Style>
    <StyleMap id="icon-seq2-1-267-1A237E">
      <Pair>
        <key>normal</key>
        <styleUrl>#icon-seq2-1-267-1A237E-normal</styleUrl>
      </Pair>
      <Pair>
        <key>highlight</key>
        <styleUrl>#icon-seq2-1-267-1A237E-highlight</styleUrl>
      </Pair>
    </StyleMap>
    <Style id="icon-seq2-1-268-1A237E-normal">
      <IconStyle>
        <color>ff7e231a</color>
        <scale>1</scale>
        <Icon>
          <href>images/icon-269.png</href>
        </Icon>
      </IconStyle>
      <LabelStyle>
        <scale>0</scale>
      </LabelStyle>
    </Style>
    <Style id="icon-seq2-1-268-1A237E-highlight">
      <IconStyle>
        <color>ff7e231a</color>
        <scale>1</scale>
        <Icon>
          <href>images/icon-269.png</href>
        </Icon>
      </IconStyle>
      <LabelStyle>
        <scale>1</scale>
      </LabelStyle>
    </Style>
    <StyleMap id="icon-seq2-1-268-1A237E">
      <Pair>
        <key>normal</key>
        <styleUrl>#icon-seq2-1-268-1A237E-normal</styleUrl>
      </Pair>
      <Pair>
        <key>highlight</key>
        <styleUrl>#icon-seq2-1-268-1A237E-highlight</styleUrl>
      </Pair>
    </StyleMap>
    <Style id="icon-seq2-1-269-1A237E-normal">
      <IconStyle>
        <color>ff7e231a</color>
        <scale>1</scale>
        <Icon>
          <href>images/icon-270.png</href>
        </Icon>
      </IconStyle>
      <LabelStyle>
        <scale>0</scale>
      </LabelStyle>
    </Style>
    <Style id="icon-seq2-1-269-1A237E-highlight">
      <IconStyle>
        <color>ff7e231a</color>
        <scale>1</scale>
        <Icon>
          <href>images/icon-270.png</href>
        </Icon>
      </IconStyle>
      <LabelStyle>
        <scale>1</scale>
      </LabelStyle>
    </Style>
    <StyleMap id="icon-seq2-1-269-1A237E">
      <Pair>
        <key>normal</key>
        <styleUrl>#icon-seq2-1-269-1A237E-normal</styleUrl>
      </Pair>
      <Pair>
        <key>highlight</key>
        <styleUrl>#icon-seq2-1-269-1A237E-highlight</styleUrl>
      </Pair>
    </StyleMap>
    <Style id="icon-seq2-1-27-1A237E-normal">
      <IconStyle>
        <color>ff7e231a</color>
        <scale>1</scale>
        <Icon>
          <href>images/icon-28.png</href>
        </Icon>
      </IconStyle>
      <LabelStyle>
        <scale>0</scale>
      </LabelStyle>
    </Style>
    <Style id="icon-seq2-1-27-1A237E-highlight">
      <IconStyle>
        <color>ff7e231a</color>
        <scale>1</scale>
        <Icon>
          <href>images/icon-28.png</href>
        </Icon>
      </IconStyle>
      <LabelStyle>
        <scale>1</scale>
      </LabelStyle>
    </Style>
    <StyleMap id="icon-seq2-1-27-1A237E">
      <Pair>
        <key>normal</key>
        <styleUrl>#icon-seq2-1-27-1A237E-normal</styleUrl>
      </Pair>
      <Pair>
        <key>highlight</key>
        <styleUrl>#icon-seq2-1-27-1A237E-highlight</styleUrl>
      </Pair>
    </StyleMap>
    <Style id="icon-seq2-1-270-1A237E-normal">
      <IconStyle>
        <color>ff7e231a</color>
        <scale>1</scale>
        <Icon>
          <href>images/icon-271.png</href>
        </Icon>
      </IconStyle>
      <LabelStyle>
        <scale>0</scale>
      </LabelStyle>
    </Style>
    <Style id="icon-seq2-1-270-1A237E-highlight">
      <IconStyle>
        <color>ff7e231a</color>
        <scale>1</scale>
        <Icon>
          <href>images/icon-271.png</href>
        </Icon>
      </IconStyle>
      <LabelStyle>
        <scale>1</scale>
      </LabelStyle>
    </Style>
    <StyleMap id="icon-seq2-1-270-1A237E">
      <Pair>
        <key>normal</key>
        <styleUrl>#icon-seq2-1-270-1A237E-normal</styleUrl>
      </Pair>
      <Pair>
        <key>highlight</key>
        <styleUrl>#icon-seq2-1-270-1A237E-highlight</styleUrl>
      </Pair>
    </StyleMap>
    <Style id="icon-seq2-1-271-1A237E-normal">
      <IconStyle>
        <color>ff7e231a</color>
        <scale>1</scale>
        <Icon>
          <href>images/icon-272.png</href>
        </Icon>
      </IconStyle>
      <LabelStyle>
        <scale>0</scale>
      </LabelStyle>
    </Style>
    <Style id="icon-seq2-1-271-1A237E-highlight">
      <IconStyle>
        <color>ff7e231a</color>
        <scale>1</scale>
        <Icon>
          <href>images/icon-272.png</href>
        </Icon>
      </IconStyle>
      <LabelStyle>
        <scale>1</scale>
      </LabelStyle>
    </Style>
    <StyleMap id="icon-seq2-1-271-1A237E">
      <Pair>
        <key>normal</key>
        <styleUrl>#icon-seq2-1-271-1A237E-normal</styleUrl>
      </Pair>
      <Pair>
        <key>highlight</key>
        <styleUrl>#icon-seq2-1-271-1A237E-highlight</styleUrl>
      </Pair>
    </StyleMap>
    <Style id="icon-seq2-1-272-1A237E-normal">
      <IconStyle>
        <color>ff7e231a</color>
        <scale>1</scale>
        <Icon>
          <href>images/icon-273.png</href>
        </Icon>
      </IconStyle>
      <LabelStyle>
        <scale>0</scale>
      </LabelStyle>
    </Style>
    <Style id="icon-seq2-1-272-1A237E-highlight">
      <IconStyle>
        <color>ff7e231a</color>
        <scale>1</scale>
        <Icon>
          <href>images/icon-273.png</href>
        </Icon>
      </IconStyle>
      <LabelStyle>
        <scale>1</scale>
      </LabelStyle>
    </Style>
    <StyleMap id="icon-seq2-1-272-1A237E">
      <Pair>
        <key>normal</key>
        <styleUrl>#icon-seq2-1-272-1A237E-normal</styleUrl>
      </Pair>
      <Pair>
        <key>highlight</key>
        <styleUrl>#icon-seq2-1-272-1A237E-highlight</styleUrl>
      </Pair>
    </StyleMap>
    <Style id="icon-seq2-1-273-1A237E-normal">
      <IconStyle>
        <color>ff7e231a</color>
        <scale>1</scale>
        <Icon>
          <href>images/icon-274.png</href>
        </Icon>
      </IconStyle>
      <LabelStyle>
        <scale>0</scale>
      </LabelStyle>
    </Style>
    <Style id="icon-seq2-1-273-1A237E-highlight">
      <IconStyle>
        <color>ff7e231a</color>
        <scale>1</scale>
        <Icon>
          <href>images/icon-274.png</href>
        </Icon>
      </IconStyle>
      <LabelStyle>
        <scale>1</scale>
      </LabelStyle>
    </Style>
    <StyleMap id="icon-seq2-1-273-1A237E">
      <Pair>
        <key>normal</key>
        <styleUrl>#icon-seq2-1-273-1A237E-normal</styleUrl>
      </Pair>
      <Pair>
        <key>highlight</key>
        <styleUrl>#icon-seq2-1-273-1A237E-highlight</styleUrl>
      </Pair>
    </StyleMap>
    <Style id="icon-seq2-1-274-1A237E-normal">
      <IconStyle>
        <color>ff7e231a</color>
        <scale>1</scale>
        <Icon>
          <href>images/icon-275.png</href>
        </Icon>
      </IconStyle>
      <LabelStyle>
        <scale>0</scale>
      </LabelStyle>
    </Style>
    <Style id="icon-seq2-1-274-1A237E-highlight">
      <IconStyle>
        <color>ff7e231a</color>
        <scale>1</scale>
        <Icon>
          <href>images/icon-275.png</href>
        </Icon>
      </IconStyle>
      <LabelStyle>
        <scale>1</scale>
      </LabelStyle>
    </Style>
    <StyleMap id="icon-seq2-1-274-1A237E">
      <Pair>
        <key>normal</key>
        <styleUrl>#icon-seq2-1-274-1A237E-normal</styleUrl>
      </Pair>
      <Pair>
        <key>highlight</key>
        <styleUrl>#icon-seq2-1-274-1A237E-highlight</styleUrl>
      </Pair>
    </StyleMap>
    <Style id="icon-seq2-1-275-1A237E-normal">
      <IconStyle>
        <color>ff7e231a</color>
        <scale>1</scale>
        <Icon>
          <href>images/icon-276.png</href>
        </Icon>
      </IconStyle>
      <LabelStyle>
        <scale>0</scale>
      </LabelStyle>
    </Style>
    <Style id="icon-seq2-1-275-1A237E-highlight">
      <IconStyle>
        <color>ff7e231a</color>
        <scale>1</scale>
        <Icon>
          <href>images/icon-276.png</href>
        </Icon>
      </IconStyle>
      <LabelStyle>
        <scale>1</scale>
      </LabelStyle>
    </Style>
    <StyleMap id="icon-seq2-1-275-1A237E">
      <Pair>
        <key>normal</key>
        <styleUrl>#icon-seq2-1-275-1A237E-normal</styleUrl>
      </Pair>
      <Pair>
        <key>highlight</key>
        <styleUrl>#icon-seq2-1-275-1A237E-highlight</styleUrl>
      </Pair>
    </StyleMap>
    <Style id="icon-seq2-1-276-1A237E-normal">
      <IconStyle>
        <color>ff7e231a</color>
        <scale>1</scale>
        <Icon>
          <href>images/icon-277.png</href>
        </Icon>
      </IconStyle>
      <LabelStyle>
        <scale>0</scale>
      </LabelStyle>
    </Style>
    <Style id="icon-seq2-1-276-1A237E-highlight">
      <IconStyle>
        <color>ff7e231a</color>
        <scale>1</scale>
        <Icon>
          <href>images/icon-277.png</href>
        </Icon>
      </IconStyle>
      <LabelStyle>
        <scale>1</scale>
      </LabelStyle>
    </Style>
    <StyleMap id="icon-seq2-1-276-1A237E">
      <Pair>
        <key>normal</key>
        <styleUrl>#icon-seq2-1-276-1A237E-normal</styleUrl>
      </Pair>
      <Pair>
        <key>highlight</key>
        <styleUrl>#icon-seq2-1-276-1A237E-highlight</styleUrl>
      </Pair>
    </StyleMap>
    <Style id="icon-seq2-1-277-1A237E-normal">
      <IconStyle>
        <color>ff7e231a</color>
        <scale>1</scale>
        <Icon>
          <href>images/icon-278.png</href>
        </Icon>
      </IconStyle>
      <LabelStyle>
        <scale>0</scale>
      </LabelStyle>
    </Style>
    <Style id="icon-seq2-1-277-1A237E-highlight">
      <IconStyle>
        <color>ff7e231a</color>
        <scale>1</scale>
        <Icon>
          <href>images/icon-278.png</href>
        </Icon>
      </IconStyle>
      <LabelStyle>
        <scale>1</scale>
      </LabelStyle>
    </Style>
    <StyleMap id="icon-seq2-1-277-1A237E">
      <Pair>
        <key>normal</key>
        <styleUrl>#icon-seq2-1-277-1A237E-normal</styleUrl>
      </Pair>
      <Pair>
        <key>highlight</key>
        <styleUrl>#icon-seq2-1-277-1A237E-highlight</styleUrl>
      </Pair>
    </StyleMap>
    <Style id="icon-seq2-1-278-1A237E-normal">
      <IconStyle>
        <color>ff7e231a</color>
        <scale>1</scale>
        <Icon>
          <href>images/icon-279.png</href>
        </Icon>
      </IconStyle>
      <LabelStyle>
        <scale>0</scale>
      </LabelStyle>
    </Style>
    <Style id="icon-seq2-1-278-1A237E-highlight">
      <IconStyle>
        <color>ff7e231a</color>
        <scale>1</scale>
        <Icon>
          <href>images/icon-279.png</href>
        </Icon>
      </IconStyle>
      <LabelStyle>
        <scale>1</scale>
      </LabelStyle>
    </Style>
    <StyleMap id="icon-seq2-1-278-1A237E">
      <Pair>
        <key>normal</key>
        <styleUrl>#icon-seq2-1-278-1A237E-normal</styleUrl>
      </Pair>
      <Pair>
        <key>highlight</key>
        <styleUrl>#icon-seq2-1-278-1A237E-highlight</styleUrl>
      </Pair>
    </StyleMap>
    <Style id="icon-seq2-1-279-1A237E-normal">
      <IconStyle>
        <color>ff7e231a</color>
        <scale>1</scale>
        <Icon>
          <href>images/icon-280.png</href>
        </Icon>
      </IconStyle>
      <LabelStyle>
        <scale>0</scale>
      </LabelStyle>
    </Style>
    <Style id="icon-seq2-1-279-1A237E-highlight">
      <IconStyle>
        <color>ff7e231a</color>
        <scale>1</scale>
        <Icon>
          <href>images/icon-280.png</href>
        </Icon>
      </IconStyle>
      <LabelStyle>
        <scale>1</scale>
      </LabelStyle>
    </Style>
    <StyleMap id="icon-seq2-1-279-1A237E">
      <Pair>
        <key>normal</key>
        <styleUrl>#icon-seq2-1-279-1A237E-normal</styleUrl>
      </Pair>
      <Pair>
        <key>highlight</key>
        <styleUrl>#icon-seq2-1-279-1A237E-highlight</styleUrl>
      </Pair>
    </StyleMap>
    <Style id="icon-seq2-1-28-1A237E-normal">
      <IconStyle>
        <color>ff7e231a</color>
        <scale>1</scale>
        <Icon>
          <href>images/icon-29.png</href>
        </Icon>
      </IconStyle>
      <LabelStyle>
        <scale>0</scale>
      </LabelStyle>
    </Style>
    <Style id="icon-seq2-1-28-1A237E-highlight">
      <IconStyle>
        <color>ff7e231a</color>
        <scale>1</scale>
        <Icon>
          <href>images/icon-29.png</href>
        </Icon>
      </IconStyle>
      <LabelStyle>
        <scale>1</scale>
      </LabelStyle>
    </Style>
    <StyleMap id="icon-seq2-1-28-1A237E">
      <Pair>
        <key>normal</key>
        <styleUrl>#icon-seq2-1-28-1A237E-normal</styleUrl>
      </Pair>
      <Pair>
        <key>highlight</key>
        <styleUrl>#icon-seq2-1-28-1A237E-highlight</styleUrl>
      </Pair>
    </StyleMap>
    <Style id="icon-seq2-1-280-1A237E-normal">
      <IconStyle>
        <color>ff7e231a</color>
        <scale>1</scale>
        <Icon>
          <href>images/icon-281.png</href>
        </Icon>
      </IconStyle>
      <LabelStyle>
        <scale>0</scale>
      </LabelStyle>
    </Style>
    <Style id="icon-seq2-1-280-1A237E-highlight">
      <IconStyle>
        <color>ff7e231a</color>
        <scale>1</scale>
        <Icon>
          <href>images/icon-281.png</href>
        </Icon>
      </IconStyle>
      <LabelStyle>
        <scale>1</scale>
      </LabelStyle>
    </Style>
    <StyleMap id="icon-seq2-1-280-1A237E">
      <Pair>
        <key>normal</key>
        <styleUrl>#icon-seq2-1-280-1A237E-normal</styleUrl>
      </Pair>
      <Pair>
        <key>highlight</key>
        <styleUrl>#icon-seq2-1-280-1A237E-highlight</styleUrl>
      </Pair>
    </StyleMap>
    <Style id="icon-seq2-1-281-1A237E-normal">
      <IconStyle>
        <color>ff7e231a</color>
        <scale>1</scale>
        <Icon>
          <href>images/icon-282.png</href>
        </Icon>
      </IconStyle>
      <LabelStyle>
        <scale>0</scale>
      </LabelStyle>
    </Style>
    <Style id="icon-seq2-1-281-1A237E-highlight">
      <IconStyle>
        <color>ff7e231a</color>
        <scale>1</scale>
        <Icon>
          <href>images/icon-282.png</href>
        </Icon>
      </IconStyle>
      <LabelStyle>
        <scale>1</scale>
      </LabelStyle>
    </Style>
    <StyleMap id="icon-seq2-1-281-1A237E">
      <Pair>
        <key>normal</key>
        <styleUrl>#icon-seq2-1-281-1A237E-normal</styleUrl>
      </Pair>
      <Pair>
        <key>highlight</key>
        <styleUrl>#icon-seq2-1-281-1A237E-highlight</styleUrl>
      </Pair>
    </StyleMap>
    <Style id="icon-seq2-1-282-1A237E-normal">
      <IconStyle>
        <color>ff7e231a</color>
        <scale>1</scale>
        <Icon>
          <href>images/icon-283.png</href>
        </Icon>
      </IconStyle>
      <LabelStyle>
        <scale>0</scale>
      </LabelStyle>
    </Style>
    <Style id="icon-seq2-1-282-1A237E-highlight">
      <IconStyle>
        <color>ff7e231a</color>
        <scale>1</scale>
        <Icon>
          <href>images/icon-283.png</href>
        </Icon>
      </IconStyle>
      <LabelStyle>
        <scale>1</scale>
      </LabelStyle>
    </Style>
    <StyleMap id="icon-seq2-1-282-1A237E">
      <Pair>
        <key>normal</key>
        <styleUrl>#icon-seq2-1-282-1A237E-normal</styleUrl>
      </Pair>
      <Pair>
        <key>highlight</key>
        <styleUrl>#icon-seq2-1-282-1A237E-highlight</styleUrl>
      </Pair>
    </StyleMap>
    <Style id="icon-seq2-1-283-1A237E-normal">
      <IconStyle>
        <color>ff7e231a</color>
        <scale>1</scale>
        <Icon>
          <href>images/icon-284.png</href>
        </Icon>
      </IconStyle>
      <LabelStyle>
        <scale>0</scale>
      </LabelStyle>
    </Style>
    <Style id="icon-seq2-1-283-1A237E-highlight">
      <IconStyle>
        <color>ff7e231a</color>
        <scale>1</scale>
        <Icon>
          <href>images/icon-284.png</href>
        </Icon>
      </IconStyle>
      <LabelStyle>
        <scale>1</scale>
      </LabelStyle>
    </Style>
    <StyleMap id="icon-seq2-1-283-1A237E">
      <Pair>
        <key>normal</key>
        <styleUrl>#icon-seq2-1-283-1A237E-normal</styleUrl>
      </Pair>
      <Pair>
        <key>highlight</key>
        <styleUrl>#icon-seq2-1-283-1A237E-highlight</styleUrl>
      </Pair>
    </StyleMap>
    <Style id="icon-seq2-1-284-1A237E-normal">
      <IconStyle>
        <color>ff7e231a</color>
        <scale>1</scale>
        <Icon>
          <href>images/icon-285.png</href>
        </Icon>
      </IconStyle>
      <LabelStyle>
        <scale>0</scale>
      </LabelStyle>
    </Style>
    <Style id="icon-seq2-1-284-1A237E-highlight">
      <IconStyle>
        <color>ff7e231a</color>
        <scale>1</scale>
        <Icon>
          <href>images/icon-285.png</href>
        </Icon>
      </IconStyle>
      <LabelStyle>
        <scale>1</scale>
      </LabelStyle>
    </Style>
    <StyleMap id="icon-seq2-1-284-1A237E">
      <Pair>
        <key>normal</key>
        <styleUrl>#icon-seq2-1-284-1A237E-normal</styleUrl>
      </Pair>
      <Pair>
        <key>highlight</key>
        <styleUrl>#icon-seq2-1-284-1A237E-highlight</styleUrl>
      </Pair>
    </StyleMap>
    <Style id="icon-seq2-1-285-1A237E-normal">
      <IconStyle>
        <color>ff7e231a</color>
        <scale>1</scale>
        <Icon>
          <href>images/icon-286.png</href>
        </Icon>
      </IconStyle>
      <LabelStyle>
        <scale>0</scale>
      </LabelStyle>
    </Style>
    <Style id="icon-seq2-1-285-1A237E-highlight">
      <IconStyle>
        <color>ff7e231a</color>
        <scale>1</scale>
        <Icon>
          <href>images/icon-286.png</href>
        </Icon>
      </IconStyle>
      <LabelStyle>
        <scale>1</scale>
      </LabelStyle>
    </Style>
    <StyleMap id="icon-seq2-1-285-1A237E">
      <Pair>
        <key>normal</key>
        <styleUrl>#icon-seq2-1-285-1A237E-normal</styleUrl>
      </Pair>
      <Pair>
        <key>highlight</key>
        <styleUrl>#icon-seq2-1-285-1A237E-highlight</styleUrl>
      </Pair>
    </StyleMap>
    <Style id="icon-seq2-1-286-1A237E-normal">
      <IconStyle>
        <color>ff7e231a</color>
        <scale>1</scale>
        <Icon>
          <href>images/icon-287.png</href>
        </Icon>
      </IconStyle>
      <LabelStyle>
        <scale>0</scale>
      </LabelStyle>
    </Style>
    <Style id="icon-seq2-1-286-1A237E-highlight">
      <IconStyle>
        <color>ff7e231a</color>
        <scale>1</scale>
        <Icon>
          <href>images/icon-287.png</href>
        </Icon>
      </IconStyle>
      <LabelStyle>
        <scale>1</scale>
      </LabelStyle>
    </Style>
    <StyleMap id="icon-seq2-1-286-1A237E">
      <Pair>
        <key>normal</key>
        <styleUrl>#icon-seq2-1-286-1A237E-normal</styleUrl>
      </Pair>
      <Pair>
        <key>highlight</key>
        <styleUrl>#icon-seq2-1-286-1A237E-highlight</styleUrl>
      </Pair>
    </StyleMap>
    <Style id="icon-seq2-1-287-1A237E-normal">
      <IconStyle>
        <color>ff7e231a</color>
        <scale>1</scale>
        <Icon>
          <href>images/icon-288.png</href>
        </Icon>
      </IconStyle>
      <LabelStyle>
        <scale>0</scale>
      </LabelStyle>
    </Style>
    <Style id="icon-seq2-1-287-1A237E-highlight">
      <IconStyle>
        <color>ff7e231a</color>
        <scale>1</scale>
        <Icon>
          <href>images/icon-288.png</href>
        </Icon>
      </IconStyle>
      <LabelStyle>
        <scale>1</scale>
      </LabelStyle>
    </Style>
    <StyleMap id="icon-seq2-1-287-1A237E">
      <Pair>
        <key>normal</key>
        <styleUrl>#icon-seq2-1-287-1A237E-normal</styleUrl>
      </Pair>
      <Pair>
        <key>highlight</key>
        <styleUrl>#icon-seq2-1-287-1A237E-highlight</styleUrl>
      </Pair>
    </StyleMap>
    <Style id="icon-seq2-1-288-1A237E-normal">
      <IconStyle>
        <color>ff7e231a</color>
        <scale>1</scale>
        <Icon>
          <href>images/icon-289.png</href>
        </Icon>
      </IconStyle>
      <LabelStyle>
        <scale>0</scale>
      </LabelStyle>
    </Style>
    <Style id="icon-seq2-1-288-1A237E-highlight">
      <IconStyle>
        <color>ff7e231a</color>
        <scale>1</scale>
        <Icon>
          <href>images/icon-289.png</href>
        </Icon>
      </IconStyle>
      <LabelStyle>
        <scale>1</scale>
      </LabelStyle>
    </Style>
    <StyleMap id="icon-seq2-1-288-1A237E">
      <Pair>
        <key>normal</key>
        <styleUrl>#icon-seq2-1-288-1A237E-normal</styleUrl>
      </Pair>
      <Pair>
        <key>highlight</key>
        <styleUrl>#icon-seq2-1-288-1A237E-highlight</styleUrl>
      </Pair>
    </StyleMap>
    <Style id="icon-seq2-1-289-1A237E-normal">
      <IconStyle>
        <color>ff7e231a</color>
        <scale>1</scale>
        <Icon>
          <href>images/icon-290.png</href>
        </Icon>
      </IconStyle>
      <LabelStyle>
        <scale>0</scale>
      </LabelStyle>
    </Style>
    <Style id="icon-seq2-1-289-1A237E-highlight">
      <IconStyle>
        <color>ff7e231a</color>
        <scale>1</scale>
        <Icon>
          <href>images/icon-290.png</href>
        </Icon>
      </IconStyle>
      <LabelStyle>
        <scale>1</scale>
      </LabelStyle>
    </Style>
    <StyleMap id="icon-seq2-1-289-1A237E">
      <Pair>
        <key>normal</key>
        <styleUrl>#icon-seq2-1-289-1A237E-normal</styleUrl>
      </Pair>
      <Pair>
        <key>highlight</key>
        <styleUrl>#icon-seq2-1-289-1A237E-highlight</styleUrl>
      </Pair>
    </StyleMap>
    <Style id="icon-seq2-1-29-1A237E-normal">
      <IconStyle>
        <color>ff7e231a</color>
        <scale>1</scale>
        <Icon>
          <href>images/icon-30.png</href>
        </Icon>
      </IconStyle>
      <LabelStyle>
        <scale>0</scale>
      </LabelStyle>
    </Style>
    <Style id="icon-seq2-1-29-1A237E-highlight">
      <IconStyle>
        <color>ff7e231a</color>
        <scale>1</scale>
        <Icon>
          <href>images/icon-30.png</href>
        </Icon>
      </IconStyle>
      <LabelStyle>
        <scale>1</scale>
      </LabelStyle>
    </Style>
    <StyleMap id="icon-seq2-1-29-1A237E">
      <Pair>
        <key>normal</key>
        <styleUrl>#icon-seq2-1-29-1A237E-normal</styleUrl>
      </Pair>
      <Pair>
        <key>highlight</key>
        <styleUrl>#icon-seq2-1-29-1A237E-highlight</styleUrl>
      </Pair>
    </StyleMap>
    <Style id="icon-seq2-1-290-1A237E-normal">
      <IconStyle>
        <color>ff7e231a</color>
        <scale>1</scale>
        <Icon>
          <href>images/icon-291.png</href>
        </Icon>
      </IconStyle>
      <LabelStyle>
        <scale>0</scale>
      </LabelStyle>
    </Style>
    <Style id="icon-seq2-1-290-1A237E-highlight">
      <IconStyle>
        <color>ff7e231a</color>
        <scale>1</scale>
        <Icon>
          <href>images/icon-291.png</href>
        </Icon>
      </IconStyle>
      <LabelStyle>
        <scale>1</scale>
      </LabelStyle>
    </Style>
    <StyleMap id="icon-seq2-1-290-1A237E">
      <Pair>
        <key>normal</key>
        <styleUrl>#icon-seq2-1-290-1A237E-normal</styleUrl>
      </Pair>
      <Pair>
        <key>highlight</key>
        <styleUrl>#icon-seq2-1-290-1A237E-highlight</styleUrl>
      </Pair>
    </StyleMap>
    <Style id="icon-seq2-1-291-1A237E-normal">
      <IconStyle>
        <color>ff7e231a</color>
        <scale>1</scale>
        <Icon>
          <href>images/icon-292.png</href>
        </Icon>
      </IconStyle>
      <LabelStyle>
        <scale>0</scale>
      </LabelStyle>
    </Style>
    <Style id="icon-seq2-1-291-1A237E-highlight">
      <IconStyle>
        <color>ff7e231a</color>
        <scale>1</scale>
        <Icon>
          <href>images/icon-292.png</href>
        </Icon>
      </IconStyle>
      <LabelStyle>
        <scale>1</scale>
      </LabelStyle>
    </Style>
    <StyleMap id="icon-seq2-1-291-1A237E">
      <Pair>
        <key>normal</key>
        <styleUrl>#icon-seq2-1-291-1A237E-normal</styleUrl>
      </Pair>
      <Pair>
        <key>highlight</key>
        <styleUrl>#icon-seq2-1-291-1A237E-highlight</styleUrl>
      </Pair>
    </StyleMap>
    <Style id="icon-seq2-1-292-1A237E-normal">
      <IconStyle>
        <color>ff7e231a</color>
        <scale>1</scale>
        <Icon>
          <href>images/icon-293.png</href>
        </Icon>
      </IconStyle>
      <LabelStyle>
        <scale>0</scale>
      </LabelStyle>
    </Style>
    <Style id="icon-seq2-1-292-1A237E-highlight">
      <IconStyle>
        <color>ff7e231a</color>
        <scale>1</scale>
        <Icon>
          <href>images/icon-293.png</href>
        </Icon>
      </IconStyle>
      <LabelStyle>
        <scale>1</scale>
      </LabelStyle>
    </Style>
    <StyleMap id="icon-seq2-1-292-1A237E">
      <Pair>
        <key>normal</key>
        <styleUrl>#icon-seq2-1-292-1A237E-normal</styleUrl>
      </Pair>
      <Pair>
        <key>highlight</key>
        <styleUrl>#icon-seq2-1-292-1A237E-highlight</styleUrl>
      </Pair>
    </StyleMap>
    <Style id="icon-seq2-1-293-1A237E-normal">
      <IconStyle>
        <color>ff7e231a</color>
        <scale>1</scale>
        <Icon>
          <href>images/icon-294.png</href>
        </Icon>
      </IconStyle>
      <LabelStyle>
        <scale>0</scale>
      </LabelStyle>
    </Style>
    <Style id="icon-seq2-1-293-1A237E-highlight">
      <IconStyle>
        <color>ff7e231a</color>
        <scale>1</scale>
        <Icon>
          <href>images/icon-294.png</href>
        </Icon>
      </IconStyle>
      <LabelStyle>
        <scale>1</scale>
      </LabelStyle>
    </Style>
    <StyleMap id="icon-seq2-1-293-1A237E">
      <Pair>
        <key>normal</key>
        <styleUrl>#icon-seq2-1-293-1A237E-normal</styleUrl>
      </Pair>
      <Pair>
        <key>highlight</key>
        <styleUrl>#icon-seq2-1-293-1A237E-highlight</styleUrl>
      </Pair>
    </StyleMap>
    <Style id="icon-seq2-1-294-1A237E-normal">
      <IconStyle>
        <color>ff7e231a</color>
        <scale>1</scale>
        <Icon>
          <href>images/icon-295.png</href>
        </Icon>
      </IconStyle>
      <LabelStyle>
        <scale>0</scale>
      </LabelStyle>
    </Style>
    <Style id="icon-seq2-1-294-1A237E-highlight">
      <IconStyle>
        <color>ff7e231a</color>
        <scale>1</scale>
        <Icon>
          <href>images/icon-295.png</href>
        </Icon>
      </IconStyle>
      <LabelStyle>
        <scale>1</scale>
      </LabelStyle>
    </Style>
    <StyleMap id="icon-seq2-1-294-1A237E">
      <Pair>
        <key>normal</key>
        <styleUrl>#icon-seq2-1-294-1A237E-normal</styleUrl>
      </Pair>
      <Pair>
        <key>highlight</key>
        <styleUrl>#icon-seq2-1-294-1A237E-highlight</styleUrl>
      </Pair>
    </StyleMap>
    <Style id="icon-seq2-1-295-1A237E-normal">
      <IconStyle>
        <color>ff7e231a</color>
        <scale>1</scale>
        <Icon>
          <href>images/icon-296.png</href>
        </Icon>
      </IconStyle>
      <LabelStyle>
        <scale>0</scale>
      </LabelStyle>
    </Style>
    <Style id="icon-seq2-1-295-1A237E-highlight">
      <IconStyle>
        <color>ff7e231a</color>
        <scale>1</scale>
        <Icon>
          <href>images/icon-296.png</href>
        </Icon>
      </IconStyle>
      <LabelStyle>
        <scale>1</scale>
      </LabelStyle>
    </Style>
    <StyleMap id="icon-seq2-1-295-1A237E">
      <Pair>
        <key>normal</key>
        <styleUrl>#icon-seq2-1-295-1A237E-normal</styleUrl>
      </Pair>
      <Pair>
        <key>highlight</key>
        <styleUrl>#icon-seq2-1-295-1A237E-highlight</styleUrl>
      </Pair>
    </StyleMap>
    <Style id="icon-seq2-1-296-1A237E-normal">
      <IconStyle>
        <color>ff7e231a</color>
        <scale>1</scale>
        <Icon>
          <href>images/icon-297.png</href>
        </Icon>
      </IconStyle>
      <LabelStyle>
        <scale>0</scale>
      </LabelStyle>
    </Style>
    <Style id="icon-seq2-1-296-1A237E-highlight">
      <IconStyle>
        <color>ff7e231a</color>
        <scale>1</scale>
        <Icon>
          <href>images/icon-297.png</href>
        </Icon>
      </IconStyle>
      <LabelStyle>
        <scale>1</scale>
      </LabelStyle>
    </Style>
    <StyleMap id="icon-seq2-1-296-1A237E">
      <Pair>
        <key>normal</key>
        <styleUrl>#icon-seq2-1-296-1A237E-normal</styleUrl>
      </Pair>
      <Pair>
        <key>highlight</key>
        <styleUrl>#icon-seq2-1-296-1A237E-highlight</styleUrl>
      </Pair>
    </StyleMap>
    <Style id="icon-seq2-1-297-1A237E-normal">
      <IconStyle>
        <color>ff7e231a</color>
        <scale>1</scale>
        <Icon>
          <href>images/icon-298.png</href>
        </Icon>
      </IconStyle>
      <LabelStyle>
        <scale>0</scale>
      </LabelStyle>
    </Style>
    <Style id="icon-seq2-1-297-1A237E-highlight">
      <IconStyle>
        <color>ff7e231a</color>
        <scale>1</scale>
        <Icon>
          <href>images/icon-298.png</href>
        </Icon>
      </IconStyle>
      <LabelStyle>
        <scale>1</scale>
      </LabelStyle>
    </Style>
    <StyleMap id="icon-seq2-1-297-1A237E">
      <Pair>
        <key>normal</key>
        <styleUrl>#icon-seq2-1-297-1A237E-normal</styleUrl>
      </Pair>
      <Pair>
        <key>highlight</key>
        <styleUrl>#icon-seq2-1-297-1A237E-highlight</styleUrl>
      </Pair>
    </StyleMap>
    <Style id="icon-seq2-1-298-1A237E-normal">
      <IconStyle>
        <color>ff7e231a</color>
        <scale>1</scale>
        <Icon>
          <href>images/icon-299.png</href>
        </Icon>
      </IconStyle>
      <LabelStyle>
        <scale>0</scale>
      </LabelStyle>
    </Style>
    <Style id="icon-seq2-1-298-1A237E-highlight">
      <IconStyle>
        <color>ff7e231a</color>
        <scale>1</scale>
        <Icon>
          <href>images/icon-299.png</href>
        </Icon>
      </IconStyle>
      <LabelStyle>
        <scale>1</scale>
      </LabelStyle>
    </Style>
    <StyleMap id="icon-seq2-1-298-1A237E">
      <Pair>
        <key>normal</key>
        <styleUrl>#icon-seq2-1-298-1A237E-normal</styleUrl>
      </Pair>
      <Pair>
        <key>highlight</key>
        <styleUrl>#icon-seq2-1-298-1A237E-highlight</styleUrl>
      </Pair>
    </StyleMap>
    <Style id="icon-seq2-1-299-1A237E-normal">
      <IconStyle>
        <color>ff7e231a</color>
        <scale>1</scale>
        <Icon>
          <href>images/icon-300.png</href>
        </Icon>
      </IconStyle>
      <LabelStyle>
        <scale>0</scale>
      </LabelStyle>
    </Style>
    <Style id="icon-seq2-1-299-1A237E-highlight">
      <IconStyle>
        <color>ff7e231a</color>
        <scale>1</scale>
        <Icon>
          <href>images/icon-300.png</href>
        </Icon>
      </IconStyle>
      <LabelStyle>
        <scale>1</scale>
      </LabelStyle>
    </Style>
    <StyleMap id="icon-seq2-1-299-1A237E">
      <Pair>
        <key>normal</key>
        <styleUrl>#icon-seq2-1-299-1A237E-normal</styleUrl>
      </Pair>
      <Pair>
        <key>highlight</key>
        <styleUrl>#icon-seq2-1-299-1A237E-highlight</styleUrl>
      </Pair>
    </StyleMap>
    <Style id="icon-seq2-1-3-1A237E-normal">
      <IconStyle>
        <color>ff7e231a</color>
        <scale>1</scale>
        <Icon>
          <href>images/icon-4.png</href>
        </Icon>
      </IconStyle>
      <LabelStyle>
        <scale>0</scale>
      </LabelStyle>
    </Style>
    <Style id="icon-seq2-1-3-1A237E-highlight">
      <IconStyle>
        <color>ff7e231a</color>
        <scale>1</scale>
        <Icon>
          <href>images/icon-4.png</href>
        </Icon>
      </IconStyle>
      <LabelStyle>
        <scale>1</scale>
      </LabelStyle>
    </Style>
    <StyleMap id="icon-seq2-1-3-1A237E">
      <Pair>
        <key>normal</key>
        <styleUrl>#icon-seq2-1-3-1A237E-normal</styleUrl>
      </Pair>
      <Pair>
        <key>highlight</key>
        <styleUrl>#icon-seq2-1-3-1A237E-highlight</styleUrl>
      </Pair>
    </StyleMap>
    <Style id="icon-seq2-1-30-1A237E-normal">
      <IconStyle>
        <color>ff7e231a</color>
        <scale>1</scale>
        <Icon>
          <href>images/icon-31.png</href>
        </Icon>
      </IconStyle>
      <LabelStyle>
        <scale>0</scale>
      </LabelStyle>
    </Style>
    <Style id="icon-seq2-1-30-1A237E-highlight">
      <IconStyle>
        <color>ff7e231a</color>
        <scale>1</scale>
        <Icon>
          <href>images/icon-31.png</href>
        </Icon>
      </IconStyle>
      <LabelStyle>
        <scale>1</scale>
      </LabelStyle>
    </Style>
    <StyleMap id="icon-seq2-1-30-1A237E">
      <Pair>
        <key>normal</key>
        <styleUrl>#icon-seq2-1-30-1A237E-normal</styleUrl>
      </Pair>
      <Pair>
        <key>highlight</key>
        <styleUrl>#icon-seq2-1-30-1A237E-highlight</styleUrl>
      </Pair>
    </StyleMap>
    <Style id="icon-seq2-1-300-1A237E-normal">
      <IconStyle>
        <color>ff7e231a</color>
        <scale>1</scale>
        <Icon>
          <href>images/icon-301.png</href>
        </Icon>
      </IconStyle>
      <LabelStyle>
        <scale>0</scale>
      </LabelStyle>
    </Style>
    <Style id="icon-seq2-1-300-1A237E-highlight">
      <IconStyle>
        <color>ff7e231a</color>
        <scale>1</scale>
        <Icon>
          <href>images/icon-301.png</href>
        </Icon>
      </IconStyle>
      <LabelStyle>
        <scale>1</scale>
      </LabelStyle>
    </Style>
    <StyleMap id="icon-seq2-1-300-1A237E">
      <Pair>
        <key>normal</key>
        <styleUrl>#icon-seq2-1-300-1A237E-normal</styleUrl>
      </Pair>
      <Pair>
        <key>highlight</key>
        <styleUrl>#icon-seq2-1-300-1A237E-highlight</styleUrl>
      </Pair>
    </StyleMap>
    <Style id="icon-seq2-1-301-1A237E-normal">
      <IconStyle>
        <color>ff7e231a</color>
        <scale>1</scale>
        <Icon>
          <href>images/icon-302.png</href>
        </Icon>
      </IconStyle>
      <LabelStyle>
        <scale>0</scale>
      </LabelStyle>
    </Style>
    <Style id="icon-seq2-1-301-1A237E-highlight">
      <IconStyle>
        <color>ff7e231a</color>
        <scale>1</scale>
        <Icon>
          <href>images/icon-302.png</href>
        </Icon>
      </IconStyle>
      <LabelStyle>
        <scale>1</scale>
      </LabelStyle>
    </Style>
    <StyleMap id="icon-seq2-1-301-1A237E">
      <Pair>
        <key>normal</key>
        <styleUrl>#icon-seq2-1-301-1A237E-normal</styleUrl>
      </Pair>
      <Pair>
        <key>highlight</key>
        <styleUrl>#icon-seq2-1-301-1A237E-highlight</styleUrl>
      </Pair>
    </StyleMap>
    <Style id="icon-seq2-1-302-1A237E-normal">
      <IconStyle>
        <color>ff7e231a</color>
        <scale>1</scale>
        <Icon>
          <href>images/icon-303.png</href>
        </Icon>
      </IconStyle>
      <LabelStyle>
        <scale>0</scale>
      </LabelStyle>
    </Style>
    <Style id="icon-seq2-1-302-1A237E-highlight">
      <IconStyle>
        <color>ff7e231a</color>
        <scale>1</scale>
        <Icon>
          <href>images/icon-303.png</href>
        </Icon>
      </IconStyle>
      <LabelStyle>
        <scale>1</scale>
      </LabelStyle>
    </Style>
    <StyleMap id="icon-seq2-1-302-1A237E">
      <Pair>
        <key>normal</key>
        <styleUrl>#icon-seq2-1-302-1A237E-normal</styleUrl>
      </Pair>
      <Pair>
        <key>highlight</key>
        <styleUrl>#icon-seq2-1-302-1A237E-highlight</styleUrl>
      </Pair>
    </StyleMap>
    <Style id="icon-seq2-1-303-1A237E-normal">
      <IconStyle>
        <color>ff7e231a</color>
        <scale>1</scale>
        <Icon>
          <href>images/icon-304.png</href>
        </Icon>
      </IconStyle>
      <LabelStyle>
        <scale>0</scale>
      </LabelStyle>
    </Style>
    <Style id="icon-seq2-1-303-1A237E-highlight">
      <IconStyle>
        <color>ff7e231a</color>
        <scale>1</scale>
        <Icon>
          <href>images/icon-304.png</href>
        </Icon>
      </IconStyle>
      <LabelStyle>
        <scale>1</scale>
      </LabelStyle>
    </Style>
    <StyleMap id="icon-seq2-1-303-1A237E">
      <Pair>
        <key>normal</key>
        <styleUrl>#icon-seq2-1-303-1A237E-normal</styleUrl>
      </Pair>
      <Pair>
        <key>highlight</key>
        <styleUrl>#icon-seq2-1-303-1A237E-highlight</styleUrl>
      </Pair>
    </StyleMap>
    <Style id="icon-seq2-1-304-1A237E-normal">
      <IconStyle>
        <color>ff7e231a</color>
        <scale>1</scale>
        <Icon>
          <href>images/icon-305.png</href>
        </Icon>
      </IconStyle>
      <LabelStyle>
        <scale>0</scale>
      </LabelStyle>
    </Style>
    <Style id="icon-seq2-1-304-1A237E-highlight">
      <IconStyle>
        <color>ff7e231a</color>
        <scale>1</scale>
        <Icon>
          <href>images/icon-305.png</href>
        </Icon>
      </IconStyle>
      <LabelStyle>
        <scale>1</scale>
      </LabelStyle>
    </Style>
    <StyleMap id="icon-seq2-1-304-1A237E">
      <Pair>
        <key>normal</key>
        <styleUrl>#icon-seq2-1-304-1A237E-normal</styleUrl>
      </Pair>
      <Pair>
        <key>highlight</key>
        <styleUrl>#icon-seq2-1-304-1A237E-highlight</styleUrl>
      </Pair>
    </StyleMap>
    <Style id="icon-seq2-1-305-1A237E-normal">
      <IconStyle>
        <color>ff7e231a</color>
        <scale>1</scale>
        <Icon>
          <href>images/icon-306.png</href>
        </Icon>
      </IconStyle>
      <LabelStyle>
        <scale>0</scale>
      </LabelStyle>
    </Style>
    <Style id="icon-seq2-1-305-1A237E-highlight">
      <IconStyle>
        <color>ff7e231a</color>
        <scale>1</scale>
        <Icon>
          <href>images/icon-306.png</href>
        </Icon>
      </IconStyle>
      <LabelStyle>
        <scale>1</scale>
      </LabelStyle>
    </Style>
    <StyleMap id="icon-seq2-1-305-1A237E">
      <Pair>
        <key>normal</key>
        <styleUrl>#icon-seq2-1-305-1A237E-normal</styleUrl>
      </Pair>
      <Pair>
        <key>highlight</key>
        <styleUrl>#icon-seq2-1-305-1A237E-highlight</styleUrl>
      </Pair>
    </StyleMap>
    <Style id="icon-seq2-1-306-1A237E-normal">
      <IconStyle>
        <color>ff7e231a</color>
        <scale>1</scale>
        <Icon>
          <href>images/icon-307.png</href>
        </Icon>
      </IconStyle>
      <LabelStyle>
        <scale>0</scale>
      </LabelStyle>
    </Style>
    <Style id="icon-seq2-1-306-1A237E-highlight">
      <IconStyle>
        <color>ff7e231a</color>
        <scale>1</scale>
        <Icon>
          <href>images/icon-307.png</href>
        </Icon>
      </IconStyle>
      <LabelStyle>
        <scale>1</scale>
      </LabelStyle>
    </Style>
    <StyleMap id="icon-seq2-1-306-1A237E">
      <Pair>
        <key>normal</key>
        <styleUrl>#icon-seq2-1-306-1A237E-normal</styleUrl>
      </Pair>
      <Pair>
        <key>highlight</key>
        <styleUrl>#icon-seq2-1-306-1A237E-highlight</styleUrl>
      </Pair>
    </StyleMap>
    <Style id="icon-seq2-1-307-1A237E-normal">
      <IconStyle>
        <color>ff7e231a</color>
        <scale>1</scale>
        <Icon>
          <href>images/icon-308.png</href>
        </Icon>
      </IconStyle>
      <LabelStyle>
        <scale>0</scale>
      </LabelStyle>
    </Style>
    <Style id="icon-seq2-1-307-1A237E-highlight">
      <IconStyle>
        <color>ff7e231a</color>
        <scale>1</scale>
        <Icon>
          <href>images/icon-308.png</href>
        </Icon>
      </IconStyle>
      <LabelStyle>
        <scale>1</scale>
      </LabelStyle>
    </Style>
    <StyleMap id="icon-seq2-1-307-1A237E">
      <Pair>
        <key>normal</key>
        <styleUrl>#icon-seq2-1-307-1A237E-normal</styleUrl>
      </Pair>
      <Pair>
        <key>highlight</key>
        <styleUrl>#icon-seq2-1-307-1A237E-highlight</styleUrl>
      </Pair>
    </StyleMap>
    <Style id="icon-seq2-1-308-1A237E-normal">
      <IconStyle>
        <color>ff7e231a</color>
        <scale>1</scale>
        <Icon>
          <href>images/icon-309.png</href>
        </Icon>
      </IconStyle>
      <LabelStyle>
        <scale>0</scale>
      </LabelStyle>
    </Style>
    <Style id="icon-seq2-1-308-1A237E-highlight">
      <IconStyle>
        <color>ff7e231a</color>
        <scale>1</scale>
        <Icon>
          <href>images/icon-309.png</href>
        </Icon>
      </IconStyle>
      <LabelStyle>
        <scale>1</scale>
      </LabelStyle>
    </Style>
    <StyleMap id="icon-seq2-1-308-1A237E">
      <Pair>
        <key>normal</key>
        <styleUrl>#icon-seq2-1-308-1A237E-normal</styleUrl>
      </Pair>
      <Pair>
        <key>highlight</key>
        <styleUrl>#icon-seq2-1-308-1A237E-highlight</styleUrl>
      </Pair>
    </StyleMap>
    <Style id="icon-seq2-1-309-1A237E-normal">
      <IconStyle>
        <color>ff7e231a</color>
        <scale>1</scale>
        <Icon>
          <href>images/icon-310.png</href>
        </Icon>
      </IconStyle>
      <LabelStyle>
        <scale>0</scale>
      </LabelStyle>
    </Style>
    <Style id="icon-seq2-1-309-1A237E-highlight">
      <IconStyle>
        <color>ff7e231a</color>
        <scale>1</scale>
        <Icon>
          <href>images/icon-310.png</href>
        </Icon>
      </IconStyle>
      <LabelStyle>
        <scale>1</scale>
      </LabelStyle>
    </Style>
    <StyleMap id="icon-seq2-1-309-1A237E">
      <Pair>
        <key>normal</key>
        <styleUrl>#icon-seq2-1-309-1A237E-normal</styleUrl>
      </Pair>
      <Pair>
        <key>highlight</key>
        <styleUrl>#icon-seq2-1-309-1A237E-highlight</styleUrl>
      </Pair>
    </StyleMap>
    <Style id="icon-seq2-1-31-1A237E-normal">
      <IconStyle>
        <color>ff7e231a</color>
        <scale>1</scale>
        <Icon>
          <href>images/icon-32.png</href>
        </Icon>
      </IconStyle>
      <LabelStyle>
        <scale>0</scale>
      </LabelStyle>
    </Style>
    <Style id="icon-seq2-1-31-1A237E-highlight">
      <IconStyle>
        <color>ff7e231a</color>
        <scale>1</scale>
        <Icon>
          <href>images/icon-32.png</href>
        </Icon>
      </IconStyle>
      <LabelStyle>
        <scale>1</scale>
      </LabelStyle>
    </Style>
    <StyleMap id="icon-seq2-1-31-1A237E">
      <Pair>
        <key>normal</key>
        <styleUrl>#icon-seq2-1-31-1A237E-normal</styleUrl>
      </Pair>
      <Pair>
        <key>highlight</key>
        <styleUrl>#icon-seq2-1-31-1A237E-highlight</styleUrl>
      </Pair>
    </StyleMap>
    <Style id="icon-seq2-1-310-1A237E-normal">
      <IconStyle>
        <color>ff7e231a</color>
        <scale>1</scale>
        <Icon>
          <href>images/icon-311.png</href>
        </Icon>
      </IconStyle>
      <LabelStyle>
        <scale>0</scale>
      </LabelStyle>
    </Style>
    <Style id="icon-seq2-1-310-1A237E-highlight">
      <IconStyle>
        <color>ff7e231a</color>
        <scale>1</scale>
        <Icon>
          <href>images/icon-311.png</href>
        </Icon>
      </IconStyle>
      <LabelStyle>
        <scale>1</scale>
      </LabelStyle>
    </Style>
    <StyleMap id="icon-seq2-1-310-1A237E">
      <Pair>
        <key>normal</key>
        <styleUrl>#icon-seq2-1-310-1A237E-normal</styleUrl>
      </Pair>
      <Pair>
        <key>highlight</key>
        <styleUrl>#icon-seq2-1-310-1A237E-highlight</styleUrl>
      </Pair>
    </StyleMap>
    <Style id="icon-seq2-1-311-1A237E-normal">
      <IconStyle>
        <color>ff7e231a</color>
        <scale>1</scale>
        <Icon>
          <href>images/icon-312.png</href>
        </Icon>
      </IconStyle>
      <LabelStyle>
        <scale>0</scale>
      </LabelStyle>
    </Style>
    <Style id="icon-seq2-1-311-1A237E-highlight">
      <IconStyle>
        <color>ff7e231a</color>
        <scale>1</scale>
        <Icon>
          <href>images/icon-312.png</href>
        </Icon>
      </IconStyle>
      <LabelStyle>
        <scale>1</scale>
      </LabelStyle>
    </Style>
    <StyleMap id="icon-seq2-1-311-1A237E">
      <Pair>
        <key>normal</key>
        <styleUrl>#icon-seq2-1-311-1A237E-normal</styleUrl>
      </Pair>
      <Pair>
        <key>highlight</key>
        <styleUrl>#icon-seq2-1-311-1A237E-highlight</styleUrl>
      </Pair>
    </StyleMap>
    <Style id="icon-seq2-1-312-1A237E-normal">
      <IconStyle>
        <color>ff7e231a</color>
        <scale>1</scale>
        <Icon>
          <href>images/icon-313.png</href>
        </Icon>
      </IconStyle>
      <LabelStyle>
        <scale>0</scale>
      </LabelStyle>
    </Style>
    <Style id="icon-seq2-1-312-1A237E-highlight">
      <IconStyle>
        <color>ff7e231a</color>
        <scale>1</scale>
        <Icon>
          <href>images/icon-313.png</href>
        </Icon>
      </IconStyle>
      <LabelStyle>
        <scale>1</scale>
      </LabelStyle>
    </Style>
    <StyleMap id="icon-seq2-1-312-1A237E">
      <Pair>
        <key>normal</key>
        <styleUrl>#icon-seq2-1-312-1A237E-normal</styleUrl>
      </Pair>
      <Pair>
        <key>highlight</key>
        <styleUrl>#icon-seq2-1-312-1A237E-highlight</styleUrl>
      </Pair>
    </StyleMap>
    <Style id="icon-seq2-1-313-1A237E-normal">
      <IconStyle>
        <color>ff7e231a</color>
        <scale>1</scale>
        <Icon>
          <href>images/icon-314.png</href>
        </Icon>
      </IconStyle>
      <LabelStyle>
        <scale>0</scale>
      </LabelStyle>
    </Style>
    <Style id="icon-seq2-1-313-1A237E-highlight">
      <IconStyle>
        <color>ff7e231a</color>
        <scale>1</scale>
        <Icon>
          <href>images/icon-314.png</href>
        </Icon>
      </IconStyle>
      <LabelStyle>
        <scale>1</scale>
      </LabelStyle>
    </Style>
    <StyleMap id="icon-seq2-1-313-1A237E">
      <Pair>
        <key>normal</key>
        <styleUrl>#icon-seq2-1-313-1A237E-normal</styleUrl>
      </Pair>
      <Pair>
        <key>highlight</key>
        <styleUrl>#icon-seq2-1-313-1A237E-highlight</styleUrl>
      </Pair>
    </StyleMap>
    <Style id="icon-seq2-1-314-1A237E-normal">
      <IconStyle>
        <color>ff7e231a</color>
        <scale>1</scale>
        <Icon>
          <href>images/icon-315.png</href>
        </Icon>
      </IconStyle>
      <LabelStyle>
        <scale>0</scale>
      </LabelStyle>
    </Style>
    <Style id="icon-seq2-1-314-1A237E-highlight">
      <IconStyle>
        <color>ff7e231a</color>
        <scale>1</scale>
        <Icon>
          <href>images/icon-315.png</href>
        </Icon>
      </IconStyle>
      <LabelStyle>
        <scale>1</scale>
      </LabelStyle>
    </Style>
    <StyleMap id="icon-seq2-1-314-1A237E">
      <Pair>
        <key>normal</key>
        <styleUrl>#icon-seq2-1-314-1A237E-normal</styleUrl>
      </Pair>
      <Pair>
        <key>highlight</key>
        <styleUrl>#icon-seq2-1-314-1A237E-highlight</styleUrl>
      </Pair>
    </StyleMap>
    <Style id="icon-seq2-1-315-1A237E-normal">
      <IconStyle>
        <color>ff7e231a</color>
        <scale>1</scale>
        <Icon>
          <href>images/icon-316.png</href>
        </Icon>
      </IconStyle>
      <LabelStyle>
        <scale>0</scale>
      </LabelStyle>
    </Style>
    <Style id="icon-seq2-1-315-1A237E-highlight">
      <IconStyle>
        <color>ff7e231a</color>
        <scale>1</scale>
        <Icon>
          <href>images/icon-316.png</href>
        </Icon>
      </IconStyle>
      <LabelStyle>
        <scale>1</scale>
      </LabelStyle>
    </Style>
    <StyleMap id="icon-seq2-1-315-1A237E">
      <Pair>
        <key>normal</key>
        <styleUrl>#icon-seq2-1-315-1A237E-normal</styleUrl>
      </Pair>
      <Pair>
        <key>highlight</key>
        <styleUrl>#icon-seq2-1-315-1A237E-highlight</styleUrl>
      </Pair>
    </StyleMap>
    <Style id="icon-seq2-1-316-1A237E-normal">
      <IconStyle>
        <color>ff7e231a</color>
        <scale>1</scale>
        <Icon>
          <href>images/icon-317.png</href>
        </Icon>
      </IconStyle>
      <LabelStyle>
        <scale>0</scale>
      </LabelStyle>
    </Style>
    <Style id="icon-seq2-1-316-1A237E-highlight">
      <IconStyle>
        <color>ff7e231a</color>
        <scale>1</scale>
        <Icon>
          <href>images/icon-317.png</href>
        </Icon>
      </IconStyle>
      <LabelStyle>
        <scale>1</scale>
      </LabelStyle>
    </Style>
    <StyleMap id="icon-seq2-1-316-1A237E">
      <Pair>
        <key>normal</key>
        <styleUrl>#icon-seq2-1-316-1A237E-normal</styleUrl>
      </Pair>
      <Pair>
        <key>highlight</key>
        <styleUrl>#icon-seq2-1-316-1A237E-highlight</styleUrl>
      </Pair>
    </StyleMap>
    <Style id="icon-seq2-1-317-1A237E-normal">
      <IconStyle>
        <color>ff7e231a</color>
        <scale>1</scale>
        <Icon>
          <href>images/icon-318.png</href>
        </Icon>
      </IconStyle>
      <LabelStyle>
        <scale>0</scale>
      </LabelStyle>
    </Style>
    <Style id="icon-seq2-1-317-1A237E-highlight">
      <IconStyle>
        <color>ff7e231a</color>
        <scale>1</scale>
        <Icon>
          <href>images/icon-318.png</href>
        </Icon>
      </IconStyle>
      <LabelStyle>
        <scale>1</scale>
      </LabelStyle>
    </Style>
    <StyleMap id="icon-seq2-1-317-1A237E">
      <Pair>
        <key>normal</key>
        <styleUrl>#icon-seq2-1-317-1A237E-normal</styleUrl>
      </Pair>
      <Pair>
        <key>highlight</key>
        <styleUrl>#icon-seq2-1-317-1A237E-highlight</styleUrl>
      </Pair>
    </StyleMap>
    <Style id="icon-seq2-1-318-1A237E-normal">
      <IconStyle>
        <color>ff7e231a</color>
        <scale>1</scale>
        <Icon>
          <href>images/icon-319.png</href>
        </Icon>
      </IconStyle>
      <LabelStyle>
        <scale>0</scale>
      </LabelStyle>
    </Style>
    <Style id="icon-seq2-1-318-1A237E-highlight">
      <IconStyle>
        <color>ff7e231a</color>
        <scale>1</scale>
        <Icon>
          <href>images/icon-319.png</href>
        </Icon>
      </IconStyle>
      <LabelStyle>
        <scale>1</scale>
      </LabelStyle>
    </Style>
    <StyleMap id="icon-seq2-1-318-1A237E">
      <Pair>
        <key>normal</key>
        <styleUrl>#icon-seq2-1-318-1A237E-normal</styleUrl>
      </Pair>
      <Pair>
        <key>highlight</key>
        <styleUrl>#icon-seq2-1-318-1A237E-highlight</styleUrl>
      </Pair>
    </StyleMap>
    <Style id="icon-seq2-1-319-1A237E-normal">
      <IconStyle>
        <color>ff7e231a</color>
        <scale>1</scale>
        <Icon>
          <href>images/icon-320.png</href>
        </Icon>
      </IconStyle>
      <LabelStyle>
        <scale>0</scale>
      </LabelStyle>
    </Style>
    <Style id="icon-seq2-1-319-1A237E-highlight">
      <IconStyle>
        <color>ff7e231a</color>
        <scale>1</scale>
        <Icon>
          <href>images/icon-320.png</href>
        </Icon>
      </IconStyle>
      <LabelStyle>
        <scale>1</scale>
      </LabelStyle>
    </Style>
    <StyleMap id="icon-seq2-1-319-1A237E">
      <Pair>
        <key>normal</key>
        <styleUrl>#icon-seq2-1-319-1A237E-normal</styleUrl>
      </Pair>
      <Pair>
        <key>highlight</key>
        <styleUrl>#icon-seq2-1-319-1A237E-highlight</styleUrl>
      </Pair>
    </StyleMap>
    <Style id="icon-seq2-1-32-1A237E-normal">
      <IconStyle>
        <color>ff7e231a</color>
        <scale>1</scale>
        <Icon>
          <href>images/icon-33.png</href>
        </Icon>
      </IconStyle>
      <LabelStyle>
        <scale>0</scale>
      </LabelStyle>
    </Style>
    <Style id="icon-seq2-1-32-1A237E-highlight">
      <IconStyle>
        <color>ff7e231a</color>
        <scale>1</scale>
        <Icon>
          <href>images/icon-33.png</href>
        </Icon>
      </IconStyle>
      <LabelStyle>
        <scale>1</scale>
      </LabelStyle>
    </Style>
    <StyleMap id="icon-seq2-1-32-1A237E">
      <Pair>
        <key>normal</key>
        <styleUrl>#icon-seq2-1-32-1A237E-normal</styleUrl>
      </Pair>
      <Pair>
        <key>highlight</key>
        <styleUrl>#icon-seq2-1-32-1A237E-highlight</styleUrl>
      </Pair>
    </StyleMap>
    <Style id="icon-seq2-1-320-1A237E-normal">
      <IconStyle>
        <color>ff7e231a</color>
        <scale>1</scale>
        <Icon>
          <href>images/icon-321.png</href>
        </Icon>
      </IconStyle>
      <LabelStyle>
        <scale>0</scale>
      </LabelStyle>
    </Style>
    <Style id="icon-seq2-1-320-1A237E-highlight">
      <IconStyle>
        <color>ff7e231a</color>
        <scale>1</scale>
        <Icon>
          <href>images/icon-321.png</href>
        </Icon>
      </IconStyle>
      <LabelStyle>
        <scale>1</scale>
      </LabelStyle>
    </Style>
    <StyleMap id="icon-seq2-1-320-1A237E">
      <Pair>
        <key>normal</key>
        <styleUrl>#icon-seq2-1-320-1A237E-normal</styleUrl>
      </Pair>
      <Pair>
        <key>highlight</key>
        <styleUrl>#icon-seq2-1-320-1A237E-highlight</styleUrl>
      </Pair>
    </StyleMap>
    <Style id="icon-seq2-1-321-1A237E-normal">
      <IconStyle>
        <color>ff7e231a</color>
        <scale>1</scale>
        <Icon>
          <href>images/icon-322.png</href>
        </Icon>
      </IconStyle>
      <LabelStyle>
        <scale>0</scale>
      </LabelStyle>
    </Style>
    <Style id="icon-seq2-1-321-1A237E-highlight">
      <IconStyle>
        <color>ff7e231a</color>
        <scale>1</scale>
        <Icon>
          <href>images/icon-322.png</href>
        </Icon>
      </IconStyle>
      <LabelStyle>
        <scale>1</scale>
      </LabelStyle>
    </Style>
    <StyleMap id="icon-seq2-1-321-1A237E">
      <Pair>
        <key>normal</key>
        <styleUrl>#icon-seq2-1-321-1A237E-normal</styleUrl>
      </Pair>
      <Pair>
        <key>highlight</key>
        <styleUrl>#icon-seq2-1-321-1A237E-highlight</styleUrl>
      </Pair>
    </StyleMap>
    <Style id="icon-seq2-1-322-1A237E-normal">
      <IconStyle>
        <color>ff7e231a</color>
        <scale>1</scale>
        <Icon>
          <href>images/icon-323.png</href>
        </Icon>
      </IconStyle>
      <LabelStyle>
        <scale>0</scale>
      </LabelStyle>
    </Style>
    <Style id="icon-seq2-1-322-1A237E-highlight">
      <IconStyle>
        <color>ff7e231a</color>
        <scale>1</scale>
        <Icon>
          <href>images/icon-323.png</href>
        </Icon>
      </IconStyle>
      <LabelStyle>
        <scale>1</scale>
      </LabelStyle>
    </Style>
    <StyleMap id="icon-seq2-1-322-1A237E">
      <Pair>
        <key>normal</key>
        <styleUrl>#icon-seq2-1-322-1A237E-normal</styleUrl>
      </Pair>
      <Pair>
        <key>highlight</key>
        <styleUrl>#icon-seq2-1-322-1A237E-highlight</styleUrl>
      </Pair>
    </StyleMap>
    <Style id="icon-seq2-1-323-1A237E-normal">
      <IconStyle>
        <color>ff7e231a</color>
        <scale>1</scale>
        <Icon>
          <href>images/icon-324.png</href>
        </Icon>
      </IconStyle>
      <LabelStyle>
        <scale>0</scale>
      </LabelStyle>
    </Style>
    <Style id="icon-seq2-1-323-1A237E-highlight">
      <IconStyle>
        <color>ff7e231a</color>
        <scale>1</scale>
        <Icon>
          <href>images/icon-324.png</href>
        </Icon>
      </IconStyle>
      <LabelStyle>
        <scale>1</scale>
      </LabelStyle>
    </Style>
    <StyleMap id="icon-seq2-1-323-1A237E">
      <Pair>
        <key>normal</key>
        <styleUrl>#icon-seq2-1-323-1A237E-normal</styleUrl>
      </Pair>
      <Pair>
        <key>highlight</key>
        <styleUrl>#icon-seq2-1-323-1A237E-highlight</styleUrl>
      </Pair>
    </StyleMap>
    <Style id="icon-seq2-1-324-1A237E-normal">
      <IconStyle>
        <color>ff7e231a</color>
        <scale>1</scale>
        <Icon>
          <href>images/icon-325.png</href>
        </Icon>
      </IconStyle>
      <LabelStyle>
        <scale>0</scale>
      </LabelStyle>
    </Style>
    <Style id="icon-seq2-1-324-1A237E-highlight">
      <IconStyle>
        <color>ff7e231a</color>
        <scale>1</scale>
        <Icon>
          <href>images/icon-325.png</href>
        </Icon>
      </IconStyle>
      <LabelStyle>
        <scale>1</scale>
      </LabelStyle>
    </Style>
    <StyleMap id="icon-seq2-1-324-1A237E">
      <Pair>
        <key>normal</key>
        <styleUrl>#icon-seq2-1-324-1A237E-normal</styleUrl>
      </Pair>
      <Pair>
        <key>highlight</key>
        <styleUrl>#icon-seq2-1-324-1A237E-highlight</styleUrl>
      </Pair>
    </StyleMap>
    <Style id="icon-seq2-1-325-1A237E-normal">
      <IconStyle>
        <color>ff7e231a</color>
        <scale>1</scale>
        <Icon>
          <href>images/icon-326.png</href>
        </Icon>
      </IconStyle>
      <LabelStyle>
        <scale>0</scale>
      </LabelStyle>
    </Style>
    <Style id="icon-seq2-1-325-1A237E-highlight">
      <IconStyle>
        <color>ff7e231a</color>
        <scale>1</scale>
        <Icon>
          <href>images/icon-326.png</href>
        </Icon>
      </IconStyle>
      <LabelStyle>
        <scale>1</scale>
      </LabelStyle>
    </Style>
    <StyleMap id="icon-seq2-1-325-1A237E">
      <Pair>
        <key>normal</key>
        <styleUrl>#icon-seq2-1-325-1A237E-normal</styleUrl>
      </Pair>
      <Pair>
        <key>highlight</key>
        <styleUrl>#icon-seq2-1-325-1A237E-highlight</styleUrl>
      </Pair>
    </StyleMap>
    <Style id="icon-seq2-1-326-1A237E-normal">
      <IconStyle>
        <color>ff7e231a</color>
        <scale>1</scale>
        <Icon>
          <href>images/icon-327.png</href>
        </Icon>
      </IconStyle>
      <LabelStyle>
        <scale>0</scale>
      </LabelStyle>
    </Style>
    <Style id="icon-seq2-1-326-1A237E-highlight">
      <IconStyle>
        <color>ff7e231a</color>
        <scale>1</scale>
        <Icon>
          <href>images/icon-327.png</href>
        </Icon>
      </IconStyle>
      <LabelStyle>
        <scale>1</scale>
      </LabelStyle>
    </Style>
    <StyleMap id="icon-seq2-1-326-1A237E">
      <Pair>
        <key>normal</key>
        <styleUrl>#icon-seq2-1-326-1A237E-normal</styleUrl>
      </Pair>
      <Pair>
        <key>highlight</key>
        <styleUrl>#icon-seq2-1-326-1A237E-highlight</styleUrl>
      </Pair>
    </StyleMap>
    <Style id="icon-seq2-1-327-1A237E-normal">
      <IconStyle>
        <color>ff7e231a</color>
        <scale>1</scale>
        <Icon>
          <href>images/icon-328.png</href>
        </Icon>
      </IconStyle>
      <LabelStyle>
        <scale>0</scale>
      </LabelStyle>
    </Style>
    <Style id="icon-seq2-1-327-1A237E-highlight">
      <IconStyle>
        <color>ff7e231a</color>
        <scale>1</scale>
        <Icon>
          <href>images/icon-328.png</href>
        </Icon>
      </IconStyle>
      <LabelStyle>
        <scale>1</scale>
      </LabelStyle>
    </Style>
    <StyleMap id="icon-seq2-1-327-1A237E">
      <Pair>
        <key>normal</key>
        <styleUrl>#icon-seq2-1-327-1A237E-normal</styleUrl>
      </Pair>
      <Pair>
        <key>highlight</key>
        <styleUrl>#icon-seq2-1-327-1A237E-highlight</styleUrl>
      </Pair>
    </StyleMap>
    <Style id="icon-seq2-1-328-1A237E-normal">
      <IconStyle>
        <color>ff7e231a</color>
        <scale>1</scale>
        <Icon>
          <href>images/icon-329.png</href>
        </Icon>
      </IconStyle>
      <LabelStyle>
        <scale>0</scale>
      </LabelStyle>
    </Style>
    <Style id="icon-seq2-1-328-1A237E-highlight">
      <IconStyle>
        <color>ff7e231a</color>
        <scale>1</scale>
        <Icon>
          <href>images/icon-329.png</href>
        </Icon>
      </IconStyle>
      <LabelStyle>
        <scale>1</scale>
      </LabelStyle>
    </Style>
    <StyleMap id="icon-seq2-1-328-1A237E">
      <Pair>
        <key>normal</key>
        <styleUrl>#icon-seq2-1-328-1A237E-normal</styleUrl>
      </Pair>
      <Pair>
        <key>highlight</key>
        <styleUrl>#icon-seq2-1-328-1A237E-highlight</styleUrl>
      </Pair>
    </StyleMap>
    <Style id="icon-seq2-1-329-1A237E-normal">
      <IconStyle>
        <color>ff7e231a</color>
        <scale>1</scale>
        <Icon>
          <href>images/icon-330.png</href>
        </Icon>
      </IconStyle>
      <LabelStyle>
        <scale>0</scale>
      </LabelStyle>
    </Style>
    <Style id="icon-seq2-1-329-1A237E-highlight">
      <IconStyle>
        <color>ff7e231a</color>
        <scale>1</scale>
        <Icon>
          <href>images/icon-330.png</href>
        </Icon>
      </IconStyle>
      <LabelStyle>
        <scale>1</scale>
      </LabelStyle>
    </Style>
    <StyleMap id="icon-seq2-1-329-1A237E">
      <Pair>
        <key>normal</key>
        <styleUrl>#icon-seq2-1-329-1A237E-normal</styleUrl>
      </Pair>
      <Pair>
        <key>highlight</key>
        <styleUrl>#icon-seq2-1-329-1A237E-highlight</styleUrl>
      </Pair>
    </StyleMap>
    <Style id="icon-seq2-1-33-1A237E-normal">
      <IconStyle>
        <color>ff7e231a</color>
        <scale>1</scale>
        <Icon>
          <href>images/icon-34.png</href>
        </Icon>
      </IconStyle>
      <LabelStyle>
        <scale>0</scale>
      </LabelStyle>
    </Style>
    <Style id="icon-seq2-1-33-1A237E-highlight">
      <IconStyle>
        <color>ff7e231a</color>
        <scale>1</scale>
        <Icon>
          <href>images/icon-34.png</href>
        </Icon>
      </IconStyle>
      <LabelStyle>
        <scale>1</scale>
      </LabelStyle>
    </Style>
    <StyleMap id="icon-seq2-1-33-1A237E">
      <Pair>
        <key>normal</key>
        <styleUrl>#icon-seq2-1-33-1A237E-normal</styleUrl>
      </Pair>
      <Pair>
        <key>highlight</key>
        <styleUrl>#icon-seq2-1-33-1A237E-highlight</styleUrl>
      </Pair>
    </StyleMap>
    <Style id="icon-seq2-1-330-1A237E-normal">
      <IconStyle>
        <color>ff7e231a</color>
        <scale>1</scale>
        <Icon>
          <href>images/icon-331.png</href>
        </Icon>
      </IconStyle>
      <LabelStyle>
        <scale>0</scale>
      </LabelStyle>
    </Style>
    <Style id="icon-seq2-1-330-1A237E-highlight">
      <IconStyle>
        <color>ff7e231a</color>
        <scale>1</scale>
        <Icon>
          <href>images/icon-331.png</href>
        </Icon>
      </IconStyle>
      <LabelStyle>
        <scale>1</scale>
      </LabelStyle>
    </Style>
    <StyleMap id="icon-seq2-1-330-1A237E">
      <Pair>
        <key>normal</key>
        <styleUrl>#icon-seq2-1-330-1A237E-normal</styleUrl>
      </Pair>
      <Pair>
        <key>highlight</key>
        <styleUrl>#icon-seq2-1-330-1A237E-highlight</styleUrl>
      </Pair>
    </StyleMap>
    <Style id="icon-seq2-1-331-1A237E-normal">
      <IconStyle>
        <color>ff7e231a</color>
        <scale>1</scale>
        <Icon>
          <href>images/icon-332.png</href>
        </Icon>
      </IconStyle>
      <LabelStyle>
        <scale>0</scale>
      </LabelStyle>
    </Style>
    <Style id="icon-seq2-1-331-1A237E-highlight">
      <IconStyle>
        <color>ff7e231a</color>
        <scale>1</scale>
        <Icon>
          <href>images/icon-332.png</href>
        </Icon>
      </IconStyle>
      <LabelStyle>
        <scale>1</scale>
      </LabelStyle>
    </Style>
    <StyleMap id="icon-seq2-1-331-1A237E">
      <Pair>
        <key>normal</key>
        <styleUrl>#icon-seq2-1-331-1A237E-normal</styleUrl>
      </Pair>
      <Pair>
        <key>highlight</key>
        <styleUrl>#icon-seq2-1-331-1A237E-highlight</styleUrl>
      </Pair>
    </StyleMap>
    <Style id="icon-seq2-1-332-1A237E-normal">
      <IconStyle>
        <color>ff7e231a</color>
        <scale>1</scale>
        <Icon>
          <href>images/icon-333.png</href>
        </Icon>
      </IconStyle>
      <LabelStyle>
        <scale>0</scale>
      </LabelStyle>
    </Style>
    <Style id="icon-seq2-1-332-1A237E-highlight">
      <IconStyle>
        <color>ff7e231a</color>
        <scale>1</scale>
        <Icon>
          <href>images/icon-333.png</href>
        </Icon>
      </IconStyle>
      <LabelStyle>
        <scale>1</scale>
      </LabelStyle>
    </Style>
    <StyleMap id="icon-seq2-1-332-1A237E">
      <Pair>
        <key>normal</key>
        <styleUrl>#icon-seq2-1-332-1A237E-normal</styleUrl>
      </Pair>
      <Pair>
        <key>highlight</key>
        <styleUrl>#icon-seq2-1-332-1A237E-highlight</styleUrl>
      </Pair>
    </StyleMap>
    <Style id="icon-seq2-1-333-1A237E-normal">
      <IconStyle>
        <color>ff7e231a</color>
        <scale>1</scale>
        <Icon>
          <href>images/icon-334.png</href>
        </Icon>
      </IconStyle>
      <LabelStyle>
        <scale>0</scale>
      </LabelStyle>
    </Style>
    <Style id="icon-seq2-1-333-1A237E-highlight">
      <IconStyle>
        <color>ff7e231a</color>
        <scale>1</scale>
        <Icon>
          <href>images/icon-334.png</href>
        </Icon>
      </IconStyle>
      <LabelStyle>
        <scale>1</scale>
      </LabelStyle>
    </Style>
    <StyleMap id="icon-seq2-1-333-1A237E">
      <Pair>
        <key>normal</key>
        <styleUrl>#icon-seq2-1-333-1A237E-normal</styleUrl>
      </Pair>
      <Pair>
        <key>highlight</key>
        <styleUrl>#icon-seq2-1-333-1A237E-highlight</styleUrl>
      </Pair>
    </StyleMap>
    <Style id="icon-seq2-1-334-1A237E-normal">
      <IconStyle>
        <color>ff7e231a</color>
        <scale>1</scale>
        <Icon>
          <href>images/icon-335.png</href>
        </Icon>
      </IconStyle>
      <LabelStyle>
        <scale>0</scale>
      </LabelStyle>
    </Style>
    <Style id="icon-seq2-1-334-1A237E-highlight">
      <IconStyle>
        <color>ff7e231a</color>
        <scale>1</scale>
        <Icon>
          <href>images/icon-335.png</href>
        </Icon>
      </IconStyle>
      <LabelStyle>
        <scale>1</scale>
      </LabelStyle>
    </Style>
    <StyleMap id="icon-seq2-1-334-1A237E">
      <Pair>
        <key>normal</key>
        <styleUrl>#icon-seq2-1-334-1A237E-normal</styleUrl>
      </Pair>
      <Pair>
        <key>highlight</key>
        <styleUrl>#icon-seq2-1-334-1A237E-highlight</styleUrl>
      </Pair>
    </StyleMap>
    <Style id="icon-seq2-1-335-1A237E-normal">
      <IconStyle>
        <color>ff7e231a</color>
        <scale>1</scale>
        <Icon>
          <href>images/icon-336.png</href>
        </Icon>
      </IconStyle>
      <LabelStyle>
        <scale>0</scale>
      </LabelStyle>
    </Style>
    <Style id="icon-seq2-1-335-1A237E-highlight">
      <IconStyle>
        <color>ff7e231a</color>
        <scale>1</scale>
        <Icon>
          <href>images/icon-336.png</href>
        </Icon>
      </IconStyle>
      <LabelStyle>
        <scale>1</scale>
      </LabelStyle>
    </Style>
    <StyleMap id="icon-seq2-1-335-1A237E">
      <Pair>
        <key>normal</key>
        <styleUrl>#icon-seq2-1-335-1A237E-normal</styleUrl>
      </Pair>
      <Pair>
        <key>highlight</key>
        <styleUrl>#icon-seq2-1-335-1A237E-highlight</styleUrl>
      </Pair>
    </StyleMap>
    <Style id="icon-seq2-1-336-1A237E-normal">
      <IconStyle>
        <color>ff7e231a</color>
        <scale>1</scale>
        <Icon>
          <href>images/icon-337.png</href>
        </Icon>
      </IconStyle>
      <LabelStyle>
        <scale>0</scale>
      </LabelStyle>
    </Style>
    <Style id="icon-seq2-1-336-1A237E-highlight">
      <IconStyle>
        <color>ff7e231a</color>
        <scale>1</scale>
        <Icon>
          <href>images/icon-337.png</href>
        </Icon>
      </IconStyle>
      <LabelStyle>
        <scale>1</scale>
      </LabelStyle>
    </Style>
    <StyleMap id="icon-seq2-1-336-1A237E">
      <Pair>
        <key>normal</key>
        <styleUrl>#icon-seq2-1-336-1A237E-normal</styleUrl>
      </Pair>
      <Pair>
        <key>highlight</key>
        <styleUrl>#icon-seq2-1-336-1A237E-highlight</styleUrl>
      </Pair>
    </StyleMap>
    <Style id="icon-seq2-1-337-1A237E-normal">
      <IconStyle>
        <color>ff7e231a</color>
        <scale>1</scale>
        <Icon>
          <href>images/icon-338.png</href>
        </Icon>
      </IconStyle>
      <LabelStyle>
        <scale>0</scale>
      </LabelStyle>
    </Style>
    <Style id="icon-seq2-1-337-1A237E-highlight">
      <IconStyle>
        <color>ff7e231a</color>
        <scale>1</scale>
        <Icon>
          <href>images/icon-338.png</href>
        </Icon>
      </IconStyle>
      <LabelStyle>
        <scale>1</scale>
      </LabelStyle>
    </Style>
    <StyleMap id="icon-seq2-1-337-1A237E">
      <Pair>
        <key>normal</key>
        <styleUrl>#icon-seq2-1-337-1A237E-normal</styleUrl>
      </Pair>
      <Pair>
        <key>highlight</key>
        <styleUrl>#icon-seq2-1-337-1A237E-highlight</styleUrl>
      </Pair>
    </StyleMap>
    <Style id="icon-seq2-1-338-1A237E-normal">
      <IconStyle>
        <color>ff7e231a</color>
        <scale>1</scale>
        <Icon>
          <href>images/icon-339.png</href>
        </Icon>
      </IconStyle>
      <LabelStyle>
        <scale>0</scale>
      </LabelStyle>
    </Style>
    <Style id="icon-seq2-1-338-1A237E-highlight">
      <IconStyle>
        <color>ff7e231a</color>
        <scale>1</scale>
        <Icon>
          <href>images/icon-339.png</href>
        </Icon>
      </IconStyle>
      <LabelStyle>
        <scale>1</scale>
      </LabelStyle>
    </Style>
    <StyleMap id="icon-seq2-1-338-1A237E">
      <Pair>
        <key>normal</key>
        <styleUrl>#icon-seq2-1-338-1A237E-normal</styleUrl>
      </Pair>
      <Pair>
        <key>highlight</key>
        <styleUrl>#icon-seq2-1-338-1A237E-highlight</styleUrl>
      </Pair>
    </StyleMap>
    <Style id="icon-seq2-1-339-1A237E-normal">
      <IconStyle>
        <color>ff7e231a</color>
        <scale>1</scale>
        <Icon>
          <href>images/icon-340.png</href>
        </Icon>
      </IconStyle>
      <LabelStyle>
        <scale>0</scale>
      </LabelStyle>
    </Style>
    <Style id="icon-seq2-1-339-1A237E-highlight">
      <IconStyle>
        <color>ff7e231a</color>
        <scale>1</scale>
        <Icon>
          <href>images/icon-340.png</href>
        </Icon>
      </IconStyle>
      <LabelStyle>
        <scale>1</scale>
      </LabelStyle>
    </Style>
    <StyleMap id="icon-seq2-1-339-1A237E">
      <Pair>
        <key>normal</key>
        <styleUrl>#icon-seq2-1-339-1A237E-normal</styleUrl>
      </Pair>
      <Pair>
        <key>highlight</key>
        <styleUrl>#icon-seq2-1-339-1A237E-highlight</styleUrl>
      </Pair>
    </StyleMap>
    <Style id="icon-seq2-1-34-1A237E-normal">
      <IconStyle>
        <color>ff7e231a</color>
        <scale>1</scale>
        <Icon>
          <href>images/icon-35.png</href>
        </Icon>
      </IconStyle>
      <LabelStyle>
        <scale>0</scale>
      </LabelStyle>
    </Style>
    <Style id="icon-seq2-1-34-1A237E-highlight">
      <IconStyle>
        <color>ff7e231a</color>
        <scale>1</scale>
        <Icon>
          <href>images/icon-35.png</href>
        </Icon>
      </IconStyle>
      <LabelStyle>
        <scale>1</scale>
      </LabelStyle>
    </Style>
    <StyleMap id="icon-seq2-1-34-1A237E">
      <Pair>
        <key>normal</key>
        <styleUrl>#icon-seq2-1-34-1A237E-normal</styleUrl>
      </Pair>
      <Pair>
        <key>highlight</key>
        <styleUrl>#icon-seq2-1-34-1A237E-highlight</styleUrl>
      </Pair>
    </StyleMap>
    <Style id="icon-seq2-1-340-1A237E-normal">
      <IconStyle>
        <color>ff7e231a</color>
        <scale>1</scale>
        <Icon>
          <href>images/icon-341.png</href>
        </Icon>
      </IconStyle>
      <LabelStyle>
        <scale>0</scale>
      </LabelStyle>
    </Style>
    <Style id="icon-seq2-1-340-1A237E-highlight">
      <IconStyle>
        <color>ff7e231a</color>
        <scale>1</scale>
        <Icon>
          <href>images/icon-341.png</href>
        </Icon>
      </IconStyle>
      <LabelStyle>
        <scale>1</scale>
      </LabelStyle>
    </Style>
    <StyleMap id="icon-seq2-1-340-1A237E">
      <Pair>
        <key>normal</key>
        <styleUrl>#icon-seq2-1-340-1A237E-normal</styleUrl>
      </Pair>
      <Pair>
        <key>highlight</key>
        <styleUrl>#icon-seq2-1-340-1A237E-highlight</styleUrl>
      </Pair>
    </StyleMap>
    <Style id="icon-seq2-1-341-1A237E-normal">
      <IconStyle>
        <color>ff7e231a</color>
        <scale>1</scale>
        <Icon>
          <href>images/icon-342.png</href>
        </Icon>
      </IconStyle>
      <LabelStyle>
        <scale>0</scale>
      </LabelStyle>
    </Style>
    <Style id="icon-seq2-1-341-1A237E-highlight">
      <IconStyle>
        <color>ff7e231a</color>
        <scale>1</scale>
        <Icon>
          <href>images/icon-342.png</href>
        </Icon>
      </IconStyle>
      <LabelStyle>
        <scale>1</scale>
      </LabelStyle>
    </Style>
    <StyleMap id="icon-seq2-1-341-1A237E">
      <Pair>
        <key>normal</key>
        <styleUrl>#icon-seq2-1-341-1A237E-normal</styleUrl>
      </Pair>
      <Pair>
        <key>highlight</key>
        <styleUrl>#icon-seq2-1-341-1A237E-highlight</styleUrl>
      </Pair>
    </StyleMap>
    <Style id="icon-seq2-1-342-1A237E-normal">
      <IconStyle>
        <color>ff7e231a</color>
        <scale>1</scale>
        <Icon>
          <href>images/icon-343.png</href>
        </Icon>
      </IconStyle>
      <LabelStyle>
        <scale>0</scale>
      </LabelStyle>
    </Style>
    <Style id="icon-seq2-1-342-1A237E-highlight">
      <IconStyle>
        <color>ff7e231a</color>
        <scale>1</scale>
        <Icon>
          <href>images/icon-343.png</href>
        </Icon>
      </IconStyle>
      <LabelStyle>
        <scale>1</scale>
      </LabelStyle>
    </Style>
    <StyleMap id="icon-seq2-1-342-1A237E">
      <Pair>
        <key>normal</key>
        <styleUrl>#icon-seq2-1-342-1A237E-normal</styleUrl>
      </Pair>
      <Pair>
        <key>highlight</key>
        <styleUrl>#icon-seq2-1-342-1A237E-highlight</styleUrl>
      </Pair>
    </StyleMap>
    <Style id="icon-seq2-1-343-1A237E-normal">
      <IconStyle>
        <color>ff7e231a</color>
        <scale>1</scale>
        <Icon>
          <href>images/icon-344.png</href>
        </Icon>
      </IconStyle>
      <LabelStyle>
        <scale>0</scale>
      </LabelStyle>
    </Style>
    <Style id="icon-seq2-1-343-1A237E-highlight">
      <IconStyle>
        <color>ff7e231a</color>
        <scale>1</scale>
        <Icon>
          <href>images/icon-344.png</href>
        </Icon>
      </IconStyle>
      <LabelStyle>
        <scale>1</scale>
      </LabelStyle>
    </Style>
    <StyleMap id="icon-seq2-1-343-1A237E">
      <Pair>
        <key>normal</key>
        <styleUrl>#icon-seq2-1-343-1A237E-normal</styleUrl>
      </Pair>
      <Pair>
        <key>highlight</key>
        <styleUrl>#icon-seq2-1-343-1A237E-highlight</styleUrl>
      </Pair>
    </StyleMap>
    <Style id="icon-seq2-1-344-1A237E-normal">
      <IconStyle>
        <color>ff7e231a</color>
        <scale>1</scale>
        <Icon>
          <href>images/icon-345.png</href>
        </Icon>
      </IconStyle>
      <LabelStyle>
        <scale>0</scale>
      </LabelStyle>
    </Style>
    <Style id="icon-seq2-1-344-1A237E-highlight">
      <IconStyle>
        <color>ff7e231a</color>
        <scale>1</scale>
        <Icon>
          <href>images/icon-345.png</href>
        </Icon>
      </IconStyle>
      <LabelStyle>
        <scale>1</scale>
      </LabelStyle>
    </Style>
    <StyleMap id="icon-seq2-1-344-1A237E">
      <Pair>
        <key>normal</key>
        <styleUrl>#icon-seq2-1-344-1A237E-normal</styleUrl>
      </Pair>
      <Pair>
        <key>highlight</key>
        <styleUrl>#icon-seq2-1-344-1A237E-highlight</styleUrl>
      </Pair>
    </StyleMap>
    <Style id="icon-seq2-1-345-1A237E-normal">
      <IconStyle>
        <color>ff7e231a</color>
        <scale>1</scale>
        <Icon>
          <href>images/icon-346.png</href>
        </Icon>
      </IconStyle>
      <LabelStyle>
        <scale>0</scale>
      </LabelStyle>
    </Style>
    <Style id="icon-seq2-1-345-1A237E-highlight">
      <IconStyle>
        <color>ff7e231a</color>
        <scale>1</scale>
        <Icon>
          <href>images/icon-346.png</href>
        </Icon>
      </IconStyle>
      <LabelStyle>
        <scale>1</scale>
      </LabelStyle>
    </Style>
    <StyleMap id="icon-seq2-1-345-1A237E">
      <Pair>
        <key>normal</key>
        <styleUrl>#icon-seq2-1-345-1A237E-normal</styleUrl>
      </Pair>
      <Pair>
        <key>highlight</key>
        <styleUrl>#icon-seq2-1-345-1A237E-highlight</styleUrl>
      </Pair>
    </StyleMap>
    <Style id="icon-seq2-1-346-1A237E-normal">
      <IconStyle>
        <color>ff7e231a</color>
        <scale>1</scale>
        <Icon>
          <href>images/icon-347.png</href>
        </Icon>
      </IconStyle>
      <LabelStyle>
        <scale>0</scale>
      </LabelStyle>
    </Style>
    <Style id="icon-seq2-1-346-1A237E-highlight">
      <IconStyle>
        <color>ff7e231a</color>
        <scale>1</scale>
        <Icon>
          <href>images/icon-347.png</href>
        </Icon>
      </IconStyle>
      <LabelStyle>
        <scale>1</scale>
      </LabelStyle>
    </Style>
    <StyleMap id="icon-seq2-1-346-1A237E">
      <Pair>
        <key>normal</key>
        <styleUrl>#icon-seq2-1-346-1A237E-normal</styleUrl>
      </Pair>
      <Pair>
        <key>highlight</key>
        <styleUrl>#icon-seq2-1-346-1A237E-highlight</styleUrl>
      </Pair>
    </StyleMap>
    <Style id="icon-seq2-1-347-1A237E-normal">
      <IconStyle>
        <color>ff7e231a</color>
        <scale>1</scale>
        <Icon>
          <href>images/icon-348.png</href>
        </Icon>
      </IconStyle>
      <LabelStyle>
        <scale>0</scale>
      </LabelStyle>
    </Style>
    <Style id="icon-seq2-1-347-1A237E-highlight">
      <IconStyle>
        <color>ff7e231a</color>
        <scale>1</scale>
        <Icon>
          <href>images/icon-348.png</href>
        </Icon>
      </IconStyle>
      <LabelStyle>
        <scale>1</scale>
      </LabelStyle>
    </Style>
    <StyleMap id="icon-seq2-1-347-1A237E">
      <Pair>
        <key>normal</key>
        <styleUrl>#icon-seq2-1-347-1A237E-normal</styleUrl>
      </Pair>
      <Pair>
        <key>highlight</key>
        <styleUrl>#icon-seq2-1-347-1A237E-highlight</styleUrl>
      </Pair>
    </StyleMap>
    <Style id="icon-seq2-1-348-1A237E-normal">
      <IconStyle>
        <color>ff7e231a</color>
        <scale>1</scale>
        <Icon>
          <href>images/icon-349.png</href>
        </Icon>
      </IconStyle>
      <LabelStyle>
        <scale>0</scale>
      </LabelStyle>
    </Style>
    <Style id="icon-seq2-1-348-1A237E-highlight">
      <IconStyle>
        <color>ff7e231a</color>
        <scale>1</scale>
        <Icon>
          <href>images/icon-349.png</href>
        </Icon>
      </IconStyle>
      <LabelStyle>
        <scale>1</scale>
      </LabelStyle>
    </Style>
    <StyleMap id="icon-seq2-1-348-1A237E">
      <Pair>
        <key>normal</key>
        <styleUrl>#icon-seq2-1-348-1A237E-normal</styleUrl>
      </Pair>
      <Pair>
        <key>highlight</key>
        <styleUrl>#icon-seq2-1-348-1A237E-highlight</styleUrl>
      </Pair>
    </StyleMap>
    <Style id="icon-seq2-1-349-1A237E-normal">
      <IconStyle>
        <color>ff7e231a</color>
        <scale>1</scale>
        <Icon>
          <href>images/icon-350.png</href>
        </Icon>
      </IconStyle>
      <LabelStyle>
        <scale>0</scale>
      </LabelStyle>
    </Style>
    <Style id="icon-seq2-1-349-1A237E-highlight">
      <IconStyle>
        <color>ff7e231a</color>
        <scale>1</scale>
        <Icon>
          <href>images/icon-350.png</href>
        </Icon>
      </IconStyle>
      <LabelStyle>
        <scale>1</scale>
      </LabelStyle>
    </Style>
    <StyleMap id="icon-seq2-1-349-1A237E">
      <Pair>
        <key>normal</key>
        <styleUrl>#icon-seq2-1-349-1A237E-normal</styleUrl>
      </Pair>
      <Pair>
        <key>highlight</key>
        <styleUrl>#icon-seq2-1-349-1A237E-highlight</styleUrl>
      </Pair>
    </StyleMap>
    <Style id="icon-seq2-1-35-1A237E-normal">
      <IconStyle>
        <color>ff7e231a</color>
        <scale>1</scale>
        <Icon>
          <href>images/icon-36.png</href>
        </Icon>
      </IconStyle>
      <LabelStyle>
        <scale>0</scale>
      </LabelStyle>
    </Style>
    <Style id="icon-seq2-1-35-1A237E-highlight">
      <IconStyle>
        <color>ff7e231a</color>
        <scale>1</scale>
        <Icon>
          <href>images/icon-36.png</href>
        </Icon>
      </IconStyle>
      <LabelStyle>
        <scale>1</scale>
      </LabelStyle>
    </Style>
    <StyleMap id="icon-seq2-1-35-1A237E">
      <Pair>
        <key>normal</key>
        <styleUrl>#icon-seq2-1-35-1A237E-normal</styleUrl>
      </Pair>
      <Pair>
        <key>highlight</key>
        <styleUrl>#icon-seq2-1-35-1A237E-highlight</styleUrl>
      </Pair>
    </StyleMap>
    <Style id="icon-seq2-1-350-1A237E-normal">
      <IconStyle>
        <color>ff7e231a</color>
        <scale>1</scale>
        <Icon>
          <href>images/icon-351.png</href>
        </Icon>
      </IconStyle>
      <LabelStyle>
        <scale>0</scale>
      </LabelStyle>
    </Style>
    <Style id="icon-seq2-1-350-1A237E-highlight">
      <IconStyle>
        <color>ff7e231a</color>
        <scale>1</scale>
        <Icon>
          <href>images/icon-351.png</href>
        </Icon>
      </IconStyle>
      <LabelStyle>
        <scale>1</scale>
      </LabelStyle>
    </Style>
    <StyleMap id="icon-seq2-1-350-1A237E">
      <Pair>
        <key>normal</key>
        <styleUrl>#icon-seq2-1-350-1A237E-normal</styleUrl>
      </Pair>
      <Pair>
        <key>highlight</key>
        <styleUrl>#icon-seq2-1-350-1A237E-highlight</styleUrl>
      </Pair>
    </StyleMap>
    <Style id="icon-seq2-1-351-1A237E-normal">
      <IconStyle>
        <color>ff7e231a</color>
        <scale>1</scale>
        <Icon>
          <href>images/icon-352.png</href>
        </Icon>
      </IconStyle>
      <LabelStyle>
        <scale>0</scale>
      </LabelStyle>
    </Style>
    <Style id="icon-seq2-1-351-1A237E-highlight">
      <IconStyle>
        <color>ff7e231a</color>
        <scale>1</scale>
        <Icon>
          <href>images/icon-352.png</href>
        </Icon>
      </IconStyle>
      <LabelStyle>
        <scale>1</scale>
      </LabelStyle>
    </Style>
    <StyleMap id="icon-seq2-1-351-1A237E">
      <Pair>
        <key>normal</key>
        <styleUrl>#icon-seq2-1-351-1A237E-normal</styleUrl>
      </Pair>
      <Pair>
        <key>highlight</key>
        <styleUrl>#icon-seq2-1-351-1A237E-highlight</styleUrl>
      </Pair>
    </StyleMap>
    <Style id="icon-seq2-1-352-1A237E-normal">
      <IconStyle>
        <color>ff7e231a</color>
        <scale>1</scale>
        <Icon>
          <href>images/icon-353.png</href>
        </Icon>
      </IconStyle>
      <LabelStyle>
        <scale>0</scale>
      </LabelStyle>
    </Style>
    <Style id="icon-seq2-1-352-1A237E-highlight">
      <IconStyle>
        <color>ff7e231a</color>
        <scale>1</scale>
        <Icon>
          <href>images/icon-353.png</href>
        </Icon>
      </IconStyle>
      <LabelStyle>
        <scale>1</scale>
      </LabelStyle>
    </Style>
    <StyleMap id="icon-seq2-1-352-1A237E">
      <Pair>
        <key>normal</key>
        <styleUrl>#icon-seq2-1-352-1A237E-normal</styleUrl>
      </Pair>
      <Pair>
        <key>highlight</key>
        <styleUrl>#icon-seq2-1-352-1A237E-highlight</styleUrl>
      </Pair>
    </StyleMap>
    <Style id="icon-seq2-1-353-1A237E-normal">
      <IconStyle>
        <color>ff7e231a</color>
        <scale>1</scale>
        <Icon>
          <href>images/icon-354.png</href>
        </Icon>
      </IconStyle>
      <LabelStyle>
        <scale>0</scale>
      </LabelStyle>
    </Style>
    <Style id="icon-seq2-1-353-1A237E-highlight">
      <IconStyle>
        <color>ff7e231a</color>
        <scale>1</scale>
        <Icon>
          <href>images/icon-354.png</href>
        </Icon>
      </IconStyle>
      <LabelStyle>
        <scale>1</scale>
      </LabelStyle>
    </Style>
    <StyleMap id="icon-seq2-1-353-1A237E">
      <Pair>
        <key>normal</key>
        <styleUrl>#icon-seq2-1-353-1A237E-normal</styleUrl>
      </Pair>
      <Pair>
        <key>highlight</key>
        <styleUrl>#icon-seq2-1-353-1A237E-highlight</styleUrl>
      </Pair>
    </StyleMap>
    <Style id="icon-seq2-1-354-1A237E-normal">
      <IconStyle>
        <color>ff7e231a</color>
        <scale>1</scale>
        <Icon>
          <href>images/icon-355.png</href>
        </Icon>
      </IconStyle>
      <LabelStyle>
        <scale>0</scale>
      </LabelStyle>
    </Style>
    <Style id="icon-seq2-1-354-1A237E-highlight">
      <IconStyle>
        <color>ff7e231a</color>
        <scale>1</scale>
        <Icon>
          <href>images/icon-355.png</href>
        </Icon>
      </IconStyle>
      <LabelStyle>
        <scale>1</scale>
      </LabelStyle>
    </Style>
    <StyleMap id="icon-seq2-1-354-1A237E">
      <Pair>
        <key>normal</key>
        <styleUrl>#icon-seq2-1-354-1A237E-normal</styleUrl>
      </Pair>
      <Pair>
        <key>highlight</key>
        <styleUrl>#icon-seq2-1-354-1A237E-highlight</styleUrl>
      </Pair>
    </StyleMap>
    <Style id="icon-seq2-1-355-1A237E-normal">
      <IconStyle>
        <color>ff7e231a</color>
        <scale>1</scale>
        <Icon>
          <href>images/icon-356.png</href>
        </Icon>
      </IconStyle>
      <LabelStyle>
        <scale>0</scale>
      </LabelStyle>
    </Style>
    <Style id="icon-seq2-1-355-1A237E-highlight">
      <IconStyle>
        <color>ff7e231a</color>
        <scale>1</scale>
        <Icon>
          <href>images/icon-356.png</href>
        </Icon>
      </IconStyle>
      <LabelStyle>
        <scale>1</scale>
      </LabelStyle>
    </Style>
    <StyleMap id="icon-seq2-1-355-1A237E">
      <Pair>
        <key>normal</key>
        <styleUrl>#icon-seq2-1-355-1A237E-normal</styleUrl>
      </Pair>
      <Pair>
        <key>highlight</key>
        <styleUrl>#icon-seq2-1-355-1A237E-highlight</styleUrl>
      </Pair>
    </StyleMap>
    <Style id="icon-seq2-1-356-1A237E-normal">
      <IconStyle>
        <color>ff7e231a</color>
        <scale>1</scale>
        <Icon>
          <href>images/icon-357.png</href>
        </Icon>
      </IconStyle>
      <LabelStyle>
        <scale>0</scale>
      </LabelStyle>
    </Style>
    <Style id="icon-seq2-1-356-1A237E-highlight">
      <IconStyle>
        <color>ff7e231a</color>
        <scale>1</scale>
        <Icon>
          <href>images/icon-357.png</href>
        </Icon>
      </IconStyle>
      <LabelStyle>
        <scale>1</scale>
      </LabelStyle>
    </Style>
    <StyleMap id="icon-seq2-1-356-1A237E">
      <Pair>
        <key>normal</key>
        <styleUrl>#icon-seq2-1-356-1A237E-normal</styleUrl>
      </Pair>
      <Pair>
        <key>highlight</key>
        <styleUrl>#icon-seq2-1-356-1A237E-highlight</styleUrl>
      </Pair>
    </StyleMap>
    <Style id="icon-seq2-1-357-1A237E-normal">
      <IconStyle>
        <color>ff7e231a</color>
        <scale>1</scale>
        <Icon>
          <href>images/icon-358.png</href>
        </Icon>
      </IconStyle>
      <LabelStyle>
        <scale>0</scale>
      </LabelStyle>
    </Style>
    <Style id="icon-seq2-1-357-1A237E-highlight">
      <IconStyle>
        <color>ff7e231a</color>
        <scale>1</scale>
        <Icon>
          <href>images/icon-358.png</href>
        </Icon>
      </IconStyle>
      <LabelStyle>
        <scale>1</scale>
      </LabelStyle>
    </Style>
    <StyleMap id="icon-seq2-1-357-1A237E">
      <Pair>
        <key>normal</key>
        <styleUrl>#icon-seq2-1-357-1A237E-normal</styleUrl>
      </Pair>
      <Pair>
        <key>highlight</key>
        <styleUrl>#icon-seq2-1-357-1A237E-highlight</styleUrl>
      </Pair>
    </StyleMap>
    <Style id="icon-seq2-1-358-1A237E-normal">
      <IconStyle>
        <color>ff7e231a</color>
        <scale>1</scale>
        <Icon>
          <href>images/icon-359.png</href>
        </Icon>
      </IconStyle>
      <LabelStyle>
        <scale>0</scale>
      </LabelStyle>
    </Style>
    <Style id="icon-seq2-1-358-1A237E-highlight">
      <IconStyle>
        <color>ff7e231a</color>
        <scale>1</scale>
        <Icon>
          <href>images/icon-359.png</href>
        </Icon>
      </IconStyle>
      <LabelStyle>
        <scale>1</scale>
      </LabelStyle>
    </Style>
    <StyleMap id="icon-seq2-1-358-1A237E">
      <Pair>
        <key>normal</key>
        <styleUrl>#icon-seq2-1-358-1A237E-normal</styleUrl>
      </Pair>
      <Pair>
        <key>highlight</key>
        <styleUrl>#icon-seq2-1-358-1A237E-highlight</styleUrl>
      </Pair>
    </StyleMap>
    <Style id="icon-seq2-1-359-1A237E-normal">
      <IconStyle>
        <color>ff7e231a</color>
        <scale>1</scale>
        <Icon>
          <href>images/icon-360.png</href>
        </Icon>
      </IconStyle>
      <LabelStyle>
        <scale>0</scale>
      </LabelStyle>
    </Style>
    <Style id="icon-seq2-1-359-1A237E-highlight">
      <IconStyle>
        <color>ff7e231a</color>
        <scale>1</scale>
        <Icon>
          <href>images/icon-360.png</href>
        </Icon>
      </IconStyle>
      <LabelStyle>
        <scale>1</scale>
      </LabelStyle>
    </Style>
    <StyleMap id="icon-seq2-1-359-1A237E">
      <Pair>
        <key>normal</key>
        <styleUrl>#icon-seq2-1-359-1A237E-normal</styleUrl>
      </Pair>
      <Pair>
        <key>highlight</key>
        <styleUrl>#icon-seq2-1-359-1A237E-highlight</styleUrl>
      </Pair>
    </StyleMap>
    <Style id="icon-seq2-1-36-1A237E-normal">
      <IconStyle>
        <color>ff7e231a</color>
        <scale>1</scale>
        <Icon>
          <href>images/icon-37.png</href>
        </Icon>
      </IconStyle>
      <LabelStyle>
        <scale>0</scale>
      </LabelStyle>
    </Style>
    <Style id="icon-seq2-1-36-1A237E-highlight">
      <IconStyle>
        <color>ff7e231a</color>
        <scale>1</scale>
        <Icon>
          <href>images/icon-37.png</href>
        </Icon>
      </IconStyle>
      <LabelStyle>
        <scale>1</scale>
      </LabelStyle>
    </Style>
    <StyleMap id="icon-seq2-1-36-1A237E">
      <Pair>
        <key>normal</key>
        <styleUrl>#icon-seq2-1-36-1A237E-normal</styleUrl>
      </Pair>
      <Pair>
        <key>highlight</key>
        <styleUrl>#icon-seq2-1-36-1A237E-highlight</styleUrl>
      </Pair>
    </StyleMap>
    <Style id="icon-seq2-1-360-1A237E-normal">
      <IconStyle>
        <color>ff7e231a</color>
        <scale>1</scale>
        <Icon>
          <href>images/icon-361.png</href>
        </Icon>
      </IconStyle>
      <LabelStyle>
        <scale>0</scale>
      </LabelStyle>
    </Style>
    <Style id="icon-seq2-1-360-1A237E-highlight">
      <IconStyle>
        <color>ff7e231a</color>
        <scale>1</scale>
        <Icon>
          <href>images/icon-361.png</href>
        </Icon>
      </IconStyle>
      <LabelStyle>
        <scale>1</scale>
      </LabelStyle>
    </Style>
    <StyleMap id="icon-seq2-1-360-1A237E">
      <Pair>
        <key>normal</key>
        <styleUrl>#icon-seq2-1-360-1A237E-normal</styleUrl>
      </Pair>
      <Pair>
        <key>highlight</key>
        <styleUrl>#icon-seq2-1-360-1A237E-highlight</styleUrl>
      </Pair>
    </StyleMap>
    <Style id="icon-seq2-1-361-1A237E-normal">
      <IconStyle>
        <color>ff7e231a</color>
        <scale>1</scale>
        <Icon>
          <href>images/icon-362.png</href>
        </Icon>
      </IconStyle>
      <LabelStyle>
        <scale>0</scale>
      </LabelStyle>
    </Style>
    <Style id="icon-seq2-1-361-1A237E-highlight">
      <IconStyle>
        <color>ff7e231a</color>
        <scale>1</scale>
        <Icon>
          <href>images/icon-362.png</href>
        </Icon>
      </IconStyle>
      <LabelStyle>
        <scale>1</scale>
      </LabelStyle>
    </Style>
    <StyleMap id="icon-seq2-1-361-1A237E">
      <Pair>
        <key>normal</key>
        <styleUrl>#icon-seq2-1-361-1A237E-normal</styleUrl>
      </Pair>
      <Pair>
        <key>highlight</key>
        <styleUrl>#icon-seq2-1-361-1A237E-highlight</styleUrl>
      </Pair>
    </StyleMap>
    <Style id="icon-seq2-1-362-1A237E-normal">
      <IconStyle>
        <color>ff7e231a</color>
        <scale>1</scale>
        <Icon>
          <href>images/icon-363.png</href>
        </Icon>
      </IconStyle>
      <LabelStyle>
        <scale>0</scale>
      </LabelStyle>
    </Style>
    <Style id="icon-seq2-1-362-1A237E-highlight">
      <IconStyle>
        <color>ff7e231a</color>
        <scale>1</scale>
        <Icon>
          <href>images/icon-363.png</href>
        </Icon>
      </IconStyle>
      <LabelStyle>
        <scale>1</scale>
      </LabelStyle>
    </Style>
    <StyleMap id="icon-seq2-1-362-1A237E">
      <Pair>
        <key>normal</key>
        <styleUrl>#icon-seq2-1-362-1A237E-normal</styleUrl>
      </Pair>
      <Pair>
        <key>highlight</key>
        <styleUrl>#icon-seq2-1-362-1A237E-highlight</styleUrl>
      </Pair>
    </StyleMap>
    <Style id="icon-seq2-1-363-1A237E-normal">
      <IconStyle>
        <color>ff7e231a</color>
        <scale>1</scale>
        <Icon>
          <href>images/icon-364.png</href>
        </Icon>
      </IconStyle>
      <LabelStyle>
        <scale>0</scale>
      </LabelStyle>
    </Style>
    <Style id="icon-seq2-1-363-1A237E-highlight">
      <IconStyle>
        <color>ff7e231a</color>
        <scale>1</scale>
        <Icon>
          <href>images/icon-364.png</href>
        </Icon>
      </IconStyle>
      <LabelStyle>
        <scale>1</scale>
      </LabelStyle>
    </Style>
    <StyleMap id="icon-seq2-1-363-1A237E">
      <Pair>
        <key>normal</key>
        <styleUrl>#icon-seq2-1-363-1A237E-normal</styleUrl>
      </Pair>
      <Pair>
        <key>highlight</key>
        <styleUrl>#icon-seq2-1-363-1A237E-highlight</styleUrl>
      </Pair>
    </StyleMap>
    <Style id="icon-seq2-1-364-1A237E-normal">
      <IconStyle>
        <color>ff7e231a</color>
        <scale>1</scale>
        <Icon>
          <href>images/icon-365.png</href>
        </Icon>
      </IconStyle>
      <LabelStyle>
        <scale>0</scale>
      </LabelStyle>
    </Style>
    <Style id="icon-seq2-1-364-1A237E-highlight">
      <IconStyle>
        <color>ff7e231a</color>
        <scale>1</scale>
        <Icon>
          <href>images/icon-365.png</href>
        </Icon>
      </IconStyle>
      <LabelStyle>
        <scale>1</scale>
      </LabelStyle>
    </Style>
    <StyleMap id="icon-seq2-1-364-1A237E">
      <Pair>
        <key>normal</key>
        <styleUrl>#icon-seq2-1-364-1A237E-normal</styleUrl>
      </Pair>
      <Pair>
        <key>highlight</key>
        <styleUrl>#icon-seq2-1-364-1A237E-highlight</styleUrl>
      </Pair>
    </StyleMap>
    <Style id="icon-seq2-1-365-1A237E-normal">
      <IconStyle>
        <color>ff7e231a</color>
        <scale>1</scale>
        <Icon>
          <href>images/icon-366.png</href>
        </Icon>
      </IconStyle>
      <LabelStyle>
        <scale>0</scale>
      </LabelStyle>
    </Style>
    <Style id="icon-seq2-1-365-1A237E-highlight">
      <IconStyle>
        <color>ff7e231a</color>
        <scale>1</scale>
        <Icon>
          <href>images/icon-366.png</href>
        </Icon>
      </IconStyle>
      <LabelStyle>
        <scale>1</scale>
      </LabelStyle>
    </Style>
    <StyleMap id="icon-seq2-1-365-1A237E">
      <Pair>
        <key>normal</key>
        <styleUrl>#icon-seq2-1-365-1A237E-normal</styleUrl>
      </Pair>
      <Pair>
        <key>highlight</key>
        <styleUrl>#icon-seq2-1-365-1A237E-highlight</styleUrl>
      </Pair>
    </StyleMap>
    <Style id="icon-seq2-1-366-1A237E-normal">
      <IconStyle>
        <color>ff7e231a</color>
        <scale>1</scale>
        <Icon>
          <href>images/icon-367.png</href>
        </Icon>
      </IconStyle>
      <LabelStyle>
        <scale>0</scale>
      </LabelStyle>
    </Style>
    <Style id="icon-seq2-1-366-1A237E-highlight">
      <IconStyle>
        <color>ff7e231a</color>
        <scale>1</scale>
        <Icon>
          <href>images/icon-367.png</href>
        </Icon>
      </IconStyle>
      <LabelStyle>
        <scale>1</scale>
      </LabelStyle>
    </Style>
    <StyleMap id="icon-seq2-1-366-1A237E">
      <Pair>
        <key>normal</key>
        <styleUrl>#icon-seq2-1-366-1A237E-normal</styleUrl>
      </Pair>
      <Pair>
        <key>highlight</key>
        <styleUrl>#icon-seq2-1-366-1A237E-highlight</styleUrl>
      </Pair>
    </StyleMap>
    <Style id="icon-seq2-1-367-1A237E-normal">
      <IconStyle>
        <color>ff7e231a</color>
        <scale>1</scale>
        <Icon>
          <href>images/icon-368.png</href>
        </Icon>
      </IconStyle>
      <LabelStyle>
        <scale>0</scale>
      </LabelStyle>
    </Style>
    <Style id="icon-seq2-1-367-1A237E-highlight">
      <IconStyle>
        <color>ff7e231a</color>
        <scale>1</scale>
        <Icon>
          <href>images/icon-368.png</href>
        </Icon>
      </IconStyle>
      <LabelStyle>
        <scale>1</scale>
      </LabelStyle>
    </Style>
    <StyleMap id="icon-seq2-1-367-1A237E">
      <Pair>
        <key>normal</key>
        <styleUrl>#icon-seq2-1-367-1A237E-normal</styleUrl>
      </Pair>
      <Pair>
        <key>highlight</key>
        <styleUrl>#icon-seq2-1-367-1A237E-highlight</styleUrl>
      </Pair>
    </StyleMap>
    <Style id="icon-seq2-1-368-1A237E-normal">
      <IconStyle>
        <color>ff7e231a</color>
        <scale>1</scale>
        <Icon>
          <href>images/icon-369.png</href>
        </Icon>
      </IconStyle>
      <LabelStyle>
        <scale>0</scale>
      </LabelStyle>
    </Style>
    <Style id="icon-seq2-1-368-1A237E-highlight">
      <IconStyle>
        <color>ff7e231a</color>
        <scale>1</scale>
        <Icon>
          <href>images/icon-369.png</href>
        </Icon>
      </IconStyle>
      <LabelStyle>
        <scale>1</scale>
      </LabelStyle>
    </Style>
    <StyleMap id="icon-seq2-1-368-1A237E">
      <Pair>
        <key>normal</key>
        <styleUrl>#icon-seq2-1-368-1A237E-normal</styleUrl>
      </Pair>
      <Pair>
        <key>highlight</key>
        <styleUrl>#icon-seq2-1-368-1A237E-highlight</styleUrl>
      </Pair>
    </StyleMap>
    <Style id="icon-seq2-1-369-1A237E-normal">
      <IconStyle>
        <color>ff7e231a</color>
        <scale>1</scale>
        <Icon>
          <href>images/icon-370.png</href>
        </Icon>
      </IconStyle>
      <LabelStyle>
        <scale>0</scale>
      </LabelStyle>
    </Style>
    <Style id="icon-seq2-1-369-1A237E-highlight">
      <IconStyle>
        <color>ff7e231a</color>
        <scale>1</scale>
        <Icon>
          <href>images/icon-370.png</href>
        </Icon>
      </IconStyle>
      <LabelStyle>
        <scale>1</scale>
      </LabelStyle>
    </Style>
    <StyleMap id="icon-seq2-1-369-1A237E">
      <Pair>
        <key>normal</key>
        <styleUrl>#icon-seq2-1-369-1A237E-normal</styleUrl>
      </Pair>
      <Pair>
        <key>highlight</key>
        <styleUrl>#icon-seq2-1-369-1A237E-highlight</styleUrl>
      </Pair>
    </StyleMap>
    <Style id="icon-seq2-1-37-1A237E-normal">
      <IconStyle>
        <color>ff7e231a</color>
        <scale>1</scale>
        <Icon>
          <href>images/icon-38.png</href>
        </Icon>
      </IconStyle>
      <LabelStyle>
        <scale>0</scale>
      </LabelStyle>
    </Style>
    <Style id="icon-seq2-1-37-1A237E-highlight">
      <IconStyle>
        <color>ff7e231a</color>
        <scale>1</scale>
        <Icon>
          <href>images/icon-38.png</href>
        </Icon>
      </IconStyle>
      <LabelStyle>
        <scale>1</scale>
      </LabelStyle>
    </Style>
    <StyleMap id="icon-seq2-1-37-1A237E">
      <Pair>
        <key>normal</key>
        <styleUrl>#icon-seq2-1-37-1A237E-normal</styleUrl>
      </Pair>
      <Pair>
        <key>highlight</key>
        <styleUrl>#icon-seq2-1-37-1A237E-highlight</styleUrl>
      </Pair>
    </StyleMap>
    <Style id="icon-seq2-1-370-1A237E-normal">
      <IconStyle>
        <color>ff7e231a</color>
        <scale>1</scale>
        <Icon>
          <href>images/icon-371.png</href>
        </Icon>
      </IconStyle>
      <LabelStyle>
        <scale>0</scale>
      </LabelStyle>
    </Style>
    <Style id="icon-seq2-1-370-1A237E-highlight">
      <IconStyle>
        <color>ff7e231a</color>
        <scale>1</scale>
        <Icon>
          <href>images/icon-371.png</href>
        </Icon>
      </IconStyle>
      <LabelStyle>
        <scale>1</scale>
      </LabelStyle>
    </Style>
    <StyleMap id="icon-seq2-1-370-1A237E">
      <Pair>
        <key>normal</key>
        <styleUrl>#icon-seq2-1-370-1A237E-normal</styleUrl>
      </Pair>
      <Pair>
        <key>highlight</key>
        <styleUrl>#icon-seq2-1-370-1A237E-highlight</styleUrl>
      </Pair>
    </StyleMap>
    <Style id="icon-seq2-1-371-1A237E-normal">
      <IconStyle>
        <color>ff7e231a</color>
        <scale>1</scale>
        <Icon>
          <href>images/icon-372.png</href>
        </Icon>
      </IconStyle>
      <LabelStyle>
        <scale>0</scale>
      </LabelStyle>
    </Style>
    <Style id="icon-seq2-1-371-1A237E-highlight">
      <IconStyle>
        <color>ff7e231a</color>
        <scale>1</scale>
        <Icon>
          <href>images/icon-372.png</href>
        </Icon>
      </IconStyle>
      <LabelStyle>
        <scale>1</scale>
      </LabelStyle>
    </Style>
    <StyleMap id="icon-seq2-1-371-1A237E">
      <Pair>
        <key>normal</key>
        <styleUrl>#icon-seq2-1-371-1A237E-normal</styleUrl>
      </Pair>
      <Pair>
        <key>highlight</key>
        <styleUrl>#icon-seq2-1-371-1A237E-highlight</styleUrl>
      </Pair>
    </StyleMap>
    <Style id="icon-seq2-1-372-1A237E-normal">
      <IconStyle>
        <color>ff7e231a</color>
        <scale>1</scale>
        <Icon>
          <href>images/icon-373.png</href>
        </Icon>
      </IconStyle>
      <LabelStyle>
        <scale>0</scale>
      </LabelStyle>
    </Style>
    <Style id="icon-seq2-1-372-1A237E-highlight">
      <IconStyle>
        <color>ff7e231a</color>
        <scale>1</scale>
        <Icon>
          <href>images/icon-373.png</href>
        </Icon>
      </IconStyle>
      <LabelStyle>
        <scale>1</scale>
      </LabelStyle>
    </Style>
    <StyleMap id="icon-seq2-1-372-1A237E">
      <Pair>
        <key>normal</key>
        <styleUrl>#icon-seq2-1-372-1A237E-normal</styleUrl>
      </Pair>
      <Pair>
        <key>highlight</key>
        <styleUrl>#icon-seq2-1-372-1A237E-highlight</styleUrl>
      </Pair>
    </StyleMap>
    <Style id="icon-seq2-1-373-1A237E-normal">
      <IconStyle>
        <color>ff7e231a</color>
        <scale>1</scale>
        <Icon>
          <href>images/icon-374.png</href>
        </Icon>
      </IconStyle>
      <LabelStyle>
        <scale>0</scale>
      </LabelStyle>
    </Style>
    <Style id="icon-seq2-1-373-1A237E-highlight">
      <IconStyle>
        <color>ff7e231a</color>
        <scale>1</scale>
        <Icon>
          <href>images/icon-374.png</href>
        </Icon>
      </IconStyle>
      <LabelStyle>
        <scale>1</scale>
      </LabelStyle>
    </Style>
    <StyleMap id="icon-seq2-1-373-1A237E">
      <Pair>
        <key>normal</key>
        <styleUrl>#icon-seq2-1-373-1A237E-normal</styleUrl>
      </Pair>
      <Pair>
        <key>highlight</key>
        <styleUrl>#icon-seq2-1-373-1A237E-highlight</styleUrl>
      </Pair>
    </StyleMap>
    <Style id="icon-seq2-1-374-1A237E-normal">
      <IconStyle>
        <color>ff7e231a</color>
        <scale>1</scale>
        <Icon>
          <href>images/icon-375.png</href>
        </Icon>
      </IconStyle>
      <LabelStyle>
        <scale>0</scale>
      </LabelStyle>
    </Style>
    <Style id="icon-seq2-1-374-1A237E-highlight">
      <IconStyle>
        <color>ff7e231a</color>
        <scale>1</scale>
        <Icon>
          <href>images/icon-375.png</href>
        </Icon>
      </IconStyle>
      <LabelStyle>
        <scale>1</scale>
      </LabelStyle>
    </Style>
    <StyleMap id="icon-seq2-1-374-1A237E">
      <Pair>
        <key>normal</key>
        <styleUrl>#icon-seq2-1-374-1A237E-normal</styleUrl>
      </Pair>
      <Pair>
        <key>highlight</key>
        <styleUrl>#icon-seq2-1-374-1A237E-highlight</styleUrl>
      </Pair>
    </StyleMap>
    <Style id="icon-seq2-1-375-1A237E-normal">
      <IconStyle>
        <color>ff7e231a</color>
        <scale>1</scale>
        <Icon>
          <href>images/icon-376.png</href>
        </Icon>
      </IconStyle>
      <LabelStyle>
        <scale>0</scale>
      </LabelStyle>
    </Style>
    <Style id="icon-seq2-1-375-1A237E-highlight">
      <IconStyle>
        <color>ff7e231a</color>
        <scale>1</scale>
        <Icon>
          <href>images/icon-376.png</href>
        </Icon>
      </IconStyle>
      <LabelStyle>
        <scale>1</scale>
      </LabelStyle>
    </Style>
    <StyleMap id="icon-seq2-1-375-1A237E">
      <Pair>
        <key>normal</key>
        <styleUrl>#icon-seq2-1-375-1A237E-normal</styleUrl>
      </Pair>
      <Pair>
        <key>highlight</key>
        <styleUrl>#icon-seq2-1-375-1A237E-highlight</styleUrl>
      </Pair>
    </StyleMap>
    <Style id="icon-seq2-1-376-1A237E-normal">
      <IconStyle>
        <color>ff7e231a</color>
        <scale>1</scale>
        <Icon>
          <href>images/icon-377.png</href>
        </Icon>
      </IconStyle>
      <LabelStyle>
        <scale>0</scale>
      </LabelStyle>
    </Style>
    <Style id="icon-seq2-1-376-1A237E-highlight">
      <IconStyle>
        <color>ff7e231a</color>
        <scale>1</scale>
        <Icon>
          <href>images/icon-377.png</href>
        </Icon>
      </IconStyle>
      <LabelStyle>
        <scale>1</scale>
      </LabelStyle>
    </Style>
    <StyleMap id="icon-seq2-1-376-1A237E">
      <Pair>
        <key>normal</key>
        <styleUrl>#icon-seq2-1-376-1A237E-normal</styleUrl>
      </Pair>
      <Pair>
        <key>highlight</key>
        <styleUrl>#icon-seq2-1-376-1A237E-highlight</styleUrl>
      </Pair>
    </StyleMap>
    <Style id="icon-seq2-1-377-1A237E-normal">
      <IconStyle>
        <color>ff7e231a</color>
        <scale>1</scale>
        <Icon>
          <href>images/icon-378.png</href>
        </Icon>
      </IconStyle>
      <LabelStyle>
        <scale>0</scale>
      </LabelStyle>
    </Style>
    <Style id="icon-seq2-1-377-1A237E-highlight">
      <IconStyle>
        <color>ff7e231a</color>
        <scale>1</scale>
        <Icon>
          <href>images/icon-378.png</href>
        </Icon>
      </IconStyle>
      <LabelStyle>
        <scale>1</scale>
      </LabelStyle>
    </Style>
    <StyleMap id="icon-seq2-1-377-1A237E">
      <Pair>
        <key>normal</key>
        <styleUrl>#icon-seq2-1-377-1A237E-normal</styleUrl>
      </Pair>
      <Pair>
        <key>highlight</key>
        <styleUrl>#icon-seq2-1-377-1A237E-highlight</styleUrl>
      </Pair>
    </StyleMap>
    <Style id="icon-seq2-1-378-1A237E-normal">
      <IconStyle>
        <color>ff7e231a</color>
        <scale>1</scale>
        <Icon>
          <href>images/icon-379.png</href>
        </Icon>
      </IconStyle>
      <LabelStyle>
        <scale>0</scale>
      </LabelStyle>
    </Style>
    <Style id="icon-seq2-1-378-1A237E-highlight">
      <IconStyle>
        <color>ff7e231a</color>
        <scale>1</scale>
        <Icon>
          <href>images/icon-379.png</href>
        </Icon>
      </IconStyle>
      <LabelStyle>
        <scale>1</scale>
      </LabelStyle>
    </Style>
    <StyleMap id="icon-seq2-1-378-1A237E">
      <Pair>
        <key>normal</key>
        <styleUrl>#icon-seq2-1-378-1A237E-normal</styleUrl>
      </Pair>
      <Pair>
        <key>highlight</key>
        <styleUrl>#icon-seq2-1-378-1A237E-highlight</styleUrl>
      </Pair>
    </StyleMap>
    <Style id="icon-seq2-1-379-1A237E-normal">
      <IconStyle>
        <color>ff7e231a</color>
        <scale>1</scale>
        <Icon>
          <href>images/icon-380.png</href>
        </Icon>
      </IconStyle>
      <LabelStyle>
        <scale>0</scale>
      </LabelStyle>
    </Style>
    <Style id="icon-seq2-1-379-1A237E-highlight">
      <IconStyle>
        <color>ff7e231a</color>
        <scale>1</scale>
        <Icon>
          <href>images/icon-380.png</href>
        </Icon>
      </IconStyle>
      <LabelStyle>
        <scale>1</scale>
      </LabelStyle>
    </Style>
    <StyleMap id="icon-seq2-1-379-1A237E">
      <Pair>
        <key>normal</key>
        <styleUrl>#icon-seq2-1-379-1A237E-normal</styleUrl>
      </Pair>
      <Pair>
        <key>highlight</key>
        <styleUrl>#icon-seq2-1-379-1A237E-highlight</styleUrl>
      </Pair>
    </StyleMap>
    <Style id="icon-seq2-1-38-1A237E-normal">
      <IconStyle>
        <color>ff7e231a</color>
        <scale>1</scale>
        <Icon>
          <href>images/icon-39.png</href>
        </Icon>
      </IconStyle>
      <LabelStyle>
        <scale>0</scale>
      </LabelStyle>
    </Style>
    <Style id="icon-seq2-1-38-1A237E-highlight">
      <IconStyle>
        <color>ff7e231a</color>
        <scale>1</scale>
        <Icon>
          <href>images/icon-39.png</href>
        </Icon>
      </IconStyle>
      <LabelStyle>
        <scale>1</scale>
      </LabelStyle>
    </Style>
    <StyleMap id="icon-seq2-1-38-1A237E">
      <Pair>
        <key>normal</key>
        <styleUrl>#icon-seq2-1-38-1A237E-normal</styleUrl>
      </Pair>
      <Pair>
        <key>highlight</key>
        <styleUrl>#icon-seq2-1-38-1A237E-highlight</styleUrl>
      </Pair>
    </StyleMap>
    <Style id="icon-seq2-1-380-1A237E-normal">
      <IconStyle>
        <color>ff7e231a</color>
        <scale>1</scale>
        <Icon>
          <href>images/icon-381.png</href>
        </Icon>
      </IconStyle>
      <LabelStyle>
        <scale>0</scale>
      </LabelStyle>
    </Style>
    <Style id="icon-seq2-1-380-1A237E-highlight">
      <IconStyle>
        <color>ff7e231a</color>
        <scale>1</scale>
        <Icon>
          <href>images/icon-381.png</href>
        </Icon>
      </IconStyle>
      <LabelStyle>
        <scale>1</scale>
      </LabelStyle>
    </Style>
    <StyleMap id="icon-seq2-1-380-1A237E">
      <Pair>
        <key>normal</key>
        <styleUrl>#icon-seq2-1-380-1A237E-normal</styleUrl>
      </Pair>
      <Pair>
        <key>highlight</key>
        <styleUrl>#icon-seq2-1-380-1A237E-highlight</styleUrl>
      </Pair>
    </StyleMap>
    <Style id="icon-seq2-1-381-1A237E-normal">
      <IconStyle>
        <color>ff7e231a</color>
        <scale>1</scale>
        <Icon>
          <href>images/icon-382.png</href>
        </Icon>
      </IconStyle>
      <LabelStyle>
        <scale>0</scale>
      </LabelStyle>
    </Style>
    <Style id="icon-seq2-1-381-1A237E-highlight">
      <IconStyle>
        <color>ff7e231a</color>
        <scale>1</scale>
        <Icon>
          <href>images/icon-382.png</href>
        </Icon>
      </IconStyle>
      <LabelStyle>
        <scale>1</scale>
      </LabelStyle>
    </Style>
    <StyleMap id="icon-seq2-1-381-1A237E">
      <Pair>
        <key>normal</key>
        <styleUrl>#icon-seq2-1-381-1A237E-normal</styleUrl>
      </Pair>
      <Pair>
        <key>highlight</key>
        <styleUrl>#icon-seq2-1-381-1A237E-highlight</styleUrl>
      </Pair>
    </StyleMap>
    <Style id="icon-seq2-1-382-1A237E-normal">
      <IconStyle>
        <color>ff7e231a</color>
        <scale>1</scale>
        <Icon>
          <href>images/icon-383.png</href>
        </Icon>
      </IconStyle>
      <LabelStyle>
        <scale>0</scale>
      </LabelStyle>
    </Style>
    <Style id="icon-seq2-1-382-1A237E-highlight">
      <IconStyle>
        <color>ff7e231a</color>
        <scale>1</scale>
        <Icon>
          <href>images/icon-383.png</href>
        </Icon>
      </IconStyle>
      <LabelStyle>
        <scale>1</scale>
      </LabelStyle>
    </Style>
    <StyleMap id="icon-seq2-1-382-1A237E">
      <Pair>
        <key>normal</key>
        <styleUrl>#icon-seq2-1-382-1A237E-normal</styleUrl>
      </Pair>
      <Pair>
        <key>highlight</key>
        <styleUrl>#icon-seq2-1-382-1A237E-highlight</styleUrl>
      </Pair>
    </StyleMap>
    <Style id="icon-seq2-1-383-1A237E-normal">
      <IconStyle>
        <color>ff7e231a</color>
        <scale>1</scale>
        <Icon>
          <href>images/icon-384.png</href>
        </Icon>
      </IconStyle>
      <LabelStyle>
        <scale>0</scale>
      </LabelStyle>
    </Style>
    <Style id="icon-seq2-1-383-1A237E-highlight">
      <IconStyle>
        <color>ff7e231a</color>
        <scale>1</scale>
        <Icon>
          <href>images/icon-384.png</href>
        </Icon>
      </IconStyle>
      <LabelStyle>
        <scale>1</scale>
      </LabelStyle>
    </Style>
    <StyleMap id="icon-seq2-1-383-1A237E">
      <Pair>
        <key>normal</key>
        <styleUrl>#icon-seq2-1-383-1A237E-normal</styleUrl>
      </Pair>
      <Pair>
        <key>highlight</key>
        <styleUrl>#icon-seq2-1-383-1A237E-highlight</styleUrl>
      </Pair>
    </StyleMap>
    <Style id="icon-seq2-1-384-1A237E-normal">
      <IconStyle>
        <color>ff7e231a</color>
        <scale>1</scale>
        <Icon>
          <href>images/icon-385.png</href>
        </Icon>
      </IconStyle>
      <LabelStyle>
        <scale>0</scale>
      </LabelStyle>
    </Style>
    <Style id="icon-seq2-1-384-1A237E-highlight">
      <IconStyle>
        <color>ff7e231a</color>
        <scale>1</scale>
        <Icon>
          <href>images/icon-385.png</href>
        </Icon>
      </IconStyle>
      <LabelStyle>
        <scale>1</scale>
      </LabelStyle>
    </Style>
    <StyleMap id="icon-seq2-1-384-1A237E">
      <Pair>
        <key>normal</key>
        <styleUrl>#icon-seq2-1-384-1A237E-normal</styleUrl>
      </Pair>
      <Pair>
        <key>highlight</key>
        <styleUrl>#icon-seq2-1-384-1A237E-highlight</styleUrl>
      </Pair>
    </StyleMap>
    <Style id="icon-seq2-1-385-1A237E-normal">
      <IconStyle>
        <color>ff7e231a</color>
        <scale>1</scale>
        <Icon>
          <href>images/icon-386.png</href>
        </Icon>
      </IconStyle>
      <LabelStyle>
        <scale>0</scale>
      </LabelStyle>
    </Style>
    <Style id="icon-seq2-1-385-1A237E-highlight">
      <IconStyle>
        <color>ff7e231a</color>
        <scale>1</scale>
        <Icon>
          <href>images/icon-386.png</href>
        </Icon>
      </IconStyle>
      <LabelStyle>
        <scale>1</scale>
      </LabelStyle>
    </Style>
    <StyleMap id="icon-seq2-1-385-1A237E">
      <Pair>
        <key>normal</key>
        <styleUrl>#icon-seq2-1-385-1A237E-normal</styleUrl>
      </Pair>
      <Pair>
        <key>highlight</key>
        <styleUrl>#icon-seq2-1-385-1A237E-highlight</styleUrl>
      </Pair>
    </StyleMap>
    <Style id="icon-seq2-1-386-1A237E-normal">
      <IconStyle>
        <color>ff7e231a</color>
        <scale>1</scale>
        <Icon>
          <href>images/icon-387.png</href>
        </Icon>
      </IconStyle>
      <LabelStyle>
        <scale>0</scale>
      </LabelStyle>
    </Style>
    <Style id="icon-seq2-1-386-1A237E-highlight">
      <IconStyle>
        <color>ff7e231a</color>
        <scale>1</scale>
        <Icon>
          <href>images/icon-387.png</href>
        </Icon>
      </IconStyle>
      <LabelStyle>
        <scale>1</scale>
      </LabelStyle>
    </Style>
    <StyleMap id="icon-seq2-1-386-1A237E">
      <Pair>
        <key>normal</key>
        <styleUrl>#icon-seq2-1-386-1A237E-normal</styleUrl>
      </Pair>
      <Pair>
        <key>highlight</key>
        <styleUrl>#icon-seq2-1-386-1A237E-highlight</styleUrl>
      </Pair>
    </StyleMap>
    <Style id="icon-seq2-1-387-1A237E-normal">
      <IconStyle>
        <color>ff7e231a</color>
        <scale>1</scale>
        <Icon>
          <href>images/icon-388.png</href>
        </Icon>
      </IconStyle>
      <LabelStyle>
        <scale>0</scale>
      </LabelStyle>
    </Style>
    <Style id="icon-seq2-1-387-1A237E-highlight">
      <IconStyle>
        <color>ff7e231a</color>
        <scale>1</scale>
        <Icon>
          <href>images/icon-388.png</href>
        </Icon>
      </IconStyle>
      <LabelStyle>
        <scale>1</scale>
      </LabelStyle>
    </Style>
    <StyleMap id="icon-seq2-1-387-1A237E">
      <Pair>
        <key>normal</key>
        <styleUrl>#icon-seq2-1-387-1A237E-normal</styleUrl>
      </Pair>
      <Pair>
        <key>highlight</key>
        <styleUrl>#icon-seq2-1-387-1A237E-highlight</styleUrl>
      </Pair>
    </StyleMap>
    <Style id="icon-seq2-1-388-1A237E-normal">
      <IconStyle>
        <color>ff7e231a</color>
        <scale>1</scale>
        <Icon>
          <href>images/icon-389.png</href>
        </Icon>
      </IconStyle>
      <LabelStyle>
        <scale>0</scale>
      </LabelStyle>
    </Style>
    <Style id="icon-seq2-1-388-1A237E-highlight">
      <IconStyle>
        <color>ff7e231a</color>
        <scale>1</scale>
        <Icon>
          <href>images/icon-389.png</href>
        </Icon>
      </IconStyle>
      <LabelStyle>
        <scale>1</scale>
      </LabelStyle>
    </Style>
    <StyleMap id="icon-seq2-1-388-1A237E">
      <Pair>
        <key>normal</key>
        <styleUrl>#icon-seq2-1-388-1A237E-normal</styleUrl>
      </Pair>
      <Pair>
        <key>highlight</key>
        <styleUrl>#icon-seq2-1-388-1A237E-highlight</styleUrl>
      </Pair>
    </StyleMap>
    <Style id="icon-seq2-1-389-1A237E-normal">
      <IconStyle>
        <color>ff7e231a</color>
        <scale>1</scale>
        <Icon>
          <href>images/icon-390.png</href>
        </Icon>
      </IconStyle>
      <LabelStyle>
        <scale>0</scale>
      </LabelStyle>
    </Style>
    <Style id="icon-seq2-1-389-1A237E-highlight">
      <IconStyle>
        <color>ff7e231a</color>
        <scale>1</scale>
        <Icon>
          <href>images/icon-390.png</href>
        </Icon>
      </IconStyle>
      <LabelStyle>
        <scale>1</scale>
      </LabelStyle>
    </Style>
    <StyleMap id="icon-seq2-1-389-1A237E">
      <Pair>
        <key>normal</key>
        <styleUrl>#icon-seq2-1-389-1A237E-normal</styleUrl>
      </Pair>
      <Pair>
        <key>highlight</key>
        <styleUrl>#icon-seq2-1-389-1A237E-highlight</styleUrl>
      </Pair>
    </StyleMap>
    <Style id="icon-seq2-1-39-1A237E-normal">
      <IconStyle>
        <color>ff7e231a</color>
        <scale>1</scale>
        <Icon>
          <href>images/icon-40.png</href>
        </Icon>
      </IconStyle>
      <LabelStyle>
        <scale>0</scale>
      </LabelStyle>
    </Style>
    <Style id="icon-seq2-1-39-1A237E-highlight">
      <IconStyle>
        <color>ff7e231a</color>
        <scale>1</scale>
        <Icon>
          <href>images/icon-40.png</href>
        </Icon>
      </IconStyle>
      <LabelStyle>
        <scale>1</scale>
      </LabelStyle>
    </Style>
    <StyleMap id="icon-seq2-1-39-1A237E">
      <Pair>
        <key>normal</key>
        <styleUrl>#icon-seq2-1-39-1A237E-normal</styleUrl>
      </Pair>
      <Pair>
        <key>highlight</key>
        <styleUrl>#icon-seq2-1-39-1A237E-highlight</styleUrl>
      </Pair>
    </StyleMap>
    <Style id="icon-seq2-1-390-1A237E-normal">
      <IconStyle>
        <color>ff7e231a</color>
        <scale>1</scale>
        <Icon>
          <href>images/icon-391.png</href>
        </Icon>
      </IconStyle>
      <LabelStyle>
        <scale>0</scale>
      </LabelStyle>
    </Style>
    <Style id="icon-seq2-1-390-1A237E-highlight">
      <IconStyle>
        <color>ff7e231a</color>
        <scale>1</scale>
        <Icon>
          <href>images/icon-391.png</href>
        </Icon>
      </IconStyle>
      <LabelStyle>
        <scale>1</scale>
      </LabelStyle>
    </Style>
    <StyleMap id="icon-seq2-1-390-1A237E">
      <Pair>
        <key>normal</key>
        <styleUrl>#icon-seq2-1-390-1A237E-normal</styleUrl>
      </Pair>
      <Pair>
        <key>highlight</key>
        <styleUrl>#icon-seq2-1-390-1A237E-highlight</styleUrl>
      </Pair>
    </StyleMap>
    <Style id="icon-seq2-1-391-1A237E-normal">
      <IconStyle>
        <color>ff7e231a</color>
        <scale>1</scale>
        <Icon>
          <href>images/icon-392.png</href>
        </Icon>
      </IconStyle>
      <LabelStyle>
        <scale>0</scale>
      </LabelStyle>
    </Style>
    <Style id="icon-seq2-1-391-1A237E-highlight">
      <IconStyle>
        <color>ff7e231a</color>
        <scale>1</scale>
        <Icon>
          <href>images/icon-392.png</href>
        </Icon>
      </IconStyle>
      <LabelStyle>
        <scale>1</scale>
      </LabelStyle>
    </Style>
    <StyleMap id="icon-seq2-1-391-1A237E">
      <Pair>
        <key>normal</key>
        <styleUrl>#icon-seq2-1-391-1A237E-normal</styleUrl>
      </Pair>
      <Pair>
        <key>highlight</key>
        <styleUrl>#icon-seq2-1-391-1A237E-highlight</styleUrl>
      </Pair>
    </StyleMap>
    <Style id="icon-seq2-1-392-1A237E-normal">
      <IconStyle>
        <color>ff7e231a</color>
        <scale>1</scale>
        <Icon>
          <href>images/icon-393.png</href>
        </Icon>
      </IconStyle>
      <LabelStyle>
        <scale>0</scale>
      </LabelStyle>
    </Style>
    <Style id="icon-seq2-1-392-1A237E-highlight">
      <IconStyle>
        <color>ff7e231a</color>
        <scale>1</scale>
        <Icon>
          <href>images/icon-393.png</href>
        </Icon>
      </IconStyle>
      <LabelStyle>
        <scale>1</scale>
      </LabelStyle>
    </Style>
    <StyleMap id="icon-seq2-1-392-1A237E">
      <Pair>
        <key>normal</key>
        <styleUrl>#icon-seq2-1-392-1A237E-normal</styleUrl>
      </Pair>
      <Pair>
        <key>highlight</key>
        <styleUrl>#icon-seq2-1-392-1A237E-highlight</styleUrl>
      </Pair>
    </StyleMap>
    <Style id="icon-seq2-1-393-1A237E-normal">
      <IconStyle>
        <color>ff7e231a</color>
        <scale>1</scale>
        <Icon>
          <href>images/icon-394.png</href>
        </Icon>
      </IconStyle>
      <LabelStyle>
        <scale>0</scale>
      </LabelStyle>
    </Style>
    <Style id="icon-seq2-1-393-1A237E-highlight">
      <IconStyle>
        <color>ff7e231a</color>
        <scale>1</scale>
        <Icon>
          <href>images/icon-394.png</href>
        </Icon>
      </IconStyle>
      <LabelStyle>
        <scale>1</scale>
      </LabelStyle>
    </Style>
    <StyleMap id="icon-seq2-1-393-1A237E">
      <Pair>
        <key>normal</key>
        <styleUrl>#icon-seq2-1-393-1A237E-normal</styleUrl>
      </Pair>
      <Pair>
        <key>highlight</key>
        <styleUrl>#icon-seq2-1-393-1A237E-highlight</styleUrl>
      </Pair>
    </StyleMap>
    <Style id="icon-seq2-1-394-1A237E-normal">
      <IconStyle>
        <color>ff7e231a</color>
        <scale>1</scale>
        <Icon>
          <href>images/icon-395.png</href>
        </Icon>
      </IconStyle>
      <LabelStyle>
        <scale>0</scale>
      </LabelStyle>
    </Style>
    <Style id="icon-seq2-1-394-1A237E-highlight">
      <IconStyle>
        <color>ff7e231a</color>
        <scale>1</scale>
        <Icon>
          <href>images/icon-395.png</href>
        </Icon>
      </IconStyle>
      <LabelStyle>
        <scale>1</scale>
      </LabelStyle>
    </Style>
    <StyleMap id="icon-seq2-1-394-1A237E">
      <Pair>
        <key>normal</key>
        <styleUrl>#icon-seq2-1-394-1A237E-normal</styleUrl>
      </Pair>
      <Pair>
        <key>highlight</key>
        <styleUrl>#icon-seq2-1-394-1A237E-highlight</styleUrl>
      </Pair>
    </StyleMap>
    <Style id="icon-seq2-1-395-1A237E-normal">
      <IconStyle>
        <color>ff7e231a</color>
        <scale>1</scale>
        <Icon>
          <href>images/icon-396.png</href>
        </Icon>
      </IconStyle>
      <LabelStyle>
        <scale>0</scale>
      </LabelStyle>
    </Style>
    <Style id="icon-seq2-1-395-1A237E-highlight">
      <IconStyle>
        <color>ff7e231a</color>
        <scale>1</scale>
        <Icon>
          <href>images/icon-396.png</href>
        </Icon>
      </IconStyle>
      <LabelStyle>
        <scale>1</scale>
      </LabelStyle>
    </Style>
    <StyleMap id="icon-seq2-1-395-1A237E">
      <Pair>
        <key>normal</key>
        <styleUrl>#icon-seq2-1-395-1A237E-normal</styleUrl>
      </Pair>
      <Pair>
        <key>highlight</key>
        <styleUrl>#icon-seq2-1-395-1A237E-highlight</styleUrl>
      </Pair>
    </StyleMap>
    <Style id="icon-seq2-1-396-1A237E-normal">
      <IconStyle>
        <color>ff7e231a</color>
        <scale>1</scale>
        <Icon>
          <href>images/icon-397.png</href>
        </Icon>
      </IconStyle>
      <LabelStyle>
        <scale>0</scale>
      </LabelStyle>
    </Style>
    <Style id="icon-seq2-1-396-1A237E-highlight">
      <IconStyle>
        <color>ff7e231a</color>
        <scale>1</scale>
        <Icon>
          <href>images/icon-397.png</href>
        </Icon>
      </IconStyle>
      <LabelStyle>
        <scale>1</scale>
      </LabelStyle>
    </Style>
    <StyleMap id="icon-seq2-1-396-1A237E">
      <Pair>
        <key>normal</key>
        <styleUrl>#icon-seq2-1-396-1A237E-normal</styleUrl>
      </Pair>
      <Pair>
        <key>highlight</key>
        <styleUrl>#icon-seq2-1-396-1A237E-highlight</styleUrl>
      </Pair>
    </StyleMap>
    <Style id="icon-seq2-1-397-1A237E-normal">
      <IconStyle>
        <color>ff7e231a</color>
        <scale>1</scale>
        <Icon>
          <href>images/icon-398.png</href>
        </Icon>
      </IconStyle>
      <LabelStyle>
        <scale>0</scale>
      </LabelStyle>
    </Style>
    <Style id="icon-seq2-1-397-1A237E-highlight">
      <IconStyle>
        <color>ff7e231a</color>
        <scale>1</scale>
        <Icon>
          <href>images/icon-398.png</href>
        </Icon>
      </IconStyle>
      <LabelStyle>
        <scale>1</scale>
      </LabelStyle>
    </Style>
    <StyleMap id="icon-seq2-1-397-1A237E">
      <Pair>
        <key>normal</key>
        <styleUrl>#icon-seq2-1-397-1A237E-normal</styleUrl>
      </Pair>
      <Pair>
        <key>highlight</key>
        <styleUrl>#icon-seq2-1-397-1A237E-highlight</styleUrl>
      </Pair>
    </StyleMap>
    <Style id="icon-seq2-1-398-1A237E-normal">
      <IconStyle>
        <color>ff7e231a</color>
        <scale>1</scale>
        <Icon>
          <href>images/icon-399.png</href>
        </Icon>
      </IconStyle>
      <LabelStyle>
        <scale>0</scale>
      </LabelStyle>
    </Style>
    <Style id="icon-seq2-1-398-1A237E-highlight">
      <IconStyle>
        <color>ff7e231a</color>
        <scale>1</scale>
        <Icon>
          <href>images/icon-399.png</href>
        </Icon>
      </IconStyle>
      <LabelStyle>
        <scale>1</scale>
      </LabelStyle>
    </Style>
    <StyleMap id="icon-seq2-1-398-1A237E">
      <Pair>
        <key>normal</key>
        <styleUrl>#icon-seq2-1-398-1A237E-normal</styleUrl>
      </Pair>
      <Pair>
        <key>highlight</key>
        <styleUrl>#icon-seq2-1-398-1A237E-highlight</styleUrl>
      </Pair>
    </StyleMap>
    <Style id="icon-seq2-1-399-1A237E-normal">
      <IconStyle>
        <color>ff7e231a</color>
        <scale>1</scale>
        <Icon>
          <href>images/icon-400.png</href>
        </Icon>
      </IconStyle>
      <LabelStyle>
        <scale>0</scale>
      </LabelStyle>
    </Style>
    <Style id="icon-seq2-1-399-1A237E-highlight">
      <IconStyle>
        <color>ff7e231a</color>
        <scale>1</scale>
        <Icon>
          <href>images/icon-400.png</href>
        </Icon>
      </IconStyle>
      <LabelStyle>
        <scale>1</scale>
      </LabelStyle>
    </Style>
    <StyleMap id="icon-seq2-1-399-1A237E">
      <Pair>
        <key>normal</key>
        <styleUrl>#icon-seq2-1-399-1A237E-normal</styleUrl>
      </Pair>
      <Pair>
        <key>highlight</key>
        <styleUrl>#icon-seq2-1-399-1A237E-highlight</styleUrl>
      </Pair>
    </StyleMap>
    <Style id="icon-seq2-1-4-1A237E-normal">
      <IconStyle>
        <color>ff7e231a</color>
        <scale>1</scale>
        <Icon>
          <href>images/icon-5.png</href>
        </Icon>
      </IconStyle>
      <LabelStyle>
        <scale>0</scale>
      </LabelStyle>
    </Style>
    <Style id="icon-seq2-1-4-1A237E-highlight">
      <IconStyle>
        <color>ff7e231a</color>
        <scale>1</scale>
        <Icon>
          <href>images/icon-5.png</href>
        </Icon>
      </IconStyle>
      <LabelStyle>
        <scale>1</scale>
      </LabelStyle>
    </Style>
    <StyleMap id="icon-seq2-1-4-1A237E">
      <Pair>
        <key>normal</key>
        <styleUrl>#icon-seq2-1-4-1A237E-normal</styleUrl>
      </Pair>
      <Pair>
        <key>highlight</key>
        <styleUrl>#icon-seq2-1-4-1A237E-highlight</styleUrl>
      </Pair>
    </StyleMap>
    <Style id="icon-seq2-1-40-1A237E-normal">
      <IconStyle>
        <color>ff7e231a</color>
        <scale>1</scale>
        <Icon>
          <href>images/icon-41.png</href>
        </Icon>
      </IconStyle>
      <LabelStyle>
        <scale>0</scale>
      </LabelStyle>
    </Style>
    <Style id="icon-seq2-1-40-1A237E-highlight">
      <IconStyle>
        <color>ff7e231a</color>
        <scale>1</scale>
        <Icon>
          <href>images/icon-41.png</href>
        </Icon>
      </IconStyle>
      <LabelStyle>
        <scale>1</scale>
      </LabelStyle>
    </Style>
    <StyleMap id="icon-seq2-1-40-1A237E">
      <Pair>
        <key>normal</key>
        <styleUrl>#icon-seq2-1-40-1A237E-normal</styleUrl>
      </Pair>
      <Pair>
        <key>highlight</key>
        <styleUrl>#icon-seq2-1-40-1A237E-highlight</styleUrl>
      </Pair>
    </StyleMap>
    <Style id="icon-seq2-1-400-1A237E-normal">
      <IconStyle>
        <color>ff7e231a</color>
        <scale>1</scale>
        <Icon>
          <href>images/icon-401.png</href>
        </Icon>
      </IconStyle>
      <LabelStyle>
        <scale>0</scale>
      </LabelStyle>
    </Style>
    <Style id="icon-seq2-1-400-1A237E-highlight">
      <IconStyle>
        <color>ff7e231a</color>
        <scale>1</scale>
        <Icon>
          <href>images/icon-401.png</href>
        </Icon>
      </IconStyle>
      <LabelStyle>
        <scale>1</scale>
      </LabelStyle>
    </Style>
    <StyleMap id="icon-seq2-1-400-1A237E">
      <Pair>
        <key>normal</key>
        <styleUrl>#icon-seq2-1-400-1A237E-normal</styleUrl>
      </Pair>
      <Pair>
        <key>highlight</key>
        <styleUrl>#icon-seq2-1-400-1A237E-highlight</styleUrl>
      </Pair>
    </StyleMap>
    <Style id="icon-seq2-1-401-1A237E-normal">
      <IconStyle>
        <color>ff7e231a</color>
        <scale>1</scale>
        <Icon>
          <href>images/icon-402.png</href>
        </Icon>
      </IconStyle>
      <LabelStyle>
        <scale>0</scale>
      </LabelStyle>
    </Style>
    <Style id="icon-seq2-1-401-1A237E-highlight">
      <IconStyle>
        <color>ff7e231a</color>
        <scale>1</scale>
        <Icon>
          <href>images/icon-402.png</href>
        </Icon>
      </IconStyle>
      <LabelStyle>
        <scale>1</scale>
      </LabelStyle>
    </Style>
    <StyleMap id="icon-seq2-1-401-1A237E">
      <Pair>
        <key>normal</key>
        <styleUrl>#icon-seq2-1-401-1A237E-normal</styleUrl>
      </Pair>
      <Pair>
        <key>highlight</key>
        <styleUrl>#icon-seq2-1-401-1A237E-highlight</styleUrl>
      </Pair>
    </StyleMap>
    <Style id="icon-seq2-1-402-1A237E-normal">
      <IconStyle>
        <color>ff7e231a</color>
        <scale>1</scale>
        <Icon>
          <href>images/icon-403.png</href>
        </Icon>
      </IconStyle>
      <LabelStyle>
        <scale>0</scale>
      </LabelStyle>
    </Style>
    <Style id="icon-seq2-1-402-1A237E-highlight">
      <IconStyle>
        <color>ff7e231a</color>
        <scale>1</scale>
        <Icon>
          <href>images/icon-403.png</href>
        </Icon>
      </IconStyle>
      <LabelStyle>
        <scale>1</scale>
      </LabelStyle>
    </Style>
    <StyleMap id="icon-seq2-1-402-1A237E">
      <Pair>
        <key>normal</key>
        <styleUrl>#icon-seq2-1-402-1A237E-normal</styleUrl>
      </Pair>
      <Pair>
        <key>highlight</key>
        <styleUrl>#icon-seq2-1-402-1A237E-highlight</styleUrl>
      </Pair>
    </StyleMap>
    <Style id="icon-seq2-1-403-1A237E-normal">
      <IconStyle>
        <color>ff7e231a</color>
        <scale>1</scale>
        <Icon>
          <href>images/icon-404.png</href>
        </Icon>
      </IconStyle>
      <LabelStyle>
        <scale>0</scale>
      </LabelStyle>
    </Style>
    <Style id="icon-seq2-1-403-1A237E-highlight">
      <IconStyle>
        <color>ff7e231a</color>
        <scale>1</scale>
        <Icon>
          <href>images/icon-404.png</href>
        </Icon>
      </IconStyle>
      <LabelStyle>
        <scale>1</scale>
      </LabelStyle>
    </Style>
    <StyleMap id="icon-seq2-1-403-1A237E">
      <Pair>
        <key>normal</key>
        <styleUrl>#icon-seq2-1-403-1A237E-normal</styleUrl>
      </Pair>
      <Pair>
        <key>highlight</key>
        <styleUrl>#icon-seq2-1-403-1A237E-highlight</styleUrl>
      </Pair>
    </StyleMap>
    <Style id="icon-seq2-1-404-1A237E-normal">
      <IconStyle>
        <color>ff7e231a</color>
        <scale>1</scale>
        <Icon>
          <href>images/icon-405.png</href>
        </Icon>
      </IconStyle>
      <LabelStyle>
        <scale>0</scale>
      </LabelStyle>
    </Style>
    <Style id="icon-seq2-1-404-1A237E-highlight">
      <IconStyle>
        <color>ff7e231a</color>
        <scale>1</scale>
        <Icon>
          <href>images/icon-405.png</href>
        </Icon>
      </IconStyle>
      <LabelStyle>
        <scale>1</scale>
      </LabelStyle>
    </Style>
    <StyleMap id="icon-seq2-1-404-1A237E">
      <Pair>
        <key>normal</key>
        <styleUrl>#icon-seq2-1-404-1A237E-normal</styleUrl>
      </Pair>
      <Pair>
        <key>highlight</key>
        <styleUrl>#icon-seq2-1-404-1A237E-highlight</styleUrl>
      </Pair>
    </StyleMap>
    <Style id="icon-seq2-1-405-1A237E-normal">
      <IconStyle>
        <color>ff7e231a</color>
        <scale>1</scale>
        <Icon>
          <href>images/icon-406.png</href>
        </Icon>
      </IconStyle>
      <LabelStyle>
        <scale>0</scale>
      </LabelStyle>
    </Style>
    <Style id="icon-seq2-1-405-1A237E-highlight">
      <IconStyle>
        <color>ff7e231a</color>
        <scale>1</scale>
        <Icon>
          <href>images/icon-406.png</href>
        </Icon>
      </IconStyle>
      <LabelStyle>
        <scale>1</scale>
      </LabelStyle>
    </Style>
    <StyleMap id="icon-seq2-1-405-1A237E">
      <Pair>
        <key>normal</key>
        <styleUrl>#icon-seq2-1-405-1A237E-normal</styleUrl>
      </Pair>
      <Pair>
        <key>highlight</key>
        <styleUrl>#icon-seq2-1-405-1A237E-highlight</styleUrl>
      </Pair>
    </StyleMap>
    <Style id="icon-seq2-1-406-1A237E-normal">
      <IconStyle>
        <color>ff7e231a</color>
        <scale>1</scale>
        <Icon>
          <href>images/icon-407.png</href>
        </Icon>
      </IconStyle>
      <LabelStyle>
        <scale>0</scale>
      </LabelStyle>
    </Style>
    <Style id="icon-seq2-1-406-1A237E-highlight">
      <IconStyle>
        <color>ff7e231a</color>
        <scale>1</scale>
        <Icon>
          <href>images/icon-407.png</href>
        </Icon>
      </IconStyle>
      <LabelStyle>
        <scale>1</scale>
      </LabelStyle>
    </Style>
    <StyleMap id="icon-seq2-1-406-1A237E">
      <Pair>
        <key>normal</key>
        <styleUrl>#icon-seq2-1-406-1A237E-normal</styleUrl>
      </Pair>
      <Pair>
        <key>highlight</key>
        <styleUrl>#icon-seq2-1-406-1A237E-highlight</styleUrl>
      </Pair>
    </StyleMap>
    <Style id="icon-seq2-1-407-1A237E-normal">
      <IconStyle>
        <color>ff7e231a</color>
        <scale>1</scale>
        <Icon>
          <href>images/icon-408.png</href>
        </Icon>
      </IconStyle>
      <LabelStyle>
        <scale>0</scale>
      </LabelStyle>
    </Style>
    <Style id="icon-seq2-1-407-1A237E-highlight">
      <IconStyle>
        <color>ff7e231a</color>
        <scale>1</scale>
        <Icon>
          <href>images/icon-408.png</href>
        </Icon>
      </IconStyle>
      <LabelStyle>
        <scale>1</scale>
      </LabelStyle>
    </Style>
    <StyleMap id="icon-seq2-1-407-1A237E">
      <Pair>
        <key>normal</key>
        <styleUrl>#icon-seq2-1-407-1A237E-normal</styleUrl>
      </Pair>
      <Pair>
        <key>highlight</key>
        <styleUrl>#icon-seq2-1-407-1A237E-highlight</styleUrl>
      </Pair>
    </StyleMap>
    <Style id="icon-seq2-1-408-1A237E-normal">
      <IconStyle>
        <color>ff7e231a</color>
        <scale>1</scale>
        <Icon>
          <href>images/icon-409.png</href>
        </Icon>
      </IconStyle>
      <LabelStyle>
        <scale>0</scale>
      </LabelStyle>
    </Style>
    <Style id="icon-seq2-1-408-1A237E-highlight">
      <IconStyle>
        <color>ff7e231a</color>
        <scale>1</scale>
        <Icon>
          <href>images/icon-409.png</href>
        </Icon>
      </IconStyle>
      <LabelStyle>
        <scale>1</scale>
      </LabelStyle>
    </Style>
    <StyleMap id="icon-seq2-1-408-1A237E">
      <Pair>
        <key>normal</key>
        <styleUrl>#icon-seq2-1-408-1A237E-normal</styleUrl>
      </Pair>
      <Pair>
        <key>highlight</key>
        <styleUrl>#icon-seq2-1-408-1A237E-highlight</styleUrl>
      </Pair>
    </StyleMap>
    <Style id="icon-seq2-1-409-1A237E-normal">
      <IconStyle>
        <color>ff7e231a</color>
        <scale>1</scale>
        <Icon>
          <href>images/icon-410.png</href>
        </Icon>
      </IconStyle>
      <LabelStyle>
        <scale>0</scale>
      </LabelStyle>
    </Style>
    <Style id="icon-seq2-1-409-1A237E-highlight">
      <IconStyle>
        <color>ff7e231a</color>
        <scale>1</scale>
        <Icon>
          <href>images/icon-410.png</href>
        </Icon>
      </IconStyle>
      <LabelStyle>
        <scale>1</scale>
      </LabelStyle>
    </Style>
    <StyleMap id="icon-seq2-1-409-1A237E">
      <Pair>
        <key>normal</key>
        <styleUrl>#icon-seq2-1-409-1A237E-normal</styleUrl>
      </Pair>
      <Pair>
        <key>highlight</key>
        <styleUrl>#icon-seq2-1-409-1A237E-highlight</styleUrl>
      </Pair>
    </StyleMap>
    <Style id="icon-seq2-1-41-1A237E-normal">
      <IconStyle>
        <color>ff7e231a</color>
        <scale>1</scale>
        <Icon>
          <href>images/icon-42.png</href>
        </Icon>
      </IconStyle>
      <LabelStyle>
        <scale>0</scale>
      </LabelStyle>
    </Style>
    <Style id="icon-seq2-1-41-1A237E-highlight">
      <IconStyle>
        <color>ff7e231a</color>
        <scale>1</scale>
        <Icon>
          <href>images/icon-42.png</href>
        </Icon>
      </IconStyle>
      <LabelStyle>
        <scale>1</scale>
      </LabelStyle>
    </Style>
    <StyleMap id="icon-seq2-1-41-1A237E">
      <Pair>
        <key>normal</key>
        <styleUrl>#icon-seq2-1-41-1A237E-normal</styleUrl>
      </Pair>
      <Pair>
        <key>highlight</key>
        <styleUrl>#icon-seq2-1-41-1A237E-highlight</styleUrl>
      </Pair>
    </StyleMap>
    <Style id="icon-seq2-1-410-1A237E-normal">
      <IconStyle>
        <color>ff7e231a</color>
        <scale>1</scale>
        <Icon>
          <href>images/icon-411.png</href>
        </Icon>
      </IconStyle>
      <LabelStyle>
        <scale>0</scale>
      </LabelStyle>
    </Style>
    <Style id="icon-seq2-1-410-1A237E-highlight">
      <IconStyle>
        <color>ff7e231a</color>
        <scale>1</scale>
        <Icon>
          <href>images/icon-411.png</href>
        </Icon>
      </IconStyle>
      <LabelStyle>
        <scale>1</scale>
      </LabelStyle>
    </Style>
    <StyleMap id="icon-seq2-1-410-1A237E">
      <Pair>
        <key>normal</key>
        <styleUrl>#icon-seq2-1-410-1A237E-normal</styleUrl>
      </Pair>
      <Pair>
        <key>highlight</key>
        <styleUrl>#icon-seq2-1-410-1A237E-highlight</styleUrl>
      </Pair>
    </StyleMap>
    <Style id="icon-seq2-1-411-1A237E-normal">
      <IconStyle>
        <color>ff7e231a</color>
        <scale>1</scale>
        <Icon>
          <href>images/icon-412.png</href>
        </Icon>
      </IconStyle>
      <LabelStyle>
        <scale>0</scale>
      </LabelStyle>
    </Style>
    <Style id="icon-seq2-1-411-1A237E-highlight">
      <IconStyle>
        <color>ff7e231a</color>
        <scale>1</scale>
        <Icon>
          <href>images/icon-412.png</href>
        </Icon>
      </IconStyle>
      <LabelStyle>
        <scale>1</scale>
      </LabelStyle>
    </Style>
    <StyleMap id="icon-seq2-1-411-1A237E">
      <Pair>
        <key>normal</key>
        <styleUrl>#icon-seq2-1-411-1A237E-normal</styleUrl>
      </Pair>
      <Pair>
        <key>highlight</key>
        <styleUrl>#icon-seq2-1-411-1A237E-highlight</styleUrl>
      </Pair>
    </StyleMap>
    <Style id="icon-seq2-1-412-1A237E-normal">
      <IconStyle>
        <color>ff7e231a</color>
        <scale>1</scale>
        <Icon>
          <href>images/icon-413.png</href>
        </Icon>
      </IconStyle>
      <LabelStyle>
        <scale>0</scale>
      </LabelStyle>
    </Style>
    <Style id="icon-seq2-1-412-1A237E-highlight">
      <IconStyle>
        <color>ff7e231a</color>
        <scale>1</scale>
        <Icon>
          <href>images/icon-413.png</href>
        </Icon>
      </IconStyle>
      <LabelStyle>
        <scale>1</scale>
      </LabelStyle>
    </Style>
    <StyleMap id="icon-seq2-1-412-1A237E">
      <Pair>
        <key>normal</key>
        <styleUrl>#icon-seq2-1-412-1A237E-normal</styleUrl>
      </Pair>
      <Pair>
        <key>highlight</key>
        <styleUrl>#icon-seq2-1-412-1A237E-highlight</styleUrl>
      </Pair>
    </StyleMap>
    <Style id="icon-seq2-1-413-1A237E-normal">
      <IconStyle>
        <color>ff7e231a</color>
        <scale>1</scale>
        <Icon>
          <href>images/icon-414.png</href>
        </Icon>
      </IconStyle>
      <LabelStyle>
        <scale>0</scale>
      </LabelStyle>
    </Style>
    <Style id="icon-seq2-1-413-1A237E-highlight">
      <IconStyle>
        <color>ff7e231a</color>
        <scale>1</scale>
        <Icon>
          <href>images/icon-414.png</href>
        </Icon>
      </IconStyle>
      <LabelStyle>
        <scale>1</scale>
      </LabelStyle>
    </Style>
    <StyleMap id="icon-seq2-1-413-1A237E">
      <Pair>
        <key>normal</key>
        <styleUrl>#icon-seq2-1-413-1A237E-normal</styleUrl>
      </Pair>
      <Pair>
        <key>highlight</key>
        <styleUrl>#icon-seq2-1-413-1A237E-highlight</styleUrl>
      </Pair>
    </StyleMap>
    <Style id="icon-seq2-1-414-1A237E-normal">
      <IconStyle>
        <color>ff7e231a</color>
        <scale>1</scale>
        <Icon>
          <href>images/icon-415.png</href>
        </Icon>
      </IconStyle>
      <LabelStyle>
        <scale>0</scale>
      </LabelStyle>
    </Style>
    <Style id="icon-seq2-1-414-1A237E-highlight">
      <IconStyle>
        <color>ff7e231a</color>
        <scale>1</scale>
        <Icon>
          <href>images/icon-415.png</href>
        </Icon>
      </IconStyle>
      <LabelStyle>
        <scale>1</scale>
      </LabelStyle>
    </Style>
    <StyleMap id="icon-seq2-1-414-1A237E">
      <Pair>
        <key>normal</key>
        <styleUrl>#icon-seq2-1-414-1A237E-normal</styleUrl>
      </Pair>
      <Pair>
        <key>highlight</key>
        <styleUrl>#icon-seq2-1-414-1A237E-highlight</styleUrl>
      </Pair>
    </StyleMap>
    <Style id="icon-seq2-1-415-1A237E-normal">
      <IconStyle>
        <color>ff7e231a</color>
        <scale>1</scale>
        <Icon>
          <href>images/icon-416.png</href>
        </Icon>
      </IconStyle>
      <LabelStyle>
        <scale>0</scale>
      </LabelStyle>
    </Style>
    <Style id="icon-seq2-1-415-1A237E-highlight">
      <IconStyle>
        <color>ff7e231a</color>
        <scale>1</scale>
        <Icon>
          <href>images/icon-416.png</href>
        </Icon>
      </IconStyle>
      <LabelStyle>
        <scale>1</scale>
      </LabelStyle>
    </Style>
    <StyleMap id="icon-seq2-1-415-1A237E">
      <Pair>
        <key>normal</key>
        <styleUrl>#icon-seq2-1-415-1A237E-normal</styleUrl>
      </Pair>
      <Pair>
        <key>highlight</key>
        <styleUrl>#icon-seq2-1-415-1A237E-highlight</styleUrl>
      </Pair>
    </StyleMap>
    <Style id="icon-seq2-1-416-1A237E-normal">
      <IconStyle>
        <color>ff7e231a</color>
        <scale>1</scale>
        <Icon>
          <href>images/icon-417.png</href>
        </Icon>
      </IconStyle>
      <LabelStyle>
        <scale>0</scale>
      </LabelStyle>
    </Style>
    <Style id="icon-seq2-1-416-1A237E-highlight">
      <IconStyle>
        <color>ff7e231a</color>
        <scale>1</scale>
        <Icon>
          <href>images/icon-417.png</href>
        </Icon>
      </IconStyle>
      <LabelStyle>
        <scale>1</scale>
      </LabelStyle>
    </Style>
    <StyleMap id="icon-seq2-1-416-1A237E">
      <Pair>
        <key>normal</key>
        <styleUrl>#icon-seq2-1-416-1A237E-normal</styleUrl>
      </Pair>
      <Pair>
        <key>highlight</key>
        <styleUrl>#icon-seq2-1-416-1A237E-highlight</styleUrl>
      </Pair>
    </StyleMap>
    <Style id="icon-seq2-1-417-1A237E-normal">
      <IconStyle>
        <color>ff7e231a</color>
        <scale>1</scale>
        <Icon>
          <href>images/icon-418.png</href>
        </Icon>
      </IconStyle>
      <LabelStyle>
        <scale>0</scale>
      </LabelStyle>
    </Style>
    <Style id="icon-seq2-1-417-1A237E-highlight">
      <IconStyle>
        <color>ff7e231a</color>
        <scale>1</scale>
        <Icon>
          <href>images/icon-418.png</href>
        </Icon>
      </IconStyle>
      <LabelStyle>
        <scale>1</scale>
      </LabelStyle>
    </Style>
    <StyleMap id="icon-seq2-1-417-1A237E">
      <Pair>
        <key>normal</key>
        <styleUrl>#icon-seq2-1-417-1A237E-normal</styleUrl>
      </Pair>
      <Pair>
        <key>highlight</key>
        <styleUrl>#icon-seq2-1-417-1A237E-highlight</styleUrl>
      </Pair>
    </StyleMap>
    <Style id="icon-seq2-1-418-1A237E-normal">
      <IconStyle>
        <color>ff7e231a</color>
        <scale>1</scale>
        <Icon>
          <href>images/icon-419.png</href>
        </Icon>
      </IconStyle>
      <LabelStyle>
        <scale>0</scale>
      </LabelStyle>
    </Style>
    <Style id="icon-seq2-1-418-1A237E-highlight">
      <IconStyle>
        <color>ff7e231a</color>
        <scale>1</scale>
        <Icon>
          <href>images/icon-419.png</href>
        </Icon>
      </IconStyle>
      <LabelStyle>
        <scale>1</scale>
      </LabelStyle>
    </Style>
    <StyleMap id="icon-seq2-1-418-1A237E">
      <Pair>
        <key>normal</key>
        <styleUrl>#icon-seq2-1-418-1A237E-normal</styleUrl>
      </Pair>
      <Pair>
        <key>highlight</key>
        <styleUrl>#icon-seq2-1-418-1A237E-highlight</styleUrl>
      </Pair>
    </StyleMap>
    <Style id="icon-seq2-1-419-1A237E-normal">
      <IconStyle>
        <color>ff7e231a</color>
        <scale>1</scale>
        <Icon>
          <href>images/icon-420.png</href>
        </Icon>
      </IconStyle>
      <LabelStyle>
        <scale>0</scale>
      </LabelStyle>
    </Style>
    <Style id="icon-seq2-1-419-1A237E-highlight">
      <IconStyle>
        <color>ff7e231a</color>
        <scale>1</scale>
        <Icon>
          <href>images/icon-420.png</href>
        </Icon>
      </IconStyle>
      <LabelStyle>
        <scale>1</scale>
      </LabelStyle>
    </Style>
    <StyleMap id="icon-seq2-1-419-1A237E">
      <Pair>
        <key>normal</key>
        <styleUrl>#icon-seq2-1-419-1A237E-normal</styleUrl>
      </Pair>
      <Pair>
        <key>highlight</key>
        <styleUrl>#icon-seq2-1-419-1A237E-highlight</styleUrl>
      </Pair>
    </StyleMap>
    <Style id="icon-seq2-1-42-1A237E-normal">
      <IconStyle>
        <color>ff7e231a</color>
        <scale>1</scale>
        <Icon>
          <href>images/icon-43.png</href>
        </Icon>
      </IconStyle>
      <LabelStyle>
        <scale>0</scale>
      </LabelStyle>
    </Style>
    <Style id="icon-seq2-1-42-1A237E-highlight">
      <IconStyle>
        <color>ff7e231a</color>
        <scale>1</scale>
        <Icon>
          <href>images/icon-43.png</href>
        </Icon>
      </IconStyle>
      <LabelStyle>
        <scale>1</scale>
      </LabelStyle>
    </Style>
    <StyleMap id="icon-seq2-1-42-1A237E">
      <Pair>
        <key>normal</key>
        <styleUrl>#icon-seq2-1-42-1A237E-normal</styleUrl>
      </Pair>
      <Pair>
        <key>highlight</key>
        <styleUrl>#icon-seq2-1-42-1A237E-highlight</styleUrl>
      </Pair>
    </StyleMap>
    <Style id="icon-seq2-1-420-1A237E-normal">
      <IconStyle>
        <color>ff7e231a</color>
        <scale>1</scale>
        <Icon>
          <href>images/icon-421.png</href>
        </Icon>
      </IconStyle>
      <LabelStyle>
        <scale>0</scale>
      </LabelStyle>
    </Style>
    <Style id="icon-seq2-1-420-1A237E-highlight">
      <IconStyle>
        <color>ff7e231a</color>
        <scale>1</scale>
        <Icon>
          <href>images/icon-421.png</href>
        </Icon>
      </IconStyle>
      <LabelStyle>
        <scale>1</scale>
      </LabelStyle>
    </Style>
    <StyleMap id="icon-seq2-1-420-1A237E">
      <Pair>
        <key>normal</key>
        <styleUrl>#icon-seq2-1-420-1A237E-normal</styleUrl>
      </Pair>
      <Pair>
        <key>highlight</key>
        <styleUrl>#icon-seq2-1-420-1A237E-highlight</styleUrl>
      </Pair>
    </StyleMap>
    <Style id="icon-seq2-1-421-1A237E-normal">
      <IconStyle>
        <color>ff7e231a</color>
        <scale>1</scale>
        <Icon>
          <href>images/icon-422.png</href>
        </Icon>
      </IconStyle>
      <LabelStyle>
        <scale>0</scale>
      </LabelStyle>
    </Style>
    <Style id="icon-seq2-1-421-1A237E-highlight">
      <IconStyle>
        <color>ff7e231a</color>
        <scale>1</scale>
        <Icon>
          <href>images/icon-422.png</href>
        </Icon>
      </IconStyle>
      <LabelStyle>
        <scale>1</scale>
      </LabelStyle>
    </Style>
    <StyleMap id="icon-seq2-1-421-1A237E">
      <Pair>
        <key>normal</key>
        <styleUrl>#icon-seq2-1-421-1A237E-normal</styleUrl>
      </Pair>
      <Pair>
        <key>highlight</key>
        <styleUrl>#icon-seq2-1-421-1A237E-highlight</styleUrl>
      </Pair>
    </StyleMap>
    <Style id="icon-seq2-1-422-1A237E-normal">
      <IconStyle>
        <color>ff7e231a</color>
        <scale>1</scale>
        <Icon>
          <href>images/icon-423.png</href>
        </Icon>
      </IconStyle>
      <LabelStyle>
        <scale>0</scale>
      </LabelStyle>
    </Style>
    <Style id="icon-seq2-1-422-1A237E-highlight">
      <IconStyle>
        <color>ff7e231a</color>
        <scale>1</scale>
        <Icon>
          <href>images/icon-423.png</href>
        </Icon>
      </IconStyle>
      <LabelStyle>
        <scale>1</scale>
      </LabelStyle>
    </Style>
    <StyleMap id="icon-seq2-1-422-1A237E">
      <Pair>
        <key>normal</key>
        <styleUrl>#icon-seq2-1-422-1A237E-normal</styleUrl>
      </Pair>
      <Pair>
        <key>highlight</key>
        <styleUrl>#icon-seq2-1-422-1A237E-highlight</styleUrl>
      </Pair>
    </StyleMap>
    <Style id="icon-seq2-1-423-1A237E-normal">
      <IconStyle>
        <color>ff7e231a</color>
        <scale>1</scale>
        <Icon>
          <href>images/icon-424.png</href>
        </Icon>
      </IconStyle>
      <LabelStyle>
        <scale>0</scale>
      </LabelStyle>
    </Style>
    <Style id="icon-seq2-1-423-1A237E-highlight">
      <IconStyle>
        <color>ff7e231a</color>
        <scale>1</scale>
        <Icon>
          <href>images/icon-424.png</href>
        </Icon>
      </IconStyle>
      <LabelStyle>
        <scale>1</scale>
      </LabelStyle>
    </Style>
    <StyleMap id="icon-seq2-1-423-1A237E">
      <Pair>
        <key>normal</key>
        <styleUrl>#icon-seq2-1-423-1A237E-normal</styleUrl>
      </Pair>
      <Pair>
        <key>highlight</key>
        <styleUrl>#icon-seq2-1-423-1A237E-highlight</styleUrl>
      </Pair>
    </StyleMap>
    <Style id="icon-seq2-1-424-1A237E-normal">
      <IconStyle>
        <color>ff7e231a</color>
        <scale>1</scale>
        <Icon>
          <href>images/icon-425.png</href>
        </Icon>
      </IconStyle>
      <LabelStyle>
        <scale>0</scale>
      </LabelStyle>
    </Style>
    <Style id="icon-seq2-1-424-1A237E-highlight">
      <IconStyle>
        <color>ff7e231a</color>
        <scale>1</scale>
        <Icon>
          <href>images/icon-425.png</href>
        </Icon>
      </IconStyle>
      <LabelStyle>
        <scale>1</scale>
      </LabelStyle>
    </Style>
    <StyleMap id="icon-seq2-1-424-1A237E">
      <Pair>
        <key>normal</key>
        <styleUrl>#icon-seq2-1-424-1A237E-normal</styleUrl>
      </Pair>
      <Pair>
        <key>highlight</key>
        <styleUrl>#icon-seq2-1-424-1A237E-highlight</styleUrl>
      </Pair>
    </StyleMap>
    <Style id="icon-seq2-1-425-1A237E-normal">
      <IconStyle>
        <color>ff7e231a</color>
        <scale>1</scale>
        <Icon>
          <href>images/icon-426.png</href>
        </Icon>
      </IconStyle>
      <LabelStyle>
        <scale>0</scale>
      </LabelStyle>
    </Style>
    <Style id="icon-seq2-1-425-1A237E-highlight">
      <IconStyle>
        <color>ff7e231a</color>
        <scale>1</scale>
        <Icon>
          <href>images/icon-426.png</href>
        </Icon>
      </IconStyle>
      <LabelStyle>
        <scale>1</scale>
      </LabelStyle>
    </Style>
    <StyleMap id="icon-seq2-1-425-1A237E">
      <Pair>
        <key>normal</key>
        <styleUrl>#icon-seq2-1-425-1A237E-normal</styleUrl>
      </Pair>
      <Pair>
        <key>highlight</key>
        <styleUrl>#icon-seq2-1-425-1A237E-highlight</styleUrl>
      </Pair>
    </StyleMap>
    <Style id="icon-seq2-1-426-1A237E-normal">
      <IconStyle>
        <color>ff7e231a</color>
        <scale>1</scale>
        <Icon>
          <href>images/icon-427.png</href>
        </Icon>
      </IconStyle>
      <LabelStyle>
        <scale>0</scale>
      </LabelStyle>
    </Style>
    <Style id="icon-seq2-1-426-1A237E-highlight">
      <IconStyle>
        <color>ff7e231a</color>
        <scale>1</scale>
        <Icon>
          <href>images/icon-427.png</href>
        </Icon>
      </IconStyle>
      <LabelStyle>
        <scale>1</scale>
      </LabelStyle>
    </Style>
    <StyleMap id="icon-seq2-1-426-1A237E">
      <Pair>
        <key>normal</key>
        <styleUrl>#icon-seq2-1-426-1A237E-normal</styleUrl>
      </Pair>
      <Pair>
        <key>highlight</key>
        <styleUrl>#icon-seq2-1-426-1A237E-highlight</styleUrl>
      </Pair>
    </StyleMap>
    <Style id="icon-seq2-1-427-1A237E-normal">
      <IconStyle>
        <color>ff7e231a</color>
        <scale>1</scale>
        <Icon>
          <href>images/icon-428.png</href>
        </Icon>
      </IconStyle>
      <LabelStyle>
        <scale>0</scale>
      </LabelStyle>
    </Style>
    <Style id="icon-seq2-1-427-1A237E-highlight">
      <IconStyle>
        <color>ff7e231a</color>
        <scale>1</scale>
        <Icon>
          <href>images/icon-428.png</href>
        </Icon>
      </IconStyle>
      <LabelStyle>
        <scale>1</scale>
      </LabelStyle>
    </Style>
    <StyleMap id="icon-seq2-1-427-1A237E">
      <Pair>
        <key>normal</key>
        <styleUrl>#icon-seq2-1-427-1A237E-normal</styleUrl>
      </Pair>
      <Pair>
        <key>highlight</key>
        <styleUrl>#icon-seq2-1-427-1A237E-highlight</styleUrl>
      </Pair>
    </StyleMap>
    <Style id="icon-seq2-1-428-1A237E-normal">
      <IconStyle>
        <color>ff7e231a</color>
        <scale>1</scale>
        <Icon>
          <href>images/icon-429.png</href>
        </Icon>
      </IconStyle>
      <LabelStyle>
        <scale>0</scale>
      </LabelStyle>
    </Style>
    <Style id="icon-seq2-1-428-1A237E-highlight">
      <IconStyle>
        <color>ff7e231a</color>
        <scale>1</scale>
        <Icon>
          <href>images/icon-429.png</href>
        </Icon>
      </IconStyle>
      <LabelStyle>
        <scale>1</scale>
      </LabelStyle>
    </Style>
    <StyleMap id="icon-seq2-1-428-1A237E">
      <Pair>
        <key>normal</key>
        <styleUrl>#icon-seq2-1-428-1A237E-normal</styleUrl>
      </Pair>
      <Pair>
        <key>highlight</key>
        <styleUrl>#icon-seq2-1-428-1A237E-highlight</styleUrl>
      </Pair>
    </StyleMap>
    <Style id="icon-seq2-1-429-1A237E-normal">
      <IconStyle>
        <color>ff7e231a</color>
        <scale>1</scale>
        <Icon>
          <href>images/icon-430.png</href>
        </Icon>
      </IconStyle>
      <LabelStyle>
        <scale>0</scale>
      </LabelStyle>
    </Style>
    <Style id="icon-seq2-1-429-1A237E-highlight">
      <IconStyle>
        <color>ff7e231a</color>
        <scale>1</scale>
        <Icon>
          <href>images/icon-430.png</href>
        </Icon>
      </IconStyle>
      <LabelStyle>
        <scale>1</scale>
      </LabelStyle>
    </Style>
    <StyleMap id="icon-seq2-1-429-1A237E">
      <Pair>
        <key>normal</key>
        <styleUrl>#icon-seq2-1-429-1A237E-normal</styleUrl>
      </Pair>
      <Pair>
        <key>highlight</key>
        <styleUrl>#icon-seq2-1-429-1A237E-highlight</styleUrl>
      </Pair>
    </StyleMap>
    <Style id="icon-seq2-1-43-1A237E-normal">
      <IconStyle>
        <color>ff7e231a</color>
        <scale>1</scale>
        <Icon>
          <href>images/icon-44.png</href>
        </Icon>
      </IconStyle>
      <LabelStyle>
        <scale>0</scale>
      </LabelStyle>
    </Style>
    <Style id="icon-seq2-1-43-1A237E-highlight">
      <IconStyle>
        <color>ff7e231a</color>
        <scale>1</scale>
        <Icon>
          <href>images/icon-44.png</href>
        </Icon>
      </IconStyle>
      <LabelStyle>
        <scale>1</scale>
      </LabelStyle>
    </Style>
    <StyleMap id="icon-seq2-1-43-1A237E">
      <Pair>
        <key>normal</key>
        <styleUrl>#icon-seq2-1-43-1A237E-normal</styleUrl>
      </Pair>
      <Pair>
        <key>highlight</key>
        <styleUrl>#icon-seq2-1-43-1A237E-highlight</styleUrl>
      </Pair>
    </StyleMap>
    <Style id="icon-seq2-1-430-1A237E-normal">
      <IconStyle>
        <color>ff7e231a</color>
        <scale>1</scale>
        <Icon>
          <href>images/icon-431.png</href>
        </Icon>
      </IconStyle>
      <LabelStyle>
        <scale>0</scale>
      </LabelStyle>
    </Style>
    <Style id="icon-seq2-1-430-1A237E-highlight">
      <IconStyle>
        <color>ff7e231a</color>
        <scale>1</scale>
        <Icon>
          <href>images/icon-431.png</href>
        </Icon>
      </IconStyle>
      <LabelStyle>
        <scale>1</scale>
      </LabelStyle>
    </Style>
    <StyleMap id="icon-seq2-1-430-1A237E">
      <Pair>
        <key>normal</key>
        <styleUrl>#icon-seq2-1-430-1A237E-normal</styleUrl>
      </Pair>
      <Pair>
        <key>highlight</key>
        <styleUrl>#icon-seq2-1-430-1A237E-highlight</styleUrl>
      </Pair>
    </StyleMap>
    <Style id="icon-seq2-1-431-1A237E-normal">
      <IconStyle>
        <color>ff7e231a</color>
        <scale>1</scale>
        <Icon>
          <href>images/icon-432.png</href>
        </Icon>
      </IconStyle>
      <LabelStyle>
        <scale>0</scale>
      </LabelStyle>
    </Style>
    <Style id="icon-seq2-1-431-1A237E-highlight">
      <IconStyle>
        <color>ff7e231a</color>
        <scale>1</scale>
        <Icon>
          <href>images/icon-432.png</href>
        </Icon>
      </IconStyle>
      <LabelStyle>
        <scale>1</scale>
      </LabelStyle>
    </Style>
    <StyleMap id="icon-seq2-1-431-1A237E">
      <Pair>
        <key>normal</key>
        <styleUrl>#icon-seq2-1-431-1A237E-normal</styleUrl>
      </Pair>
      <Pair>
        <key>highlight</key>
        <styleUrl>#icon-seq2-1-431-1A237E-highlight</styleUrl>
      </Pair>
    </StyleMap>
    <Style id="icon-seq2-1-432-1A237E-normal">
      <IconStyle>
        <color>ff7e231a</color>
        <scale>1</scale>
        <Icon>
          <href>images/icon-433.png</href>
        </Icon>
      </IconStyle>
      <LabelStyle>
        <scale>0</scale>
      </LabelStyle>
    </Style>
    <Style id="icon-seq2-1-432-1A237E-highlight">
      <IconStyle>
        <color>ff7e231a</color>
        <scale>1</scale>
        <Icon>
          <href>images/icon-433.png</href>
        </Icon>
      </IconStyle>
      <LabelStyle>
        <scale>1</scale>
      </LabelStyle>
    </Style>
    <StyleMap id="icon-seq2-1-432-1A237E">
      <Pair>
        <key>normal</key>
        <styleUrl>#icon-seq2-1-432-1A237E-normal</styleUrl>
      </Pair>
      <Pair>
        <key>highlight</key>
        <styleUrl>#icon-seq2-1-432-1A237E-highlight</styleUrl>
      </Pair>
    </StyleMap>
    <Style id="icon-seq2-1-433-1A237E-normal">
      <IconStyle>
        <color>ff7e231a</color>
        <scale>1</scale>
        <Icon>
          <href>images/icon-434.png</href>
        </Icon>
      </IconStyle>
      <LabelStyle>
        <scale>0</scale>
      </LabelStyle>
    </Style>
    <Style id="icon-seq2-1-433-1A237E-highlight">
      <IconStyle>
        <color>ff7e231a</color>
        <scale>1</scale>
        <Icon>
          <href>images/icon-434.png</href>
        </Icon>
      </IconStyle>
      <LabelStyle>
        <scale>1</scale>
      </LabelStyle>
    </Style>
    <StyleMap id="icon-seq2-1-433-1A237E">
      <Pair>
        <key>normal</key>
        <styleUrl>#icon-seq2-1-433-1A237E-normal</styleUrl>
      </Pair>
      <Pair>
        <key>highlight</key>
        <styleUrl>#icon-seq2-1-433-1A237E-highlight</styleUrl>
      </Pair>
    </StyleMap>
    <Style id="icon-seq2-1-434-1A237E-normal">
      <IconStyle>
        <color>ff7e231a</color>
        <scale>1</scale>
        <Icon>
          <href>images/icon-435.png</href>
        </Icon>
      </IconStyle>
      <LabelStyle>
        <scale>0</scale>
      </LabelStyle>
    </Style>
    <Style id="icon-seq2-1-434-1A237E-highlight">
      <IconStyle>
        <color>ff7e231a</color>
        <scale>1</scale>
        <Icon>
          <href>images/icon-435.png</href>
        </Icon>
      </IconStyle>
      <LabelStyle>
        <scale>1</scale>
      </LabelStyle>
    </Style>
    <StyleMap id="icon-seq2-1-434-1A237E">
      <Pair>
        <key>normal</key>
        <styleUrl>#icon-seq2-1-434-1A237E-normal</styleUrl>
      </Pair>
      <Pair>
        <key>highlight</key>
        <styleUrl>#icon-seq2-1-434-1A237E-highlight</styleUrl>
      </Pair>
    </StyleMap>
    <Style id="icon-seq2-1-435-1A237E-normal">
      <IconStyle>
        <color>ff7e231a</color>
        <scale>1</scale>
        <Icon>
          <href>images/icon-436.png</href>
        </Icon>
      </IconStyle>
      <LabelStyle>
        <scale>0</scale>
      </LabelStyle>
    </Style>
    <Style id="icon-seq2-1-435-1A237E-highlight">
      <IconStyle>
        <color>ff7e231a</color>
        <scale>1</scale>
        <Icon>
          <href>images/icon-436.png</href>
        </Icon>
      </IconStyle>
      <LabelStyle>
        <scale>1</scale>
      </LabelStyle>
    </Style>
    <StyleMap id="icon-seq2-1-435-1A237E">
      <Pair>
        <key>normal</key>
        <styleUrl>#icon-seq2-1-435-1A237E-normal</styleUrl>
      </Pair>
      <Pair>
        <key>highlight</key>
        <styleUrl>#icon-seq2-1-435-1A237E-highlight</styleUrl>
      </Pair>
    </StyleMap>
    <Style id="icon-seq2-1-436-1A237E-normal">
      <IconStyle>
        <color>ff7e231a</color>
        <scale>1</scale>
        <Icon>
          <href>images/icon-437.png</href>
        </Icon>
      </IconStyle>
      <LabelStyle>
        <scale>0</scale>
      </LabelStyle>
    </Style>
    <Style id="icon-seq2-1-436-1A237E-highlight">
      <IconStyle>
        <color>ff7e231a</color>
        <scale>1</scale>
        <Icon>
          <href>images/icon-437.png</href>
        </Icon>
      </IconStyle>
      <LabelStyle>
        <scale>1</scale>
      </LabelStyle>
    </Style>
    <StyleMap id="icon-seq2-1-436-1A237E">
      <Pair>
        <key>normal</key>
        <styleUrl>#icon-seq2-1-436-1A237E-normal</styleUrl>
      </Pair>
      <Pair>
        <key>highlight</key>
        <styleUrl>#icon-seq2-1-436-1A237E-highlight</styleUrl>
      </Pair>
    </StyleMap>
    <Style id="icon-seq2-1-437-1A237E-normal">
      <IconStyle>
        <color>ff7e231a</color>
        <scale>1</scale>
        <Icon>
          <href>images/icon-438.png</href>
        </Icon>
      </IconStyle>
      <LabelStyle>
        <scale>0</scale>
      </LabelStyle>
    </Style>
    <Style id="icon-seq2-1-437-1A237E-highlight">
      <IconStyle>
        <color>ff7e231a</color>
        <scale>1</scale>
        <Icon>
          <href>images/icon-438.png</href>
        </Icon>
      </IconStyle>
      <LabelStyle>
        <scale>1</scale>
      </LabelStyle>
    </Style>
    <StyleMap id="icon-seq2-1-437-1A237E">
      <Pair>
        <key>normal</key>
        <styleUrl>#icon-seq2-1-437-1A237E-normal</styleUrl>
      </Pair>
      <Pair>
        <key>highlight</key>
        <styleUrl>#icon-seq2-1-437-1A237E-highlight</styleUrl>
      </Pair>
    </StyleMap>
    <Style id="icon-seq2-1-438-1A237E-normal">
      <IconStyle>
        <color>ff7e231a</color>
        <scale>1</scale>
        <Icon>
          <href>images/icon-439.png</href>
        </Icon>
      </IconStyle>
      <LabelStyle>
        <scale>0</scale>
      </LabelStyle>
    </Style>
    <Style id="icon-seq2-1-438-1A237E-highlight">
      <IconStyle>
        <color>ff7e231a</color>
        <scale>1</scale>
        <Icon>
          <href>images/icon-439.png</href>
        </Icon>
      </IconStyle>
      <LabelStyle>
        <scale>1</scale>
      </LabelStyle>
    </Style>
    <StyleMap id="icon-seq2-1-438-1A237E">
      <Pair>
        <key>normal</key>
        <styleUrl>#icon-seq2-1-438-1A237E-normal</styleUrl>
      </Pair>
      <Pair>
        <key>highlight</key>
        <styleUrl>#icon-seq2-1-438-1A237E-highlight</styleUrl>
      </Pair>
    </StyleMap>
    <Style id="icon-seq2-1-439-1A237E-normal">
      <IconStyle>
        <color>ff7e231a</color>
        <scale>1</scale>
        <Icon>
          <href>images/icon-440.png</href>
        </Icon>
      </IconStyle>
      <LabelStyle>
        <scale>0</scale>
      </LabelStyle>
    </Style>
    <Style id="icon-seq2-1-439-1A237E-highlight">
      <IconStyle>
        <color>ff7e231a</color>
        <scale>1</scale>
        <Icon>
          <href>images/icon-440.png</href>
        </Icon>
      </IconStyle>
      <LabelStyle>
        <scale>1</scale>
      </LabelStyle>
    </Style>
    <StyleMap id="icon-seq2-1-439-1A237E">
      <Pair>
        <key>normal</key>
        <styleUrl>#icon-seq2-1-439-1A237E-normal</styleUrl>
      </Pair>
      <Pair>
        <key>highlight</key>
        <styleUrl>#icon-seq2-1-439-1A237E-highlight</styleUrl>
      </Pair>
    </StyleMap>
    <Style id="icon-seq2-1-44-1A237E-normal">
      <IconStyle>
        <color>ff7e231a</color>
        <scale>1</scale>
        <Icon>
          <href>images/icon-45.png</href>
        </Icon>
      </IconStyle>
      <LabelStyle>
        <scale>0</scale>
      </LabelStyle>
    </Style>
    <Style id="icon-seq2-1-44-1A237E-highlight">
      <IconStyle>
        <color>ff7e231a</color>
        <scale>1</scale>
        <Icon>
          <href>images/icon-45.png</href>
        </Icon>
      </IconStyle>
      <LabelStyle>
        <scale>1</scale>
      </LabelStyle>
    </Style>
    <StyleMap id="icon-seq2-1-44-1A237E">
      <Pair>
        <key>normal</key>
        <styleUrl>#icon-seq2-1-44-1A237E-normal</styleUrl>
      </Pair>
      <Pair>
        <key>highlight</key>
        <styleUrl>#icon-seq2-1-44-1A237E-highlight</styleUrl>
      </Pair>
    </StyleMap>
    <Style id="icon-seq2-1-440-1A237E-normal">
      <IconStyle>
        <color>ff7e231a</color>
        <scale>1</scale>
        <Icon>
          <href>images/icon-441.png</href>
        </Icon>
      </IconStyle>
      <LabelStyle>
        <scale>0</scale>
      </LabelStyle>
    </Style>
    <Style id="icon-seq2-1-440-1A237E-highlight">
      <IconStyle>
        <color>ff7e231a</color>
        <scale>1</scale>
        <Icon>
          <href>images/icon-441.png</href>
        </Icon>
      </IconStyle>
      <LabelStyle>
        <scale>1</scale>
      </LabelStyle>
    </Style>
    <StyleMap id="icon-seq2-1-440-1A237E">
      <Pair>
        <key>normal</key>
        <styleUrl>#icon-seq2-1-440-1A237E-normal</styleUrl>
      </Pair>
      <Pair>
        <key>highlight</key>
        <styleUrl>#icon-seq2-1-440-1A237E-highlight</styleUrl>
      </Pair>
    </StyleMap>
    <Style id="icon-seq2-1-441-1A237E-normal">
      <IconStyle>
        <color>ff7e231a</color>
        <scale>1</scale>
        <Icon>
          <href>images/icon-442.png</href>
        </Icon>
      </IconStyle>
      <LabelStyle>
        <scale>0</scale>
      </LabelStyle>
    </Style>
    <Style id="icon-seq2-1-441-1A237E-highlight">
      <IconStyle>
        <color>ff7e231a</color>
        <scale>1</scale>
        <Icon>
          <href>images/icon-442.png</href>
        </Icon>
      </IconStyle>
      <LabelStyle>
        <scale>1</scale>
      </LabelStyle>
    </Style>
    <StyleMap id="icon-seq2-1-441-1A237E">
      <Pair>
        <key>normal</key>
        <styleUrl>#icon-seq2-1-441-1A237E-normal</styleUrl>
      </Pair>
      <Pair>
        <key>highlight</key>
        <styleUrl>#icon-seq2-1-441-1A237E-highlight</styleUrl>
      </Pair>
    </StyleMap>
    <Style id="icon-seq2-1-442-1A237E-normal">
      <IconStyle>
        <color>ff7e231a</color>
        <scale>1</scale>
        <Icon>
          <href>images/icon-443.png</href>
        </Icon>
      </IconStyle>
      <LabelStyle>
        <scale>0</scale>
      </LabelStyle>
    </Style>
    <Style id="icon-seq2-1-442-1A237E-highlight">
      <IconStyle>
        <color>ff7e231a</color>
        <scale>1</scale>
        <Icon>
          <href>images/icon-443.png</href>
        </Icon>
      </IconStyle>
      <LabelStyle>
        <scale>1</scale>
      </LabelStyle>
    </Style>
    <StyleMap id="icon-seq2-1-442-1A237E">
      <Pair>
        <key>normal</key>
        <styleUrl>#icon-seq2-1-442-1A237E-normal</styleUrl>
      </Pair>
      <Pair>
        <key>highlight</key>
        <styleUrl>#icon-seq2-1-442-1A237E-highlight</styleUrl>
      </Pair>
    </StyleMap>
    <Style id="icon-seq2-1-443-1A237E-normal">
      <IconStyle>
        <color>ff7e231a</color>
        <scale>1</scale>
        <Icon>
          <href>images/icon-444.png</href>
        </Icon>
      </IconStyle>
      <LabelStyle>
        <scale>0</scale>
      </LabelStyle>
    </Style>
    <Style id="icon-seq2-1-443-1A237E-highlight">
      <IconStyle>
        <color>ff7e231a</color>
        <scale>1</scale>
        <Icon>
          <href>images/icon-444.png</href>
        </Icon>
      </IconStyle>
      <LabelStyle>
        <scale>1</scale>
      </LabelStyle>
    </Style>
    <StyleMap id="icon-seq2-1-443-1A237E">
      <Pair>
        <key>normal</key>
        <styleUrl>#icon-seq2-1-443-1A237E-normal</styleUrl>
      </Pair>
      <Pair>
        <key>highlight</key>
        <styleUrl>#icon-seq2-1-443-1A237E-highlight</styleUrl>
      </Pair>
    </StyleMap>
    <Style id="icon-seq2-1-444-1A237E-normal">
      <IconStyle>
        <color>ff7e231a</color>
        <scale>1</scale>
        <Icon>
          <href>images/icon-445.png</href>
        </Icon>
      </IconStyle>
      <LabelStyle>
        <scale>0</scale>
      </LabelStyle>
    </Style>
    <Style id="icon-seq2-1-444-1A237E-highlight">
      <IconStyle>
        <color>ff7e231a</color>
        <scale>1</scale>
        <Icon>
          <href>images/icon-445.png</href>
        </Icon>
      </IconStyle>
      <LabelStyle>
        <scale>1</scale>
      </LabelStyle>
    </Style>
    <StyleMap id="icon-seq2-1-444-1A237E">
      <Pair>
        <key>normal</key>
        <styleUrl>#icon-seq2-1-444-1A237E-normal</styleUrl>
      </Pair>
      <Pair>
        <key>highlight</key>
        <styleUrl>#icon-seq2-1-444-1A237E-highlight</styleUrl>
      </Pair>
    </StyleMap>
    <Style id="icon-seq2-1-445-1A237E-normal">
      <IconStyle>
        <color>ff7e231a</color>
        <scale>1</scale>
        <Icon>
          <href>images/icon-446.png</href>
        </Icon>
      </IconStyle>
      <LabelStyle>
        <scale>0</scale>
      </LabelStyle>
    </Style>
    <Style id="icon-seq2-1-445-1A237E-highlight">
      <IconStyle>
        <color>ff7e231a</color>
        <scale>1</scale>
        <Icon>
          <href>images/icon-446.png</href>
        </Icon>
      </IconStyle>
      <LabelStyle>
        <scale>1</scale>
      </LabelStyle>
    </Style>
    <StyleMap id="icon-seq2-1-445-1A237E">
      <Pair>
        <key>normal</key>
        <styleUrl>#icon-seq2-1-445-1A237E-normal</styleUrl>
      </Pair>
      <Pair>
        <key>highlight</key>
        <styleUrl>#icon-seq2-1-445-1A237E-highlight</styleUrl>
      </Pair>
    </StyleMap>
    <Style id="icon-seq2-1-446-1A237E-normal">
      <IconStyle>
        <color>ff7e231a</color>
        <scale>1</scale>
        <Icon>
          <href>images/icon-447.png</href>
        </Icon>
      </IconStyle>
      <LabelStyle>
        <scale>0</scale>
      </LabelStyle>
    </Style>
    <Style id="icon-seq2-1-446-1A237E-highlight">
      <IconStyle>
        <color>ff7e231a</color>
        <scale>1</scale>
        <Icon>
          <href>images/icon-447.png</href>
        </Icon>
      </IconStyle>
      <LabelStyle>
        <scale>1</scale>
      </LabelStyle>
    </Style>
    <StyleMap id="icon-seq2-1-446-1A237E">
      <Pair>
        <key>normal</key>
        <styleUrl>#icon-seq2-1-446-1A237E-normal</styleUrl>
      </Pair>
      <Pair>
        <key>highlight</key>
        <styleUrl>#icon-seq2-1-446-1A237E-highlight</styleUrl>
      </Pair>
    </StyleMap>
    <Style id="icon-seq2-1-447-1A237E-normal">
      <IconStyle>
        <color>ff7e231a</color>
        <scale>1</scale>
        <Icon>
          <href>images/icon-448.png</href>
        </Icon>
      </IconStyle>
      <LabelStyle>
        <scale>0</scale>
      </LabelStyle>
    </Style>
    <Style id="icon-seq2-1-447-1A237E-highlight">
      <IconStyle>
        <color>ff7e231a</color>
        <scale>1</scale>
        <Icon>
          <href>images/icon-448.png</href>
        </Icon>
      </IconStyle>
      <LabelStyle>
        <scale>1</scale>
      </LabelStyle>
    </Style>
    <StyleMap id="icon-seq2-1-447-1A237E">
      <Pair>
        <key>normal</key>
        <styleUrl>#icon-seq2-1-447-1A237E-normal</styleUrl>
      </Pair>
      <Pair>
        <key>highlight</key>
        <styleUrl>#icon-seq2-1-447-1A237E-highlight</styleUrl>
      </Pair>
    </StyleMap>
    <Style id="icon-seq2-1-448-1A237E-normal">
      <IconStyle>
        <color>ff7e231a</color>
        <scale>1</scale>
        <Icon>
          <href>images/icon-449.png</href>
        </Icon>
      </IconStyle>
      <LabelStyle>
        <scale>0</scale>
      </LabelStyle>
    </Style>
    <Style id="icon-seq2-1-448-1A237E-highlight">
      <IconStyle>
        <color>ff7e231a</color>
        <scale>1</scale>
        <Icon>
          <href>images/icon-449.png</href>
        </Icon>
      </IconStyle>
      <LabelStyle>
        <scale>1</scale>
      </LabelStyle>
    </Style>
    <StyleMap id="icon-seq2-1-448-1A237E">
      <Pair>
        <key>normal</key>
        <styleUrl>#icon-seq2-1-448-1A237E-normal</styleUrl>
      </Pair>
      <Pair>
        <key>highlight</key>
        <styleUrl>#icon-seq2-1-448-1A237E-highlight</styleUrl>
      </Pair>
    </StyleMap>
    <Style id="icon-seq2-1-449-1A237E-normal">
      <IconStyle>
        <color>ff7e231a</color>
        <scale>1</scale>
        <Icon>
          <href>images/icon-450.png</href>
        </Icon>
      </IconStyle>
      <LabelStyle>
        <scale>0</scale>
      </LabelStyle>
    </Style>
    <Style id="icon-seq2-1-449-1A237E-highlight">
      <IconStyle>
        <color>ff7e231a</color>
        <scale>1</scale>
        <Icon>
          <href>images/icon-450.png</href>
        </Icon>
      </IconStyle>
      <LabelStyle>
        <scale>1</scale>
      </LabelStyle>
    </Style>
    <StyleMap id="icon-seq2-1-449-1A237E">
      <Pair>
        <key>normal</key>
        <styleUrl>#icon-seq2-1-449-1A237E-normal</styleUrl>
      </Pair>
      <Pair>
        <key>highlight</key>
        <styleUrl>#icon-seq2-1-449-1A237E-highlight</styleUrl>
      </Pair>
    </StyleMap>
    <Style id="icon-seq2-1-45-1A237E-normal">
      <IconStyle>
        <color>ff7e231a</color>
        <scale>1</scale>
        <Icon>
          <href>images/icon-46.png</href>
        </Icon>
      </IconStyle>
      <LabelStyle>
        <scale>0</scale>
      </LabelStyle>
    </Style>
    <Style id="icon-seq2-1-45-1A237E-highlight">
      <IconStyle>
        <color>ff7e231a</color>
        <scale>1</scale>
        <Icon>
          <href>images/icon-46.png</href>
        </Icon>
      </IconStyle>
      <LabelStyle>
        <scale>1</scale>
      </LabelStyle>
    </Style>
    <StyleMap id="icon-seq2-1-45-1A237E">
      <Pair>
        <key>normal</key>
        <styleUrl>#icon-seq2-1-45-1A237E-normal</styleUrl>
      </Pair>
      <Pair>
        <key>highlight</key>
        <styleUrl>#icon-seq2-1-45-1A237E-highlight</styleUrl>
      </Pair>
    </StyleMap>
    <Style id="icon-seq2-1-450-1A237E-normal">
      <IconStyle>
        <color>ff7e231a</color>
        <scale>1</scale>
        <Icon>
          <href>images/icon-451.png</href>
        </Icon>
      </IconStyle>
      <LabelStyle>
        <scale>0</scale>
      </LabelStyle>
    </Style>
    <Style id="icon-seq2-1-450-1A237E-highlight">
      <IconStyle>
        <color>ff7e231a</color>
        <scale>1</scale>
        <Icon>
          <href>images/icon-451.png</href>
        </Icon>
      </IconStyle>
      <LabelStyle>
        <scale>1</scale>
      </LabelStyle>
    </Style>
    <StyleMap id="icon-seq2-1-450-1A237E">
      <Pair>
        <key>normal</key>
        <styleUrl>#icon-seq2-1-450-1A237E-normal</styleUrl>
      </Pair>
      <Pair>
        <key>highlight</key>
        <styleUrl>#icon-seq2-1-450-1A237E-highlight</styleUrl>
      </Pair>
    </StyleMap>
    <Style id="icon-seq2-1-451-1A237E-normal">
      <IconStyle>
        <color>ff7e231a</color>
        <scale>1</scale>
        <Icon>
          <href>images/icon-452.png</href>
        </Icon>
      </IconStyle>
      <LabelStyle>
        <scale>0</scale>
      </LabelStyle>
    </Style>
    <Style id="icon-seq2-1-451-1A237E-highlight">
      <IconStyle>
        <color>ff7e231a</color>
        <scale>1</scale>
        <Icon>
          <href>images/icon-452.png</href>
        </Icon>
      </IconStyle>
      <LabelStyle>
        <scale>1</scale>
      </LabelStyle>
    </Style>
    <StyleMap id="icon-seq2-1-451-1A237E">
      <Pair>
        <key>normal</key>
        <styleUrl>#icon-seq2-1-451-1A237E-normal</styleUrl>
      </Pair>
      <Pair>
        <key>highlight</key>
        <styleUrl>#icon-seq2-1-451-1A237E-highlight</styleUrl>
      </Pair>
    </StyleMap>
    <Style id="icon-seq2-1-452-1A237E-normal">
      <IconStyle>
        <color>ff7e231a</color>
        <scale>1</scale>
        <Icon>
          <href>images/icon-453.png</href>
        </Icon>
      </IconStyle>
      <LabelStyle>
        <scale>0</scale>
      </LabelStyle>
    </Style>
    <Style id="icon-seq2-1-452-1A237E-highlight">
      <IconStyle>
        <color>ff7e231a</color>
        <scale>1</scale>
        <Icon>
          <href>images/icon-453.png</href>
        </Icon>
      </IconStyle>
      <LabelStyle>
        <scale>1</scale>
      </LabelStyle>
    </Style>
    <StyleMap id="icon-seq2-1-452-1A237E">
      <Pair>
        <key>normal</key>
        <styleUrl>#icon-seq2-1-452-1A237E-normal</styleUrl>
      </Pair>
      <Pair>
        <key>highlight</key>
        <styleUrl>#icon-seq2-1-452-1A237E-highlight</styleUrl>
      </Pair>
    </StyleMap>
    <Style id="icon-seq2-1-453-1A237E-normal">
      <IconStyle>
        <color>ff7e231a</color>
        <scale>1</scale>
        <Icon>
          <href>images/icon-454.png</href>
        </Icon>
      </IconStyle>
      <LabelStyle>
        <scale>0</scale>
      </LabelStyle>
    </Style>
    <Style id="icon-seq2-1-453-1A237E-highlight">
      <IconStyle>
        <color>ff7e231a</color>
        <scale>1</scale>
        <Icon>
          <href>images/icon-454.png</href>
        </Icon>
      </IconStyle>
      <LabelStyle>
        <scale>1</scale>
      </LabelStyle>
    </Style>
    <StyleMap id="icon-seq2-1-453-1A237E">
      <Pair>
        <key>normal</key>
        <styleUrl>#icon-seq2-1-453-1A237E-normal</styleUrl>
      </Pair>
      <Pair>
        <key>highlight</key>
        <styleUrl>#icon-seq2-1-453-1A237E-highlight</styleUrl>
      </Pair>
    </StyleMap>
    <Style id="icon-seq2-1-454-1A237E-normal">
      <IconStyle>
        <color>ff7e231a</color>
        <scale>1</scale>
        <Icon>
          <href>images/icon-455.png</href>
        </Icon>
      </IconStyle>
      <LabelStyle>
        <scale>0</scale>
      </LabelStyle>
    </Style>
    <Style id="icon-seq2-1-454-1A237E-highlight">
      <IconStyle>
        <color>ff7e231a</color>
        <scale>1</scale>
        <Icon>
          <href>images/icon-455.png</href>
        </Icon>
      </IconStyle>
      <LabelStyle>
        <scale>1</scale>
      </LabelStyle>
    </Style>
    <StyleMap id="icon-seq2-1-454-1A237E">
      <Pair>
        <key>normal</key>
        <styleUrl>#icon-seq2-1-454-1A237E-normal</styleUrl>
      </Pair>
      <Pair>
        <key>highlight</key>
        <styleUrl>#icon-seq2-1-454-1A237E-highlight</styleUrl>
      </Pair>
    </StyleMap>
    <Style id="icon-seq2-1-455-1A237E-normal">
      <IconStyle>
        <color>ff7e231a</color>
        <scale>1</scale>
        <Icon>
          <href>images/icon-456.png</href>
        </Icon>
      </IconStyle>
      <LabelStyle>
        <scale>0</scale>
      </LabelStyle>
    </Style>
    <Style id="icon-seq2-1-455-1A237E-highlight">
      <IconStyle>
        <color>ff7e231a</color>
        <scale>1</scale>
        <Icon>
          <href>images/icon-456.png</href>
        </Icon>
      </IconStyle>
      <LabelStyle>
        <scale>1</scale>
      </LabelStyle>
    </Style>
    <StyleMap id="icon-seq2-1-455-1A237E">
      <Pair>
        <key>normal</key>
        <styleUrl>#icon-seq2-1-455-1A237E-normal</styleUrl>
      </Pair>
      <Pair>
        <key>highlight</key>
        <styleUrl>#icon-seq2-1-455-1A237E-highlight</styleUrl>
      </Pair>
    </StyleMap>
    <Style id="icon-seq2-1-456-1A237E-normal">
      <IconStyle>
        <color>ff7e231a</color>
        <scale>1</scale>
        <Icon>
          <href>images/icon-457.png</href>
        </Icon>
      </IconStyle>
      <LabelStyle>
        <scale>0</scale>
      </LabelStyle>
    </Style>
    <Style id="icon-seq2-1-456-1A237E-highlight">
      <IconStyle>
        <color>ff7e231a</color>
        <scale>1</scale>
        <Icon>
          <href>images/icon-457.png</href>
        </Icon>
      </IconStyle>
      <LabelStyle>
        <scale>1</scale>
      </LabelStyle>
    </Style>
    <StyleMap id="icon-seq2-1-456-1A237E">
      <Pair>
        <key>normal</key>
        <styleUrl>#icon-seq2-1-456-1A237E-normal</styleUrl>
      </Pair>
      <Pair>
        <key>highlight</key>
        <styleUrl>#icon-seq2-1-456-1A237E-highlight</styleUrl>
      </Pair>
    </StyleMap>
    <Style id="icon-seq2-1-457-1A237E-normal">
      <IconStyle>
        <color>ff7e231a</color>
        <scale>1</scale>
        <Icon>
          <href>images/icon-458.png</href>
        </Icon>
      </IconStyle>
      <LabelStyle>
        <scale>0</scale>
      </LabelStyle>
    </Style>
    <Style id="icon-seq2-1-457-1A237E-highlight">
      <IconStyle>
        <color>ff7e231a</color>
        <scale>1</scale>
        <Icon>
          <href>images/icon-458.png</href>
        </Icon>
      </IconStyle>
      <LabelStyle>
        <scale>1</scale>
      </LabelStyle>
    </Style>
    <StyleMap id="icon-seq2-1-457-1A237E">
      <Pair>
        <key>normal</key>
        <styleUrl>#icon-seq2-1-457-1A237E-normal</styleUrl>
      </Pair>
      <Pair>
        <key>highlight</key>
        <styleUrl>#icon-seq2-1-457-1A237E-highlight</styleUrl>
      </Pair>
    </StyleMap>
    <Style id="icon-seq2-1-458-1A237E-normal">
      <IconStyle>
        <color>ff7e231a</color>
        <scale>1</scale>
        <Icon>
          <href>images/icon-459.png</href>
        </Icon>
      </IconStyle>
      <LabelStyle>
        <scale>0</scale>
      </LabelStyle>
    </Style>
    <Style id="icon-seq2-1-458-1A237E-highlight">
      <IconStyle>
        <color>ff7e231a</color>
        <scale>1</scale>
        <Icon>
          <href>images/icon-459.png</href>
        </Icon>
      </IconStyle>
      <LabelStyle>
        <scale>1</scale>
      </LabelStyle>
    </Style>
    <StyleMap id="icon-seq2-1-458-1A237E">
      <Pair>
        <key>normal</key>
        <styleUrl>#icon-seq2-1-458-1A237E-normal</styleUrl>
      </Pair>
      <Pair>
        <key>highlight</key>
        <styleUrl>#icon-seq2-1-458-1A237E-highlight</styleUrl>
      </Pair>
    </StyleMap>
    <Style id="icon-seq2-1-459-1A237E-normal">
      <IconStyle>
        <color>ff7e231a</color>
        <scale>1</scale>
        <Icon>
          <href>images/icon-460.png</href>
        </Icon>
      </IconStyle>
      <LabelStyle>
        <scale>0</scale>
      </LabelStyle>
    </Style>
    <Style id="icon-seq2-1-459-1A237E-highlight">
      <IconStyle>
        <color>ff7e231a</color>
        <scale>1</scale>
        <Icon>
          <href>images/icon-460.png</href>
        </Icon>
      </IconStyle>
      <LabelStyle>
        <scale>1</scale>
      </LabelStyle>
    </Style>
    <StyleMap id="icon-seq2-1-459-1A237E">
      <Pair>
        <key>normal</key>
        <styleUrl>#icon-seq2-1-459-1A237E-normal</styleUrl>
      </Pair>
      <Pair>
        <key>highlight</key>
        <styleUrl>#icon-seq2-1-459-1A237E-highlight</styleUrl>
      </Pair>
    </StyleMap>
    <Style id="icon-seq2-1-46-1A237E-normal">
      <IconStyle>
        <color>ff7e231a</color>
        <scale>1</scale>
        <Icon>
          <href>images/icon-47.png</href>
        </Icon>
      </IconStyle>
      <LabelStyle>
        <scale>0</scale>
      </LabelStyle>
    </Style>
    <Style id="icon-seq2-1-46-1A237E-highlight">
      <IconStyle>
        <color>ff7e231a</color>
        <scale>1</scale>
        <Icon>
          <href>images/icon-47.png</href>
        </Icon>
      </IconStyle>
      <LabelStyle>
        <scale>1</scale>
      </LabelStyle>
    </Style>
    <StyleMap id="icon-seq2-1-46-1A237E">
      <Pair>
        <key>normal</key>
        <styleUrl>#icon-seq2-1-46-1A237E-normal</styleUrl>
      </Pair>
      <Pair>
        <key>highlight</key>
        <styleUrl>#icon-seq2-1-46-1A237E-highlight</styleUrl>
      </Pair>
    </StyleMap>
    <Style id="icon-seq2-1-460-1A237E-normal">
      <IconStyle>
        <color>ff7e231a</color>
        <scale>1</scale>
        <Icon>
          <href>images/icon-461.png</href>
        </Icon>
      </IconStyle>
      <LabelStyle>
        <scale>0</scale>
      </LabelStyle>
    </Style>
    <Style id="icon-seq2-1-460-1A237E-highlight">
      <IconStyle>
        <color>ff7e231a</color>
        <scale>1</scale>
        <Icon>
          <href>images/icon-461.png</href>
        </Icon>
      </IconStyle>
      <LabelStyle>
        <scale>1</scale>
      </LabelStyle>
    </Style>
    <StyleMap id="icon-seq2-1-460-1A237E">
      <Pair>
        <key>normal</key>
        <styleUrl>#icon-seq2-1-460-1A237E-normal</styleUrl>
      </Pair>
      <Pair>
        <key>highlight</key>
        <styleUrl>#icon-seq2-1-460-1A237E-highlight</styleUrl>
      </Pair>
    </StyleMap>
    <Style id="icon-seq2-1-461-1A237E-normal">
      <IconStyle>
        <color>ff7e231a</color>
        <scale>1</scale>
        <Icon>
          <href>images/icon-462.png</href>
        </Icon>
      </IconStyle>
      <LabelStyle>
        <scale>0</scale>
      </LabelStyle>
    </Style>
    <Style id="icon-seq2-1-461-1A237E-highlight">
      <IconStyle>
        <color>ff7e231a</color>
        <scale>1</scale>
        <Icon>
          <href>images/icon-462.png</href>
        </Icon>
      </IconStyle>
      <LabelStyle>
        <scale>1</scale>
      </LabelStyle>
    </Style>
    <StyleMap id="icon-seq2-1-461-1A237E">
      <Pair>
        <key>normal</key>
        <styleUrl>#icon-seq2-1-461-1A237E-normal</styleUrl>
      </Pair>
      <Pair>
        <key>highlight</key>
        <styleUrl>#icon-seq2-1-461-1A237E-highlight</styleUrl>
      </Pair>
    </StyleMap>
    <Style id="icon-seq2-1-462-1A237E-normal">
      <IconStyle>
        <color>ff7e231a</color>
        <scale>1</scale>
        <Icon>
          <href>images/icon-463.png</href>
        </Icon>
      </IconStyle>
      <LabelStyle>
        <scale>0</scale>
      </LabelStyle>
    </Style>
    <Style id="icon-seq2-1-462-1A237E-highlight">
      <IconStyle>
        <color>ff7e231a</color>
        <scale>1</scale>
        <Icon>
          <href>images/icon-463.png</href>
        </Icon>
      </IconStyle>
      <LabelStyle>
        <scale>1</scale>
      </LabelStyle>
    </Style>
    <StyleMap id="icon-seq2-1-462-1A237E">
      <Pair>
        <key>normal</key>
        <styleUrl>#icon-seq2-1-462-1A237E-normal</styleUrl>
      </Pair>
      <Pair>
        <key>highlight</key>
        <styleUrl>#icon-seq2-1-462-1A237E-highlight</styleUrl>
      </Pair>
    </StyleMap>
    <Style id="icon-seq2-1-463-1A237E-normal">
      <IconStyle>
        <color>ff7e231a</color>
        <scale>1</scale>
        <Icon>
          <href>images/icon-464.png</href>
        </Icon>
      </IconStyle>
      <LabelStyle>
        <scale>0</scale>
      </LabelStyle>
    </Style>
    <Style id="icon-seq2-1-463-1A237E-highlight">
      <IconStyle>
        <color>ff7e231a</color>
        <scale>1</scale>
        <Icon>
          <href>images/icon-464.png</href>
        </Icon>
      </IconStyle>
      <LabelStyle>
        <scale>1</scale>
      </LabelStyle>
    </Style>
    <StyleMap id="icon-seq2-1-463-1A237E">
      <Pair>
        <key>normal</key>
        <styleUrl>#icon-seq2-1-463-1A237E-normal</styleUrl>
      </Pair>
      <Pair>
        <key>highlight</key>
        <styleUrl>#icon-seq2-1-463-1A237E-highlight</styleUrl>
      </Pair>
    </StyleMap>
    <Style id="icon-seq2-1-464-1A237E-normal">
      <IconStyle>
        <color>ff7e231a</color>
        <scale>1</scale>
        <Icon>
          <href>images/icon-465.png</href>
        </Icon>
      </IconStyle>
      <LabelStyle>
        <scale>0</scale>
      </LabelStyle>
    </Style>
    <Style id="icon-seq2-1-464-1A237E-highlight">
      <IconStyle>
        <color>ff7e231a</color>
        <scale>1</scale>
        <Icon>
          <href>images/icon-465.png</href>
        </Icon>
      </IconStyle>
      <LabelStyle>
        <scale>1</scale>
      </LabelStyle>
    </Style>
    <StyleMap id="icon-seq2-1-464-1A237E">
      <Pair>
        <key>normal</key>
        <styleUrl>#icon-seq2-1-464-1A237E-normal</styleUrl>
      </Pair>
      <Pair>
        <key>highlight</key>
        <styleUrl>#icon-seq2-1-464-1A237E-highlight</styleUrl>
      </Pair>
    </StyleMap>
    <Style id="icon-seq2-1-465-1A237E-normal">
      <IconStyle>
        <color>ff7e231a</color>
        <scale>1</scale>
        <Icon>
          <href>images/icon-466.png</href>
        </Icon>
      </IconStyle>
      <LabelStyle>
        <scale>0</scale>
      </LabelStyle>
    </Style>
    <Style id="icon-seq2-1-465-1A237E-highlight">
      <IconStyle>
        <color>ff7e231a</color>
        <scale>1</scale>
        <Icon>
          <href>images/icon-466.png</href>
        </Icon>
      </IconStyle>
      <LabelStyle>
        <scale>1</scale>
      </LabelStyle>
    </Style>
    <StyleMap id="icon-seq2-1-465-1A237E">
      <Pair>
        <key>normal</key>
        <styleUrl>#icon-seq2-1-465-1A237E-normal</styleUrl>
      </Pair>
      <Pair>
        <key>highlight</key>
        <styleUrl>#icon-seq2-1-465-1A237E-highlight</styleUrl>
      </Pair>
    </StyleMap>
    <Style id="icon-seq2-1-466-1A237E-normal">
      <IconStyle>
        <color>ff7e231a</color>
        <scale>1</scale>
        <Icon>
          <href>images/icon-467.png</href>
        </Icon>
      </IconStyle>
      <LabelStyle>
        <scale>0</scale>
      </LabelStyle>
    </Style>
    <Style id="icon-seq2-1-466-1A237E-highlight">
      <IconStyle>
        <color>ff7e231a</color>
        <scale>1</scale>
        <Icon>
          <href>images/icon-467.png</href>
        </Icon>
      </IconStyle>
      <LabelStyle>
        <scale>1</scale>
      </LabelStyle>
    </Style>
    <StyleMap id="icon-seq2-1-466-1A237E">
      <Pair>
        <key>normal</key>
        <styleUrl>#icon-seq2-1-466-1A237E-normal</styleUrl>
      </Pair>
      <Pair>
        <key>highlight</key>
        <styleUrl>#icon-seq2-1-466-1A237E-highlight</styleUrl>
      </Pair>
    </StyleMap>
    <Style id="icon-seq2-1-467-1A237E-normal">
      <IconStyle>
        <color>ff7e231a</color>
        <scale>1</scale>
        <Icon>
          <href>images/icon-468.png</href>
        </Icon>
      </IconStyle>
      <LabelStyle>
        <scale>0</scale>
      </LabelStyle>
    </Style>
    <Style id="icon-seq2-1-467-1A237E-highlight">
      <IconStyle>
        <color>ff7e231a</color>
        <scale>1</scale>
        <Icon>
          <href>images/icon-468.png</href>
        </Icon>
      </IconStyle>
      <LabelStyle>
        <scale>1</scale>
      </LabelStyle>
    </Style>
    <StyleMap id="icon-seq2-1-467-1A237E">
      <Pair>
        <key>normal</key>
        <styleUrl>#icon-seq2-1-467-1A237E-normal</styleUrl>
      </Pair>
      <Pair>
        <key>highlight</key>
        <styleUrl>#icon-seq2-1-467-1A237E-highlight</styleUrl>
      </Pair>
    </StyleMap>
    <Style id="icon-seq2-1-468-1A237E-normal">
      <IconStyle>
        <color>ff7e231a</color>
        <scale>1</scale>
        <Icon>
          <href>images/icon-469.png</href>
        </Icon>
      </IconStyle>
      <LabelStyle>
        <scale>0</scale>
      </LabelStyle>
    </Style>
    <Style id="icon-seq2-1-468-1A237E-highlight">
      <IconStyle>
        <color>ff7e231a</color>
        <scale>1</scale>
        <Icon>
          <href>images/icon-469.png</href>
        </Icon>
      </IconStyle>
      <LabelStyle>
        <scale>1</scale>
      </LabelStyle>
    </Style>
    <StyleMap id="icon-seq2-1-468-1A237E">
      <Pair>
        <key>normal</key>
        <styleUrl>#icon-seq2-1-468-1A237E-normal</styleUrl>
      </Pair>
      <Pair>
        <key>highlight</key>
        <styleUrl>#icon-seq2-1-468-1A237E-highlight</styleUrl>
      </Pair>
    </StyleMap>
    <Style id="icon-seq2-1-469-1A237E-normal">
      <IconStyle>
        <color>ff7e231a</color>
        <scale>1</scale>
        <Icon>
          <href>images/icon-470.png</href>
        </Icon>
      </IconStyle>
      <LabelStyle>
        <scale>0</scale>
      </LabelStyle>
    </Style>
    <Style id="icon-seq2-1-469-1A237E-highlight">
      <IconStyle>
        <color>ff7e231a</color>
        <scale>1</scale>
        <Icon>
          <href>images/icon-470.png</href>
        </Icon>
      </IconStyle>
      <LabelStyle>
        <scale>1</scale>
      </LabelStyle>
    </Style>
    <StyleMap id="icon-seq2-1-469-1A237E">
      <Pair>
        <key>normal</key>
        <styleUrl>#icon-seq2-1-469-1A237E-normal</styleUrl>
      </Pair>
      <Pair>
        <key>highlight</key>
        <styleUrl>#icon-seq2-1-469-1A237E-highlight</styleUrl>
      </Pair>
    </StyleMap>
    <Style id="icon-seq2-1-47-1A237E-normal">
      <IconStyle>
        <color>ff7e231a</color>
        <scale>1</scale>
        <Icon>
          <href>images/icon-48.png</href>
        </Icon>
      </IconStyle>
      <LabelStyle>
        <scale>0</scale>
      </LabelStyle>
    </Style>
    <Style id="icon-seq2-1-47-1A237E-highlight">
      <IconStyle>
        <color>ff7e231a</color>
        <scale>1</scale>
        <Icon>
          <href>images/icon-48.png</href>
        </Icon>
      </IconStyle>
      <LabelStyle>
        <scale>1</scale>
      </LabelStyle>
    </Style>
    <StyleMap id="icon-seq2-1-47-1A237E">
      <Pair>
        <key>normal</key>
        <styleUrl>#icon-seq2-1-47-1A237E-normal</styleUrl>
      </Pair>
      <Pair>
        <key>highlight</key>
        <styleUrl>#icon-seq2-1-47-1A237E-highlight</styleUrl>
      </Pair>
    </StyleMap>
    <Style id="icon-seq2-1-470-1A237E-normal">
      <IconStyle>
        <color>ff7e231a</color>
        <scale>1</scale>
        <Icon>
          <href>images/icon-471.png</href>
        </Icon>
      </IconStyle>
      <LabelStyle>
        <scale>0</scale>
      </LabelStyle>
    </Style>
    <Style id="icon-seq2-1-470-1A237E-highlight">
      <IconStyle>
        <color>ff7e231a</color>
        <scale>1</scale>
        <Icon>
          <href>images/icon-471.png</href>
        </Icon>
      </IconStyle>
      <LabelStyle>
        <scale>1</scale>
      </LabelStyle>
    </Style>
    <StyleMap id="icon-seq2-1-470-1A237E">
      <Pair>
        <key>normal</key>
        <styleUrl>#icon-seq2-1-470-1A237E-normal</styleUrl>
      </Pair>
      <Pair>
        <key>highlight</key>
        <styleUrl>#icon-seq2-1-470-1A237E-highlight</styleUrl>
      </Pair>
    </StyleMap>
    <Style id="icon-seq2-1-471-1A237E-normal">
      <IconStyle>
        <color>ff7e231a</color>
        <scale>1</scale>
        <Icon>
          <href>images/icon-472.png</href>
        </Icon>
      </IconStyle>
      <LabelStyle>
        <scale>0</scale>
      </LabelStyle>
    </Style>
    <Style id="icon-seq2-1-471-1A237E-highlight">
      <IconStyle>
        <color>ff7e231a</color>
        <scale>1</scale>
        <Icon>
          <href>images/icon-472.png</href>
        </Icon>
      </IconStyle>
      <LabelStyle>
        <scale>1</scale>
      </LabelStyle>
    </Style>
    <StyleMap id="icon-seq2-1-471-1A237E">
      <Pair>
        <key>normal</key>
        <styleUrl>#icon-seq2-1-471-1A237E-normal</styleUrl>
      </Pair>
      <Pair>
        <key>highlight</key>
        <styleUrl>#icon-seq2-1-471-1A237E-highlight</styleUrl>
      </Pair>
    </StyleMap>
    <Style id="icon-seq2-1-472-1A237E-normal">
      <IconStyle>
        <color>ff7e231a</color>
        <scale>1</scale>
        <Icon>
          <href>images/icon-473.png</href>
        </Icon>
      </IconStyle>
      <LabelStyle>
        <scale>0</scale>
      </LabelStyle>
    </Style>
    <Style id="icon-seq2-1-472-1A237E-highlight">
      <IconStyle>
        <color>ff7e231a</color>
        <scale>1</scale>
        <Icon>
          <href>images/icon-473.png</href>
        </Icon>
      </IconStyle>
      <LabelStyle>
        <scale>1</scale>
      </LabelStyle>
    </Style>
    <StyleMap id="icon-seq2-1-472-1A237E">
      <Pair>
        <key>normal</key>
        <styleUrl>#icon-seq2-1-472-1A237E-normal</styleUrl>
      </Pair>
      <Pair>
        <key>highlight</key>
        <styleUrl>#icon-seq2-1-472-1A237E-highlight</styleUrl>
      </Pair>
    </StyleMap>
    <Style id="icon-seq2-1-473-1A237E-normal">
      <IconStyle>
        <color>ff7e231a</color>
        <scale>1</scale>
        <Icon>
          <href>images/icon-474.png</href>
        </Icon>
      </IconStyle>
      <LabelStyle>
        <scale>0</scale>
      </LabelStyle>
    </Style>
    <Style id="icon-seq2-1-473-1A237E-highlight">
      <IconStyle>
        <color>ff7e231a</color>
        <scale>1</scale>
        <Icon>
          <href>images/icon-474.png</href>
        </Icon>
      </IconStyle>
      <LabelStyle>
        <scale>1</scale>
      </LabelStyle>
    </Style>
    <StyleMap id="icon-seq2-1-473-1A237E">
      <Pair>
        <key>normal</key>
        <styleUrl>#icon-seq2-1-473-1A237E-normal</styleUrl>
      </Pair>
      <Pair>
        <key>highlight</key>
        <styleUrl>#icon-seq2-1-473-1A237E-highlight</styleUrl>
      </Pair>
    </StyleMap>
    <Style id="icon-seq2-1-474-1A237E-normal">
      <IconStyle>
        <color>ff7e231a</color>
        <scale>1</scale>
        <Icon>
          <href>images/icon-475.png</href>
        </Icon>
      </IconStyle>
      <LabelStyle>
        <scale>0</scale>
      </LabelStyle>
    </Style>
    <Style id="icon-seq2-1-474-1A237E-highlight">
      <IconStyle>
        <color>ff7e231a</color>
        <scale>1</scale>
        <Icon>
          <href>images/icon-475.png</href>
        </Icon>
      </IconStyle>
      <LabelStyle>
        <scale>1</scale>
      </LabelStyle>
    </Style>
    <StyleMap id="icon-seq2-1-474-1A237E">
      <Pair>
        <key>normal</key>
        <styleUrl>#icon-seq2-1-474-1A237E-normal</styleUrl>
      </Pair>
      <Pair>
        <key>highlight</key>
        <styleUrl>#icon-seq2-1-474-1A237E-highlight</styleUrl>
      </Pair>
    </StyleMap>
    <Style id="icon-seq2-1-475-1A237E-normal">
      <IconStyle>
        <color>ff7e231a</color>
        <scale>1</scale>
        <Icon>
          <href>images/icon-476.png</href>
        </Icon>
      </IconStyle>
      <LabelStyle>
        <scale>0</scale>
      </LabelStyle>
    </Style>
    <Style id="icon-seq2-1-475-1A237E-highlight">
      <IconStyle>
        <color>ff7e231a</color>
        <scale>1</scale>
        <Icon>
          <href>images/icon-476.png</href>
        </Icon>
      </IconStyle>
      <LabelStyle>
        <scale>1</scale>
      </LabelStyle>
    </Style>
    <StyleMap id="icon-seq2-1-475-1A237E">
      <Pair>
        <key>normal</key>
        <styleUrl>#icon-seq2-1-475-1A237E-normal</styleUrl>
      </Pair>
      <Pair>
        <key>highlight</key>
        <styleUrl>#icon-seq2-1-475-1A237E-highlight</styleUrl>
      </Pair>
    </StyleMap>
    <Style id="icon-seq2-1-476-1A237E-normal">
      <IconStyle>
        <color>ff7e231a</color>
        <scale>1</scale>
        <Icon>
          <href>images/icon-477.png</href>
        </Icon>
      </IconStyle>
      <LabelStyle>
        <scale>0</scale>
      </LabelStyle>
    </Style>
    <Style id="icon-seq2-1-476-1A237E-highlight">
      <IconStyle>
        <color>ff7e231a</color>
        <scale>1</scale>
        <Icon>
          <href>images/icon-477.png</href>
        </Icon>
      </IconStyle>
      <LabelStyle>
        <scale>1</scale>
      </LabelStyle>
    </Style>
    <StyleMap id="icon-seq2-1-476-1A237E">
      <Pair>
        <key>normal</key>
        <styleUrl>#icon-seq2-1-476-1A237E-normal</styleUrl>
      </Pair>
      <Pair>
        <key>highlight</key>
        <styleUrl>#icon-seq2-1-476-1A237E-highlight</styleUrl>
      </Pair>
    </StyleMap>
    <Style id="icon-seq2-1-477-1A237E-normal">
      <IconStyle>
        <color>ff7e231a</color>
        <scale>1</scale>
        <Icon>
          <href>images/icon-478.png</href>
        </Icon>
      </IconStyle>
      <LabelStyle>
        <scale>0</scale>
      </LabelStyle>
    </Style>
    <Style id="icon-seq2-1-477-1A237E-highlight">
      <IconStyle>
        <color>ff7e231a</color>
        <scale>1</scale>
        <Icon>
          <href>images/icon-478.png</href>
        </Icon>
      </IconStyle>
      <LabelStyle>
        <scale>1</scale>
      </LabelStyle>
    </Style>
    <StyleMap id="icon-seq2-1-477-1A237E">
      <Pair>
        <key>normal</key>
        <styleUrl>#icon-seq2-1-477-1A237E-normal</styleUrl>
      </Pair>
      <Pair>
        <key>highlight</key>
        <styleUrl>#icon-seq2-1-477-1A237E-highlight</styleUrl>
      </Pair>
    </StyleMap>
    <Style id="icon-seq2-1-478-1A237E-normal">
      <IconStyle>
        <color>ff7e231a</color>
        <scale>1</scale>
        <Icon>
          <href>images/icon-479.png</href>
        </Icon>
      </IconStyle>
      <LabelStyle>
        <scale>0</scale>
      </LabelStyle>
    </Style>
    <Style id="icon-seq2-1-478-1A237E-highlight">
      <IconStyle>
        <color>ff7e231a</color>
        <scale>1</scale>
        <Icon>
          <href>images/icon-479.png</href>
        </Icon>
      </IconStyle>
      <LabelStyle>
        <scale>1</scale>
      </LabelStyle>
    </Style>
    <StyleMap id="icon-seq2-1-478-1A237E">
      <Pair>
        <key>normal</key>
        <styleUrl>#icon-seq2-1-478-1A237E-normal</styleUrl>
      </Pair>
      <Pair>
        <key>highlight</key>
        <styleUrl>#icon-seq2-1-478-1A237E-highlight</styleUrl>
      </Pair>
    </StyleMap>
    <Style id="icon-seq2-1-479-1A237E-normal">
      <IconStyle>
        <color>ff7e231a</color>
        <scale>1</scale>
        <Icon>
          <href>images/icon-480.png</href>
        </Icon>
      </IconStyle>
      <LabelStyle>
        <scale>0</scale>
      </LabelStyle>
    </Style>
    <Style id="icon-seq2-1-479-1A237E-highlight">
      <IconStyle>
        <color>ff7e231a</color>
        <scale>1</scale>
        <Icon>
          <href>images/icon-480.png</href>
        </Icon>
      </IconStyle>
      <LabelStyle>
        <scale>1</scale>
      </LabelStyle>
    </Style>
    <StyleMap id="icon-seq2-1-479-1A237E">
      <Pair>
        <key>normal</key>
        <styleUrl>#icon-seq2-1-479-1A237E-normal</styleUrl>
      </Pair>
      <Pair>
        <key>highlight</key>
        <styleUrl>#icon-seq2-1-479-1A237E-highlight</styleUrl>
      </Pair>
    </StyleMap>
    <Style id="icon-seq2-1-48-1A237E-normal">
      <IconStyle>
        <color>ff7e231a</color>
        <scale>1</scale>
        <Icon>
          <href>images/icon-49.png</href>
        </Icon>
      </IconStyle>
      <LabelStyle>
        <scale>0</scale>
      </LabelStyle>
    </Style>
    <Style id="icon-seq2-1-48-1A237E-highlight">
      <IconStyle>
        <color>ff7e231a</color>
        <scale>1</scale>
        <Icon>
          <href>images/icon-49.png</href>
        </Icon>
      </IconStyle>
      <LabelStyle>
        <scale>1</scale>
      </LabelStyle>
    </Style>
    <StyleMap id="icon-seq2-1-48-1A237E">
      <Pair>
        <key>normal</key>
        <styleUrl>#icon-seq2-1-48-1A237E-normal</styleUrl>
      </Pair>
      <Pair>
        <key>highlight</key>
        <styleUrl>#icon-seq2-1-48-1A237E-highlight</styleUrl>
      </Pair>
    </StyleMap>
    <Style id="icon-seq2-1-480-1A237E-normal">
      <IconStyle>
        <color>ff7e231a</color>
        <scale>1</scale>
        <Icon>
          <href>images/icon-481.png</href>
        </Icon>
      </IconStyle>
      <LabelStyle>
        <scale>0</scale>
      </LabelStyle>
    </Style>
    <Style id="icon-seq2-1-480-1A237E-highlight">
      <IconStyle>
        <color>ff7e231a</color>
        <scale>1</scale>
        <Icon>
          <href>images/icon-481.png</href>
        </Icon>
      </IconStyle>
      <LabelStyle>
        <scale>1</scale>
      </LabelStyle>
    </Style>
    <StyleMap id="icon-seq2-1-480-1A237E">
      <Pair>
        <key>normal</key>
        <styleUrl>#icon-seq2-1-480-1A237E-normal</styleUrl>
      </Pair>
      <Pair>
        <key>highlight</key>
        <styleUrl>#icon-seq2-1-480-1A237E-highlight</styleUrl>
      </Pair>
    </StyleMap>
    <Style id="icon-seq2-1-481-1A237E-normal">
      <IconStyle>
        <color>ff7e231a</color>
        <scale>1</scale>
        <Icon>
          <href>images/icon-482.png</href>
        </Icon>
      </IconStyle>
      <LabelStyle>
        <scale>0</scale>
      </LabelStyle>
    </Style>
    <Style id="icon-seq2-1-481-1A237E-highlight">
      <IconStyle>
        <color>ff7e231a</color>
        <scale>1</scale>
        <Icon>
          <href>images/icon-482.png</href>
        </Icon>
      </IconStyle>
      <LabelStyle>
        <scale>1</scale>
      </LabelStyle>
    </Style>
    <StyleMap id="icon-seq2-1-481-1A237E">
      <Pair>
        <key>normal</key>
        <styleUrl>#icon-seq2-1-481-1A237E-normal</styleUrl>
      </Pair>
      <Pair>
        <key>highlight</key>
        <styleUrl>#icon-seq2-1-481-1A237E-highlight</styleUrl>
      </Pair>
    </StyleMap>
    <Style id="icon-seq2-1-482-1A237E-normal">
      <IconStyle>
        <color>ff7e231a</color>
        <scale>1</scale>
        <Icon>
          <href>images/icon-483.png</href>
        </Icon>
      </IconStyle>
      <LabelStyle>
        <scale>0</scale>
      </LabelStyle>
    </Style>
    <Style id="icon-seq2-1-482-1A237E-highlight">
      <IconStyle>
        <color>ff7e231a</color>
        <scale>1</scale>
        <Icon>
          <href>images/icon-483.png</href>
        </Icon>
      </IconStyle>
      <LabelStyle>
        <scale>1</scale>
      </LabelStyle>
    </Style>
    <StyleMap id="icon-seq2-1-482-1A237E">
      <Pair>
        <key>normal</key>
        <styleUrl>#icon-seq2-1-482-1A237E-normal</styleUrl>
      </Pair>
      <Pair>
        <key>highlight</key>
        <styleUrl>#icon-seq2-1-482-1A237E-highlight</styleUrl>
      </Pair>
    </StyleMap>
    <Style id="icon-seq2-1-483-1A237E-normal">
      <IconStyle>
        <color>ff7e231a</color>
        <scale>1</scale>
        <Icon>
          <href>images/icon-484.png</href>
        </Icon>
      </IconStyle>
      <LabelStyle>
        <scale>0</scale>
      </LabelStyle>
    </Style>
    <Style id="icon-seq2-1-483-1A237E-highlight">
      <IconStyle>
        <color>ff7e231a</color>
        <scale>1</scale>
        <Icon>
          <href>images/icon-484.png</href>
        </Icon>
      </IconStyle>
      <LabelStyle>
        <scale>1</scale>
      </LabelStyle>
    </Style>
    <StyleMap id="icon-seq2-1-483-1A237E">
      <Pair>
        <key>normal</key>
        <styleUrl>#icon-seq2-1-483-1A237E-normal</styleUrl>
      </Pair>
      <Pair>
        <key>highlight</key>
        <styleUrl>#icon-seq2-1-483-1A237E-highlight</styleUrl>
      </Pair>
    </StyleMap>
    <Style id="icon-seq2-1-484-1A237E-normal">
      <IconStyle>
        <color>ff7e231a</color>
        <scale>1</scale>
        <Icon>
          <href>images/icon-485.png</href>
        </Icon>
      </IconStyle>
      <LabelStyle>
        <scale>0</scale>
      </LabelStyle>
    </Style>
    <Style id="icon-seq2-1-484-1A237E-highlight">
      <IconStyle>
        <color>ff7e231a</color>
        <scale>1</scale>
        <Icon>
          <href>images/icon-485.png</href>
        </Icon>
      </IconStyle>
      <LabelStyle>
        <scale>1</scale>
      </LabelStyle>
    </Style>
    <StyleMap id="icon-seq2-1-484-1A237E">
      <Pair>
        <key>normal</key>
        <styleUrl>#icon-seq2-1-484-1A237E-normal</styleUrl>
      </Pair>
      <Pair>
        <key>highlight</key>
        <styleUrl>#icon-seq2-1-484-1A237E-highlight</styleUrl>
      </Pair>
    </StyleMap>
    <Style id="icon-seq2-1-485-1A237E-normal">
      <IconStyle>
        <color>ff7e231a</color>
        <scale>1</scale>
        <Icon>
          <href>images/icon-486.png</href>
        </Icon>
      </IconStyle>
      <LabelStyle>
        <scale>0</scale>
      </LabelStyle>
    </Style>
    <Style id="icon-seq2-1-485-1A237E-highlight">
      <IconStyle>
        <color>ff7e231a</color>
        <scale>1</scale>
        <Icon>
          <href>images/icon-486.png</href>
        </Icon>
      </IconStyle>
      <LabelStyle>
        <scale>1</scale>
      </LabelStyle>
    </Style>
    <StyleMap id="icon-seq2-1-485-1A237E">
      <Pair>
        <key>normal</key>
        <styleUrl>#icon-seq2-1-485-1A237E-normal</styleUrl>
      </Pair>
      <Pair>
        <key>highlight</key>
        <styleUrl>#icon-seq2-1-485-1A237E-highlight</styleUrl>
      </Pair>
    </StyleMap>
    <Style id="icon-seq2-1-486-1A237E-normal">
      <IconStyle>
        <color>ff7e231a</color>
        <scale>1</scale>
        <Icon>
          <href>images/icon-487.png</href>
        </Icon>
      </IconStyle>
      <LabelStyle>
        <scale>0</scale>
      </LabelStyle>
    </Style>
    <Style id="icon-seq2-1-486-1A237E-highlight">
      <IconStyle>
        <color>ff7e231a</color>
        <scale>1</scale>
        <Icon>
          <href>images/icon-487.png</href>
        </Icon>
      </IconStyle>
      <LabelStyle>
        <scale>1</scale>
      </LabelStyle>
    </Style>
    <StyleMap id="icon-seq2-1-486-1A237E">
      <Pair>
        <key>normal</key>
        <styleUrl>#icon-seq2-1-486-1A237E-normal</styleUrl>
      </Pair>
      <Pair>
        <key>highlight</key>
        <styleUrl>#icon-seq2-1-486-1A237E-highlight</styleUrl>
      </Pair>
    </StyleMap>
    <Style id="icon-seq2-1-487-1A237E-normal">
      <IconStyle>
        <color>ff7e231a</color>
        <scale>1</scale>
        <Icon>
          <href>images/icon-488.png</href>
        </Icon>
      </IconStyle>
      <LabelStyle>
        <scale>0</scale>
      </LabelStyle>
    </Style>
    <Style id="icon-seq2-1-487-1A237E-highlight">
      <IconStyle>
        <color>ff7e231a</color>
        <scale>1</scale>
        <Icon>
          <href>images/icon-488.png</href>
        </Icon>
      </IconStyle>
      <LabelStyle>
        <scale>1</scale>
      </LabelStyle>
    </Style>
    <StyleMap id="icon-seq2-1-487-1A237E">
      <Pair>
        <key>normal</key>
        <styleUrl>#icon-seq2-1-487-1A237E-normal</styleUrl>
      </Pair>
      <Pair>
        <key>highlight</key>
        <styleUrl>#icon-seq2-1-487-1A237E-highlight</styleUrl>
      </Pair>
    </StyleMap>
    <Style id="icon-seq2-1-488-1A237E-normal">
      <IconStyle>
        <color>ff7e231a</color>
        <scale>1</scale>
        <Icon>
          <href>images/icon-489.png</href>
        </Icon>
      </IconStyle>
      <LabelStyle>
        <scale>0</scale>
      </LabelStyle>
    </Style>
    <Style id="icon-seq2-1-488-1A237E-highlight">
      <IconStyle>
        <color>ff7e231a</color>
        <scale>1</scale>
        <Icon>
          <href>images/icon-489.png</href>
        </Icon>
      </IconStyle>
      <LabelStyle>
        <scale>1</scale>
      </LabelStyle>
    </Style>
    <StyleMap id="icon-seq2-1-488-1A237E">
      <Pair>
        <key>normal</key>
        <styleUrl>#icon-seq2-1-488-1A237E-normal</styleUrl>
      </Pair>
      <Pair>
        <key>highlight</key>
        <styleUrl>#icon-seq2-1-488-1A237E-highlight</styleUrl>
      </Pair>
    </StyleMap>
    <Style id="icon-seq2-1-489-1A237E-normal">
      <IconStyle>
        <color>ff7e231a</color>
        <scale>1</scale>
        <Icon>
          <href>images/icon-490.png</href>
        </Icon>
      </IconStyle>
      <LabelStyle>
        <scale>0</scale>
      </LabelStyle>
    </Style>
    <Style id="icon-seq2-1-489-1A237E-highlight">
      <IconStyle>
        <color>ff7e231a</color>
        <scale>1</scale>
        <Icon>
          <href>images/icon-490.png</href>
        </Icon>
      </IconStyle>
      <LabelStyle>
        <scale>1</scale>
      </LabelStyle>
    </Style>
    <StyleMap id="icon-seq2-1-489-1A237E">
      <Pair>
        <key>normal</key>
        <styleUrl>#icon-seq2-1-489-1A237E-normal</styleUrl>
      </Pair>
      <Pair>
        <key>highlight</key>
        <styleUrl>#icon-seq2-1-489-1A237E-highlight</styleUrl>
      </Pair>
    </StyleMap>
    <Style id="icon-seq2-1-49-1A237E-normal">
      <IconStyle>
        <color>ff7e231a</color>
        <scale>1</scale>
        <Icon>
          <href>images/icon-50.png</href>
        </Icon>
      </IconStyle>
      <LabelStyle>
        <scale>0</scale>
      </LabelStyle>
    </Style>
    <Style id="icon-seq2-1-49-1A237E-highlight">
      <IconStyle>
        <color>ff7e231a</color>
        <scale>1</scale>
        <Icon>
          <href>images/icon-50.png</href>
        </Icon>
      </IconStyle>
      <LabelStyle>
        <scale>1</scale>
      </LabelStyle>
    </Style>
    <StyleMap id="icon-seq2-1-49-1A237E">
      <Pair>
        <key>normal</key>
        <styleUrl>#icon-seq2-1-49-1A237E-normal</styleUrl>
      </Pair>
      <Pair>
        <key>highlight</key>
        <styleUrl>#icon-seq2-1-49-1A237E-highlight</styleUrl>
      </Pair>
    </StyleMap>
    <Style id="icon-seq2-1-490-1A237E-normal">
      <IconStyle>
        <color>ff7e231a</color>
        <scale>1</scale>
        <Icon>
          <href>images/icon-491.png</href>
        </Icon>
      </IconStyle>
      <LabelStyle>
        <scale>0</scale>
      </LabelStyle>
    </Style>
    <Style id="icon-seq2-1-490-1A237E-highlight">
      <IconStyle>
        <color>ff7e231a</color>
        <scale>1</scale>
        <Icon>
          <href>images/icon-491.png</href>
        </Icon>
      </IconStyle>
      <LabelStyle>
        <scale>1</scale>
      </LabelStyle>
    </Style>
    <StyleMap id="icon-seq2-1-490-1A237E">
      <Pair>
        <key>normal</key>
        <styleUrl>#icon-seq2-1-490-1A237E-normal</styleUrl>
      </Pair>
      <Pair>
        <key>highlight</key>
        <styleUrl>#icon-seq2-1-490-1A237E-highlight</styleUrl>
      </Pair>
    </StyleMap>
    <Style id="icon-seq2-1-491-1A237E-normal">
      <IconStyle>
        <color>ff7e231a</color>
        <scale>1</scale>
        <Icon>
          <href>images/icon-492.png</href>
        </Icon>
      </IconStyle>
      <LabelStyle>
        <scale>0</scale>
      </LabelStyle>
    </Style>
    <Style id="icon-seq2-1-491-1A237E-highlight">
      <IconStyle>
        <color>ff7e231a</color>
        <scale>1</scale>
        <Icon>
          <href>images/icon-492.png</href>
        </Icon>
      </IconStyle>
      <LabelStyle>
        <scale>1</scale>
      </LabelStyle>
    </Style>
    <StyleMap id="icon-seq2-1-491-1A237E">
      <Pair>
        <key>normal</key>
        <styleUrl>#icon-seq2-1-491-1A237E-normal</styleUrl>
      </Pair>
      <Pair>
        <key>highlight</key>
        <styleUrl>#icon-seq2-1-491-1A237E-highlight</styleUrl>
      </Pair>
    </StyleMap>
    <Style id="icon-seq2-1-492-1A237E-normal">
      <IconStyle>
        <color>ff7e231a</color>
        <scale>1</scale>
        <Icon>
          <href>images/icon-493.png</href>
        </Icon>
      </IconStyle>
      <LabelStyle>
        <scale>0</scale>
      </LabelStyle>
    </Style>
    <Style id="icon-seq2-1-492-1A237E-highlight">
      <IconStyle>
        <color>ff7e231a</color>
        <scale>1</scale>
        <Icon>
          <href>images/icon-493.png</href>
        </Icon>
      </IconStyle>
      <LabelStyle>
        <scale>1</scale>
      </LabelStyle>
    </Style>
    <StyleMap id="icon-seq2-1-492-1A237E">
      <Pair>
        <key>normal</key>
        <styleUrl>#icon-seq2-1-492-1A237E-normal</styleUrl>
      </Pair>
      <Pair>
        <key>highlight</key>
        <styleUrl>#icon-seq2-1-492-1A237E-highlight</styleUrl>
      </Pair>
    </StyleMap>
    <Style id="icon-seq2-1-493-1A237E-normal">
      <IconStyle>
        <color>ff7e231a</color>
        <scale>1</scale>
        <Icon>
          <href>images/icon-494.png</href>
        </Icon>
      </IconStyle>
      <LabelStyle>
        <scale>0</scale>
      </LabelStyle>
    </Style>
    <Style id="icon-seq2-1-493-1A237E-highlight">
      <IconStyle>
        <color>ff7e231a</color>
        <scale>1</scale>
        <Icon>
          <href>images/icon-494.png</href>
        </Icon>
      </IconStyle>
      <LabelStyle>
        <scale>1</scale>
      </LabelStyle>
    </Style>
    <StyleMap id="icon-seq2-1-493-1A237E">
      <Pair>
        <key>normal</key>
        <styleUrl>#icon-seq2-1-493-1A237E-normal</styleUrl>
      </Pair>
      <Pair>
        <key>highlight</key>
        <styleUrl>#icon-seq2-1-493-1A237E-highlight</styleUrl>
      </Pair>
    </StyleMap>
    <Style id="icon-seq2-1-494-1A237E-normal">
      <IconStyle>
        <color>ff7e231a</color>
        <scale>1</scale>
        <Icon>
          <href>images/icon-495.png</href>
        </Icon>
      </IconStyle>
      <LabelStyle>
        <scale>0</scale>
      </LabelStyle>
    </Style>
    <Style id="icon-seq2-1-494-1A237E-highlight">
      <IconStyle>
        <color>ff7e231a</color>
        <scale>1</scale>
        <Icon>
          <href>images/icon-495.png</href>
        </Icon>
      </IconStyle>
      <LabelStyle>
        <scale>1</scale>
      </LabelStyle>
    </Style>
    <StyleMap id="icon-seq2-1-494-1A237E">
      <Pair>
        <key>normal</key>
        <styleUrl>#icon-seq2-1-494-1A237E-normal</styleUrl>
      </Pair>
      <Pair>
        <key>highlight</key>
        <styleUrl>#icon-seq2-1-494-1A237E-highlight</styleUrl>
      </Pair>
    </StyleMap>
    <Style id="icon-seq2-1-495-1A237E-normal">
      <IconStyle>
        <color>ff7e231a</color>
        <scale>1</scale>
        <Icon>
          <href>images/icon-496.png</href>
        </Icon>
      </IconStyle>
      <LabelStyle>
        <scale>0</scale>
      </LabelStyle>
    </Style>
    <Style id="icon-seq2-1-495-1A237E-highlight">
      <IconStyle>
        <color>ff7e231a</color>
        <scale>1</scale>
        <Icon>
          <href>images/icon-496.png</href>
        </Icon>
      </IconStyle>
      <LabelStyle>
        <scale>1</scale>
      </LabelStyle>
    </Style>
    <StyleMap id="icon-seq2-1-495-1A237E">
      <Pair>
        <key>normal</key>
        <styleUrl>#icon-seq2-1-495-1A237E-normal</styleUrl>
      </Pair>
      <Pair>
        <key>highlight</key>
        <styleUrl>#icon-seq2-1-495-1A237E-highlight</styleUrl>
      </Pair>
    </StyleMap>
    <Style id="icon-seq2-1-496-1A237E-normal">
      <IconStyle>
        <color>ff7e231a</color>
        <scale>1</scale>
        <Icon>
          <href>images/icon-497.png</href>
        </Icon>
      </IconStyle>
      <LabelStyle>
        <scale>0</scale>
      </LabelStyle>
    </Style>
    <Style id="icon-seq2-1-496-1A237E-highlight">
      <IconStyle>
        <color>ff7e231a</color>
        <scale>1</scale>
        <Icon>
          <href>images/icon-497.png</href>
        </Icon>
      </IconStyle>
      <LabelStyle>
        <scale>1</scale>
      </LabelStyle>
    </Style>
    <StyleMap id="icon-seq2-1-496-1A237E">
      <Pair>
        <key>normal</key>
        <styleUrl>#icon-seq2-1-496-1A237E-normal</styleUrl>
      </Pair>
      <Pair>
        <key>highlight</key>
        <styleUrl>#icon-seq2-1-496-1A237E-highlight</styleUrl>
      </Pair>
    </StyleMap>
    <Style id="icon-seq2-1-497-1A237E-normal">
      <IconStyle>
        <color>ff7e231a</color>
        <scale>1</scale>
        <Icon>
          <href>images/icon-498.png</href>
        </Icon>
      </IconStyle>
      <LabelStyle>
        <scale>0</scale>
      </LabelStyle>
    </Style>
    <Style id="icon-seq2-1-497-1A237E-highlight">
      <IconStyle>
        <color>ff7e231a</color>
        <scale>1</scale>
        <Icon>
          <href>images/icon-498.png</href>
        </Icon>
      </IconStyle>
      <LabelStyle>
        <scale>1</scale>
      </LabelStyle>
    </Style>
    <StyleMap id="icon-seq2-1-497-1A237E">
      <Pair>
        <key>normal</key>
        <styleUrl>#icon-seq2-1-497-1A237E-normal</styleUrl>
      </Pair>
      <Pair>
        <key>highlight</key>
        <styleUrl>#icon-seq2-1-497-1A237E-highlight</styleUrl>
      </Pair>
    </StyleMap>
    <Style id="icon-seq2-1-498-1A237E-normal">
      <IconStyle>
        <color>ff7e231a</color>
        <scale>1</scale>
        <Icon>
          <href>images/icon-499.png</href>
        </Icon>
      </IconStyle>
      <LabelStyle>
        <scale>0</scale>
      </LabelStyle>
    </Style>
    <Style id="icon-seq2-1-498-1A237E-highlight">
      <IconStyle>
        <color>ff7e231a</color>
        <scale>1</scale>
        <Icon>
          <href>images/icon-499.png</href>
        </Icon>
      </IconStyle>
      <LabelStyle>
        <scale>1</scale>
      </LabelStyle>
    </Style>
    <StyleMap id="icon-seq2-1-498-1A237E">
      <Pair>
        <key>normal</key>
        <styleUrl>#icon-seq2-1-498-1A237E-normal</styleUrl>
      </Pair>
      <Pair>
        <key>highlight</key>
        <styleUrl>#icon-seq2-1-498-1A237E-highlight</styleUrl>
      </Pair>
    </StyleMap>
    <Style id="icon-seq2-1-499-1A237E-normal">
      <IconStyle>
        <color>ff7e231a</color>
        <scale>1</scale>
        <Icon>
          <href>images/icon-500.png</href>
        </Icon>
      </IconStyle>
      <LabelStyle>
        <scale>0</scale>
      </LabelStyle>
    </Style>
    <Style id="icon-seq2-1-499-1A237E-highlight">
      <IconStyle>
        <color>ff7e231a</color>
        <scale>1</scale>
        <Icon>
          <href>images/icon-500.png</href>
        </Icon>
      </IconStyle>
      <LabelStyle>
        <scale>1</scale>
      </LabelStyle>
    </Style>
    <StyleMap id="icon-seq2-1-499-1A237E">
      <Pair>
        <key>normal</key>
        <styleUrl>#icon-seq2-1-499-1A237E-normal</styleUrl>
      </Pair>
      <Pair>
        <key>highlight</key>
        <styleUrl>#icon-seq2-1-499-1A237E-highlight</styleUrl>
      </Pair>
    </StyleMap>
    <Style id="icon-seq2-1-5-1A237E-normal">
      <IconStyle>
        <color>ff7e231a</color>
        <scale>1</scale>
        <Icon>
          <href>images/icon-6.png</href>
        </Icon>
      </IconStyle>
      <LabelStyle>
        <scale>0</scale>
      </LabelStyle>
    </Style>
    <Style id="icon-seq2-1-5-1A237E-highlight">
      <IconStyle>
        <color>ff7e231a</color>
        <scale>1</scale>
        <Icon>
          <href>images/icon-6.png</href>
        </Icon>
      </IconStyle>
      <LabelStyle>
        <scale>1</scale>
      </LabelStyle>
    </Style>
    <StyleMap id="icon-seq2-1-5-1A237E">
      <Pair>
        <key>normal</key>
        <styleUrl>#icon-seq2-1-5-1A237E-normal</styleUrl>
      </Pair>
      <Pair>
        <key>highlight</key>
        <styleUrl>#icon-seq2-1-5-1A237E-highlight</styleUrl>
      </Pair>
    </StyleMap>
    <Style id="icon-seq2-1-50-1A237E-normal">
      <IconStyle>
        <color>ff7e231a</color>
        <scale>1</scale>
        <Icon>
          <href>images/icon-51.png</href>
        </Icon>
      </IconStyle>
      <LabelStyle>
        <scale>0</scale>
      </LabelStyle>
    </Style>
    <Style id="icon-seq2-1-50-1A237E-highlight">
      <IconStyle>
        <color>ff7e231a</color>
        <scale>1</scale>
        <Icon>
          <href>images/icon-51.png</href>
        </Icon>
      </IconStyle>
      <LabelStyle>
        <scale>1</scale>
      </LabelStyle>
    </Style>
    <StyleMap id="icon-seq2-1-50-1A237E">
      <Pair>
        <key>normal</key>
        <styleUrl>#icon-seq2-1-50-1A237E-normal</styleUrl>
      </Pair>
      <Pair>
        <key>highlight</key>
        <styleUrl>#icon-seq2-1-50-1A237E-highlight</styleUrl>
      </Pair>
    </StyleMap>
    <Style id="icon-seq2-1-500-1A237E-normal">
      <IconStyle>
        <color>ff7e231a</color>
        <scale>1</scale>
        <Icon>
          <href>images/icon-501.png</href>
        </Icon>
      </IconStyle>
      <LabelStyle>
        <scale>0</scale>
      </LabelStyle>
    </Style>
    <Style id="icon-seq2-1-500-1A237E-highlight">
      <IconStyle>
        <color>ff7e231a</color>
        <scale>1</scale>
        <Icon>
          <href>images/icon-501.png</href>
        </Icon>
      </IconStyle>
      <LabelStyle>
        <scale>1</scale>
      </LabelStyle>
    </Style>
    <StyleMap id="icon-seq2-1-500-1A237E">
      <Pair>
        <key>normal</key>
        <styleUrl>#icon-seq2-1-500-1A237E-normal</styleUrl>
      </Pair>
      <Pair>
        <key>highlight</key>
        <styleUrl>#icon-seq2-1-500-1A237E-highlight</styleUrl>
      </Pair>
    </StyleMap>
    <Style id="icon-seq2-1-501-1A237E-normal">
      <IconStyle>
        <color>ff7e231a</color>
        <scale>1</scale>
        <Icon>
          <href>images/icon-502.png</href>
        </Icon>
      </IconStyle>
      <LabelStyle>
        <scale>0</scale>
      </LabelStyle>
    </Style>
    <Style id="icon-seq2-1-501-1A237E-highlight">
      <IconStyle>
        <color>ff7e231a</color>
        <scale>1</scale>
        <Icon>
          <href>images/icon-502.png</href>
        </Icon>
      </IconStyle>
      <LabelStyle>
        <scale>1</scale>
      </LabelStyle>
    </Style>
    <StyleMap id="icon-seq2-1-501-1A237E">
      <Pair>
        <key>normal</key>
        <styleUrl>#icon-seq2-1-501-1A237E-normal</styleUrl>
      </Pair>
      <Pair>
        <key>highlight</key>
        <styleUrl>#icon-seq2-1-501-1A237E-highlight</styleUrl>
      </Pair>
    </StyleMap>
    <Style id="icon-seq2-1-502-1A237E-normal">
      <IconStyle>
        <color>ff7e231a</color>
        <scale>1</scale>
        <Icon>
          <href>images/icon-503.png</href>
        </Icon>
      </IconStyle>
      <LabelStyle>
        <scale>0</scale>
      </LabelStyle>
    </Style>
    <Style id="icon-seq2-1-502-1A237E-highlight">
      <IconStyle>
        <color>ff7e231a</color>
        <scale>1</scale>
        <Icon>
          <href>images/icon-503.png</href>
        </Icon>
      </IconStyle>
      <LabelStyle>
        <scale>1</scale>
      </LabelStyle>
    </Style>
    <StyleMap id="icon-seq2-1-502-1A237E">
      <Pair>
        <key>normal</key>
        <styleUrl>#icon-seq2-1-502-1A237E-normal</styleUrl>
      </Pair>
      <Pair>
        <key>highlight</key>
        <styleUrl>#icon-seq2-1-502-1A237E-highlight</styleUrl>
      </Pair>
    </StyleMap>
    <Style id="icon-seq2-1-503-1A237E-normal">
      <IconStyle>
        <color>ff7e231a</color>
        <scale>1</scale>
        <Icon>
          <href>images/icon-504.png</href>
        </Icon>
      </IconStyle>
      <LabelStyle>
        <scale>0</scale>
      </LabelStyle>
    </Style>
    <Style id="icon-seq2-1-503-1A237E-highlight">
      <IconStyle>
        <color>ff7e231a</color>
        <scale>1</scale>
        <Icon>
          <href>images/icon-504.png</href>
        </Icon>
      </IconStyle>
      <LabelStyle>
        <scale>1</scale>
      </LabelStyle>
    </Style>
    <StyleMap id="icon-seq2-1-503-1A237E">
      <Pair>
        <key>normal</key>
        <styleUrl>#icon-seq2-1-503-1A237E-normal</styleUrl>
      </Pair>
      <Pair>
        <key>highlight</key>
        <styleUrl>#icon-seq2-1-503-1A237E-highlight</styleUrl>
      </Pair>
    </StyleMap>
    <Style id="icon-seq2-1-51-1A237E-normal">
      <IconStyle>
        <color>ff7e231a</color>
        <scale>1</scale>
        <Icon>
          <href>images/icon-52.png</href>
        </Icon>
      </IconStyle>
      <LabelStyle>
        <scale>0</scale>
      </LabelStyle>
    </Style>
    <Style id="icon-seq2-1-51-1A237E-highlight">
      <IconStyle>
        <color>ff7e231a</color>
        <scale>1</scale>
        <Icon>
          <href>images/icon-52.png</href>
        </Icon>
      </IconStyle>
      <LabelStyle>
        <scale>1</scale>
      </LabelStyle>
    </Style>
    <StyleMap id="icon-seq2-1-51-1A237E">
      <Pair>
        <key>normal</key>
        <styleUrl>#icon-seq2-1-51-1A237E-normal</styleUrl>
      </Pair>
      <Pair>
        <key>highlight</key>
        <styleUrl>#icon-seq2-1-51-1A237E-highlight</styleUrl>
      </Pair>
    </StyleMap>
    <Style id="icon-seq2-1-52-1A237E-normal">
      <IconStyle>
        <color>ff7e231a</color>
        <scale>1</scale>
        <Icon>
          <href>images/icon-53.png</href>
        </Icon>
      </IconStyle>
      <LabelStyle>
        <scale>0</scale>
      </LabelStyle>
    </Style>
    <Style id="icon-seq2-1-52-1A237E-highlight">
      <IconStyle>
        <color>ff7e231a</color>
        <scale>1</scale>
        <Icon>
          <href>images/icon-53.png</href>
        </Icon>
      </IconStyle>
      <LabelStyle>
        <scale>1</scale>
      </LabelStyle>
    </Style>
    <StyleMap id="icon-seq2-1-52-1A237E">
      <Pair>
        <key>normal</key>
        <styleUrl>#icon-seq2-1-52-1A237E-normal</styleUrl>
      </Pair>
      <Pair>
        <key>highlight</key>
        <styleUrl>#icon-seq2-1-52-1A237E-highlight</styleUrl>
      </Pair>
    </StyleMap>
    <Style id="icon-seq2-1-53-1A237E-normal">
      <IconStyle>
        <color>ff7e231a</color>
        <scale>1</scale>
        <Icon>
          <href>images/icon-54.png</href>
        </Icon>
      </IconStyle>
      <LabelStyle>
        <scale>0</scale>
      </LabelStyle>
    </Style>
    <Style id="icon-seq2-1-53-1A237E-highlight">
      <IconStyle>
        <color>ff7e231a</color>
        <scale>1</scale>
        <Icon>
          <href>images/icon-54.png</href>
        </Icon>
      </IconStyle>
      <LabelStyle>
        <scale>1</scale>
      </LabelStyle>
    </Style>
    <StyleMap id="icon-seq2-1-53-1A237E">
      <Pair>
        <key>normal</key>
        <styleUrl>#icon-seq2-1-53-1A237E-normal</styleUrl>
      </Pair>
      <Pair>
        <key>highlight</key>
        <styleUrl>#icon-seq2-1-53-1A237E-highlight</styleUrl>
      </Pair>
    </StyleMap>
    <Style id="icon-seq2-1-54-1A237E-normal">
      <IconStyle>
        <color>ff7e231a</color>
        <scale>1</scale>
        <Icon>
          <href>images/icon-55.png</href>
        </Icon>
      </IconStyle>
      <LabelStyle>
        <scale>0</scale>
      </LabelStyle>
    </Style>
    <Style id="icon-seq2-1-54-1A237E-highlight">
      <IconStyle>
        <color>ff7e231a</color>
        <scale>1</scale>
        <Icon>
          <href>images/icon-55.png</href>
        </Icon>
      </IconStyle>
      <LabelStyle>
        <scale>1</scale>
      </LabelStyle>
    </Style>
    <StyleMap id="icon-seq2-1-54-1A237E">
      <Pair>
        <key>normal</key>
        <styleUrl>#icon-seq2-1-54-1A237E-normal</styleUrl>
      </Pair>
      <Pair>
        <key>highlight</key>
        <styleUrl>#icon-seq2-1-54-1A237E-highlight</styleUrl>
      </Pair>
    </StyleMap>
    <Style id="icon-seq2-1-55-1A237E-normal">
      <IconStyle>
        <color>ff7e231a</color>
        <scale>1</scale>
        <Icon>
          <href>images/icon-56.png</href>
        </Icon>
      </IconStyle>
      <LabelStyle>
        <scale>0</scale>
      </LabelStyle>
    </Style>
    <Style id="icon-seq2-1-55-1A237E-highlight">
      <IconStyle>
        <color>ff7e231a</color>
        <scale>1</scale>
        <Icon>
          <href>images/icon-56.png</href>
        </Icon>
      </IconStyle>
      <LabelStyle>
        <scale>1</scale>
      </LabelStyle>
    </Style>
    <StyleMap id="icon-seq2-1-55-1A237E">
      <Pair>
        <key>normal</key>
        <styleUrl>#icon-seq2-1-55-1A237E-normal</styleUrl>
      </Pair>
      <Pair>
        <key>highlight</key>
        <styleUrl>#icon-seq2-1-55-1A237E-highlight</styleUrl>
      </Pair>
    </StyleMap>
    <Style id="icon-seq2-1-56-1A237E-normal">
      <IconStyle>
        <color>ff7e231a</color>
        <scale>1</scale>
        <Icon>
          <href>images/icon-57.png</href>
        </Icon>
      </IconStyle>
      <LabelStyle>
        <scale>0</scale>
      </LabelStyle>
    </Style>
    <Style id="icon-seq2-1-56-1A237E-highlight">
      <IconStyle>
        <color>ff7e231a</color>
        <scale>1</scale>
        <Icon>
          <href>images/icon-57.png</href>
        </Icon>
      </IconStyle>
      <LabelStyle>
        <scale>1</scale>
      </LabelStyle>
    </Style>
    <StyleMap id="icon-seq2-1-56-1A237E">
      <Pair>
        <key>normal</key>
        <styleUrl>#icon-seq2-1-56-1A237E-normal</styleUrl>
      </Pair>
      <Pair>
        <key>highlight</key>
        <styleUrl>#icon-seq2-1-56-1A237E-highlight</styleUrl>
      </Pair>
    </StyleMap>
    <Style id="icon-seq2-1-57-1A237E-normal">
      <IconStyle>
        <color>ff7e231a</color>
        <scale>1</scale>
        <Icon>
          <href>images/icon-58.png</href>
        </Icon>
      </IconStyle>
      <LabelStyle>
        <scale>0</scale>
      </LabelStyle>
    </Style>
    <Style id="icon-seq2-1-57-1A237E-highlight">
      <IconStyle>
        <color>ff7e231a</color>
        <scale>1</scale>
        <Icon>
          <href>images/icon-58.png</href>
        </Icon>
      </IconStyle>
      <LabelStyle>
        <scale>1</scale>
      </LabelStyle>
    </Style>
    <StyleMap id="icon-seq2-1-57-1A237E">
      <Pair>
        <key>normal</key>
        <styleUrl>#icon-seq2-1-57-1A237E-normal</styleUrl>
      </Pair>
      <Pair>
        <key>highlight</key>
        <styleUrl>#icon-seq2-1-57-1A237E-highlight</styleUrl>
      </Pair>
    </StyleMap>
    <Style id="icon-seq2-1-58-1A237E-normal">
      <IconStyle>
        <color>ff7e231a</color>
        <scale>1</scale>
        <Icon>
          <href>images/icon-59.png</href>
        </Icon>
      </IconStyle>
      <LabelStyle>
        <scale>0</scale>
      </LabelStyle>
    </Style>
    <Style id="icon-seq2-1-58-1A237E-highlight">
      <IconStyle>
        <color>ff7e231a</color>
        <scale>1</scale>
        <Icon>
          <href>images/icon-59.png</href>
        </Icon>
      </IconStyle>
      <LabelStyle>
        <scale>1</scale>
      </LabelStyle>
    </Style>
    <StyleMap id="icon-seq2-1-58-1A237E">
      <Pair>
        <key>normal</key>
        <styleUrl>#icon-seq2-1-58-1A237E-normal</styleUrl>
      </Pair>
      <Pair>
        <key>highlight</key>
        <styleUrl>#icon-seq2-1-58-1A237E-highlight</styleUrl>
      </Pair>
    </StyleMap>
    <Style id="icon-seq2-1-59-1A237E-normal">
      <IconStyle>
        <color>ff7e231a</color>
        <scale>1</scale>
        <Icon>
          <href>images/icon-60.png</href>
        </Icon>
      </IconStyle>
      <LabelStyle>
        <scale>0</scale>
      </LabelStyle>
    </Style>
    <Style id="icon-seq2-1-59-1A237E-highlight">
      <IconStyle>
        <color>ff7e231a</color>
        <scale>1</scale>
        <Icon>
          <href>images/icon-60.png</href>
        </Icon>
      </IconStyle>
      <LabelStyle>
        <scale>1</scale>
      </LabelStyle>
    </Style>
    <StyleMap id="icon-seq2-1-59-1A237E">
      <Pair>
        <key>normal</key>
        <styleUrl>#icon-seq2-1-59-1A237E-normal</styleUrl>
      </Pair>
      <Pair>
        <key>highlight</key>
        <styleUrl>#icon-seq2-1-59-1A237E-highlight</styleUrl>
      </Pair>
    </StyleMap>
    <Style id="icon-seq2-1-6-1A237E-normal">
      <IconStyle>
        <color>ff7e231a</color>
        <scale>1</scale>
        <Icon>
          <href>images/icon-7.png</href>
        </Icon>
      </IconStyle>
      <LabelStyle>
        <scale>0</scale>
      </LabelStyle>
    </Style>
    <Style id="icon-seq2-1-6-1A237E-highlight">
      <IconStyle>
        <color>ff7e231a</color>
        <scale>1</scale>
        <Icon>
          <href>images/icon-7.png</href>
        </Icon>
      </IconStyle>
      <LabelStyle>
        <scale>1</scale>
      </LabelStyle>
    </Style>
    <StyleMap id="icon-seq2-1-6-1A237E">
      <Pair>
        <key>normal</key>
        <styleUrl>#icon-seq2-1-6-1A237E-normal</styleUrl>
      </Pair>
      <Pair>
        <key>highlight</key>
        <styleUrl>#icon-seq2-1-6-1A237E-highlight</styleUrl>
      </Pair>
    </StyleMap>
    <Style id="icon-seq2-1-60-1A237E-normal">
      <IconStyle>
        <color>ff7e231a</color>
        <scale>1</scale>
        <Icon>
          <href>images/icon-61.png</href>
        </Icon>
      </IconStyle>
      <LabelStyle>
        <scale>0</scale>
      </LabelStyle>
    </Style>
    <Style id="icon-seq2-1-60-1A237E-highlight">
      <IconStyle>
        <color>ff7e231a</color>
        <scale>1</scale>
        <Icon>
          <href>images/icon-61.png</href>
        </Icon>
      </IconStyle>
      <LabelStyle>
        <scale>1</scale>
      </LabelStyle>
    </Style>
    <StyleMap id="icon-seq2-1-60-1A237E">
      <Pair>
        <key>normal</key>
        <styleUrl>#icon-seq2-1-60-1A237E-normal</styleUrl>
      </Pair>
      <Pair>
        <key>highlight</key>
        <styleUrl>#icon-seq2-1-60-1A237E-highlight</styleUrl>
      </Pair>
    </StyleMap>
    <Style id="icon-seq2-1-61-1A237E-normal">
      <IconStyle>
        <color>ff7e231a</color>
        <scale>1</scale>
        <Icon>
          <href>images/icon-62.png</href>
        </Icon>
      </IconStyle>
      <LabelStyle>
        <scale>0</scale>
      </LabelStyle>
    </Style>
    <Style id="icon-seq2-1-61-1A237E-highlight">
      <IconStyle>
        <color>ff7e231a</color>
        <scale>1</scale>
        <Icon>
          <href>images/icon-62.png</href>
        </Icon>
      </IconStyle>
      <LabelStyle>
        <scale>1</scale>
      </LabelStyle>
    </Style>
    <StyleMap id="icon-seq2-1-61-1A237E">
      <Pair>
        <key>normal</key>
        <styleUrl>#icon-seq2-1-61-1A237E-normal</styleUrl>
      </Pair>
      <Pair>
        <key>highlight</key>
        <styleUrl>#icon-seq2-1-61-1A237E-highlight</styleUrl>
      </Pair>
    </StyleMap>
    <Style id="icon-seq2-1-62-1A237E-normal">
      <IconStyle>
        <color>ff7e231a</color>
        <scale>1</scale>
        <Icon>
          <href>images/icon-63.png</href>
        </Icon>
      </IconStyle>
      <LabelStyle>
        <scale>0</scale>
      </LabelStyle>
    </Style>
    <Style id="icon-seq2-1-62-1A237E-highlight">
      <IconStyle>
        <color>ff7e231a</color>
        <scale>1</scale>
        <Icon>
          <href>images/icon-63.png</href>
        </Icon>
      </IconStyle>
      <LabelStyle>
        <scale>1</scale>
      </LabelStyle>
    </Style>
    <StyleMap id="icon-seq2-1-62-1A237E">
      <Pair>
        <key>normal</key>
        <styleUrl>#icon-seq2-1-62-1A237E-normal</styleUrl>
      </Pair>
      <Pair>
        <key>highlight</key>
        <styleUrl>#icon-seq2-1-62-1A237E-highlight</styleUrl>
      </Pair>
    </StyleMap>
    <Style id="icon-seq2-1-63-1A237E-normal">
      <IconStyle>
        <color>ff7e231a</color>
        <scale>1</scale>
        <Icon>
          <href>images/icon-64.png</href>
        </Icon>
      </IconStyle>
      <LabelStyle>
        <scale>0</scale>
      </LabelStyle>
    </Style>
    <Style id="icon-seq2-1-63-1A237E-highlight">
      <IconStyle>
        <color>ff7e231a</color>
        <scale>1</scale>
        <Icon>
          <href>images/icon-64.png</href>
        </Icon>
      </IconStyle>
      <LabelStyle>
        <scale>1</scale>
      </LabelStyle>
    </Style>
    <StyleMap id="icon-seq2-1-63-1A237E">
      <Pair>
        <key>normal</key>
        <styleUrl>#icon-seq2-1-63-1A237E-normal</styleUrl>
      </Pair>
      <Pair>
        <key>highlight</key>
        <styleUrl>#icon-seq2-1-63-1A237E-highlight</styleUrl>
      </Pair>
    </StyleMap>
    <Style id="icon-seq2-1-64-1A237E-normal">
      <IconStyle>
        <color>ff7e231a</color>
        <scale>1</scale>
        <Icon>
          <href>images/icon-65.png</href>
        </Icon>
      </IconStyle>
      <LabelStyle>
        <scale>0</scale>
      </LabelStyle>
    </Style>
    <Style id="icon-seq2-1-64-1A237E-highlight">
      <IconStyle>
        <color>ff7e231a</color>
        <scale>1</scale>
        <Icon>
          <href>images/icon-65.png</href>
        </Icon>
      </IconStyle>
      <LabelStyle>
        <scale>1</scale>
      </LabelStyle>
    </Style>
    <StyleMap id="icon-seq2-1-64-1A237E">
      <Pair>
        <key>normal</key>
        <styleUrl>#icon-seq2-1-64-1A237E-normal</styleUrl>
      </Pair>
      <Pair>
        <key>highlight</key>
        <styleUrl>#icon-seq2-1-64-1A237E-highlight</styleUrl>
      </Pair>
    </StyleMap>
    <Style id="icon-seq2-1-65-1A237E-normal">
      <IconStyle>
        <color>ff7e231a</color>
        <scale>1</scale>
        <Icon>
          <href>images/icon-66.png</href>
        </Icon>
      </IconStyle>
      <LabelStyle>
        <scale>0</scale>
      </LabelStyle>
    </Style>
    <Style id="icon-seq2-1-65-1A237E-highlight">
      <IconStyle>
        <color>ff7e231a</color>
        <scale>1</scale>
        <Icon>
          <href>images/icon-66.png</href>
        </Icon>
      </IconStyle>
      <LabelStyle>
        <scale>1</scale>
      </LabelStyle>
    </Style>
    <StyleMap id="icon-seq2-1-65-1A237E">
      <Pair>
        <key>normal</key>
        <styleUrl>#icon-seq2-1-65-1A237E-normal</styleUrl>
      </Pair>
      <Pair>
        <key>highlight</key>
        <styleUrl>#icon-seq2-1-65-1A237E-highlight</styleUrl>
      </Pair>
    </StyleMap>
    <Style id="icon-seq2-1-66-1A237E-normal">
      <IconStyle>
        <color>ff7e231a</color>
        <scale>1</scale>
        <Icon>
          <href>images/icon-67.png</href>
        </Icon>
      </IconStyle>
      <LabelStyle>
        <scale>0</scale>
      </LabelStyle>
    </Style>
    <Style id="icon-seq2-1-66-1A237E-highlight">
      <IconStyle>
        <color>ff7e231a</color>
        <scale>1</scale>
        <Icon>
          <href>images/icon-67.png</href>
        </Icon>
      </IconStyle>
      <LabelStyle>
        <scale>1</scale>
      </LabelStyle>
    </Style>
    <StyleMap id="icon-seq2-1-66-1A237E">
      <Pair>
        <key>normal</key>
        <styleUrl>#icon-seq2-1-66-1A237E-normal</styleUrl>
      </Pair>
      <Pair>
        <key>highlight</key>
        <styleUrl>#icon-seq2-1-66-1A237E-highlight</styleUrl>
      </Pair>
    </StyleMap>
    <Style id="icon-seq2-1-67-1A237E-normal">
      <IconStyle>
        <color>ff7e231a</color>
        <scale>1</scale>
        <Icon>
          <href>images/icon-68.png</href>
        </Icon>
      </IconStyle>
      <LabelStyle>
        <scale>0</scale>
      </LabelStyle>
    </Style>
    <Style id="icon-seq2-1-67-1A237E-highlight">
      <IconStyle>
        <color>ff7e231a</color>
        <scale>1</scale>
        <Icon>
          <href>images/icon-68.png</href>
        </Icon>
      </IconStyle>
      <LabelStyle>
        <scale>1</scale>
      </LabelStyle>
    </Style>
    <StyleMap id="icon-seq2-1-67-1A237E">
      <Pair>
        <key>normal</key>
        <styleUrl>#icon-seq2-1-67-1A237E-normal</styleUrl>
      </Pair>
      <Pair>
        <key>highlight</key>
        <styleUrl>#icon-seq2-1-67-1A237E-highlight</styleUrl>
      </Pair>
    </StyleMap>
    <Style id="icon-seq2-1-68-1A237E-normal">
      <IconStyle>
        <color>ff7e231a</color>
        <scale>1</scale>
        <Icon>
          <href>images/icon-69.png</href>
        </Icon>
      </IconStyle>
      <LabelStyle>
        <scale>0</scale>
      </LabelStyle>
    </Style>
    <Style id="icon-seq2-1-68-1A237E-highlight">
      <IconStyle>
        <color>ff7e231a</color>
        <scale>1</scale>
        <Icon>
          <href>images/icon-69.png</href>
        </Icon>
      </IconStyle>
      <LabelStyle>
        <scale>1</scale>
      </LabelStyle>
    </Style>
    <StyleMap id="icon-seq2-1-68-1A237E">
      <Pair>
        <key>normal</key>
        <styleUrl>#icon-seq2-1-68-1A237E-normal</styleUrl>
      </Pair>
      <Pair>
        <key>highlight</key>
        <styleUrl>#icon-seq2-1-68-1A237E-highlight</styleUrl>
      </Pair>
    </StyleMap>
    <Style id="icon-seq2-1-69-1A237E-normal">
      <IconStyle>
        <color>ff7e231a</color>
        <scale>1</scale>
        <Icon>
          <href>images/icon-70.png</href>
        </Icon>
      </IconStyle>
      <LabelStyle>
        <scale>0</scale>
      </LabelStyle>
    </Style>
    <Style id="icon-seq2-1-69-1A237E-highlight">
      <IconStyle>
        <color>ff7e231a</color>
        <scale>1</scale>
        <Icon>
          <href>images/icon-70.png</href>
        </Icon>
      </IconStyle>
      <LabelStyle>
        <scale>1</scale>
      </LabelStyle>
    </Style>
    <StyleMap id="icon-seq2-1-69-1A237E">
      <Pair>
        <key>normal</key>
        <styleUrl>#icon-seq2-1-69-1A237E-normal</styleUrl>
      </Pair>
      <Pair>
        <key>highlight</key>
        <styleUrl>#icon-seq2-1-69-1A237E-highlight</styleUrl>
      </Pair>
    </StyleMap>
    <Style id="icon-seq2-1-7-1A237E-normal">
      <IconStyle>
        <color>ff7e231a</color>
        <scale>1</scale>
        <Icon>
          <href>images/icon-8.png</href>
        </Icon>
      </IconStyle>
      <LabelStyle>
        <scale>0</scale>
      </LabelStyle>
    </Style>
    <Style id="icon-seq2-1-7-1A237E-highlight">
      <IconStyle>
        <color>ff7e231a</color>
        <scale>1</scale>
        <Icon>
          <href>images/icon-8.png</href>
        </Icon>
      </IconStyle>
      <LabelStyle>
        <scale>1</scale>
      </LabelStyle>
    </Style>
    <StyleMap id="icon-seq2-1-7-1A237E">
      <Pair>
        <key>normal</key>
        <styleUrl>#icon-seq2-1-7-1A237E-normal</styleUrl>
      </Pair>
      <Pair>
        <key>highlight</key>
        <styleUrl>#icon-seq2-1-7-1A237E-highlight</styleUrl>
      </Pair>
    </StyleMap>
    <Style id="icon-seq2-1-70-1A237E-normal">
      <IconStyle>
        <color>ff7e231a</color>
        <scale>1</scale>
        <Icon>
          <href>images/icon-71.png</href>
        </Icon>
      </IconStyle>
      <LabelStyle>
        <scale>0</scale>
      </LabelStyle>
    </Style>
    <Style id="icon-seq2-1-70-1A237E-highlight">
      <IconStyle>
        <color>ff7e231a</color>
        <scale>1</scale>
        <Icon>
          <href>images/icon-71.png</href>
        </Icon>
      </IconStyle>
      <LabelStyle>
        <scale>1</scale>
      </LabelStyle>
    </Style>
    <StyleMap id="icon-seq2-1-70-1A237E">
      <Pair>
        <key>normal</key>
        <styleUrl>#icon-seq2-1-70-1A237E-normal</styleUrl>
      </Pair>
      <Pair>
        <key>highlight</key>
        <styleUrl>#icon-seq2-1-70-1A237E-highlight</styleUrl>
      </Pair>
    </StyleMap>
    <Style id="icon-seq2-1-71-1A237E-normal">
      <IconStyle>
        <color>ff7e231a</color>
        <scale>1</scale>
        <Icon>
          <href>images/icon-72.png</href>
        </Icon>
      </IconStyle>
      <LabelStyle>
        <scale>0</scale>
      </LabelStyle>
    </Style>
    <Style id="icon-seq2-1-71-1A237E-highlight">
      <IconStyle>
        <color>ff7e231a</color>
        <scale>1</scale>
        <Icon>
          <href>images/icon-72.png</href>
        </Icon>
      </IconStyle>
      <LabelStyle>
        <scale>1</scale>
      </LabelStyle>
    </Style>
    <StyleMap id="icon-seq2-1-71-1A237E">
      <Pair>
        <key>normal</key>
        <styleUrl>#icon-seq2-1-71-1A237E-normal</styleUrl>
      </Pair>
      <Pair>
        <key>highlight</key>
        <styleUrl>#icon-seq2-1-71-1A237E-highlight</styleUrl>
      </Pair>
    </StyleMap>
    <Style id="icon-seq2-1-72-1A237E-normal">
      <IconStyle>
        <color>ff7e231a</color>
        <scale>1</scale>
        <Icon>
          <href>images/icon-73.png</href>
        </Icon>
      </IconStyle>
      <LabelStyle>
        <scale>0</scale>
      </LabelStyle>
    </Style>
    <Style id="icon-seq2-1-72-1A237E-highlight">
      <IconStyle>
        <color>ff7e231a</color>
        <scale>1</scale>
        <Icon>
          <href>images/icon-73.png</href>
        </Icon>
      </IconStyle>
      <LabelStyle>
        <scale>1</scale>
      </LabelStyle>
    </Style>
    <StyleMap id="icon-seq2-1-72-1A237E">
      <Pair>
        <key>normal</key>
        <styleUrl>#icon-seq2-1-72-1A237E-normal</styleUrl>
      </Pair>
      <Pair>
        <key>highlight</key>
        <styleUrl>#icon-seq2-1-72-1A237E-highlight</styleUrl>
      </Pair>
    </StyleMap>
    <Style id="icon-seq2-1-73-1A237E-normal">
      <IconStyle>
        <color>ff7e231a</color>
        <scale>1</scale>
        <Icon>
          <href>images/icon-74.png</href>
        </Icon>
      </IconStyle>
      <LabelStyle>
        <scale>0</scale>
      </LabelStyle>
    </Style>
    <Style id="icon-seq2-1-73-1A237E-highlight">
      <IconStyle>
        <color>ff7e231a</color>
        <scale>1</scale>
        <Icon>
          <href>images/icon-74.png</href>
        </Icon>
      </IconStyle>
      <LabelStyle>
        <scale>1</scale>
      </LabelStyle>
    </Style>
    <StyleMap id="icon-seq2-1-73-1A237E">
      <Pair>
        <key>normal</key>
        <styleUrl>#icon-seq2-1-73-1A237E-normal</styleUrl>
      </Pair>
      <Pair>
        <key>highlight</key>
        <styleUrl>#icon-seq2-1-73-1A237E-highlight</styleUrl>
      </Pair>
    </StyleMap>
    <Style id="icon-seq2-1-74-1A237E-normal">
      <IconStyle>
        <color>ff7e231a</color>
        <scale>1</scale>
        <Icon>
          <href>images/icon-75.png</href>
        </Icon>
      </IconStyle>
      <LabelStyle>
        <scale>0</scale>
      </LabelStyle>
    </Style>
    <Style id="icon-seq2-1-74-1A237E-highlight">
      <IconStyle>
        <color>ff7e231a</color>
        <scale>1</scale>
        <Icon>
          <href>images/icon-75.png</href>
        </Icon>
      </IconStyle>
      <LabelStyle>
        <scale>1</scale>
      </LabelStyle>
    </Style>
    <StyleMap id="icon-seq2-1-74-1A237E">
      <Pair>
        <key>normal</key>
        <styleUrl>#icon-seq2-1-74-1A237E-normal</styleUrl>
      </Pair>
      <Pair>
        <key>highlight</key>
        <styleUrl>#icon-seq2-1-74-1A237E-highlight</styleUrl>
      </Pair>
    </StyleMap>
    <Style id="icon-seq2-1-75-1A237E-normal">
      <IconStyle>
        <color>ff7e231a</color>
        <scale>1</scale>
        <Icon>
          <href>images/icon-76.png</href>
        </Icon>
      </IconStyle>
      <LabelStyle>
        <scale>0</scale>
      </LabelStyle>
    </Style>
    <Style id="icon-seq2-1-75-1A237E-highlight">
      <IconStyle>
        <color>ff7e231a</color>
        <scale>1</scale>
        <Icon>
          <href>images/icon-76.png</href>
        </Icon>
      </IconStyle>
      <LabelStyle>
        <scale>1</scale>
      </LabelStyle>
    </Style>
    <StyleMap id="icon-seq2-1-75-1A237E">
      <Pair>
        <key>normal</key>
        <styleUrl>#icon-seq2-1-75-1A237E-normal</styleUrl>
      </Pair>
      <Pair>
        <key>highlight</key>
        <styleUrl>#icon-seq2-1-75-1A237E-highlight</styleUrl>
      </Pair>
    </StyleMap>
    <Style id="icon-seq2-1-76-1A237E-normal">
      <IconStyle>
        <color>ff7e231a</color>
        <scale>1</scale>
        <Icon>
          <href>images/icon-77.png</href>
        </Icon>
      </IconStyle>
      <LabelStyle>
        <scale>0</scale>
      </LabelStyle>
    </Style>
    <Style id="icon-seq2-1-76-1A237E-highlight">
      <IconStyle>
        <color>ff7e231a</color>
        <scale>1</scale>
        <Icon>
          <href>images/icon-77.png</href>
        </Icon>
      </IconStyle>
      <LabelStyle>
        <scale>1</scale>
      </LabelStyle>
    </Style>
    <StyleMap id="icon-seq2-1-76-1A237E">
      <Pair>
        <key>normal</key>
        <styleUrl>#icon-seq2-1-76-1A237E-normal</styleUrl>
      </Pair>
      <Pair>
        <key>highlight</key>
        <styleUrl>#icon-seq2-1-76-1A237E-highlight</styleUrl>
      </Pair>
    </StyleMap>
    <Style id="icon-seq2-1-77-1A237E-normal">
      <IconStyle>
        <color>ff7e231a</color>
        <scale>1</scale>
        <Icon>
          <href>images/icon-78.png</href>
        </Icon>
      </IconStyle>
      <LabelStyle>
        <scale>0</scale>
      </LabelStyle>
    </Style>
    <Style id="icon-seq2-1-77-1A237E-highlight">
      <IconStyle>
        <color>ff7e231a</color>
        <scale>1</scale>
        <Icon>
          <href>images/icon-78.png</href>
        </Icon>
      </IconStyle>
      <LabelStyle>
        <scale>1</scale>
      </LabelStyle>
    </Style>
    <StyleMap id="icon-seq2-1-77-1A237E">
      <Pair>
        <key>normal</key>
        <styleUrl>#icon-seq2-1-77-1A237E-normal</styleUrl>
      </Pair>
      <Pair>
        <key>highlight</key>
        <styleUrl>#icon-seq2-1-77-1A237E-highlight</styleUrl>
      </Pair>
    </StyleMap>
    <Style id="icon-seq2-1-78-1A237E-normal">
      <IconStyle>
        <color>ff7e231a</color>
        <scale>1</scale>
        <Icon>
          <href>images/icon-79.png</href>
        </Icon>
      </IconStyle>
      <LabelStyle>
        <scale>0</scale>
      </LabelStyle>
    </Style>
    <Style id="icon-seq2-1-78-1A237E-highlight">
      <IconStyle>
        <color>ff7e231a</color>
        <scale>1</scale>
        <Icon>
          <href>images/icon-79.png</href>
        </Icon>
      </IconStyle>
      <LabelStyle>
        <scale>1</scale>
      </LabelStyle>
    </Style>
    <StyleMap id="icon-seq2-1-78-1A237E">
      <Pair>
        <key>normal</key>
        <styleUrl>#icon-seq2-1-78-1A237E-normal</styleUrl>
      </Pair>
      <Pair>
        <key>highlight</key>
        <styleUrl>#icon-seq2-1-78-1A237E-highlight</styleUrl>
      </Pair>
    </StyleMap>
    <Style id="icon-seq2-1-79-1A237E-normal">
      <IconStyle>
        <color>ff7e231a</color>
        <scale>1</scale>
        <Icon>
          <href>images/icon-80.png</href>
        </Icon>
      </IconStyle>
      <LabelStyle>
        <scale>0</scale>
      </LabelStyle>
    </Style>
    <Style id="icon-seq2-1-79-1A237E-highlight">
      <IconStyle>
        <color>ff7e231a</color>
        <scale>1</scale>
        <Icon>
          <href>images/icon-80.png</href>
        </Icon>
      </IconStyle>
      <LabelStyle>
        <scale>1</scale>
      </LabelStyle>
    </Style>
    <StyleMap id="icon-seq2-1-79-1A237E">
      <Pair>
        <key>normal</key>
        <styleUrl>#icon-seq2-1-79-1A237E-normal</styleUrl>
      </Pair>
      <Pair>
        <key>highlight</key>
        <styleUrl>#icon-seq2-1-79-1A237E-highlight</styleUrl>
      </Pair>
    </StyleMap>
    <Style id="icon-seq2-1-8-1A237E-normal">
      <IconStyle>
        <color>ff7e231a</color>
        <scale>1</scale>
        <Icon>
          <href>images/icon-9.png</href>
        </Icon>
      </IconStyle>
      <LabelStyle>
        <scale>0</scale>
      </LabelStyle>
    </Style>
    <Style id="icon-seq2-1-8-1A237E-highlight">
      <IconStyle>
        <color>ff7e231a</color>
        <scale>1</scale>
        <Icon>
          <href>images/icon-9.png</href>
        </Icon>
      </IconStyle>
      <LabelStyle>
        <scale>1</scale>
      </LabelStyle>
    </Style>
    <StyleMap id="icon-seq2-1-8-1A237E">
      <Pair>
        <key>normal</key>
        <styleUrl>#icon-seq2-1-8-1A237E-normal</styleUrl>
      </Pair>
      <Pair>
        <key>highlight</key>
        <styleUrl>#icon-seq2-1-8-1A237E-highlight</styleUrl>
      </Pair>
    </StyleMap>
    <Style id="icon-seq2-1-80-1A237E-normal">
      <IconStyle>
        <color>ff7e231a</color>
        <scale>1</scale>
        <Icon>
          <href>images/icon-81.png</href>
        </Icon>
      </IconStyle>
      <LabelStyle>
        <scale>0</scale>
      </LabelStyle>
    </Style>
    <Style id="icon-seq2-1-80-1A237E-highlight">
      <IconStyle>
        <color>ff7e231a</color>
        <scale>1</scale>
        <Icon>
          <href>images/icon-81.png</href>
        </Icon>
      </IconStyle>
      <LabelStyle>
        <scale>1</scale>
      </LabelStyle>
    </Style>
    <StyleMap id="icon-seq2-1-80-1A237E">
      <Pair>
        <key>normal</key>
        <styleUrl>#icon-seq2-1-80-1A237E-normal</styleUrl>
      </Pair>
      <Pair>
        <key>highlight</key>
        <styleUrl>#icon-seq2-1-80-1A237E-highlight</styleUrl>
      </Pair>
    </StyleMap>
    <Style id="icon-seq2-1-81-1A237E-normal">
      <IconStyle>
        <color>ff7e231a</color>
        <scale>1</scale>
        <Icon>
          <href>images/icon-82.png</href>
        </Icon>
      </IconStyle>
      <LabelStyle>
        <scale>0</scale>
      </LabelStyle>
    </Style>
    <Style id="icon-seq2-1-81-1A237E-highlight">
      <IconStyle>
        <color>ff7e231a</color>
        <scale>1</scale>
        <Icon>
          <href>images/icon-82.png</href>
        </Icon>
      </IconStyle>
      <LabelStyle>
        <scale>1</scale>
      </LabelStyle>
    </Style>
    <StyleMap id="icon-seq2-1-81-1A237E">
      <Pair>
        <key>normal</key>
        <styleUrl>#icon-seq2-1-81-1A237E-normal</styleUrl>
      </Pair>
      <Pair>
        <key>highlight</key>
        <styleUrl>#icon-seq2-1-81-1A237E-highlight</styleUrl>
      </Pair>
    </StyleMap>
    <Style id="icon-seq2-1-82-1A237E-normal">
      <IconStyle>
        <color>ff7e231a</color>
        <scale>1</scale>
        <Icon>
          <href>images/icon-83.png</href>
        </Icon>
      </IconStyle>
      <LabelStyle>
        <scale>0</scale>
      </LabelStyle>
    </Style>
    <Style id="icon-seq2-1-82-1A237E-highlight">
      <IconStyle>
        <color>ff7e231a</color>
        <scale>1</scale>
        <Icon>
          <href>images/icon-83.png</href>
        </Icon>
      </IconStyle>
      <LabelStyle>
        <scale>1</scale>
      </LabelStyle>
    </Style>
    <StyleMap id="icon-seq2-1-82-1A237E">
      <Pair>
        <key>normal</key>
        <styleUrl>#icon-seq2-1-82-1A237E-normal</styleUrl>
      </Pair>
      <Pair>
        <key>highlight</key>
        <styleUrl>#icon-seq2-1-82-1A237E-highlight</styleUrl>
      </Pair>
    </StyleMap>
    <Style id="icon-seq2-1-83-1A237E-normal">
      <IconStyle>
        <color>ff7e231a</color>
        <scale>1</scale>
        <Icon>
          <href>images/icon-84.png</href>
        </Icon>
      </IconStyle>
      <LabelStyle>
        <scale>0</scale>
      </LabelStyle>
    </Style>
    <Style id="icon-seq2-1-83-1A237E-highlight">
      <IconStyle>
        <color>ff7e231a</color>
        <scale>1</scale>
        <Icon>
          <href>images/icon-84.png</href>
        </Icon>
      </IconStyle>
      <LabelStyle>
        <scale>1</scale>
      </LabelStyle>
    </Style>
    <StyleMap id="icon-seq2-1-83-1A237E">
      <Pair>
        <key>normal</key>
        <styleUrl>#icon-seq2-1-83-1A237E-normal</styleUrl>
      </Pair>
      <Pair>
        <key>highlight</key>
        <styleUrl>#icon-seq2-1-83-1A237E-highlight</styleUrl>
      </Pair>
    </StyleMap>
    <Style id="icon-seq2-1-84-1A237E-normal">
      <IconStyle>
        <color>ff7e231a</color>
        <scale>1</scale>
        <Icon>
          <href>images/icon-85.png</href>
        </Icon>
      </IconStyle>
      <LabelStyle>
        <scale>0</scale>
      </LabelStyle>
    </Style>
    <Style id="icon-seq2-1-84-1A237E-highlight">
      <IconStyle>
        <color>ff7e231a</color>
        <scale>1</scale>
        <Icon>
          <href>images/icon-85.png</href>
        </Icon>
      </IconStyle>
      <LabelStyle>
        <scale>1</scale>
      </LabelStyle>
    </Style>
    <StyleMap id="icon-seq2-1-84-1A237E">
      <Pair>
        <key>normal</key>
        <styleUrl>#icon-seq2-1-84-1A237E-normal</styleUrl>
      </Pair>
      <Pair>
        <key>highlight</key>
        <styleUrl>#icon-seq2-1-84-1A237E-highlight</styleUrl>
      </Pair>
    </StyleMap>
    <Style id="icon-seq2-1-85-1A237E-normal">
      <IconStyle>
        <color>ff7e231a</color>
        <scale>1</scale>
        <Icon>
          <href>images/icon-86.png</href>
        </Icon>
      </IconStyle>
      <LabelStyle>
        <scale>0</scale>
      </LabelStyle>
    </Style>
    <Style id="icon-seq2-1-85-1A237E-highlight">
      <IconStyle>
        <color>ff7e231a</color>
        <scale>1</scale>
        <Icon>
          <href>images/icon-86.png</href>
        </Icon>
      </IconStyle>
      <LabelStyle>
        <scale>1</scale>
      </LabelStyle>
    </Style>
    <StyleMap id="icon-seq2-1-85-1A237E">
      <Pair>
        <key>normal</key>
        <styleUrl>#icon-seq2-1-85-1A237E-normal</styleUrl>
      </Pair>
      <Pair>
        <key>highlight</key>
        <styleUrl>#icon-seq2-1-85-1A237E-highlight</styleUrl>
      </Pair>
    </StyleMap>
    <Style id="icon-seq2-1-86-1A237E-normal">
      <IconStyle>
        <color>ff7e231a</color>
        <scale>1</scale>
        <Icon>
          <href>images/icon-87.png</href>
        </Icon>
      </IconStyle>
      <LabelStyle>
        <scale>0</scale>
      </LabelStyle>
    </Style>
    <Style id="icon-seq2-1-86-1A237E-highlight">
      <IconStyle>
        <color>ff7e231a</color>
        <scale>1</scale>
        <Icon>
          <href>images/icon-87.png</href>
        </Icon>
      </IconStyle>
      <LabelStyle>
        <scale>1</scale>
      </LabelStyle>
    </Style>
    <StyleMap id="icon-seq2-1-86-1A237E">
      <Pair>
        <key>normal</key>
        <styleUrl>#icon-seq2-1-86-1A237E-normal</styleUrl>
      </Pair>
      <Pair>
        <key>highlight</key>
        <styleUrl>#icon-seq2-1-86-1A237E-highlight</styleUrl>
      </Pair>
    </StyleMap>
    <Style id="icon-seq2-1-87-1A237E-normal">
      <IconStyle>
        <color>ff7e231a</color>
        <scale>1</scale>
        <Icon>
          <href>images/icon-88.png</href>
        </Icon>
      </IconStyle>
      <LabelStyle>
        <scale>0</scale>
      </LabelStyle>
    </Style>
    <Style id="icon-seq2-1-87-1A237E-highlight">
      <IconStyle>
        <color>ff7e231a</color>
        <scale>1</scale>
        <Icon>
          <href>images/icon-88.png</href>
        </Icon>
      </IconStyle>
      <LabelStyle>
        <scale>1</scale>
      </LabelStyle>
    </Style>
    <StyleMap id="icon-seq2-1-87-1A237E">
      <Pair>
        <key>normal</key>
        <styleUrl>#icon-seq2-1-87-1A237E-normal</styleUrl>
      </Pair>
      <Pair>
        <key>highlight</key>
        <styleUrl>#icon-seq2-1-87-1A237E-highlight</styleUrl>
      </Pair>
    </StyleMap>
    <Style id="icon-seq2-1-88-1A237E-normal">
      <IconStyle>
        <color>ff7e231a</color>
        <scale>1</scale>
        <Icon>
          <href>images/icon-89.png</href>
        </Icon>
      </IconStyle>
      <LabelStyle>
        <scale>0</scale>
      </LabelStyle>
    </Style>
    <Style id="icon-seq2-1-88-1A237E-highlight">
      <IconStyle>
        <color>ff7e231a</color>
        <scale>1</scale>
        <Icon>
          <href>images/icon-89.png</href>
        </Icon>
      </IconStyle>
      <LabelStyle>
        <scale>1</scale>
      </LabelStyle>
    </Style>
    <StyleMap id="icon-seq2-1-88-1A237E">
      <Pair>
        <key>normal</key>
        <styleUrl>#icon-seq2-1-88-1A237E-normal</styleUrl>
      </Pair>
      <Pair>
        <key>highlight</key>
        <styleUrl>#icon-seq2-1-88-1A237E-highlight</styleUrl>
      </Pair>
    </StyleMap>
    <Style id="icon-seq2-1-89-1A237E-normal">
      <IconStyle>
        <color>ff7e231a</color>
        <scale>1</scale>
        <Icon>
          <href>images/icon-90.png</href>
        </Icon>
      </IconStyle>
      <LabelStyle>
        <scale>0</scale>
      </LabelStyle>
    </Style>
    <Style id="icon-seq2-1-89-1A237E-highlight">
      <IconStyle>
        <color>ff7e231a</color>
        <scale>1</scale>
        <Icon>
          <href>images/icon-90.png</href>
        </Icon>
      </IconStyle>
      <LabelStyle>
        <scale>1</scale>
      </LabelStyle>
    </Style>
    <StyleMap id="icon-seq2-1-89-1A237E">
      <Pair>
        <key>normal</key>
        <styleUrl>#icon-seq2-1-89-1A237E-normal</styleUrl>
      </Pair>
      <Pair>
        <key>highlight</key>
        <styleUrl>#icon-seq2-1-89-1A237E-highlight</styleUrl>
      </Pair>
    </StyleMap>
    <Style id="icon-seq2-1-9-1A237E-normal">
      <IconStyle>
        <color>ff7e231a</color>
        <scale>1</scale>
        <Icon>
          <href>images/icon-10.png</href>
        </Icon>
      </IconStyle>
      <LabelStyle>
        <scale>0</scale>
      </LabelStyle>
    </Style>
    <Style id="icon-seq2-1-9-1A237E-highlight">
      <IconStyle>
        <color>ff7e231a</color>
        <scale>1</scale>
        <Icon>
          <href>images/icon-10.png</href>
        </Icon>
      </IconStyle>
      <LabelStyle>
        <scale>1</scale>
      </LabelStyle>
    </Style>
    <StyleMap id="icon-seq2-1-9-1A237E">
      <Pair>
        <key>normal</key>
        <styleUrl>#icon-seq2-1-9-1A237E-normal</styleUrl>
      </Pair>
      <Pair>
        <key>highlight</key>
        <styleUrl>#icon-seq2-1-9-1A237E-highlight</styleUrl>
      </Pair>
    </StyleMap>
    <Style id="icon-seq2-1-90-1A237E-normal">
      <IconStyle>
        <color>ff7e231a</color>
        <scale>1</scale>
        <Icon>
          <href>images/icon-91.png</href>
        </Icon>
      </IconStyle>
      <LabelStyle>
        <scale>0</scale>
      </LabelStyle>
    </Style>
    <Style id="icon-seq2-1-90-1A237E-highlight">
      <IconStyle>
        <color>ff7e231a</color>
        <scale>1</scale>
        <Icon>
          <href>images/icon-91.png</href>
        </Icon>
      </IconStyle>
      <LabelStyle>
        <scale>1</scale>
      </LabelStyle>
    </Style>
    <StyleMap id="icon-seq2-1-90-1A237E">
      <Pair>
        <key>normal</key>
        <styleUrl>#icon-seq2-1-90-1A237E-normal</styleUrl>
      </Pair>
      <Pair>
        <key>highlight</key>
        <styleUrl>#icon-seq2-1-90-1A237E-highlight</styleUrl>
      </Pair>
    </StyleMap>
    <Style id="icon-seq2-1-91-1A237E-normal">
      <IconStyle>
        <color>ff7e231a</color>
        <scale>1</scale>
        <Icon>
          <href>images/icon-92.png</href>
        </Icon>
      </IconStyle>
      <LabelStyle>
        <scale>0</scale>
      </LabelStyle>
    </Style>
    <Style id="icon-seq2-1-91-1A237E-highlight">
      <IconStyle>
        <color>ff7e231a</color>
        <scale>1</scale>
        <Icon>
          <href>images/icon-92.png</href>
        </Icon>
      </IconStyle>
      <LabelStyle>
        <scale>1</scale>
      </LabelStyle>
    </Style>
    <StyleMap id="icon-seq2-1-91-1A237E">
      <Pair>
        <key>normal</key>
        <styleUrl>#icon-seq2-1-91-1A237E-normal</styleUrl>
      </Pair>
      <Pair>
        <key>highlight</key>
        <styleUrl>#icon-seq2-1-91-1A237E-highlight</styleUrl>
      </Pair>
    </StyleMap>
    <Style id="icon-seq2-1-92-1A237E-normal">
      <IconStyle>
        <color>ff7e231a</color>
        <scale>1</scale>
        <Icon>
          <href>images/icon-93.png</href>
        </Icon>
      </IconStyle>
      <LabelStyle>
        <scale>0</scale>
      </LabelStyle>
    </Style>
    <Style id="icon-seq2-1-92-1A237E-highlight">
      <IconStyle>
        <color>ff7e231a</color>
        <scale>1</scale>
        <Icon>
          <href>images/icon-93.png</href>
        </Icon>
      </IconStyle>
      <LabelStyle>
        <scale>1</scale>
      </LabelStyle>
    </Style>
    <StyleMap id="icon-seq2-1-92-1A237E">
      <Pair>
        <key>normal</key>
        <styleUrl>#icon-seq2-1-92-1A237E-normal</styleUrl>
      </Pair>
      <Pair>
        <key>highlight</key>
        <styleUrl>#icon-seq2-1-92-1A237E-highlight</styleUrl>
      </Pair>
    </StyleMap>
    <Style id="icon-seq2-1-93-1A237E-normal">
      <IconStyle>
        <color>ff7e231a</color>
        <scale>1</scale>
        <Icon>
          <href>images/icon-94.png</href>
        </Icon>
      </IconStyle>
      <LabelStyle>
        <scale>0</scale>
      </LabelStyle>
    </Style>
    <Style id="icon-seq2-1-93-1A237E-highlight">
      <IconStyle>
        <color>ff7e231a</color>
        <scale>1</scale>
        <Icon>
          <href>images/icon-94.png</href>
        </Icon>
      </IconStyle>
      <LabelStyle>
        <scale>1</scale>
      </LabelStyle>
    </Style>
    <StyleMap id="icon-seq2-1-93-1A237E">
      <Pair>
        <key>normal</key>
        <styleUrl>#icon-seq2-1-93-1A237E-normal</styleUrl>
      </Pair>
      <Pair>
        <key>highlight</key>
        <styleUrl>#icon-seq2-1-93-1A237E-highlight</styleUrl>
      </Pair>
    </StyleMap>
    <Style id="icon-seq2-1-94-1A237E-normal">
      <IconStyle>
        <color>ff7e231a</color>
        <scale>1</scale>
        <Icon>
          <href>images/icon-95.png</href>
        </Icon>
      </IconStyle>
      <LabelStyle>
        <scale>0</scale>
      </LabelStyle>
    </Style>
    <Style id="icon-seq2-1-94-1A237E-highlight">
      <IconStyle>
        <color>ff7e231a</color>
        <scale>1</scale>
        <Icon>
          <href>images/icon-95.png</href>
        </Icon>
      </IconStyle>
      <LabelStyle>
        <scale>1</scale>
      </LabelStyle>
    </Style>
    <StyleMap id="icon-seq2-1-94-1A237E">
      <Pair>
        <key>normal</key>
        <styleUrl>#icon-seq2-1-94-1A237E-normal</styleUrl>
      </Pair>
      <Pair>
        <key>highlight</key>
        <styleUrl>#icon-seq2-1-94-1A237E-highlight</styleUrl>
      </Pair>
    </StyleMap>
    <Style id="icon-seq2-1-95-1A237E-normal">
      <IconStyle>
        <color>ff7e231a</color>
        <scale>1</scale>
        <Icon>
          <href>images/icon-96.png</href>
        </Icon>
      </IconStyle>
      <LabelStyle>
        <scale>0</scale>
      </LabelStyle>
    </Style>
    <Style id="icon-seq2-1-95-1A237E-highlight">
      <IconStyle>
        <color>ff7e231a</color>
        <scale>1</scale>
        <Icon>
          <href>images/icon-96.png</href>
        </Icon>
      </IconStyle>
      <LabelStyle>
        <scale>1</scale>
      </LabelStyle>
    </Style>
    <StyleMap id="icon-seq2-1-95-1A237E">
      <Pair>
        <key>normal</key>
        <styleUrl>#icon-seq2-1-95-1A237E-normal</styleUrl>
      </Pair>
      <Pair>
        <key>highlight</key>
        <styleUrl>#icon-seq2-1-95-1A237E-highlight</styleUrl>
      </Pair>
    </StyleMap>
    <Style id="icon-seq2-1-96-1A237E-normal">
      <IconStyle>
        <color>ff7e231a</color>
        <scale>1</scale>
        <Icon>
          <href>images/icon-97.png</href>
        </Icon>
      </IconStyle>
      <LabelStyle>
        <scale>0</scale>
      </LabelStyle>
    </Style>
    <Style id="icon-seq2-1-96-1A237E-highlight">
      <IconStyle>
        <color>ff7e231a</color>
        <scale>1</scale>
        <Icon>
          <href>images/icon-97.png</href>
        </Icon>
      </IconStyle>
      <LabelStyle>
        <scale>1</scale>
      </LabelStyle>
    </Style>
    <StyleMap id="icon-seq2-1-96-1A237E">
      <Pair>
        <key>normal</key>
        <styleUrl>#icon-seq2-1-96-1A237E-normal</styleUrl>
      </Pair>
      <Pair>
        <key>highlight</key>
        <styleUrl>#icon-seq2-1-96-1A237E-highlight</styleUrl>
      </Pair>
    </StyleMap>
    <Style id="icon-seq2-1-97-1A237E-normal">
      <IconStyle>
        <color>ff7e231a</color>
        <scale>1</scale>
        <Icon>
          <href>images/icon-98.png</href>
        </Icon>
      </IconStyle>
      <LabelStyle>
        <scale>0</scale>
      </LabelStyle>
    </Style>
    <Style id="icon-seq2-1-97-1A237E-highlight">
      <IconStyle>
        <color>ff7e231a</color>
        <scale>1</scale>
        <Icon>
          <href>images/icon-98.png</href>
        </Icon>
      </IconStyle>
      <LabelStyle>
        <scale>1</scale>
      </LabelStyle>
    </Style>
    <StyleMap id="icon-seq2-1-97-1A237E">
      <Pair>
        <key>normal</key>
        <styleUrl>#icon-seq2-1-97-1A237E-normal</styleUrl>
      </Pair>
      <Pair>
        <key>highlight</key>
        <styleUrl>#icon-seq2-1-97-1A237E-highlight</styleUrl>
      </Pair>
    </StyleMap>
    <Style id="icon-seq2-1-98-1A237E-normal">
      <IconStyle>
        <color>ff7e231a</color>
        <scale>1</scale>
        <Icon>
          <href>images/icon-99.png</href>
        </Icon>
      </IconStyle>
      <LabelStyle>
        <scale>0</scale>
      </LabelStyle>
    </Style>
    <Style id="icon-seq2-1-98-1A237E-highlight">
      <IconStyle>
        <color>ff7e231a</color>
        <scale>1</scale>
        <Icon>
          <href>images/icon-99.png</href>
        </Icon>
      </IconStyle>
      <LabelStyle>
        <scale>1</scale>
      </LabelStyle>
    </Style>
    <StyleMap id="icon-seq2-1-98-1A237E">
      <Pair>
        <key>normal</key>
        <styleUrl>#icon-seq2-1-98-1A237E-normal</styleUrl>
      </Pair>
      <Pair>
        <key>highlight</key>
        <styleUrl>#icon-seq2-1-98-1A237E-highlight</styleUrl>
      </Pair>
    </StyleMap>
    <Style id="icon-seq2-1-99-1A237E-normal">
      <IconStyle>
        <color>ff7e231a</color>
        <scale>1</scale>
        <Icon>
          <href>images/icon-100.png</href>
        </Icon>
      </IconStyle>
      <LabelStyle>
        <scale>0</scale>
      </LabelStyle>
    </Style>
    <Style id="icon-seq2-1-99-1A237E-highlight">
      <IconStyle>
        <color>ff7e231a</color>
        <scale>1</scale>
        <Icon>
          <href>images/icon-100.png</href>
        </Icon>
      </IconStyle>
      <LabelStyle>
        <scale>1</scale>
      </LabelStyle>
    </Style>
    <StyleMap id="icon-seq2-1-99-1A237E">
      <Pair>
        <key>normal</key>
        <styleUrl>#icon-seq2-1-99-1A237E-normal</styleUrl>
      </Pair>
      <Pair>
        <key>highlight</key>
        <styleUrl>#icon-seq2-1-99-1A237E-highlight</styleUrl>
      </Pair>
    </StyleMap>
    <Style id="line-000000-1200-normal">
      <LineStyle>
        <color>ff000000</color>
        <width>1.2</width>
      </LineStyle>
    </Style>
    <Style id="line-000000-1200-highlight">
      <LineStyle>
        <color>ff000000</color>
        <width>1.8</width>
      </LineStyle>
    </Style>
    <StyleMap id="line-000000-1200">
      <Pair>
        <key>normal</key>
        <styleUrl>#line-000000-1200-normal</styleUrl>
      </Pair>
      <Pair>
        <key>highlight</key>
        <styleUrl>#line-000000-1200-highlight</styleUrl>
      </Pair>
    </StyleMap>
    <Style id="line-1A94DA-3000-normal">
      <LineStyle>
        <color>ffda941a</color>
        <width>3</width>
      </LineStyle>
    </Style>
    <Style id="line-1A94DA-3000-highlight">
      <LineStyle>
        <color>ffda941a</color>
        <width>4.5</width>
      </LineStyle>
    </Style>
    <StyleMap id="line-1A94DA-3000">
      <Pair>
        <key>normal</key>
        <styleUrl>#line-1A94DA-3000-normal</styleUrl>
      </Pair>
      <Pair>
        <key>highlight</key>
        <styleUrl>#line-1A94DA-3000-highlight</styleUrl>
      </Pair>
    </StyleMap>
    <Style id="line-2C5D9F-3000-normal">
      <LineStyle>
        <color>ff9f5d2c</color>
        <width>3</width>
      </LineStyle>
    </Style>
    <Style id="line-2C5D9F-3000-highlight">
      <LineStyle>
        <color>ff9f5d2c</color>
        <width>4.5</width>
      </LineStyle>
    </Style>
    <StyleMap id="line-2C5D9F-3000">
      <Pair>
        <key>normal</key>
        <styleUrl>#line-2C5D9F-3000-normal</styleUrl>
      </Pair>
      <Pair>
        <key>highlight</key>
        <styleUrl>#line-2C5D9F-3000-highlight</styleUrl>
      </Pair>
    </StyleMap>
    <Style id="line-40B7B6-3000-normal">
      <LineStyle>
        <color>ffb6b740</color>
        <width>3</width>
      </LineStyle>
    </Style>
    <Style id="line-40B7B6-3000-highlight">
      <LineStyle>
        <color>ffb6b740</color>
        <width>4.5</width>
      </LineStyle>
    </Style>
    <StyleMap id="line-40B7B6-3000">
      <Pair>
        <key>normal</key>
        <styleUrl>#line-40B7B6-3000-normal</styleUrl>
      </Pair>
      <Pair>
        <key>highlight</key>
        <styleUrl>#line-40B7B6-3000-highlight</styleUrl>
      </Pair>
    </StyleMap>
    <Style id="line-467800-3000-normal">
      <LineStyle>
        <color>ff007846</color>
        <width>3</width>
      </LineStyle>
    </Style>
    <Style id="line-467800-3000-highlight">
      <LineStyle>
        <color>ff007846</color>
        <width>4.5</width>
      </LineStyle>
    </Style>
    <StyleMap id="line-467800-3000">
      <Pair>
        <key>normal</key>
        <styleUrl>#line-467800-3000-normal</styleUrl>
      </Pair>
      <Pair>
        <key>highlight</key>
        <styleUrl>#line-467800-3000-highlight</styleUrl>
      </Pair>
    </StyleMap>
    <Style id="line-5C4238-3000-normal">
      <LineStyle>
        <color>ff38425c</color>
        <width>3</width>
      </LineStyle>
    </Style>
    <Style id="line-5C4238-3000-highlight">
      <LineStyle>
        <color>ff38425c</color>
        <width>4.5</width>
      </LineStyle>
    </Style>
    <StyleMap id="line-5C4238-3000">
      <Pair>
        <key>normal</key>
        <styleUrl>#line-5C4238-3000-normal</styleUrl>
      </Pair>
      <Pair>
        <key>highlight</key>
        <styleUrl>#line-5C4238-3000-highlight</styleUrl>
      </Pair>
    </StyleMap>
    <Style id="line-723C9B-3000-normal">
      <LineStyle>
        <color>ff9b3c72</color>
        <width>3</width>
      </LineStyle>
    </Style>
    <Style id="line-723C9B-3000-highlight">
      <LineStyle>
        <color>ff9b3c72</color>
        <width>4.5</width>
      </LineStyle>
    </Style>
    <StyleMap id="line-723C9B-3000">
      <Pair>
        <key>normal</key>
        <styleUrl>#line-723C9B-3000-normal</styleUrl>
      </Pair>
      <Pair>
        <key>highlight</key>
        <styleUrl>#line-723C9B-3000-highlight</styleUrl>
      </Pair>
    </StyleMap>
    <Style id="line-7C0E57-3000-normal">
      <LineStyle>
        <color>ff570e7c</color>
        <width>3</width>
      </LineStyle>
    </Style>
    <Style id="line-7C0E57-3000-highlight">
      <LineStyle>
        <color>ff570e7c</color>
        <width>4.5</width>
      </LineStyle>
    </Style>
    <StyleMap id="line-7C0E57-3000">
      <Pair>
        <key>normal</key>
        <styleUrl>#line-7C0E57-3000-normal</styleUrl>
      </Pair>
      <Pair>
        <key>highlight</key>
        <styleUrl>#line-7C0E57-3000-highlight</styleUrl>
      </Pair>
    </StyleMap>
    <Style id="line-9C1B14-3000-normal">
      <LineStyle>
        <color>ff141b9c</color>
        <width>3</width>
      </LineStyle>
    </Style>
    <Style id="line-9C1B14-3000-highlight">
      <LineStyle>
        <color>ff141b9c</color>
        <width>4.5</width>
      </LineStyle>
    </Style>
    <StyleMap id="line-9C1B14-3000">
      <Pair>
        <key>normal</key>
        <styleUrl>#line-9C1B14-3000-normal</styleUrl>
      </Pair>
      <Pair>
        <key>highlight</key>
        <styleUrl>#line-9C1B14-3000-highlight</styleUrl>
      </Pair>
    </StyleMap>
    <Style id="line-A0CFEB-3000-normal">
      <LineStyle>
        <color>ffebcfa0</color>
        <width>3</width>
      </LineStyle>
    </Style>
    <Style id="line-A0CFEB-3000-highlight">
      <LineStyle>
        <color>ffebcfa0</color>
        <width>4.5</width>
      </LineStyle>
    </Style>
    <StyleMap id="line-A0CFEB-3000">
      <Pair>
        <key>normal</key>
        <styleUrl>#line-A0CFEB-3000-normal</styleUrl>
      </Pair>
      <Pair>
        <key>highlight</key>
        <styleUrl>#line-A0CFEB-3000-highlight</styleUrl>
      </Pair>
    </StyleMap>
    <Style id="line-A14D02-3000-normal">
      <LineStyle>
        <color>ff024da1</color>
        <width>3</width>
      </LineStyle>
    </Style>
    <Style id="line-A14D02-3000-highlight">
      <LineStyle>
        <color>ff024da1</color>
        <width>4.5</width>
      </LineStyle>
    </Style>
    <StyleMap id="line-A14D02-3000">
      <Pair>
        <key>normal</key>
        <styleUrl>#line-A14D02-3000-normal</styleUrl>
      </Pair>
      <Pair>
        <key>highlight</key>
        <styleUrl>#line-A14D02-3000-highlight</styleUrl>
      </Pair>
    </StyleMap>
    <Style id="line-BD9E3E-3000-normal">
      <LineStyle>
        <color>ff3e9ebd</color>
        <width>3</width>
      </LineStyle>
    </Style>
    <Style id="line-BD9E3E-3000-highlight">
      <LineStyle>
        <color>ff3e9ebd</color>
        <width>4.5</width>
      </LineStyle>
    </Style>
    <StyleMap id="line-BD9E3E-3000">
      <Pair>
        <key>normal</key>
        <styleUrl>#line-BD9E3E-3000-normal</styleUrl>
      </Pair>
      <Pair>
        <key>highlight</key>
        <styleUrl>#line-BD9E3E-3000-highlight</styleUrl>
      </Pair>
    </StyleMap>
    <Style id="line-C1D01B-3000-normal">
      <LineStyle>
        <color>ff1bd0c1</color>
        <width>3</width>
      </LineStyle>
    </Style>
    <Style id="line-C1D01B-3000-highlight">
      <LineStyle>
        <color>ff1bd0c1</color>
        <width>4.5</width>
      </LineStyle>
    </Style>
    <StyleMap id="line-C1D01B-3000">
      <Pair>
        <key>normal</key>
        <styleUrl>#line-C1D01B-3000-normal</styleUrl>
      </Pair>
      <Pair>
        <key>highlight</key>
        <styleUrl>#line-C1D01B-3000-highlight</styleUrl>
      </Pair>
    </StyleMap>
    <Style id="line-C1D5A5-3000-normal">
      <LineStyle>
        <color>ffa5d5c1</color>
        <width>3</width>
      </LineStyle>
    </Style>
    <Style id="line-C1D5A5-3000-highlight">
      <LineStyle>
        <color>ffa5d5c1</color>
        <width>4.5</width>
      </LineStyle>
    </Style>
    <StyleMap id="line-C1D5A5-3000">
      <Pair>
        <key>normal</key>
        <styleUrl>#line-C1D5A5-3000-normal</styleUrl>
      </Pair>
      <Pair>
        <key>highlight</key>
        <styleUrl>#line-C1D5A5-3000-highlight</styleUrl>
      </Pair>
    </StyleMap>
    <Style id="line-C3A0DD-3000-normal">
      <LineStyle>
        <color>ffdda0c3</color>
        <width>3</width>
      </LineStyle>
    </Style>
    <Style id="line-C3A0DD-3000-highlight">
      <LineStyle>
        <color>ffdda0c3</color>
        <width>4.5</width>
      </LineStyle>
    </Style>
    <StyleMap id="line-C3A0DD-3000">
      <Pair>
        <key>normal</key>
        <styleUrl>#line-C3A0DD-3000-normal</styleUrl>
      </Pair>
      <Pair>
        <key>highlight</key>
        <styleUrl>#line-C3A0DD-3000-highlight</styleUrl>
      </Pair>
    </StyleMap>
    <Style id="line-E46C00-3000-normal">
      <LineStyle>
        <color>ff006ce4</color>
        <width>3</width>
      </LineStyle>
    </Style>
    <Style id="line-E46C00-3000-highlight">
      <LineStyle>
        <color>ff006ce4</color>
        <width>4.5</width>
      </LineStyle>
    </Style>
    <StyleMap id="line-E46C00-3000">
      <Pair>
        <key>normal</key>
        <styleUrl>#line-E46C00-3000-normal</styleUrl>
      </Pair>
      <Pair>
        <key>highlight</key>
        <styleUrl>#line-E46C00-3000-highlight</styleUrl>
      </Pair>
    </StyleMap>
    <Style id="line-E93D46-1000-normal">
      <LineStyle>
        <color>ff463de9</color>
        <width>1</width>
      </LineStyle>
    </Style>
    <Style id="line-E93D46-1000-highlight">
      <LineStyle>
        <color>ff463de9</color>
        <width>1.5</width>
      </LineStyle>
    </Style>
    <StyleMap id="line-E93D46-1000">
      <Pair>
        <key>normal</key>
        <styleUrl>#line-E93D46-1000-normal</styleUrl>
      </Pair>
      <Pair>
        <key>highlight</key>
        <styleUrl>#line-E93D46-1000-highlight</styleUrl>
      </Pair>
    </StyleMap>
    <Style id="line-F4A2A6-3000-normal">
      <LineStyle>
        <color>ffa6a2f4</color>
        <width>3</width>
      </LineStyle>
    </Style>
    <Style id="line-F4A2A6-3000-highlight">
      <LineStyle>
        <color>ffa6a2f4</color>
        <width>4.5</width>
      </LineStyle>
    </Style>
    <StyleMap id="line-F4A2A6-3000">
      <Pair>
        <key>normal</key>
        <styleUrl>#line-F4A2A6-3000-normal</styleUrl>
      </Pair>
      <Pair>
        <key>highlight</key>
        <styleUrl>#line-F4A2A6-3000-highlight</styleUrl>
      </Pair>
    </StyleMap>
    <Style id="line-F8C530-3000-normal">
      <LineStyle>
        <color>ff30c5f8</color>
        <width>3</width>
      </LineStyle>
    </Style>
    <Style id="line-F8C530-3000-highlight">
      <LineStyle>
        <color>ff30c5f8</color>
        <width>4.5</width>
      </LineStyle>
    </Style>
    <StyleMap id="line-F8C530-3000">
      <Pair>
        <key>normal</key>
        <styleUrl>#line-F8C530-3000-normal</styleUrl>
      </Pair>
      <Pair>
        <key>highlight</key>
        <styleUrl>#line-F8C530-3000-highlight</styleUrl>
      </Pair>
    </StyleMap>
    <Style id="line-FFAE66-3000-normal">
      <LineStyle>
        <color>ff66aeff</color>
        <width>3</width>
      </LineStyle>
    </Style>
    <Style id="line-FFAE66-3000-highlight">
      <LineStyle>
        <color>ff66aeff</color>
        <width>4.5</width>
      </LineStyle>
    </Style>
    <StyleMap id="line-FFAE66-3000">
      <Pair>
        <key>normal</key>
        <styleUrl>#line-FFAE66-3000-normal</styleUrl>
      </Pair>
      <Pair>
        <key>highlight</key>
        <styleUrl>#line-FFAE66-3000-highlight</styleUrl>
      </Pair>
    </StyleMap>
    <Folder>
      <name>Jalur / Route</name>
      <Placemark>
        <name>1A _ Trans Jogja</name>
        <description><![CDATA[! -- AWAL / START -- !<br><br>001 => Bandara Adisujtipto<br><br>002 => Makam Sorogenen<br><br>003 => KR - B<br><br>004 => BPD Kalasan<br><br>005 => Pasar Kalasan - B<br><br>006 => RS Bhayangkara - B<br><br>007 => Edotel Kalasan - B<br><br>008 => Terminal Prambanan<br><br>009 => Edotel Kalasan - A<br><br>010 =>  RS Bhayangkara - A<br><br>011 => Pasar Kalasan - A<br><br>012 => Cupuwatu<br><br>013 => KR - A<br><br>014 => Bandara Adisutjipto<br><br>015 => Hyundai<br><br>016 => Jayakarta<br><br>017 => Janti Selatan<br><br>018 => Ambarukmo - A<br><br>019 => Gedung Wanita<br><br>020 => LPP<br><br>021 => Superindo Urip Sumoharjo<br><br>022 => RS Bethesda<br><br>023 => Jend. Sudirman - A<br><br>024 => Mangkubumi 1<br><br>025 => Mangkubumi 2<br><br>026 => Malioboro 1<br><br>027 => Malioboro 2<br><br>028 => Malioboro 3<br><br>029 => Taman Pintar<br><br>030 => Suryotomo<br><br>031 => Progo<br><br>032 => Jl. Mataram<br><br>033 => Teras 2<br><br>034 => Eks Menara Kopi - A<br><br>035 => Kridosono<br><br>036 => AA YKPN<br><br>037 => Demangan<br><br>038 => De Britto<br><br>039 => Ambarukmo - B<br><br>040 => Janti Selatan<br><br>041 => Janti Utara<br><br>042 => Mirota Babarsari<br><br>043 => Transmart<br><br>044 => Kanwil DJPb<br><br>045 => Maguwo Sambilegi<br><br>046 => Bandara Adisujtipto<br><br>! -- AKHIR /  END -- !]]></description>
        <styleUrl>#line-E93D46-1000</styleUrl>
        <LineString>
          <tessellate>1</tessellate>
          <coordinates>
            110.489812,-7.755647,0
            110.489775,-7.755465,0
            110.481227,-7.757003,0
            110.480435,-7.757299,0
            110.479758,-7.75781,0
            110.474345,-7.763894,0
            110.468064,-7.771204,0
            110.466665,-7.772805,0
            110.466347,-7.77308,0
            110.466028,-7.773282,0
            110.464345,-7.774129,0
            110.447247,-7.783463,0
            110.447072,-7.783526,0
            110.446901,-7.783552,0
            110.438203,-7.783516,0
            110.438089,-7.783644,0
            110.437956,-7.784769,0
            110.43741,-7.78472,0
            110.437117,-7.784652,0
            110.435771,-7.784536,0
            110.435609,-7.784539,0
            110.435498,-7.784602,0
            110.435329,-7.784613,0
            110.435285,-7.784421,0
            110.43534,-7.784294,0
            110.435627,-7.784142,0
            110.43642,-7.7842,0
            110.436517,-7.784116,0
            110.436549,-7.783859,0
            110.436435,-7.783772,0
            110.436012,-7.783761,0
            110.435819,-7.783638,0
            110.429993,-7.783578,0
            110.429946,-7.783561,0
            110.429464,-7.78356,0
            110.425924,-7.783475,0
            110.419087,-7.783418,0
            110.414122,-7.783385,0
            110.411122,-7.783364,0
            110.410934,-7.783395,0
            110.410738,-7.783449,0
            110.410607,-7.783596,0
            110.410552,-7.783848,0
            110.410552,-7.784085,0
            110.410427,-7.786513,0
            110.410252,-7.786513,0
            110.410379,-7.783629,0
            110.410312,-7.783499,0
            110.41022,-7.783412,0
            110.410073,-7.783372,0
            110.396672,-7.783258,0
            110.395337,-7.783241,0
            110.394942,-7.783225,0
            110.388153,-7.78314,0
            110.379455,-7.783072,0
            110.379298,-7.783061,0
            110.375133,-7.783024,0
            110.374823,-7.783008,0
            110.372565,-7.78299,0
            110.372131,-7.783027,0
            110.371319,-7.78303,0
            110.367361,-7.782961,0
            110.367215,-7.783038,0
            110.367063,-7.783228,0
            110.366334,-7.789132,0
            110.366393,-7.789265,0
            110.366356,-7.789516,0
            110.366378,-7.78954,0
            110.366429,-7.789566,0
            110.36756,-7.789668,0
            110.368276,-7.789685,0
            110.368403,-7.789732,0
            110.368444,-7.789828,0
            110.368416,-7.789987,0
            110.368333,-7.790183,0
            110.368275,-7.790276,0
            110.368179,-7.790319,0
            110.36799,-7.790303,0
            110.367627,-7.790162,0
            110.367471,-7.790211,0
            110.367427,-7.79023,0
            110.366228,-7.790167,0
            110.366207,-7.790217,0
            110.365469,-7.796379,0
            110.364849,-7.801144,0
            110.364856,-7.801268,0
            110.364922,-7.801359,0
            110.369063,-7.801489,0
            110.369172,-7.801435,0
            110.369227,-7.801361,0
            110.369345,-7.798513,0
            110.369276,-7.797054,0
            110.369197,-7.796886,0
            110.369055,-7.796744,0
            110.369035,-7.796685,0
            110.369018,-7.796682,0
            110.368982,-7.796536,0
            110.369019,-7.795665,0
            110.368981,-7.795288,0
            110.368916,-7.794897,0
            110.368846,-7.794765,0
            110.368699,-7.794661,0
            110.368268,-7.794423,0
            110.368012,-7.79423,0
            110.367799,-7.794002,0
            110.367658,-7.793748,0
            110.367596,-7.793501,0
            110.367549,-7.792788,0
            110.36756,-7.791327,0
            110.36757,-7.790789,0
            110.367701,-7.790512,0
            110.367786,-7.790437,0
            110.36793,-7.790382,0
            110.368048,-7.79037,0
            110.368193,-7.790396,0
            110.368287,-7.790389,0
            110.368354,-7.790351,0
            110.368513,-7.789975,0
            110.36854,-7.789783,0
            110.368583,-7.789705,0
            110.36869,-7.789676,0
            110.368867,-7.789699,0
            110.368984,-7.789701,0
            110.369089,-7.789651,0
            110.369191,-7.789583,0
            110.369318,-7.789544,0
            110.369738,-7.789488,0
            110.369881,-7.789435,0
            110.371464,-7.788341,0
            110.371914,-7.788102,0
            110.372375,-7.787934,0
            110.372783,-7.787872,0
            110.373067,-7.78786,0
            110.373119,-7.787842,0
            110.373153,-7.787791,0
            110.373162,-7.787539,0
            110.373153,-7.78742,0
            110.373182,-7.78714,0
            110.373359,-7.78688,0
            110.373644,-7.78681,0
            110.374077,-7.78684,0
            110.374206,-7.786784,0
            110.374476,-7.786817,0
            110.374844,-7.78695,0
            110.375407,-7.787332,0
            110.375397,-7.78735,0
            110.375511,-7.787422,0
            110.375978,-7.787572,0
            110.376155,-7.787577,0
            110.376235,-7.78749,0
            110.3764,-7.787139,0
            110.376509,-7.78702,0
            110.376688,-7.78701,0
            110.378462,-7.787318,0
            110.378543,-7.787318,0
            110.378579,-7.787281,0
            110.378631,-7.787181,0
            110.378722,-7.787124,0
            110.378897,-7.787127,0
            110.380289,-7.787558,0
            110.380571,-7.787562,0
            110.381189,-7.787337,0
            110.381857,-7.787177,0
            110.382002,-7.787053,0
            110.382079,-7.786856,0
            110.382149,-7.786351,0
            110.382246,-7.786188,0
            110.382405,-7.786111,0
            110.3864,-7.78622,0
            110.386729,-7.786206,0
            110.387027,-7.786117,0
            110.387337,-7.785898,0
            110.387843,-7.785419,0
            110.388058,-7.785105,0
            110.388142,-7.784846,0
            110.388161,-7.784614,0
            110.388009,-7.783267,0
            110.388021,-7.783089,0
            110.388156,-7.783043,0
            110.395116,-7.783111,0
            110.396375,-7.78312,0
            110.40832,-7.783248,0
            110.410355,-7.783258,0
            110.410533,-7.783385,0
            110.410536,-7.783772,0
            110.410565,-7.783846,0
            110.410564,-7.784085,0
            110.410434,-7.786519,0
            110.410245,-7.786521,0
            110.41037,-7.783629,0
            110.410376,-7.783592,0
            110.410385,-7.783409,0
            110.410483,-7.783247,0
            110.410671,-7.783169,0
            110.411022,-7.78319,0
            110.413871,-7.783225,0
            110.414113,-7.783262,0
            110.419079,-7.783266,0
            110.425923,-7.783326,0
            110.429462,-7.783404,0
            110.43001,-7.783409,0
            110.430064,-7.783388,0
            110.437807,-7.783403,0
            110.438085,-7.783585,0
            110.437947,-7.784756,0
            110.437413,-7.784708,0
            110.437119,-7.784643,0
            110.435771,-7.784527,0
            110.435606,-7.784527,0
            110.435494,-7.78459,0
            110.435337,-7.784602,0
            110.435296,-7.784424,0
            110.43535,-7.784308,0
            110.435628,-7.784158,0
            110.436418,-7.784214,0
            110.436532,-7.784281,0
            110.436594,-7.784499,0
            110.437148,-7.78455,0
            110.437436,-7.784612,0
            110.437874,-7.784649,0
            110.437992,-7.783617,0
            110.438205,-7.783441,0
            110.446891,-7.78346,0
            110.447024,-7.78344,0
            110.447221,-7.783378,0
            110.464306,-7.774045,0
            110.46598,-7.773187,0
            110.466285,-7.772995,0
            110.466589,-7.772738,0
            110.467984,-7.771102,0
            110.474242,-7.763803,0
            110.479681,-7.757693,0
            110.480383,-7.757189,0
            110.48119,-7.756908,0
            110.488733,-7.755528,0
            110.488984,-7.755585,0
            110.489092,-7.756001,0
            110.489853,-7.755834,0
            110.489812,-7.755647,0
          </coordinates>
        </LineString>
      </Placemark>
      <Placemark>
        <name>1B _ Trans Jogja</name>
        <description><![CDATA[! -- AWAL / START -- !<br><br>001 => Bandara Adisutjipto<br><br>002 => Hyundai<br><br>003 => Jayakarta<br><br>004 => Janti Utara<br><br>005 => Sahid J-Walk<br><br>006=> Dishub DIY - A<br><br>007 => Babarsari - A<br><br>008 => Kledokan<br><br>009 => Pasar Angkasa<br><br>010 => RS Harjolukito<br><br>011 => Wonocatur<br><br>012 => BKPM<br><br>013 => Gembira Loka - B<br><br>014 => SGM Kusumanegara - B<br><br>015 => Makam Gajah - B<br><br>016 => Taman Makam Pahlawan - B<br><br>017 => Pasar Sentul<br><br>018 => Museum Biologi<br><br>019 => Suryotomo<br><br>020 => Progo<br><br>021 => Jl. Mataram<br><br>022 => Teras 2<br><br>023 => Abu Bakar Ali<br><br>024 => Hotel Abadi<br><br>025 => Stasiun Yogyakarta<br><br>026 => Jlagran<br><br>027 => Letjen Suprapto<br><br>028 => SDN Gedong Tengen<br><br>029 => KS Tubun<br><br>030 => Ngabean<br><br>031 => KHA Dahlan - B<br><br>032 => Taman Pintar<br><br>033 => Pakualaman<br><br>034 => Taman Makam Pahlawan - A<br><br>035 => Makam Gajah - A<br><br>036 => SGM Kusumanegara - A<br><br>037 => Gembira Loka - A<br><br>038 => JEC<br><br>039 => Blok O<br><br>040 => Janti Utara<br><br>041 => Mirota Babarsari<br><br>042 => Transmart<br><br>043 => Kanwil DJPb<br><br>044 => Maguwo Sambilegi<br><br>045 => Bandara Adisutjipto<br><br>! -- AKHIR /  END -- !]]></description>
        <styleUrl>#line-F4A2A6-3000</styleUrl>
        <LineString>
          <tessellate>1</tessellate>
          <coordinates>
            110.435755,-7.784484,0
            110.435587,-7.784483,0
            110.435466,-7.784546,0
            110.435368,-7.784551,0
            110.435341,-7.784438,0
            110.435393,-7.784352,0
            110.435649,-7.784222,0
            110.436422,-7.784281,0
            110.436569,-7.784162,0
            110.436618,-7.783825,0
            110.436457,-7.783691,0
            110.436034,-7.783682,0
            110.435846,-7.783557,0
            110.429461,-7.783518,0
            110.425908,-7.783435,0
            110.419101,-7.783377,0
            110.411015,-7.783337,0
            110.411014,-7.783242,0
            110.413863,-7.783283,0
            110.413938,-7.783231,0
            110.413978,-7.783148,0
            110.414861,-7.77882,0
            110.41582,-7.774457,0
            110.415832,-7.77433,0
            110.415758,-7.774254,0
            110.415606,-7.774246,0
            110.415477,-7.774285,0
            110.415288,-7.774291,0
            110.409112,-7.773623,0
            110.40904,-7.773642,0
            110.40901,-7.773734,0
            110.40834,-7.777083,0
            110.408321,-7.777376,0
            110.40836,-7.777686,0
            110.408449,-7.777901,0
            110.408521,-7.778031,0
            110.408587,-7.778886,0
            110.408319,-7.783269,0
            110.410347,-7.783275,0
            110.410516,-7.783396,0
            110.410519,-7.78384,0
            110.410389,-7.786478,0
            110.410294,-7.78714,0
            110.409979,-7.798212,0
            110.409857,-7.798527,0
            110.409541,-7.798614,0
            110.406057,-7.798621,0
            110.405122,-7.798652,0
            110.402757,-7.798664,0
            110.402559,-7.798738,0
            110.402432,-7.798873,0
            110.402381,-7.799041,0
            110.402305,-7.802168,0
            110.402244,-7.802308,0
            110.402103,-7.802391,0
            110.401733,-7.802353,0
            110.398974,-7.802267,0
            110.398253,-7.802244,0
            110.398052,-7.802299,0
            110.397208,-7.802278,0
            110.396628,-7.802204,0
            110.395154,-7.802173,0
            110.392008,-7.80212,0
            110.389053,-7.802039,0
            110.384262,-7.80191,0
            110.384044,-7.801893,0
            110.378874,-7.801757,0
            110.378535,-7.801762,0
            110.373237,-7.801601,0
            110.373062,-7.80159,0
            110.369463,-7.801536,0
            110.369264,-7.801376,0
            110.369405,-7.798508,0
            110.369318,-7.79704,0
            110.369231,-7.796848,0
            110.369088,-7.796706,0
            110.369038,-7.796532,0
            110.369083,-7.795665,0
            110.369053,-7.795272,0
            110.368984,-7.79487,0
            110.368893,-7.794705,0
            110.36875,-7.794599,0
            110.368302,-7.794364,0
            110.368061,-7.794163,0
            110.36786,-7.793948,0
            110.367727,-7.793727,0
            110.367668,-7.793487,0
            110.367611,-7.792788,0
            110.367601,-7.791328,0
            110.367605,-7.790406,0
            110.367541,-7.790274,0
            110.36743,-7.790166,0
            110.366872,-7.790138,0
            110.366497,-7.790015,0
            110.365831,-7.789933,0
            110.365708,-7.789966,0
            110.364501,-7.789877,0
            110.363552,-7.790043,0
            110.362651,-7.789967,0
            110.362059,-7.789765,0
            110.361804,-7.789649,0
            110.361595,-7.789613,0
            110.360092,-7.789558,0
            110.357865,-7.789375,0
            110.357493,-7.789389,0
            110.357467,-7.789557,0
            110.357419,-7.791142,0
            110.35731,-7.791531,0
            110.357098,-7.79189,0
            110.356962,-7.792355,0
            110.356623,-7.795669,0
            110.356253,-7.801024,0
            110.356318,-7.801136,0
            110.356482,-7.80122,0
            110.356552,-7.801354,0
            110.356479,-7.803369,0
            110.356267,-7.803363,0
            110.35617,-7.803515,0
            110.356126,-7.804061,0
            110.356161,-7.804089,0
            110.356337,-7.8041,0
            110.356397,-7.803941,0
            110.356412,-7.803726,0
            110.356416,-7.803464,0
            110.356411,-7.803453,0
            110.35648,-7.801243,0
            110.356536,-7.801153,0
            110.356717,-7.801097,0
            110.362052,-7.801257,0
            110.364893,-7.801353,0
            110.36492,-7.801342,0
            110.369064,-7.801472,0
            110.373003,-7.801537,0
            110.373247,-7.801569,0
            110.37856,-7.801712,0
            110.378872,-7.801719,0
            110.38405,-7.801854,0
            110.384312,-7.801856,0
            110.38907,-7.801994,0
            110.389204,-7.801987,0
            110.392008,-7.802049,0
            110.395149,-7.802116,0
            110.395273,-7.802131,0
            110.396794,-7.802166,0
            110.396949,-7.802205,0
            110.397986,-7.802228,0
            110.398252,-7.802183,0
            110.398983,-7.802209,0
            110.40174,-7.802309,0
            110.402018,-7.802335,0
            110.402187,-7.802256,0
            110.402263,-7.802137,0
            110.402321,-7.799025,0
            110.402366,-7.798844,0
            110.402516,-7.798671,0
            110.402731,-7.798566,0
            110.405119,-7.798579,0
            110.406068,-7.79856,0
            110.409533,-7.798564,0
            110.409792,-7.798459,0
            110.409882,-7.798171,0
            110.410236,-7.787145,0
            110.41029,-7.786475,0
            110.410434,-7.783431,0
            110.410514,-7.783296,0
            110.410678,-7.783222,0
            110.411015,-7.783231,0
            110.413864,-7.78327,0
            110.414105,-7.783302,0
            110.4191,-7.783312,0
            110.425908,-7.78337,0
            110.429456,-7.783447,0
            110.430125,-7.78345,0
            110.437795,-7.783457,0
            110.438034,-7.783618,0
            110.437915,-7.784702,0
            110.43742,-7.784662,0
            110.437134,-7.784604,0
            110.435755,-7.784484,0
          </coordinates>
        </LineString>
      </Placemark>
      <Placemark>
        <name>2A _  Trans Jogja</name>
        <description><![CDATA[! -- AWAL / START -- !<br><br>001 => Terminal Condongcatur<br><br>002 => Manggung<br><br>003 => Monjali - B<br><br>004 => Terminal Jombor<br><br>005 => Monjali - A<br><br>006 => PDAM Monjali - A<br><br>007 => SPBU Monjali - A<br><br>008 => Karangjati - A<br><br>009 => Batas Kota Jl. Monjali - A<br><br>010 => AM Sangaji - A<br><br>011 => Pasar Kranggan Timur<br><br>012 => Mangkubumi 1<br><br>013 => Mangkubumi 2<br><br>014 => Malioboro 1<br><br>015 => Malioboro 2<br><br>016 => Malioboro 3<br><br>017 => Taman Pintar<br><br>018 => Jogjatronik<br><br>019 => Purawisata - A<br><br>020 => SDN Kintelan 1<br><br>021 => Pujokusuman<br><br>022 => STIE Kerjasama<br><br>023 => RS Hidayatullah<br><br>024 => Gambiran - A<br><br>025 => Perintis Kemerdekaan - A<br><br>026 => Diklat PU<br><br>027 => SMPN 9 - A<br><br>028 => Kehutanan - A<br><br>029 => Pilar<br><br>030 => Banguntapan - A<br><br>031 => Gembira Loka - B<br><br>032 => SGM Kusumanegara - B<br><br>033 => Makam Gajah - B<br><br>034 => KPPN<br><br>035 => Among Rogo - A<br><br>036 => Mandala Krida - A<br><br>037 => SMP Kanisius Gayam - A<br><br>038 => Eks Bioksop Mataram<br><br>039 => Kridosono<br><br>040 => UKDW<br><br>041 => RS Bethesda<br><br>042 => Dr. Yap<br><br>043 => SMPN 1 - A<br><br>044 => Kosudgama<br><br>045 => UNY Colombo<br><br>046 => Plaza UNY<br><br>047 => Ombudsman<br><br>048 => Santren<br><br>049 => Prayan - A<br><br>050 => SPBU Concat - A<br><br>051 => Terminal Condongcatur<br><br>! -- AKHIR /  END -- !]]></description>
        <styleUrl>#line-1A94DA-3000</styleUrl>
        <LineString>
          <tessellate>1</tessellate>
          <coordinates>
            110.396186,-7.756484,0
            110.395887,-7.758058,0
            110.395867,-7.758123,0
            110.395849,-7.758228,0
            110.395743,-7.758434,0
            110.395512,-7.758548,0
            110.390296,-7.759834,0
            110.389983,-7.759884,0
            110.389567,-7.759874,0
            110.388664,-7.759724,0
            110.388135,-7.759538,0
            110.387713,-7.759269,0
            110.387392,-7.758981,0
            110.383701,-7.755347,0
            110.383117,-7.75477,0
            110.38253,-7.754184,0
            110.381971,-7.753748,0
            110.38142,-7.753411,0
            110.380086,-7.75272,0
            110.379497,-7.75246,0
            110.378845,-7.752246,0
            110.378185,-7.75205,0
            110.377787,-7.751965,0
            110.377494,-7.751964,0
            110.37607,-7.752106,0
            110.375657,-7.752097,0
            110.371438,-7.751346,0
            110.370926,-7.751227,0
            110.369287,-7.750868,0
            110.366035,-7.750537,0
            110.365234,-7.75042,0
            110.364418,-7.750218,0
            110.36354,-7.749919,0
            110.362396,-7.749452,0
            110.362202,-7.749458,0
            110.362102,-7.749403,0
            110.362029,-7.749238,0
            110.362152,-7.748897,0
            110.362254,-7.748791,0
            110.362295,-7.748486,0
            110.362313,-7.747903,0
            110.362259,-7.747823,0
            110.361645,-7.747686,0
            110.361684,-7.74753,0
            110.361083,-7.747377,0
            110.361032,-7.747552,0
            110.360661,-7.747445,0
            110.360645,-7.747467,0
            110.360727,-7.74761,0
            110.360782,-7.747798,0
            110.360794,-7.748112,0
            110.360753,-7.748366,0
            110.362168,-7.748985,0
            110.36232,-7.748952,0
            110.362478,-7.74901,0
            110.362487,-7.749037,0
            110.362523,-7.749051,0
            110.362872,-7.749308,0
            110.363637,-7.749664,0
            110.364486,-7.749963,0
            110.365274,-7.750223,0
            110.366086,-7.750379,0
            110.369295,-7.750739,0
            110.371034,-7.75111,0
            110.371138,-7.751307,0
            110.371105,-7.751523,0
            110.370046,-7.754465,0
            110.369791,-7.757584,0
            110.369507,-7.760268,0
            110.369406,-7.761895,0
            110.369307,-7.763451,0
            110.369124,-7.765113,0
            110.369144,-7.765887,0
            110.369119,-7.766566,0
            110.368992,-7.767515,0
            110.368299,-7.772338,0
            110.367994,-7.775707,0
            110.367714,-7.777987,0
            110.367127,-7.782704,0
            110.367138,-7.78282,0
            110.367216,-7.782913,0
            110.3672,-7.783032,0
            110.367053,-7.783221,0
            110.36632,-7.789131,0
            110.366379,-7.789269,0
            110.366344,-7.78952,0
            110.366368,-7.789546,0
            110.366424,-7.789577,0
            110.367556,-7.789679,0
            110.368273,-7.789698,0
            110.368395,-7.789741,0
            110.368435,-7.789832,0
            110.368407,-7.789987,0
            110.368328,-7.790181,0
            110.36827,-7.79027,0
            110.368179,-7.79031,0
            110.367994,-7.790297,0
            110.367625,-7.790152,0
            110.367422,-7.79022,0
            110.366223,-7.790157,0
            110.366198,-7.790214,0
            110.365453,-7.796365,0
            110.364841,-7.80114,0
            110.364847,-7.801269,0
            110.364916,-7.801365,0
            110.369057,-7.801498,0
            110.369329,-7.801818,0
            110.369249,-7.803481,0
            110.369363,-7.803723,0
            110.369448,-7.804062,0
            110.368734,-7.814516,0
            110.368749,-7.814577,0
            110.368816,-7.81462,0
            110.376218,-7.815719,0
            110.3764,-7.815716,0
            110.383543,-7.816763,0
            110.383978,-7.816788,0
            110.384234,-7.816687,0
            110.391222,-7.814535,0
            110.391364,-7.814487,0
            110.391613,-7.814751,0
            110.390808,-7.817789,0
            110.390854,-7.817936,0
            110.391044,-7.818023,0
            110.393383,-7.818593,0
            110.400695,-7.820475,0
            110.400856,-7.820503,0
            110.400975,-7.820462,0
            110.401017,-7.820306,0
            110.401163,-7.819677,0
            110.401242,-7.819418,0
            110.401644,-7.818395,0
            110.401766,-7.818049,0
            110.401897,-7.817584,0
            110.401952,-7.817325,0
            110.401996,-7.81702,0
            110.402008,-7.81672,0
            110.402061,-7.814252,0
            110.402161,-7.807422,0
            110.402249,-7.802732,0
            110.40218,-7.802567,0
            110.401972,-7.802407,0
            110.401725,-7.802363,0
            110.398979,-7.802275,0
            110.398253,-7.802256,0
            110.398055,-7.802312,0
            110.397207,-7.802292,0
            110.396629,-7.802215,0
            110.395172,-7.802182,0
            110.395132,-7.8022,0
            110.392098,-7.80216,0
            110.392077,-7.802147,0
            110.389217,-7.802067,0
            110.389187,-7.802054,0
            110.384268,-7.80192,0
            110.384197,-7.801794,0
            110.384939,-7.797806,0
            110.38493,-7.797694,0
            110.384823,-7.797628,0
            110.384332,-7.797524,0
            110.383501,-7.797535,0
            110.382473,-7.797428,0
            110.38061,-7.797491,0
            110.377806,-7.797343,0
            110.37768,-7.797272,0
            110.377643,-7.797129,0
            110.377705,-7.796609,0
            110.377928,-7.792547,0
            110.377888,-7.791816,0
            110.377933,-7.790917,0
            110.377988,-7.79058,0
            110.378277,-7.789369,0
            110.3784,-7.788359,0
            110.378339,-7.788251,0
            110.378217,-7.788193,0
            110.378068,-7.788193,0
            110.377723,-7.788294,0
            110.377331,-7.788468,0
            110.376984,-7.788555,0
            110.376135,-7.788644,0
            110.375851,-7.78861,0
            110.375423,-7.788487,0
            110.375039,-7.788351,0
            110.37489,-7.788342,0
            110.374823,-7.788435,0
            110.374632,-7.788555,0
            110.374429,-7.7886,0
            110.374133,-7.788604,0
            110.37361,-7.788463,0
            110.373379,-7.788354,0
            110.373267,-7.788235,0
            110.373216,-7.78807,0
            110.373192,-7.787875,0
            110.37316,-7.78742,0
            110.373189,-7.787143,0
            110.373367,-7.786886,0
            110.373646,-7.786818,0
            110.37408,-7.786846,0
            110.374206,-7.786792,0
            110.374469,-7.786824,0
            110.374845,-7.786959,0
            110.375397,-7.787335,0
            110.375388,-7.787355,0
            110.375508,-7.787428,0
            110.375974,-7.787579,0
            110.376158,-7.787585,0
            110.376242,-7.787495,0
            110.376408,-7.787143,0
            110.376513,-7.787028,0
            110.376682,-7.78702,0
            110.378329,-7.787302,0
            110.378448,-7.787288,0
            110.378544,-7.787247,0
            110.378593,-7.787163,0
            110.379191,-7.783401,0
            110.379203,-7.783111,0
            110.379073,-7.783047,0
            110.375132,-7.783015,0
            110.375031,-7.782985,0
            110.374945,-7.782897,0
            110.374937,-7.782779,0
            110.375453,-7.779702,0
            110.375974,-7.776356,0
            110.375947,-7.776271,0
            110.375871,-7.77601,0
            110.375873,-7.775925,0
            110.375957,-7.775779,0
            110.376179,-7.775779,0
            110.376299,-7.775908,0
            110.376292,-7.776061,0
            110.379325,-7.776188,0
            110.379592,-7.776249,0
            110.379838,-7.776377,0
            110.380553,-7.776531,0
            110.381581,-7.776654,0
            110.382462,-7.776834,0
            110.383308,-7.776918,0
            110.383669,-7.777005,0
            110.386093,-7.777838,0
            110.386261,-7.777856,0
            110.387427,-7.777556,0
            110.387623,-7.77755,0
            110.388554,-7.777765,0
            110.388618,-7.777753,0
            110.388647,-7.777715,0
            110.389735,-7.771919,0
            110.389898,-7.771228,0
            110.390042,-7.770762,0
            110.391251,-7.768203,0
            110.392273,-7.765594,0
            110.3926,-7.76497,0
            110.393539,-7.763566,0
            110.3937,-7.76322,0
            110.394148,-7.761391,0
            110.394258,-7.761126,0
            110.395299,-7.75931,0
            110.395602,-7.758636,0
            110.395706,-7.758247,0
            110.395707,-7.758096,0
            110.395877,-7.757241,0
            110.395876,-7.757084,0
            110.395819,-7.756901,0
            110.395902,-7.756512,0
            110.396017,-7.756386,0
            110.396186,-7.756484,0
          </coordinates>
        </LineString>
      </Placemark>
      <Placemark>
        <name>2B _ Trans Jogja</name>
        <description><![CDATA[! -- AWAL / START -- !<br><br>001 => Terminal Condongcatur<br><br>002 => SPBU Concat - B<br><br>003 => Prayan - B<br><br>004 => Susteran Novisiat<br><br>005 => Makam Santrean<br><br>006 => Sanata Dharma<br><br>007 => Samirono<br><br>008 => RS Panti Rapih <br><br>009 => SMPN 1 - B<br><br>010 => Cik Di Tiro<br><br>011 => Bulog<br><br>012 => Kridosono<br><br>013 => Lempuyangan<br><br>014 => Stasiun Lempuyangan<br><br>015 => Flyover Lempuyangan<br><br>016 => SMP Kanisius Gayam - B<br><br>017 => Mandala Krida - B<br><br>018 => Among Rogo - B<br><br>019 => Makam Gajah - A<br><br>020 => SGM Kusumanegara - A<br><br>021 => Gembira Loka - A<br><br>022 => Banguntapan - B<br><br>023 => Poltekkes BSI<br><br>024 => Kehutanan - B<br><br>025 => SMPN 9 - B<br><br>026 => Basen<br><br>027 => Perintis Kemerdekaan - B<br><br>028 => Gambiran - B<br><br>029 => Veteran<br><br>030 => XT Square<br><br>031 => Pasar Sepeda <br><br>032 => Museum Perjuangan<br><br>033 => Purawisata - B<br><br>034 => Katamso<br><br>035 => Senopati<br><br>036 => KHA Dahlan - A<br><br>037 => Ngabean<br><br>038 => Pasar Serangan - A<br><br>039 => SMAN 1 - A<br><br>040 => SMPN 11<br><br>041 => Badran<br><br>042 => SMPN 14<br><br>043 => Hotel Utara - B<br><br>044 => Borobudur Plaza<br><br>045 => SMKN 3<br><br>046 => AM Sangaji - B<br><br>047 => Batas Kota Jl. Monjali - B<br><br>048 => Karangjati - B<br><br>049 => SPBU Monjali - B<br><br>050 => PDAM Monjali - B<br><br>051 => Monjali - B<br><br>052 => Termnial Jombor<br><br>053 => Monjali - A<br><br>054 => Kentungan<br><br>055 => Terminal Condongcatur<br><br>! -- AKHIR /  END -- !]]></description>
        <styleUrl>#line-A0CFEB-3000</styleUrl>
        <LineString>
          <tessellate>1</tessellate>
          <coordinates>
            110.395883,-7.756897,0
            110.395965,-7.756552,0
            110.396031,-7.756483,0
            110.396113,-7.756524,0
            110.395724,-7.758521,0
            110.395368,-7.759362,0
            110.394341,-7.761179,0
            110.394236,-7.761433,0
            110.393786,-7.763262,0
            110.393615,-7.763611,0
            110.392667,-7.765022,0
            110.392339,-7.765635,0
            110.391321,-7.768237,0
            110.390121,-7.770803,0
            110.389979,-7.77125,0
            110.389832,-7.771932,0
            110.388734,-7.777751,0
            110.388653,-7.777833,0
            110.388505,-7.77783,0
            110.38762,-7.77764,0
            110.387453,-7.777634,0
            110.386273,-7.777928,0
            110.386078,-7.777909,0
            110.38364,-7.777091,0
            110.383294,-7.777005,0
            110.382453,-7.776917,0
            110.381578,-7.776755,0
            110.380335,-7.776611,0
            110.379793,-7.776517,0
            110.379536,-7.776364,0
            110.379324,-7.776284,0
            110.376259,-7.77614,0
            110.376142,-7.77622,0
            110.376054,-7.776397,0
            110.375004,-7.782849,0
            110.374991,-7.783101,0
            110.374365,-7.786735,0
            110.3744,-7.786857,0
            110.374813,-7.787001,0
            110.375358,-7.78736,0
            110.375388,-7.787372,0
            110.374944,-7.788272,0
            110.374904,-7.78833,0
            110.374899,-7.78836,0
            110.374837,-7.788446,0
            110.37464,-7.788569,0
            110.374432,-7.788614,0
            110.374126,-7.788617,0
            110.374072,-7.788602,0
            110.374006,-7.788625,0
            110.373813,-7.789566,0
            110.37367,-7.789675,0
            110.373213,-7.789823,0
            110.373052,-7.789912,0
            110.372989,-7.790043,0
            110.372955,-7.790189,0
            110.37297,-7.790351,0
            110.372987,-7.790391,0
            110.373044,-7.790411,0
            110.37396,-7.790441,0
            110.374261,-7.790475,0
            110.377952,-7.790197,0
            110.378018,-7.790254,0
            110.378099,-7.790309,0
            110.37804,-7.790601,0
            110.377992,-7.790918,0
            110.377937,-7.791822,0
            110.377954,-7.792563,0
            110.377734,-7.796618,0
            110.377683,-7.797131,0
            110.377712,-7.797254,0
            110.377807,-7.797295,0
            110.38062,-7.797461,0
            110.382482,-7.797377,0
            110.383505,-7.7975,0
            110.384338,-7.797487,0
            110.384837,-7.797595,0
            110.384962,-7.797674,0
            110.384975,-7.797817,0
            110.384245,-7.801804,0
            110.3843,-7.801868,0
            110.38909,-7.802007,0
            110.392015,-7.802073,0
            110.395163,-7.802139,0
            110.396783,-7.802179,0
            110.396953,-7.802219,0
            110.397981,-7.802243,0
            110.398249,-7.8022,0
            110.40174,-7.802319,0
            110.402014,-7.802349,0
            110.402216,-7.802513,0
            110.402308,-7.802758,0
            110.402205,-7.807418,0
            110.402117,-7.814276,0
            110.402057,-7.816754,0
            110.402041,-7.817032,0
            110.402003,-7.817325,0
            110.401943,-7.8176,0
            110.401814,-7.81808,0
            110.401691,-7.818431,0
            110.401292,-7.819463,0
            110.401218,-7.819701,0
            110.40107,-7.820332,0
            110.400994,-7.820488,0
            110.400861,-7.820534,0
            110.400681,-7.820515,0
            110.393427,-7.818664,0
            110.391034,-7.818087,0
            110.390812,-7.817965,0
            110.390754,-7.817765,0
            110.391557,-7.814783,0
            110.391321,-7.814551,0
            110.384373,-7.816712,0
            110.38397,-7.816816,0
            110.383546,-7.816827,0
            110.376383,-7.815777,0
            110.376176,-7.815767,0
            110.368782,-7.81469,0
            110.36868,-7.814623,0
            110.368641,-7.814516,0
            110.36939,-7.804048,0
            110.369319,-7.803751,0
            110.369193,-7.803487,0
            110.369241,-7.801842,0
            110.369,-7.801562,0
            110.364781,-7.80143,0
            110.364451,-7.80141,0
            110.362182,-7.801321,0
            110.361909,-7.801316,0
            110.356721,-7.801167,0
            110.356579,-7.801216,0
            110.356506,-7.80133,0
            110.356436,-7.80345,0
            110.356309,-7.803443,0
            110.356247,-7.803543,0
            110.356196,-7.80402,0
            110.356225,-7.804121,0
            110.356306,-7.804125,0
            110.356373,-7.803936,0
            110.356388,-7.803728,0
            110.356463,-7.801323,0
            110.356418,-7.801221,0
            110.356306,-7.801169,0
            110.354793,-7.801097,0
            110.351939,-7.801062,0
            110.351828,-7.800981,0
            110.351806,-7.800881,0
            110.352732,-7.796591,0
            110.353497,-7.792641,0
            110.353817,-7.790864,0
            110.353862,-7.790394,0
            110.353929,-7.790237,0
            110.354052,-7.790157,0
            110.35498,-7.790279,0
            110.355312,-7.790255,0
            110.355959,-7.790047,0
            110.357364,-7.789382,0
            110.357444,-7.78931,0
            110.357484,-7.789178,0
            110.357513,-7.788476,0
            110.357583,-7.78827,0
            110.35778,-7.788147,0
            110.358756,-7.787879,0
            110.35903,-7.78769,0
            110.359753,-7.787032,0
            110.360663,-7.785353,0
            110.360708,-7.78514,0
            110.360809,-7.783026,0
            110.360796,-7.782585,0
            110.360986,-7.778512,0
            110.361049,-7.778386,0
            110.361205,-7.778368,0
            110.362234,-7.778952,0
            110.362413,-7.779033,0
            110.362523,-7.779021,0
            110.365171,-7.777797,0
            110.36536,-7.777745,0
            110.367495,-7.778084,0
            110.367576,-7.778074,0
            110.367638,-7.777986,0
            110.367942,-7.775686,0
            110.368253,-7.772278,0
            110.368957,-7.767462,0
            110.36907,-7.766562,0
            110.369097,-7.765861,0
            110.369083,-7.765098,0
            110.369258,-7.76344,0
            110.369352,-7.761889,0
            110.369458,-7.760247,0
            110.369736,-7.757558,0
            110.369972,-7.754454,0
            110.37105,-7.7515,0
            110.371053,-7.751326,0
            110.370933,-7.751206,0
            110.369289,-7.750845,0
            110.366067,-7.750515,0
            110.36524,-7.750394,0
            110.364428,-7.750191,0
            110.363563,-7.7499,0
            110.362396,-7.749429,0
            110.362245,-7.749434,0
            110.362129,-7.749367,0
            110.362071,-7.74924,0
            110.362175,-7.748952,0
            110.362302,-7.748827,0
            110.362339,-7.748491,0
            110.362366,-7.747886,0
            110.362285,-7.747776,0
            110.361703,-7.74765,0
            110.361741,-7.747493,0
            110.361048,-7.747302,0
            110.360994,-7.74748,0
            110.360629,-7.747384,0
            110.360581,-7.747452,0
            110.360686,-7.747639,0
            110.360733,-7.747805,0
            110.36074,-7.7481,0
            110.360691,-7.748398,0
            110.362155,-7.749042,0
            110.362321,-7.749004,0
            110.362512,-7.749073,0
            110.362859,-7.749325,0
            110.363626,-7.749685,0
            110.364475,-7.749979,0
            110.365266,-7.750238,0
            110.366086,-7.7504,0
            110.369292,-7.750763,0
            110.371442,-7.751227,0
            110.375661,-7.752018,0
            110.376055,-7.752026,0
            110.377491,-7.751876,0
            110.377805,-7.751888,0
            110.378223,-7.751979,0
            110.378806,-7.752149,0
            110.379516,-7.752386,0
            110.380119,-7.752647,0
            110.380597,-7.752894,0
            110.381473,-7.75335,0
            110.382006,-7.753678,0
            110.382588,-7.754115,0
            110.387419,-7.75885,0
            110.387776,-7.759179,0
            110.388191,-7.759443,0
            110.388683,-7.759618,0
            110.389574,-7.759766,0
            110.389962,-7.75977,0
            110.390268,-7.75972,0
            110.395386,-7.758458,0
            110.395566,-7.758353,0
            110.395756,-7.758143,0
            110.395935,-7.757241,0
            110.395934,-7.757076,0
            110.395883,-7.756897,0
          </coordinates>
        </LineString>
      </Placemark>
      <Placemark>
        <name>3A _ Trans Jogja</name>
        <description><![CDATA[! -- AWAL /  START -- !<br><br>001 => Terminal Giwangan<br><br>002 => Pasar Giwangan - A<br><br>003 => Gudang SGM - A<br><br>004 => Tegal Gendu - A<br><br>005 => Lap. Karang - A<br><br>006 => SMAN 5<br><br>007 => Kehutanan - A<br><br>008 => Pillar<br><br>009 => Banguntapan - A<br><br>010 => JEC<br><br>011 => Blok O<br><br>012 => Janti Utara<br><br>013 => Mirota Babarsari<br><br>014 => Transmart<br><br>015 => Kanwil DJPb<br><br>016 => Maguwo Sambilegi<br><br>017 => Bandara Adisutjipto<br><br>018 => KKP Yogyakarta<br><br>019 => Disnakertas - A<br><br>020 => Instiper - A<br><br>021 => Polsek Depok Timur - A<br><br>022 => UPN Veteran<br><br>023 => Pakuwon Mall - A<br><br>024 => Terminal Condongcatur<br><br>025 => Manggung<br><br>026 => Hokben Jakal - A<br><br>027 => McD Jakal<br><br>028 => Biologi UGM<br><br>029 => RS Sardjito - A<br><br>030 => FKG UGM - A<br><br>031 => Kopma UGM<br><br>032 => SMPN 1 - B<br><br>033 => Cik Di Tiro<br><br>034 => Bulog<br><br>035 => Kridosono<br><br>036 => Eks Menara Kopi - B<br><br>037 => Malioboro 1<br><br>038 => Malioboro 2<br><br>039 => Malioboro 3<br><br>040 => KHA Dahlan - A<br><br>041 => Ngabean<br><br>042 => Tamansari<br><br>043 => Jokteng Kulon<br><br>044 => Plengkung Gading - A<br><br>045 => Pujokusuman<br><br>046 => Lowanu - A<br><br>047 => UNU<br><br>048 => Widya Wiwaha - A<br><br>049 => Wirosaban<br><br>050 => Tegal Turi - A<br><br>051 => Gudang SGM - B<br><br>052 => Pasar Giwangan - B<br><br>053 => Terminal Giwangan<br><br>! -- AKHIR /  END -- !]]></description>
        <styleUrl>#line-E46C00-3000</styleUrl>
        <LineString>
          <tessellate>1</tessellate>
          <coordinates>
            110.391887,-7.834113,0
            110.391967,-7.83401,0
            110.392943,-7.833975,0
            110.393077,-7.834042,0
            110.393153,-7.83416,0
            110.393531,-7.834268,0
            110.393611,-7.834401,0
            110.393619,-7.834672,0
            110.393426,-7.835832,0
            110.392855,-7.836218,0
            110.392658,-7.836246,0
            110.392046,-7.836176,0
            110.39181,-7.83636,0
            110.391649,-7.836298,0
            110.39025,-7.833124,0
            110.390166,-7.83283,0
            110.389846,-7.829472,0
            110.390078,-7.82605,0
            110.390114,-7.825822,0
            110.390151,-7.825283,0
            110.3902,-7.825211,0
            110.390323,-7.825224,0
            110.391887,-7.826125,0
            110.393312,-7.826892,0
            110.394501,-7.82723,0
            110.394564,-7.827194,0
            110.394602,-7.82701,0
            110.394626,-7.826706,0
            110.394635,-7.826377,0
            110.394824,-7.825497,0
            110.395128,-7.824671,0
            110.395502,-7.822883,0
            110.39557,-7.822783,0
            110.396188,-7.822494,0
            110.39702,-7.822213,0
            110.397462,-7.822208,0
            110.398012,-7.822284,0
            110.398855,-7.822476,0
            110.399776,-7.822721,0
            110.400591,-7.82278,0
            110.400649,-7.822734,0
            110.400747,-7.822012,0
            110.400971,-7.820681,0
            110.401026,-7.820313,0
            110.401172,-7.819686,0
            110.40125,-7.819431,0
            110.40165,-7.818407,0
            110.401773,-7.818054,0
            110.401906,-7.817587,0
            110.401962,-7.817323,0
            110.402004,-7.817025,0
            110.40202,-7.816737,0
            110.402072,-7.814269,0
            110.402173,-7.807404,0
            110.402264,-7.802741,0
            110.402251,-7.802136,0
            110.402304,-7.799029,0
            110.402355,-7.798839,0
            110.402498,-7.798659,0
            110.40273,-7.798548,0
            110.405108,-7.798562,0
            110.406055,-7.798547,0
            110.409525,-7.79855,0
            110.409781,-7.798444,0
            110.409868,-7.798168,0
            110.410226,-7.787121,0
            110.410281,-7.786475,0
            110.410422,-7.783426,0
            110.410507,-7.783283,0
            110.410673,-7.78321,0
            110.411014,-7.78322,0
            110.413863,-7.783258,0
            110.414107,-7.783288,0
            110.419069,-7.783297,0
            110.42591,-7.783356,0
            110.429472,-7.783434,0
            110.430156,-7.783437,0
            110.437797,-7.783445,0
            110.438047,-7.78361,0
            110.437924,-7.784716,0
            110.437417,-7.784673,0
            110.437128,-7.784615,0
            110.435762,-7.784497,0
            110.435591,-7.784494,0
            110.435475,-7.784556,0
            110.435361,-7.784564,0
            110.435329,-7.784433,0
            110.43538,-7.784343,0
            110.435643,-7.784203,0
            110.436419,-7.784264,0
            110.436554,-7.784148,0
            110.4366,-7.783832,0
            110.436452,-7.783714,0
            110.436031,-7.783706,0
            110.435838,-7.783579,0
            110.429997,-7.783537,0
            110.429931,-7.783508,0
            110.429795,-7.783354,0
            110.42978,-7.783123,0
            110.430979,-7.770644,0
            110.431353,-7.768037,0
            110.431366,-7.767645,0
            110.431298,-7.767248,0
            110.431151,-7.766861,0
            110.430935,-7.766517,0
            110.43065,-7.766202,0
            110.430291,-7.765959,0
            110.429785,-7.765756,0
            110.424689,-7.764707,0
            110.416822,-7.762844,0
            110.412,-7.76182,0
            110.410673,-7.761462,0
            110.401291,-7.758435,0
            110.400626,-7.758265,0
            110.3999,-7.758168,0
            110.398835,-7.758135,0
            110.398432,-7.758144,0
            110.398019,-7.758183,0
            110.395881,-7.758471,0
            110.395749,-7.758351,0
            110.395745,-7.758152,0
            110.395923,-7.757244,0
            110.395924,-7.757077,0
            110.395872,-7.756897,0
            110.395955,-7.756542,0
            110.396028,-7.756465,0
            110.396127,-7.756517,0
            110.395807,-7.758212,0
            110.395724,-7.758419,0
            110.395504,-7.758527,0
            110.390278,-7.759816,0
            110.389979,-7.759862,0
            110.389576,-7.759853,0
            110.388674,-7.759705,0
            110.388152,-7.759524,0
            110.387733,-7.759254,0
            110.387409,-7.758962,0
            110.383724,-7.755335,0
            110.383554,-7.75521,0
            110.383352,-7.755158,0
            110.383217,-7.75518,0
            110.382672,-7.756113,0
            110.382242,-7.757028,0
            110.378641,-7.765809,0
            110.378562,-7.765879,0
            110.37847,-7.765888,0
            110.376195,-7.764975,0
            110.375879,-7.764884,0
            110.375579,-7.764989,0
            110.375412,-7.765144,0
            110.375241,-7.765619,0
            110.375117,-7.766253,0
            110.374565,-7.766999,0
            110.373246,-7.770562,0
            110.37326,-7.770742,0
            110.373387,-7.770849,0
            110.376032,-7.771643,0
            110.376114,-7.771735,0
            110.376123,-7.771875,0
            110.374462,-7.775894,0
            110.37445,-7.776048,0
            110.374625,-7.776112,0
            110.375727,-7.776142,0
            110.375918,-7.776049,0
            110.37592,-7.775951,0
            110.375992,-7.775839,0
            110.376159,-7.775835,0
            110.376246,-7.775931,0
            110.37625,-7.776101,0
            110.376254,-7.776157,0
            110.376154,-7.776227,0
            110.376067,-7.776403,0
            110.375014,-7.782846,0
            110.374998,-7.783107,0
            110.374372,-7.786735,0
            110.374406,-7.78685,0
            110.374816,-7.786995,0
            110.375361,-7.787355,0
            110.374906,-7.788248,0
            110.374791,-7.788407,0
            110.374613,-7.788518,0
            110.374414,-7.788563,0
            110.374101,-7.788563,0
            110.37363,-7.788433,0
            110.3734,-7.788327,0
            110.373296,-7.788222,0
            110.373241,-7.788061,0
            110.37316,-7.787961,0
            110.373062,-7.787907,0
            110.37278,-7.787915,0
            110.372383,-7.787984,0
            110.371933,-7.788143,0
            110.371496,-7.788384,0
            110.369908,-7.789492,0
            110.36975,-7.789549,0
            110.369333,-7.789605,0
            110.369218,-7.789644,0
            110.369131,-7.789717,0
            110.369063,-7.789906,0
            110.368967,-7.790405,0
            110.368907,-7.790498,0
            110.368818,-7.790548,0
            110.368563,-7.790585,0
            110.368372,-7.790588,0
            110.368178,-7.790504,0
            110.367983,-7.790313,0
            110.367558,-7.79015,0
            110.367437,-7.790193,0
            110.366211,-7.79013,0
            110.366173,-7.7902,0
            110.365409,-7.796388,0
            110.364811,-7.801129,0
            110.364758,-7.801288,0
            110.364634,-7.801383,0
            110.364391,-7.801424,0
            110.362182,-7.801333,0
            110.3619,-7.801327,0
            110.356724,-7.80118,0
            110.356591,-7.801226,0
            110.356517,-7.801336,0
            110.35645,-7.803438,0
            110.3563,-7.803424,0
            110.35623,-7.803533,0
            110.356183,-7.804019,0
            110.356218,-7.804131,0
            110.356273,-7.804173,0
            110.35627,-7.804256,0
            110.356235,-7.804326,0
            110.356209,-7.804518,0
            110.356198,-7.804681,0
            110.356044,-7.808641,0
            110.355903,-7.812615,0
            110.355926,-7.812888,0
            110.355988,-7.813031,0
            110.356106,-7.813101,0
            110.356417,-7.813123,0
            110.362837,-7.814026,0
            110.368298,-7.814766,0
            110.368808,-7.814632,0
            110.376216,-7.815732,0
            110.375917,-7.817781,0
            110.375911,-7.818182,0
            110.375973,-7.818517,0
            110.376911,-7.820944,0
            110.378458,-7.824776,0
            110.381114,-7.824772,0
            110.381435,-7.824782,0
            110.38213,-7.82501,0
            110.382557,-7.825093,0
            110.383407,-7.825206,0
            110.383751,-7.825202,0
            110.384464,-7.825291,0
            110.387224,-7.825401,0
            110.387763,-7.825453,0
            110.388999,-7.825758,0
            110.390024,-7.825917,0
            110.390104,-7.826054,0
            110.389878,-7.829475,0
            110.390196,-7.83283,0
            110.390278,-7.833121,0
            110.390639,-7.833905,0
            110.390923,-7.834498,0
            110.391045,-7.834571,0
            110.391693,-7.834632,0
            110.391781,-7.834601,0
            110.391847,-7.834518,0
            110.391887,-7.834113,0
          </coordinates>
        </LineString>
      </Placemark>
      <Placemark>
        <name>3B _ Trans Jogja</name>
        <description><![CDATA[! -- AWAL /  START -- !<br><br>001 => Terminal Giwangan<br><br>002 => Pasar Giwangan - A<br><br>003 => Gudang SGM - A<br><br>004 => Tegal Turi - B<br><br>005 => Nitikan<br><br>006 => Widya Wiwaha - B<br><br>007 => Lowanu - B<br><br>008 => Museum Perjuangan<br><br>009 => Jokteng Wetan<br><br>010 => Plengkung Gading - B<br><br>011 => SMAN 7<br><br>012 => Tejokusuman<br><br>013 => Ngabean<br><br>014 => KHA Dahlan - B<br><br>015 => Bhayangkara<br><br>016 => Pasar Pathuk<br><br>017 => Sosrowijayan<br><br>018 => Stasiun Yogyakarta<br><br>019 => Jlagran<br><br>020 => Badran<br><br>021 => SMPN 14<br><br>022 => Pasar Kranggan Selatan<br><br>023 => Jend. Sudirman - B<br><br>024 => Dr. Yap<br><br>025 => SMPN 1 - A<br><br>026 => Vokasi UGM<br><br>027 => FKG UGM - B<br><br>028 => RS Sardjito - B<br><br>029 => MM UGM<br><br>030 => Hotel Vidi<br><br>031 => Hokben Jakal - B<br><br>032 => Kentungan<br><br>033 => Terminal Condongcatur<br><br>034 => Pakuwon Mall - B<br><br>035 => RS JIH<br><br>036 => Stikes Guna Bangsa<br><br>037 => Polsek Depok Timur - B<br><br>038 => Instiper - B<br><br>039 => SMKN 1 Depok - Ring Road Utara<br><br>040 => Binamarga<br><br>041 => Maguwo Sambilegi<br><br>042 => Bandara Adisutjipto<br><br>043 => Hyundai<br> <br>044 => Jayakarta<br><br>045 => Pasar Angkasa<br><br>046 => RS Harjolukito<br><br>047 => Wonocatur<br><br>048 => BKPM<br><br>049 => Banguntapan - B<br><br>050 => Poltekkes BSI<br><br>051 => Kehutanan - B<br><br>052 => Pegadaian<br><br>053 => Lap. Karang - B<br><br>054 => Tegal Gendu - B<br><br>055 => Gudang SGM - B<br><br>056 => Pasar Giwangan - B<br><br>057 => Terminal Giwangan<br><br>! -- AKHIR /  END -- !]]></description>
        <styleUrl>#line-FFAE66-3000</styleUrl>
        <LineString>
          <tessellate>1</tessellate>
          <coordinates>
            110.391879,-7.834109,0
            110.391964,-7.833999,0
            110.392948,-7.833964,0
            110.393084,-7.834033,0
            110.393159,-7.83415,0
            110.393538,-7.834259,0
            110.393621,-7.8344,0
            110.393627,-7.834674,0
            110.393434,-7.835838,0
            110.392859,-7.836227,0
            110.392658,-7.836257,0
            110.392049,-7.836188,0
            110.391811,-7.836371,0
            110.391641,-7.836306,0
            110.390242,-7.833131,0
            110.390157,-7.832839,0
            110.389837,-7.829474,0
            110.39007,-7.826046,0
            110.390015,-7.825951,0
            110.388984,-7.825778,0
            110.387756,-7.825478,0
            110.387225,-7.825427,0
            110.384456,-7.825323,0
            110.383754,-7.825235,0
            110.383409,-7.825239,0
            110.382559,-7.825119,0
            110.382126,-7.825042,0
            110.381435,-7.824806,0
            110.381121,-7.824791,0
            110.378422,-7.824805,0
            110.376872,-7.820939,0
            110.37594,-7.818527,0
            110.375877,-7.818186,0
            110.375888,-7.817778,0
            110.376173,-7.815779,0
            110.36878,-7.814702,0
            110.368303,-7.814806,0
            110.362821,-7.814054,0
            110.356415,-7.813173,0
            110.356098,-7.813159,0
            110.355955,-7.813074,0
            110.35587,-7.812887,0
            110.355852,-7.812606,0
            110.356008,-7.808633,0
            110.356166,-7.804683,0
            110.356178,-7.804504,0
            110.356204,-7.804318,0
            110.356276,-7.804144,0
            110.356286,-7.804139,0
            110.356362,-7.803932,0
            110.356377,-7.803726,0
            110.356385,-7.803422,0
            110.356297,-7.803416,0
            110.356223,-7.803531,0
            110.356176,-7.80402,0
            110.356211,-7.80413,0
            110.356281,-7.804136,0
            110.356356,-7.80393,0
            110.356371,-7.803725,0
            110.356378,-7.803415,0
            110.356388,-7.8034,0
            110.356453,-7.801335,0
            110.356552,-7.801175,0
            110.356714,-7.801127,0
            110.361902,-7.801286,0
            110.361995,-7.801252,0
            110.362047,-7.801186,0
            110.362139,-7.797654,0
            110.362151,-7.796275,0
            110.36205,-7.796111,0
            110.36172,-7.795907,0
            110.36134,-7.795577,0
            110.361262,-7.795464,0
            110.361227,-7.795312,0
            110.361327,-7.793549,0
            110.361716,-7.791571,0
            110.362086,-7.789893,0
            110.362052,-7.78978,0
            110.3618,-7.789662,0
            110.361597,-7.789627,0
            110.360094,-7.789571,0
            110.357739,-7.789373,0
            110.357575,-7.789323,0
            110.357477,-7.78917,0
            110.357506,-7.788477,0
            110.357575,-7.788265,0
            110.357777,-7.788137,0
            110.358754,-7.787872,0
            110.359026,-7.787685,0
            110.359749,-7.787029,0
            110.360657,-7.785349,0
            110.3607,-7.785141,0
            110.3608,-7.783029,0
            110.360882,-7.78282,0
            110.361004,-7.782755,0
            110.363419,-7.782809,0
            110.366857,-7.782861,0
            110.367016,-7.782806,0
            110.36717,-7.782809,0
            110.367314,-7.782862,0
            110.370937,-7.782913,0
            110.372552,-7.782939,0
            110.374505,-7.782956,0
            110.374682,-7.782895,0
            110.374853,-7.782877,0
            110.37496,-7.782793,0
            110.375483,-7.779711,0
            110.376007,-7.776352,0
            110.375966,-7.776247,0
            110.375838,-7.776178,0
            110.374609,-7.77614,0
            110.374415,-7.77607,0
            110.37443,-7.77588,0
            110.376094,-7.771861,0
            110.376082,-7.771756,0
            110.37602,-7.77168,0
            110.373375,-7.770885,0
            110.373236,-7.770762,0
            110.373224,-7.770554,0
            110.374533,-7.766979,0
            110.375097,-7.766239,0
            110.375202,-7.765609,0
            110.375366,-7.765119,0
            110.375552,-7.764948,0
            110.375723,-7.764844,0
            110.375861,-7.764737,0
            110.375924,-7.764645,0
            110.376055,-7.764628,0
            110.378268,-7.765616,0
            110.378518,-7.765617,0
            110.378675,-7.765523,0
            110.382201,-7.756995,0
            110.382613,-7.756071,0
            110.383157,-7.755045,0
            110.383348,-7.754987,0
            110.383628,-7.755117,0
            110.387452,-7.758867,0
            110.387782,-7.75917,0
            110.388197,-7.759432,0
            110.388686,-7.759604,0
            110.389574,-7.759755,0
            110.389961,-7.759762,0
            110.390272,-7.75971,0
            110.395381,-7.758447,0
            110.39556,-7.758344,0
            110.395736,-7.758147,0
            110.395913,-7.757244,0
            110.395914,-7.757079,0
            110.395861,-7.756899,0
            110.395943,-7.756534,0
            110.396025,-7.756446,0
            110.39614,-7.75651,0
            110.395842,-7.758082,0
            110.395963,-7.758254,0
            110.396166,-7.758318,0
            110.397998,-7.758087,0
            110.398423,-7.758047,0
            110.398855,-7.758031,0
            110.39992,-7.758052,0
            110.400649,-7.758149,0
            110.401327,-7.758312,0
            110.40824,-7.760539,0
            110.41073,-7.761341,0
            110.412071,-7.761706,0
            110.416942,-7.762758,0
            110.424671,-7.76459,0
            110.429292,-7.765546,0
            110.42941,-7.765513,0
            110.429845,-7.765606,0
            110.430364,-7.765805,0
            110.430778,-7.766095,0
            110.43107,-7.766432,0
            110.431307,-7.76682,0
            110.431458,-7.767244,0
            110.431505,-7.767654,0
            110.431478,-7.768073,0
            110.431075,-7.770657,0
            110.429884,-7.78313,0
            110.42991,-7.783282,0
            110.429998,-7.783387,0
            110.430075,-7.78342,0
            110.437801,-7.783432,0
            110.43806,-7.783602,0
            110.437932,-7.78473,0
            110.437414,-7.784684,0
            110.437125,-7.784625,0
            110.435762,-7.784508,0
            110.435598,-7.784506,0
            110.435483,-7.784566,0
            110.435353,-7.784578,0
            110.435319,-7.784428,0
            110.435367,-7.784331,0
            110.435637,-7.784186,0
            110.436412,-7.784245,0
            110.436541,-7.784138,0
            110.436583,-7.783842,0
            110.436448,-7.783737,0
            110.436023,-7.783726,0
            110.435833,-7.783601,0
            110.429995,-7.783551,0
            110.429956,-7.783532,0
            110.429466,-7.783531,0
            110.425908,-7.783448,0
            110.419102,-7.78339,0
            110.411116,-7.783347,0
            110.410925,-7.783376,0
            110.410725,-7.783435,0
            110.410591,-7.783584,0
            110.410531,-7.78384,0
            110.4104,-7.786495,0
            110.410304,-7.787134,0
            110.409992,-7.798214,0
            110.409865,-7.798538,0
            110.409545,-7.798629,0
            110.406058,-7.798632,0
            110.405133,-7.798663,0
            110.402763,-7.798678,0
            110.402571,-7.798749,0
            110.402441,-7.798882,0
            110.402392,-7.799046,0
            110.402314,-7.802167,0
            110.402324,-7.802764,0
            110.40222,-7.807416,0
            110.40213,-7.814241,0
            110.402066,-7.816736,0
            110.40205,-7.817032,0
            110.402011,-7.817338,0
            110.401955,-7.817596,0
            110.401825,-7.818077,0
            110.401698,-7.818448,0
            110.401303,-7.819471,0
            110.401228,-7.819706,0
            110.401078,-7.820339,0
            110.401013,-7.820703,0
            110.400691,-7.822749,0
            110.40059,-7.822806,0
            110.399776,-7.822746,0
            110.398843,-7.822499,0
            110.398018,-7.822312,0
            110.397474,-7.822235,0
            110.397032,-7.822241,0
            110.396203,-7.82252,0
            110.395592,-7.8228,0
            110.395524,-7.822894,0
            110.395164,-7.824687,0
            110.394846,-7.825502,0
            110.394657,-7.826383,0
            110.394647,-7.826697,0
            110.394621,-7.827014,0
            110.394578,-7.827203,0
            110.394506,-7.827247,0
            110.393295,-7.826925,0
            110.390319,-7.825259,0
            110.390237,-7.825252,0
            110.390171,-7.825289,0
            110.390112,-7.826055,0
            110.38989,-7.829477,0
            110.390207,-7.832829,0
            110.390286,-7.833115,0
            110.390648,-7.833901,0
            110.390929,-7.834493,0
            110.391047,-7.834564,0
            110.391693,-7.834624,0
            110.391776,-7.834595,0
            110.39184,-7.834513,0
            110.391879,-7.834109,0
          </coordinates>
        </LineString>
      </Placemark>
      <Placemark>
        <name>4A _ Trans Jogja</name>
        <description><![CDATA[! -- AWAL /  START -- !<br><br>001 => Terminal Giwangan<br><br>002 => Pasar Giwangan - A<br><br>003 => Gudang SGM - A<br><br>004 => SMK Muh 3<br><br>005 => Pramuka<br><br>006 => Pasar Sepeda<br><br>007 => Nyutran Tamansiswa<br><br>008 => Lapas Wirogunan - A<br><br>009 => Pasar Sentul<br><br>010 => Museum Biologi<br><br>011 => Hayam Wuruk - A<br><br>012 => Pasar Lempuyangan<br><br>013 => Stasiun Lempuyangan<br><br>014 => Kridosono<br><br>015 => UKDW<br><br>016 => RS Bethesda<br><br>017 => Dr. Yap<br><br>018 => SMPN 1 - A<br><br>019 => Vokasi UGM<br><br>020 => FKG UGM - B<br><br>021 => RS Sardjito - B<br><br>022 => MM UGM<br><br>023 => Hotel Vidi<br><br>024 => Hokben Jakal - B<br><br>025 => Kentungan<br><br>026 => Terminal Condongcatur<br><br>027 => SPBU Concat - B<br><br>028 => Prayan - B<br><br>029 => Susteran Novisiat<br><br>030 => Makam Santrean<br><br>031 => Sanata Dharma<br><br>032 => Pasar Demangan<br><br>033 => Demangan<br><br>034 => De Britto<br><br>035 => UIN Sunan Kalijaga - A<br><br>036 => APMD - A<br><br>037 => Timoho - A<br><br>038 => SMKN 5 - A<br><br>039 => SGM Kusumanegara - B<br><br>040 => UTY Glagahsari - A<br><br>041 => Makam Prajurit<br><br>042 => XT Square<br><br>043 => Polsek Umbulharjo<br><br>044 => UAD Jl. Pramuka<br><br>045 => Gudang SGM - B<br><br>046 => Pasar Giwangan - B<br><br>047 => Terminal Giwangan<br><br>! -- AKHIR /  END -- !]]></description>
        <styleUrl>#line-000000-1200</styleUrl>
        <LineString>
          <tessellate>1</tessellate>
          <coordinates>
            110.391871,-7.834101,0
            110.391958,-7.833989,0
            110.392953,-7.833953,0
            110.39309,-7.834023,0
            110.393166,-7.834139,0
            110.393543,-7.834249,0
            110.393632,-7.8344,0
            110.393637,-7.834672,0
            110.393442,-7.835845,0
            110.392867,-7.836235,0
            110.392658,-7.836267,0
            110.392053,-7.836201,0
            110.391811,-7.836381,0
            110.391633,-7.836314,0
            110.390232,-7.833132,0
            110.390146,-7.832837,0
            110.389826,-7.829475,0
            110.390058,-7.826113,0
            110.390107,-7.825821,0
            110.390142,-7.825283,0
            110.390169,-7.825079,0
            110.390276,-7.823721,0
            110.390244,-7.823579,0
            110.390186,-7.82346,0
            110.387852,-7.819353,0
            110.386836,-7.817522,0
            110.38669,-7.817351,0
            110.386382,-7.81723,0
            110.384259,-7.816929,0
            110.383544,-7.816838,0
            110.376378,-7.81579,0
            110.37622,-7.815716,0
            110.376191,-7.815558,0
            110.377363,-7.808489,0
            110.378652,-7.801896,0
            110.378618,-7.801817,0
            110.378543,-7.801775,0
            110.373245,-7.801615,0
            110.373127,-7.801587,0
            110.373071,-7.801479,0
            110.373114,-7.800365,0
            110.37309,-7.798807,0
            110.37302,-7.798371,0
            110.372864,-7.797978,0
            110.372736,-7.797812,0
            110.372644,-7.797716,0
            110.37258,-7.797536,0
            110.372626,-7.796831,0
            110.372635,-7.794956,0
            110.372653,-7.79475,0
            110.373974,-7.791009,0
            110.37403,-7.790773,0
            110.374016,-7.790604,0
            110.374262,-7.79047,0
            110.377958,-7.79019,0
            110.378043,-7.79013,0
            110.378226,-7.789396,0
            110.378198,-7.78932,0
            110.378313,-7.788366,0
            110.378216,-7.788248,0
            110.378068,-7.788201,0
            110.377729,-7.7883,0
            110.377333,-7.788476,0
            110.376992,-7.788561,0
            110.376137,-7.788654,0
            110.375846,-7.788619,0
            110.375414,-7.788495,0
            110.375037,-7.788357,0
            110.374917,-7.788349,0
            110.374839,-7.788453,0
            110.37465,-7.788573,0
            110.374443,-7.788621,0
            110.374124,-7.788629,0
            110.374081,-7.788565,0
            110.373622,-7.788439,0
            110.373392,-7.788332,0
            110.373287,-7.788225,0
            110.373237,-7.788069,0
            110.373211,-7.787866,0
            110.373185,-7.787472,0
            110.373216,-7.787145,0
            110.373383,-7.786905,0
            110.373647,-7.786841,0
            110.374081,-7.786867,0
            110.374289,-7.786785,0
            110.37448,-7.786807,0
            110.374847,-7.786944,0
            110.375417,-7.78733,0
            110.375405,-7.787347,0
            110.375516,-7.787415,0
            110.375979,-7.787566,0
            110.376151,-7.787569,0
            110.376228,-7.787488,0
            110.376392,-7.787135,0
            110.376503,-7.787012,0
            110.37669,-7.787002,0
            110.378352,-7.787291,0
            110.378445,-7.78728,0
            110.378539,-7.787239,0
            110.378584,-7.787165,0
            110.37918,-7.783399,0
            110.379188,-7.783119,0
            110.379094,-7.783071,0
            110.375162,-7.783032,0
            110.375024,-7.782992,0
            110.374966,-7.78293,0
            110.374952,-7.782787,0
            110.375473,-7.779716,0
            110.375995,-7.776353,0
            110.375959,-7.776253,0
            110.375834,-7.776188,0
            110.374608,-7.776151,0
            110.374403,-7.776077,0
            110.374418,-7.775874,0
            110.376085,-7.771859,0
            110.376071,-7.771758,0
            110.376016,-7.771692,0
            110.37337,-7.770897,0
            110.373226,-7.770772,0
            110.373214,-7.77055,0
            110.37452,-7.766968,0
            110.375087,-7.766229,0
            110.375186,-7.765605,0
            110.375351,-7.765112,0
            110.375548,-7.764932,0
            110.375716,-7.76483,0
            110.375852,-7.764725,0
            110.375916,-7.76463,0
            110.37606,-7.76461,0
            110.378237,-7.765588,0
            110.378505,-7.765585,0
            110.378651,-7.765503,0
            110.382185,-7.756955,0
            110.382586,-7.756055,0
            110.383122,-7.755027,0
            110.383343,-7.754959,0
            110.383645,-7.7551,0
            110.387792,-7.75915,0
            110.388203,-7.759405,0
            110.388695,-7.759577,0
            110.389578,-7.759735,0
            110.389962,-7.759741,0
            110.390269,-7.75969,0
            110.395363,-7.758431,0
            110.395551,-7.758322,0
            110.395683,-7.758176,0
            110.395683,-7.758094,0
            110.395859,-7.757241,0
            110.395854,-7.757085,0
            110.395795,-7.7569,0
            110.395881,-7.756503,0
            110.396014,-7.756358,0
            110.39621,-7.756469,0
            110.395902,-7.758062,0
            110.395885,-7.758126,0
            110.395867,-7.758245,0
            110.395757,-7.758453,0
            110.395745,-7.758517,0
            110.395393,-7.759357,0
            110.394355,-7.761191,0
            110.394257,-7.761446,0
            110.393813,-7.76327,0
            110.393635,-7.763626,0
            110.392688,-7.765035,0
            110.392367,-7.765637,0
            110.391335,-7.768261,0
            110.390145,-7.7708,0
            110.390002,-7.771256,0
            110.389847,-7.771978,0
            110.388749,-7.77776,0
            110.388668,-7.778046,0
            110.387778,-7.782923,0
            110.387856,-7.783014,0
            110.388161,-7.783061,0
            110.395117,-7.783129,0
            110.395151,-7.783376,0
            110.395086,-7.785331,0
            110.394993,-7.785477,0
            110.394897,-7.785613,0
            110.394809,-7.786004,0
            110.394837,-7.786182,0
            110.394954,-7.786459,0
            110.395052,-7.786738,0
            110.395199,-7.787294,0
            110.395167,-7.787478,0
            110.395056,-7.787599,0
            110.39489,-7.787707,0
            110.394263,-7.787981,0
            110.393822,-7.788055,0
            110.39373,-7.788138,0
            110.393671,-7.788603,0
            110.393143,-7.792627,0
            110.392304,-7.799465,0
            110.392319,-7.799566,0
            110.392574,-7.799685,0
            110.395304,-7.80042,0
            110.395387,-7.800512,0
            110.395409,-7.800614,0
            110.395298,-7.801979,0
            110.395241,-7.802126,0
            110.395132,-7.802182,0
            110.392,-7.802133,0
            110.389215,-7.802053,0
            110.389114,-7.802126,0
            110.388807,-7.803884,0
            110.38878,-7.804215,0
            110.388809,-7.804653,0
            110.38879,-7.804882,0
            110.38856,-7.805259,0
            110.388125,-7.806238,0
            110.388136,-7.806399,0
            110.388095,-7.806807,0
            110.387005,-7.811619,0
            110.386786,-7.812632,0
            110.38662,-7.812972,0
            110.386474,-7.813591,0
            110.386357,-7.814269,0
            110.386372,-7.815176,0
            110.386455,-7.815938,0
            110.38638,-7.816104,0
            110.384371,-7.816724,0
            110.38443,-7.816916,0
            110.386386,-7.817179,0
            110.38671,-7.81731,0
            110.386861,-7.817498,0
            110.387872,-7.819331,0
            110.390214,-7.82344,0
            110.390274,-7.823566,0
            110.390301,-7.823723,0
            110.390206,-7.825084,0
            110.39018,-7.825292,0
            110.390122,-7.826057,0
            110.389903,-7.82948,0
            110.390219,-7.832826,0
            110.390295,-7.833112,0
            110.390656,-7.833894,0
            110.390935,-7.834487,0
            110.391049,-7.834556,0
            110.391692,-7.834616,0
            110.391773,-7.834587,0
            110.391832,-7.834509,0
            110.391871,-7.834101,0
          </coordinates>
        </LineString>
      </Placemark>
      <Placemark>
        <name>4B _ Trans Jogja</name>
        <description><![CDATA[! -- AWAL /  START -- !<br><br>001 => Terminal Giwangan<br><br>002 => Pasar Giwangan - A <br><br>003 => Gudang SGM - A<br><br>004 => SMK Muh 3<br><br>005 => Pramuka<br><br>006 => Pandeyan<br><br>007 => UTY Glagahsari - B<br><br>008 => Olive Glagahsari<br><br>009 => SGM Kusumanegara - A<br><br>010 => SMKN 5 - B<br><br>011 =>  Timoho - B<br><br>012 => APMD - B<br><br>013 => UIN Sunan Kalijaga - B<br><br>014 => Gedung Wanita<br><br>015 => RRI Gejayan<br><br>016 => Plaza UNY<br><br>017  => Ombudsman<br><br>018 => Santren<br>      <br>019 => Prayan - A<br><br>020 => SPBU Concat - A<br><br>021 => Terminal Condongcatur<br><br>022 => Manggung<br><br>023 => Hokben Jakal - A<br><br>024 => McD Jakal<br><br>025 => Biologi UGM<br><br>026 => RS Sardjito - A<br><br>027 => FKG UGM - A<br><br>028 => Kopma UGM<br><br>029 => MAN 1<br><br>030 => PDIN<br><br>031 => Bulog<br><br>032 => Kridosono<br><br>033 => Lempuyangan<br><br>034 => Hayam Wuruk - B<br><br>035 => Pakualaman<br><br>036 => Lapas Wirogunan - B<br><br>037 => STSRD Visi Tamansiswa<br><br>038 => STIE Kerjasama<br><br>039 => Polsek Umbulharjo<br><br>040 => UAD Jl. Pramuka<br><br>041 => Gudang SGM - B<br><br>042 => Pasar Giwangan - B<br><br>042 => Terminal Giwangan<br><br>! -- AKHIR /  END -- !]]></description>
        <styleUrl>#line-C1D5A5-3000</styleUrl>
        <LineString>
          <tessellate>1</tessellate>
          <coordinates>
            110.391861,-7.834098,0
            110.391955,-7.83398,0
            110.392954,-7.833943,0
            110.393096,-7.834014,0
            110.393172,-7.83413,0
            110.393549,-7.834241,0
            110.393642,-7.834399,0
            110.393645,-7.834677,0
            110.393451,-7.83585,0
            110.392869,-7.836245,0
            110.392658,-7.836278,0
            110.392057,-7.836213,0
            110.391814,-7.836391,0
            110.391624,-7.836321,0
            110.390223,-7.833137,0
            110.390135,-7.832843,0
            110.389815,-7.829476,0
            110.39005,-7.826116,0
            110.390099,-7.825817,0
            110.390134,-7.825277,0
            110.39016,-7.825076,0
            110.390266,-7.823722,0
            110.390236,-7.823584,0
            110.390176,-7.823462,0
            110.387847,-7.819364,0
            110.386829,-7.817532,0
            110.386687,-7.817363,0
            110.386379,-7.817243,0
            110.384249,-7.816939,0
            110.384174,-7.816864,0
            110.384157,-7.816778,0
            110.384256,-7.816702,0
            110.386381,-7.81605,0
            110.38642,-7.815945,0
            110.386342,-7.815176,0
            110.386328,-7.814256,0
            110.386446,-7.813592,0
            110.386593,-7.812967,0
            110.386755,-7.812618,0
            110.388058,-7.806806,0
            110.388102,-7.806397,0
            110.388085,-7.80623,0
            110.388527,-7.80524,0
            110.388755,-7.804867,0
            110.388778,-7.804656,0
            110.388757,-7.804222,0
            110.388783,-7.803879,0
            110.389088,-7.802109,0
            110.389203,-7.801998,0
            110.39201,-7.802063,0
            110.395133,-7.802128,0
            110.395202,-7.802072,0
            110.395239,-7.801971,0
            110.395378,-7.800619,0
            110.395357,-7.800535,0
            110.395292,-7.800454,0
            110.392564,-7.799716,0
            110.392291,-7.799592,0
            110.392266,-7.799453,0
            110.393111,-7.792627,0
            110.393624,-7.788698,0
            110.393705,-7.788129,0
            110.393811,-7.788026,0
            110.394252,-7.787953,0
            110.39488,-7.787676,0
            110.395039,-7.787571,0
            110.395137,-7.787462,0
            110.395163,-7.787294,0
            110.395021,-7.786743,0
            110.394916,-7.786461,0
            110.394798,-7.786197,0
            110.394764,-7.786001,0
            110.394855,-7.785587,0
            110.395056,-7.78531,0
            110.395095,-7.783341,0
            110.395056,-7.783244,0
            110.394938,-7.783202,0
            110.387851,-7.78311,0
            110.387707,-7.782916,0
            110.388603,-7.777952,0
            110.388638,-7.777707,0
            110.389726,-7.771911,0
            110.389862,-7.771336,0
            110.390033,-7.770758,0
            110.391241,-7.768201,0
            110.392262,-7.765592,0
            110.392593,-7.764956,0
            110.393526,-7.763565,0
            110.393691,-7.763217,0
            110.394135,-7.761389,0
            110.394239,-7.76113,0
            110.395286,-7.759311,0
            110.395601,-7.758614,0
            110.395697,-7.758245,0
            110.395694,-7.758098,0
            110.395868,-7.757245,0
            110.395865,-7.757084,0
            110.395807,-7.756902,0
            110.395892,-7.756509,0
            110.396017,-7.756371,0
            110.396201,-7.75648,0
            110.395893,-7.758063,0
            110.395875,-7.758129,0
            110.395857,-7.758238,0
            110.39575,-7.758442,0
            110.395514,-7.758558,0
            110.390312,-7.759842,0
            110.389977,-7.759893,0
            110.389556,-7.759882,0
            110.388662,-7.759731,0
            110.38813,-7.759544,0
            110.387713,-7.759279,0
            110.38357,-7.755247,0
            110.383358,-7.755186,0
            110.383236,-7.755217,0
            110.382696,-7.756138,0
            110.382269,-7.757057,0
            110.378667,-7.765823,0
            110.378601,-7.765883,0
            110.378458,-7.765899,0
            110.376193,-7.764991,0
            110.375878,-7.764901,0
            110.375587,-7.765003,0
            110.375427,-7.765152,0
            110.375257,-7.765629,0
            110.375126,-7.76626,0
            110.374576,-7.76701,0
            110.373256,-7.770566,0
            110.37327,-7.770733,0
            110.373392,-7.770836,0
            110.376039,-7.771632,0
            110.376124,-7.771728,0
            110.376134,-7.771879,0
            110.374473,-7.775896,0
            110.374081,-7.776754,0
            110.373403,-7.778379,0
            110.372762,-7.780875,0
            110.372402,-7.78263,0
            110.372444,-7.7828,0
            110.372558,-7.782928,0
            110.374505,-7.782942,0
            110.374722,-7.782964,0
            110.374888,-7.782962,0
            110.374977,-7.783013,0
            110.375014,-7.783109,0
            110.374386,-7.786737,0
            110.374415,-7.78684,0
            110.374825,-7.786985,0
            110.375369,-7.787346,0
            110.375362,-7.787365,0
            110.374909,-7.788256,0
            110.374797,-7.788413,0
            110.374616,-7.788526,0
            110.374417,-7.78857,0
            110.3741,-7.788571,0
            110.373987,-7.788613,0
            110.373801,-7.789556,0
            110.373662,-7.789664,0
            110.373209,-7.789809,0
            110.373043,-7.789902,0
            110.372974,-7.790037,0
            110.372941,-7.790189,0
            110.37296,-7.790358,0
            110.37298,-7.790401,0
            110.373042,-7.79042,0
            110.373957,-7.790453,0
            110.374074,-7.790588,0
            110.374089,-7.790781,0
            110.374014,-7.791033,0
            110.372705,-7.794763,0
            110.372692,-7.79497,0
            110.372674,-7.796853,0
            110.372632,-7.797545,0
            110.372677,-7.797686,0
            110.372904,-7.797948,0
            110.37307,-7.798358,0
            110.373125,-7.7988,0
            110.373147,-7.800354,0
            110.373114,-7.801477,0
            110.373165,-7.801542,0
            110.37324,-7.801577,0
            110.378554,-7.801725,0
            110.37866,-7.801773,0
            110.378706,-7.801875,0
            110.377396,-7.808501,0
            110.376232,-7.815549,0
            110.37626,-7.815668,0
            110.376391,-7.815727,0
            110.383557,-7.816775,0
            110.384431,-7.816904,0
            110.386388,-7.817162,0
            110.386719,-7.8173,0
            110.386873,-7.817491,0
            110.38789,-7.819343,0
            110.390219,-7.82343,0
            110.39028,-7.823556,0
            110.39031,-7.823723,0
            110.390215,-7.825087,0
            110.39019,-7.825288,0
            110.390129,-7.82606,0
            110.389913,-7.829483,0
            110.390231,-7.832827,0
            110.390303,-7.83311,0
            110.390664,-7.833886,0
            110.39094,-7.834482,0
            110.391053,-7.834549,0
            110.391692,-7.834609,0
            110.391767,-7.834581,0
            110.391824,-7.834506,0
            110.391861,-7.834098,0
          </coordinates>
        </LineString>
      </Placemark>
      <Placemark>
        <name>5A _ Trans Jogja</name>
        <description><![CDATA[! -- AWAL /  START -- !<br><br>001 => Terminal Jombor<br><br>002 => Indogrosir<br><br>003 => Jogja City Mall - A<br><br>004 => Atakrib Jl. Magelang<br><br>005 => TVRI - A<br><br>006 => Karangwaru - A<br><br>007 => Borobudur Plaza<br><br>008 => SMKN 3<br><br>009 => Fisipol UGM - A<br><br>010 => SMPN 1 - B<br><br>011 => Cik Di Tiro<br><br>012 => Bulog<br><br>013 => Kridosono<br><br>014 => AA YKPN<br><br>015 => Demangan<br><br>016 => De Britto<br><br>017 => Ambarukmo - B<br><br>018 => Janti Selatan<br><br>019 => Janti Utara<br><br>020 => Sahid J-Walk<br><br>021 => Dishub DIY - A<br><br>022 => Babarsari - A<br><br>023 => STIE YKPN - A<br><br>024 => UPN Veteran<br><br>025 => Pakuwon Mall - A<br><br>026 => Terminal Condongcatur<br><br>027 => Manggung<br><br>028 => Hokben Jakal - A<br><br>029 => McD Jakal<br><br>030 => FKG UGM - B<br><br>031 => RS Sardjito - B<br><br>032 => Teknik UGM - A<br><br>033 => SPBU Monjali - B<br><br>034 => PDAM Monjali - B<br><br>035 => Monjali - B<br><br>036 => Terminal Jombor<br><br>! -- AKHIR /  END -- !]]></description>
        <styleUrl>#line-723C9B-3000</styleUrl>
        <LineString>
          <tessellate>1</tessellate>
          <coordinates>
            110.361225,-7.747364,0
            110.361054,-7.747317,0
            110.361004,-7.747493,0
            110.360633,-7.747396,0
            110.360594,-7.747453,0
            110.360694,-7.747635,0
            110.360743,-7.747802,0
            110.360751,-7.748101,0
            110.360703,-7.748391,0
            110.362154,-7.749028,0
            110.362321,-7.748992,0
            110.362457,-7.749042,0
            110.362521,-7.74927,0
            110.362401,-7.749572,0
            110.361828,-7.761346,0
            110.361054,-7.778194,0
            110.361117,-7.778303,0
            110.362244,-7.778945,0
            110.362413,-7.779019,0
            110.362516,-7.779007,0
            110.365165,-7.777783,0
            110.365362,-7.777729,0
            110.367492,-7.778069,0
            110.367868,-7.77814,0
            110.369328,-7.778331,0
            110.370052,-7.77839,0
            110.370326,-7.778451,0
            110.370822,-7.778513,0
            110.371245,-7.778528,0
            110.371395,-7.778475,0
            110.371475,-7.778359,0
            110.371785,-7.777098,0
            110.371873,-7.776897,0
            110.372329,-7.77627,0
            110.372617,-7.775557,0
            110.372694,-7.775471,0
            110.372856,-7.775485,0
            110.374205,-7.77603,0
            110.374457,-7.776036,0
            110.374624,-7.776098,0
            110.375722,-7.776127,0
            110.375908,-7.776042,0
            110.375909,-7.775945,0
            110.375984,-7.775824,0
            110.376166,-7.775823,0
            110.376259,-7.775924,0
            110.376262,-7.776089,0
            110.376267,-7.776211,0
            110.376171,-7.776277,0
            110.376102,-7.77642,0
            110.375552,-7.779743,0
            110.375036,-7.782845,0
            110.375023,-7.783079,0
            110.375033,-7.783108,0
            110.375023,-7.783246,0
            110.374413,-7.786744,0
            110.37442,-7.786768,0
            110.374489,-7.786778,0
            110.374864,-7.786921,0
            110.375442,-7.787314,0
            110.375425,-7.787344,0
            110.375524,-7.787403,0
            110.375983,-7.78755,0
            110.376145,-7.787554,0
            110.376216,-7.787481,0
            110.376377,-7.787125,0
            110.376497,-7.786996,0
            110.376694,-7.786983,0
            110.378463,-7.787298,0
            110.378541,-7.787299,0
            110.378568,-7.787273,0
            110.378617,-7.787172,0
            110.378719,-7.787108,0
            110.378899,-7.787111,0
            110.380296,-7.787539,0
            110.38057,-7.787541,0
            110.381183,-7.787316,0
            110.381845,-7.787161,0
            110.381989,-7.787039,0
            110.382059,-7.786851,0
            110.382126,-7.786346,0
            110.382229,-7.786173,0
            110.3824,-7.78609,0
            110.386397,-7.786201,0
            110.386719,-7.786188,0
            110.387024,-7.786102,0
            110.387326,-7.785888,0
            110.387829,-7.785408,0
            110.38804,-7.785097,0
            110.388127,-7.78484,0
            110.388145,-7.784617,0
            110.387989,-7.783277,0
            110.387999,-7.783105,0
            110.388164,-7.783051,0
            110.395119,-7.78312,0
            110.396663,-7.783133,0
            110.408319,-7.783259,0
            110.41035,-7.783267,0
            110.410523,-7.783391,0
            110.410531,-7.784079,0
            110.410411,-7.786498,0
            110.410268,-7.7865,0
            110.41041,-7.78342,0
            110.410501,-7.78327,0
            110.41067,-7.783194,0
            110.411014,-7.78321,0
            110.413864,-7.783246,0
            110.413892,-7.783249,0
            110.413928,-7.783224,0
            110.413968,-7.783144,0
            110.41485,-7.778815,0
            110.415807,-7.774454,0
            110.415818,-7.774334,0
            110.415753,-7.774268,0
            110.41561,-7.774261,0
            110.415485,-7.7743,0
            110.415292,-7.774306,0
            110.409115,-7.773632,0
            110.409074,-7.773559,0
            110.409055,-7.77344,0
            110.409264,-7.772349,0
            110.409688,-7.7705,0
            110.410887,-7.764752,0
            110.410978,-7.764401,0
            110.411089,-7.764298,0
            110.411312,-7.764253,0
            110.411373,-7.764212,0
            110.41174,-7.763034,0
            110.411962,-7.761955,0
            110.411969,-7.761882,0
            110.411929,-7.761815,0
            110.410665,-7.761476,0
            110.401299,-7.75845,0
            110.400624,-7.758277,0
            110.399902,-7.758179,0
            110.39884,-7.758146,0
            110.398441,-7.758154,0
            110.398026,-7.758192,0
            110.395881,-7.758481,0
            110.395742,-7.758356,0
            110.395736,-7.758095,0
            110.395903,-7.757245,0
            110.395903,-7.75708,0
            110.395849,-7.756896,0
            110.395931,-7.756526,0
            110.396021,-7.756428,0
            110.396154,-7.756504,0
            110.395853,-7.758083,0
            110.39584,-7.758104,0
            110.395817,-7.758217,0
            110.395729,-7.758429,0
            110.395509,-7.758537,0
            110.390281,-7.759825,0
            110.389982,-7.759873,0
            110.389577,-7.759866,0
            110.388674,-7.759718,0
            110.388145,-7.759531,0
            110.387726,-7.759263,0
            110.387395,-7.758965,0
            110.383715,-7.755343,0
            110.383549,-7.755224,0
            110.38335,-7.75517,0
            110.383223,-7.755192,0
            110.38268,-7.756119,0
            110.382249,-7.757039,0
            110.378647,-7.765817,0
            110.378528,-7.766027,0
            110.376207,-7.771642,0
            110.376005,-7.771715,0
            110.373362,-7.77092,0
            110.373204,-7.770786,0
            110.373194,-7.770547,0
            110.374497,-7.766951,0
            110.375071,-7.766216,0
            110.375156,-7.765593,0
            110.375324,-7.765094,0
            110.375532,-7.7649,0
            110.375701,-7.764808,0
            110.375736,-7.764752,0
            110.375694,-7.764671,0
            110.373819,-7.7639,0
            110.37345,-7.763779,0
            110.373083,-7.763588,0
            110.372754,-7.763307,0
            110.372394,-7.763097,0
            110.371728,-7.762824,0
            110.370658,-7.762492,0
            110.369735,-7.762154,0
            110.36953,-7.762113,0
            110.369407,-7.762045,0
            110.36934,-7.761888,0
            110.369446,-7.760251,0
            110.369725,-7.757568,0
            110.369959,-7.754452,0
            110.371042,-7.751498,0
            110.371045,-7.751332,0
            110.370931,-7.751216,0
            110.369287,-7.750857,0
            110.366065,-7.750528,0
            110.36524,-7.750409,0
            110.364423,-7.750206,0
            110.363542,-7.749907,0
            110.362396,-7.749441,0
            110.362243,-7.749447,0
            110.362121,-7.749376,0
            110.362061,-7.749238,0
            110.362167,-7.748944,0
            110.362292,-7.74882,0
            110.362331,-7.748489,0
            110.362354,-7.747889,0
            110.362279,-7.747785,0
            110.361691,-7.747658,0
            110.361729,-7.747501,0
            110.361225,-7.747364,0
          </coordinates>
        </LineString>
      </Placemark>
      <Placemark>
        <name>5B _ Trans Jogja</name>
        <description><![CDATA[! -- AWAL /  START -- !<br><br>001 => Terminal Jombor<br><br>002 => Monjali - A<br><br>003 => PDAM Monjali - A<br><br>004 => SPBU Monjali - A<br><br>005 => Teknik UGM - B<br><br>006 => RS Sardjito - A<br><br>007 => FKG UGM - A<br><br>008 => Hotel Vidi<br><br>009 => Hokben Jakal - B<br><br>010 => Kentungan<br><br>011 => Terminal Condongcatur<br><br>012 => Pakuwon Mall - B<br><br>013 => RS JIH<br><br>014 => Stikes Guna Bangsa<br><br>015 => STIE YKPN - B<br><br>016 => Babarsari - B<br><br>017 => Dishub DIY - B<br><br>018 => Mirota Babarsari<br><br>019 => Kanwil DJPb<br><br>020 => Maguwo Sambilegi<br><br>021 => Bandara Adisutjipto<br><br>022 => Hyundai<br><br>023 => Jayakarta<br><br>024 => Janti Selatan<br><br>025 => Ambarukmo - A<br><br>026 => Gedung Wanita<br><br>027 => LPP<br><br>028 => Superindo Urip Sumoharjo<br><br>029 => RS Bethesda<br><br>030 => Bulog<br><br>031 => Kridosono<br><br>032 => Jl. Suroto<br><br>033 => Dr. Yap<br><br>034 => SMPN 1 - A<br><br>035 => Fisipol UGM - B<br><br>036 => SMPN 6<br><br>037 => Kricak<br><br>038 => Karangwaru - B<br><br>039 => TVRI - B<br><br>040 => Daytrans Jl. Magelang<br><br>041 => Jogja City Mall - B<br><br>042 => MMTC Yogyakarta<br><br>043 => Terminal Jombor<br><br>! -- AKHIR /  END -- !]]></description>
        <styleUrl>#line-C3A0DD-3000</styleUrl>
        <LineString>
          <tessellate>1</tessellate>
          <coordinates>
            110.361214,-7.747373,0
            110.361062,-7.747333,0
            110.361009,-7.747508,0
            110.36064,-7.747407,0
            110.360607,-7.747455,0
            110.360701,-7.747629,0
            110.360753,-7.747803,0
            110.360763,-7.748106,0
            110.360716,-7.748386,0
            110.362154,-7.749015,0
            110.362319,-7.748977,0
            110.36246,-7.74903,0
            110.362469,-7.749043,0
            110.36252,-7.749064,0
            110.362863,-7.749317,0
            110.363632,-7.749676,0
            110.364492,-7.749976,0
            110.365266,-7.75023,0
            110.366087,-7.75039,0
            110.369291,-7.750751,0
            110.371028,-7.75112,0
            110.371126,-7.751308,0
            110.371097,-7.751517,0
            110.370028,-7.754473,0
            110.369777,-7.757594,0
            110.369494,-7.760254,0
            110.369393,-7.761891,0
            110.369441,-7.761998,0
            110.369535,-7.76205,0
            110.369755,-7.762103,0
            110.370679,-7.762437,0
            110.371754,-7.762781,0
            110.372365,-7.763026,0
            110.37286,-7.763055,0
            110.373451,-7.763055,0
            110.373585,-7.763126,0
            110.373724,-7.7635,0
            110.373793,-7.763645,0
            110.373918,-7.763786,0
            110.375904,-7.764615,0
            110.376054,-7.764594,0
            110.376117,-7.76462,0
            110.376142,-7.764738,0
            110.376069,-7.76486,0
            110.375875,-7.764928,0
            110.375605,-7.765024,0
            110.375453,-7.765175,0
            110.375282,-7.76564,0
            110.375145,-7.766272,0
            110.374598,-7.767029,0
            110.373279,-7.770568,0
            110.373293,-7.77072,0
            110.373401,-7.770815,0
            110.37605,-7.771612,0
            110.376154,-7.771581,0
            110.378666,-7.765519,0
            110.382194,-7.756985,0
            110.382602,-7.756066,0
            110.383149,-7.755033,0
            110.383345,-7.754972,0
            110.383634,-7.755107,0
            110.387462,-7.758857,0
            110.387789,-7.759161,0
            110.388202,-7.75942,0
            110.388691,-7.759593,0
            110.389575,-7.759745,0
            110.389962,-7.759754,0
            110.390269,-7.759701,0
            110.395379,-7.758436,0
            110.395555,-7.758333,0
            110.395727,-7.758142,0
            110.395725,-7.758097,0
            110.395895,-7.757243,0
            110.395894,-7.757079,0
            110.395837,-7.756896,0
            110.39592,-7.756517,0
            110.39602,-7.756411,0
            110.396166,-7.756499,0
            110.395863,-7.75809,0
            110.395967,-7.758243,0
            110.396169,-7.758307,0
            110.397996,-7.758079,0
            110.398429,-7.758037,0
            110.398855,-7.758019,0
            110.399922,-7.758042,0
            110.400646,-7.758138,0
            110.40134,-7.758307,0
            110.410724,-7.761326,0
            110.411977,-7.761665,0
            110.412027,-7.761857,0
            110.412009,-7.761985,0
            110.411792,-7.763051,0
            110.411414,-7.764258,0
            110.411342,-7.764311,0
            110.411091,-7.764325,0
            110.410994,-7.764423,0
            110.410904,-7.76478,0
            110.409725,-7.770452,0
            110.409329,-7.772289,0
            110.409377,-7.772378,0
            110.411031,-7.772792,0
            110.411106,-7.772849,0
            110.41114,-7.772961,0
            110.411031,-7.773643,0
            110.411043,-7.773731,0
            110.4111,-7.773812,0
            110.415289,-7.774262,0
            110.415472,-7.774255,0
            110.415607,-7.774214,0
            110.415767,-7.774218,0
            110.415867,-7.774318,0
            110.415855,-7.774467,0
            110.414937,-7.778685,0
            110.414012,-7.783145,0
            110.41403,-7.783237,0
            110.41411,-7.783274,0
            110.419098,-7.783281,0
            110.425909,-7.783341,0
            110.429482,-7.78342,0
            110.430021,-7.783418,0
            110.430067,-7.783402,0
            110.437805,-7.783418,0
            110.438072,-7.783592,0
            110.437941,-7.784744,0
            110.437415,-7.784697,0
            110.437123,-7.784635,0
            110.435761,-7.784518,0
            110.435601,-7.784518,0
            110.435489,-7.784579,0
            110.435345,-7.784591,0
            110.435308,-7.784427,0
            110.435357,-7.78432,0
            110.435632,-7.784172,0
            110.43641,-7.784227,0
            110.436528,-7.784125,0
            110.436565,-7.783852,0
            110.43644,-7.783754,0
            110.436016,-7.783744,0
            110.435826,-7.783619,0
            110.429996,-7.783563,0
            110.42995,-7.783545,0
            110.42947,-7.783545,0
            110.425915,-7.783461,0
            110.419102,-7.783404,0
            110.411118,-7.783355,0
            110.410925,-7.783387,0
            110.410733,-7.783442,0
            110.410599,-7.783591,0
            110.410542,-7.783844,0
            110.410541,-7.784091,0
            110.410419,-7.786505,0
            110.41026,-7.786506,0
            110.410389,-7.783624,0
            110.410317,-7.783488,0
            110.410224,-7.783401,0
            110.410074,-7.783359,0
            110.396683,-7.783246,0
            110.395335,-7.783231,0
            110.39494,-7.783215,0
            110.388147,-7.783127,0
            110.379444,-7.78306,0
            110.379074,-7.783032,0
            110.375332,-7.783011,0
            110.37523,-7.783076,0
            110.375092,-7.783076,0
            110.375021,-7.783112,0
            110.374392,-7.786739,0
            110.37442,-7.786833,0
            110.374831,-7.786979,0
            110.375376,-7.787342,0
            110.375364,-7.787372,0
            110.374915,-7.78826,0
            110.374803,-7.788418,0
            110.374619,-7.788535,0
            110.374418,-7.788577,0
            110.3741,-7.788579,0
            110.373618,-7.788448,0
            110.373385,-7.788339,0
            110.37328,-7.788229,0
            110.373231,-7.78807,0
            110.373205,-7.787862,0
            110.373178,-7.787473,0
            110.373208,-7.787142,0
            110.373378,-7.786899,0
            110.373647,-7.786833,0
            110.374081,-7.786861,0
            110.374216,-7.786807,0
            110.37432,-7.786628,0
            110.374907,-7.783118,0
            110.374944,-7.782785,0
            110.375461,-7.779717,0
            110.375984,-7.776353,0
            110.375953,-7.776262,0
            110.375833,-7.776201,0
            110.37461,-7.776162,0
            110.3744,-7.776089,0
            110.374176,-7.77606,0
            110.372859,-7.77552,0
            110.372711,-7.77551,0
            110.372648,-7.775583,0
            110.372348,-7.776288,0
            110.371903,-7.776915,0
            110.371818,-7.77712,0
            110.371505,-7.778378,0
            110.37142,-7.778518,0
            110.371259,-7.778568,0
            110.37083,-7.778544,0
            110.370313,-7.778477,0
            110.370049,-7.778418,0
            110.36933,-7.778363,0
            110.367862,-7.778191,0
            110.367444,-7.778154,0
            110.365368,-7.777804,0
            110.36518,-7.777822,0
            110.36254,-7.779057,0
            110.36241,-7.779074,0
            110.362224,-7.778986,0
            110.361093,-7.778348,0
            110.361005,-7.778184,0
            110.36178,-7.761335,0
            110.362319,-7.749576,0
            110.36224,-7.749457,0
            110.362113,-7.749388,0
            110.362051,-7.749238,0
            110.362159,-7.748938,0
            110.362281,-7.748808,0
            110.362322,-7.748489,0
            110.362342,-7.747892,0
            110.362274,-7.747796,0
            110.361678,-7.747666,0
            110.361718,-7.747508,0
            110.361214,-7.747373,0
          </coordinates>
        </LineString>
      </Placemark>
      <Placemark>
        <name>6 _ Trans Jogja</name>
        <description><![CDATA[! -- AWAL /  START -- !<br><br>001 => Park and Ride Gamping<br><br>002 => PKU Gamping<br><br>003 => Pasar Gamping - A<br><br>004 => Universitas BSI - B<br><br>005 => UMY - B<br><br>006 => Tamantirto - B<br><br>007 => Universitas Alma Ata<br><br>008 => Lap. Kasihan - B<br><br>009 => Simpang Diklat DIY - B<br><br>010 => Madukismo - B<br><br>011 => SMAN 1 Kasihan - B<br><br>012 => SMK Seni - B<br><br>013 => Pasar Legi - B<br><br>014 => Mualiimin - A<br><br>015 => Tejokusuman<br><br>016 => Ngabean<br><br>017 => KHA Dahlan - B<br><br>018 => Taman Pintar<br><br>019 => Suryotomo<br><br>020 => Progo<br><br>021 => Jl. Mataram<br><br>022 => Teras 2<br><br>023 => Malioboro 1<br><br>024 => Malioboro 2<br><br>025 => Malioboro 3<br><br>026 => KHA Dahlan - A<br><br>027 => Ngabean<br><br>028 => Mualimin - B<br><br>029 => Pasar Legi - A<br><br>030 => SMK Seni - A<br><br>031 => SMAN 1 Kasihan - B<br><br>032 => Madukismo - A<br><br>033 => Simpang Diklat DIY - A<br><br>034 => Lap. Kasihan - A<br><br>035 => Tamantirto - A<br><br>036 => UMY - A<br><br>037 => Universitas BSI - A<br><br>038 => Pasar Gamping - B<br><br>039 => BPD Gamping<br><br>040 => Park and Ride Gamping<br><br>! -- AKHIR /  END -- !]]></description>
        <styleUrl>#line-5C4238-3000</styleUrl>
        <LineString>
          <tessellate>1</tessellate>
          <coordinates>
            110.31458,-7.802465,0
            110.314545,-7.802286,0
            110.325051,-7.800405,0
            110.325217,-7.800449,0
            110.325301,-7.800588,0
            110.325294,-7.800753,0
            110.325239,-7.804753,0
            110.325143,-7.805126,0
            110.324946,-7.805552,0
            110.324865,-7.805875,0
            110.323965,-7.821212,0
            110.324024,-7.82144,0
            110.324103,-7.8216,0
            110.324259,-7.821792,0
            110.324551,-7.821988,0
            110.324825,-7.822064,0
            110.328104,-7.822144,0
            110.328225,-7.822295,0
            110.328221,-7.822383,0
            110.328171,-7.825366,0
            110.328207,-7.825473,0
            110.328277,-7.825521,0
            110.328675,-7.825549,0
            110.328809,-7.825624,0
            110.328885,-7.825766,0
            110.32911,-7.826761,0
            110.329242,-7.826911,0
            110.32994,-7.827437,0
            110.330497,-7.827973,0
            110.330794,-7.828178,0
            110.331583,-7.828544,0
            110.333128,-7.828915,0
            110.333994,-7.829042,0
            110.335179,-7.829185,0
            110.337759,-7.829549,0
            110.338284,-7.829682,0
            110.338396,-7.829694,0
            110.338498,-7.82967,0
            110.338812,-7.829575,0
            110.339178,-7.829531,0
            110.339688,-7.829373,0
            110.340757,-7.829063,0
            110.34104,-7.829011,0
            110.34166,-7.828978,0
            110.343602,-7.829043,0
            110.344111,-7.829082,0
            110.344198,-7.829047,0
            110.344249,-7.828967,0
            110.344367,-7.828378,0
            110.344396,-7.828273,0
            110.34447,-7.828155,0
            110.344595,-7.828107,0
            110.344734,-7.828067,0
            110.344858,-7.828019,0
            110.34493,-7.827944,0
            110.344968,-7.827831,0
            110.345081,-7.826832,0
            110.345097,-7.826482,0
            110.345298,-7.824224,0
            110.345386,-7.824088,0
            110.345494,-7.824055,0
            110.346476,-7.824109,0
            110.347207,-7.824122,0
            110.347268,-7.824074,0
            110.348115,-7.818907,0
            110.348358,-7.817409,0
            110.349432,-7.812109,0
            110.349518,-7.811632,0
            110.350287,-7.80795,0
            110.350378,-7.80783,0
            110.350599,-7.807835,0
            110.353666,-7.808267,0
            110.355893,-7.808602,0
            110.355971,-7.808591,0
            110.356006,-7.808556,0
            110.356161,-7.804685,0
            110.356172,-7.804499,0
            110.356199,-7.804315,0
            110.356271,-7.804143,0
            110.356351,-7.803931,0
            110.356366,-7.803726,0
            110.356373,-7.803414,0
            110.356293,-7.803409,0
            110.356217,-7.803526,0
            110.35617,-7.80402,0
            110.356207,-7.804135,0
            110.3563,-7.80414,0
            110.356322,-7.804127,0
            110.356392,-7.80394,0
            110.356406,-7.803723,0
            110.356411,-7.803464,0
            110.356407,-7.803456,0
            110.356475,-7.801266,0
            110.356539,-7.801159,0
            110.356714,-7.801104,0
            110.361925,-7.801261,0
            110.362188,-7.801269,0
            110.364895,-7.801366,0
            110.364925,-7.801352,0
            110.369099,-7.801482,0
            110.369179,-7.801441,0
            110.369235,-7.801363,0
            110.36936,-7.798514,0
            110.369287,-7.797047,0
            110.369204,-7.796874,0
            110.36906,-7.796734,0
            110.369041,-7.796674,0
            110.369025,-7.796672,0
            110.36899,-7.796535,0
            110.369033,-7.795668,0
            110.368998,-7.795289,0
            110.36893,-7.794895,0
            110.368857,-7.794757,0
            110.368726,-7.794663,0
            110.36828,-7.794414,0
            110.368022,-7.794218,0
            110.367816,-7.793994,0
            110.367674,-7.793751,0
            110.367611,-7.7935,0
            110.367563,-7.792798,0
            110.367567,-7.791329,0
            110.367582,-7.790417,0
            110.367523,-7.790291,0
            110.367454,-7.790227,0
            110.367429,-7.790238,0
            110.366236,-7.790178,0
            110.366216,-7.790223,0
            110.365481,-7.796366,0
            110.364871,-7.801047,0
            110.364785,-7.80131,0
            110.364654,-7.801406,0
            110.364397,-7.801449,0
            110.362172,-7.801352,0
            110.361897,-7.801343,0
            110.356734,-7.8012,0
            110.356605,-7.801243,0
            110.356538,-7.80134,0
            110.356544,-7.801353,0
            110.356474,-7.803375,0
            110.356271,-7.803368,0
            110.356175,-7.803518,0
            110.35613,-7.80406,0
            110.356277,-7.804169,0
            110.356275,-7.80426,0
            110.356239,-7.804329,0
            110.356214,-7.804523,0
            110.356203,-7.804688,0
            110.356054,-7.80856,0
            110.355974,-7.808614,0
            110.355893,-7.808623,0
            110.353662,-7.808297,0
            110.350597,-7.80787,0
            110.350404,-7.807874,0
            110.350338,-7.807957,0
            110.349554,-7.811639,0
            110.349464,-7.812115,0
            110.34839,-7.817419,0
            110.348135,-7.818915,0
            110.3473,-7.824088,0
            110.347214,-7.824149,0
            110.346473,-7.824147,0
            110.345493,-7.824091,0
            110.345406,-7.824116,0
            110.345333,-7.824229,0
            110.345137,-7.826487,0
            110.34514,-7.826829,0
            110.345021,-7.827827,0
            110.344976,-7.827964,0
            110.344882,-7.828059,0
            110.344744,-7.82811,0
            110.344594,-7.828147,0
            110.344493,-7.828195,0
            110.344437,-7.828288,0
            110.344415,-7.828382,0
            110.344299,-7.828972,0
            110.34423,-7.829092,0
            110.344102,-7.829128,0
            110.3436,-7.829076,0
            110.341663,-7.829008,0
            110.341043,-7.829043,0
            110.340763,-7.829087,0
            110.339699,-7.829401,0
            110.339176,-7.829569,0
            110.338821,-7.829607,0
            110.338508,-7.829701,0
            110.338395,-7.829722,0
            110.338282,-7.829714,0
            110.337752,-7.829571,0
            110.335176,-7.829208,0
            110.333988,-7.829071,0
            110.333121,-7.828946,0
            110.331574,-7.828571,0
            110.330785,-7.8282,0
            110.330487,-7.827997,0
            110.329923,-7.827458,0
            110.329224,-7.826937,0
            110.32908,-7.826763,0
            110.328853,-7.825775,0
            110.328779,-7.825648,0
            110.328658,-7.825577,0
            110.328268,-7.825549,0
            110.328179,-7.825491,0
            110.328135,-7.825368,0
            110.328181,-7.82238,0
            110.32817,-7.822303,0
            110.328099,-7.822243,0
            110.324816,-7.822162,0
            110.324507,-7.82207,0
            110.324214,-7.821861,0
            110.324035,-7.821645,0
            110.323951,-7.821468,0
            110.323898,-7.821214,0
            110.32479,-7.805859,0
            110.324872,-7.805533,0
            110.325084,-7.805108,0
            110.325164,-7.804752,0
            110.3252,-7.800758,0
            110.325161,-7.800608,0
            110.325071,-7.800509,0
            110.324928,-7.800485,0
            110.315165,-7.802233,0
            110.315035,-7.802307,0
            110.314978,-7.802407,0
            110.31458,-7.802465,0
          </coordinates>
        </LineString>
      </Placemark>
      <Placemark>
        <name>8 _ Trans Jogja</name>
        <description><![CDATA[! -- AWAL /  START -- !<br><br>001 => Terminal Jombor<br><br>002 => UTY Ring Road Utara - A<br><br>003 => Dusun Ngawen<br><br>004 => West Lake - A<br><br>005 => Perumahan Nogotirto<br><br>006 => Demak Ijo - A<br><br>007 => Metro Nogotirto - A<br><br>008 => Kantor Pos Demak Ijo - A<br><br>009 => SDN 1 Demak Ijo - A<br><br>010 => Pasar Tlogorejo - A<br><br>011 => McD<br><br>012 => Mirota Godean - A<br><br>013 => BKD - A<br><br>014 => Pasar Pingit - A<br><br>015 => Pasar Kranggan Selatan<br><br>016 => Mangkubumi 1<br><br>017 => Mangkubumi 2<br><br>018 => Eks Menara Kopi - A<br><br>019 => Kridosono<br><br>020 => Eks Menara Kopi - B<br><br>021 => Malioboro 1<br><br>022 => Malioboro 2<br><br>023 => Malioboro 3<br><br>024 => KHA Dahlan - A<br><br>025 => Ngabean<br><br>026 => KHA Dahlan - B<br><br>027 => Bhayangkara<br><br>028 => Pasar Pathuk<br><br>029 => Sosrowijayan<br><br>030 => Stasiun Yogyakarta<br><br>031 => Jlagran<br><br>032 => Badran<br><br>033 => SMPN 14<br><br>034 => Pasar Pingit - B<br><br>035 => BKD - B<br><br>036 => Mirota Godean - B<br><br>037 => Dentes Godean<br><br>038 => Pasar Tlogorejo - B<br><br>039 => SDN 1 Demak Ijo - B<br><br>040 => Kantor Pos Demak Ijo - B<br><br>041 => Metro Nogotirto - B<br><br>042 => Kompi Senapan-C<br><br>043 => Demak Ijo - B<br><br>044 => Nogosaren<br><br>045 => Universitas Aisyiyah<br><br>046 => West Lake - B<br><br>047 => UTY Ring Road Utara - B<br><br>048 => Terminal Jombor<br><br>! -- AKHIR /  END -- !]]></description>
        <styleUrl>#line-2C5D9F-3000</styleUrl>
        <LineString>
          <tessellate>1</tessellate>
          <coordinates>
            110.361071,-7.747348,0
            110.361017,-7.747522,0
            110.360648,-7.74742,0
            110.360621,-7.747459,0
            110.36071,-7.747625,0
            110.360762,-7.747802,0
            110.360774,-7.748106,0
            110.360729,-7.748379,0
            110.361925,-7.748902,0
            110.361978,-7.748999,0
            110.361973,-7.74908,0
            110.361923,-7.749129,0
            110.361816,-7.749142,0
            110.360608,-7.748606,0
            110.360049,-7.748357,0
            110.359411,-7.748101,0
            110.357995,-7.747656,0
            110.356238,-7.747159,0
            110.348976,-7.744889,0
            110.346321,-7.744018,0
            110.346027,-7.743936,0
            110.345623,-7.743906,0
            110.345161,-7.743949,0
            110.344802,-7.744064,0
            110.344496,-7.744233,0
            110.344195,-7.744474,0
            110.343782,-7.744963,0
            110.34134,-7.748819,0
            110.340971,-7.7495,0
            110.340739,-7.750062,0
            110.334748,-7.767857,0
            110.332104,-7.77608,0
            110.332098,-7.776221,0
            110.331866,-7.776938,0
            110.331922,-7.777101,0
            110.332016,-7.777194,0
            110.334084,-7.777631,0
            110.343748,-7.779741,0
            110.347563,-7.780593,0
            110.350145,-7.781164,0
            110.351223,-7.781389,0
            110.352514,-7.78163,0
            110.355275,-7.782211,0
            110.355876,-7.782383,0
            110.357366,-7.782718,0
            110.357784,-7.782777,0
            110.360842,-7.782824,0
            110.360998,-7.782741,0
            110.363434,-7.782792,0
            110.366801,-7.782848,0
            110.366977,-7.782984,0
            110.36704,-7.783219,0
            110.366304,-7.789136,0
            110.366365,-7.789272,0
            110.366332,-7.789519,0
            110.366359,-7.789557,0
            110.366429,-7.78959,0
            110.367553,-7.789692,0
            110.368274,-7.789708,0
            110.368581,-7.789696,0
            110.36869,-7.789667,0
            110.368864,-7.789692,0
            110.368981,-7.789694,0
            110.369089,-7.789642,0
            110.369185,-7.789576,0
            110.369315,-7.789537,0
            110.369736,-7.789481,0
            110.369878,-7.789428,0
            110.371455,-7.788337,0
            110.37191,-7.788096,0
            110.372373,-7.787926,0
            110.372783,-7.787863,0
            110.373062,-7.787854,0
            110.373114,-7.787835,0
            110.373146,-7.787788,0
            110.373154,-7.787536,0
            110.373145,-7.787417,0
            110.373173,-7.787139,0
            110.373355,-7.786872,0
            110.373645,-7.7868,0
            110.374079,-7.786834,0
            110.374204,-7.786774,0
            110.374273,-7.786783,0
            110.374292,-7.786776,0
            110.374486,-7.7868,0
            110.37485,-7.786938,0
            110.375383,-7.787297,0
            110.375351,-7.787364,0
            110.3749,-7.788244,0
            110.374787,-7.788402,0
            110.374611,-7.78851,0
            110.374413,-7.788556,0
            110.37411,-7.788556,0
            110.373633,-7.788427,0
            110.373406,-7.788321,0
            110.3733,-7.788215,0
            110.373248,-7.788057,0
            110.373162,-7.787952,0
            110.373067,-7.7879,0
            110.372781,-7.787908,0
            110.372381,-7.787977,0
            110.371929,-7.788135,0
            110.371488,-7.788379,0
            110.369906,-7.789485,0
            110.369748,-7.789544,0
            110.369329,-7.789597,0
            110.369213,-7.789636,0
            110.369124,-7.789714,0
            110.369054,-7.789904,0
            110.368959,-7.790401,0
            110.368901,-7.790492,0
            110.368815,-7.79054,0
            110.368567,-7.790576,0
            110.368374,-7.790581,0
            110.368183,-7.7905,0
            110.367986,-7.790308,0
            110.367577,-7.79015,0
            110.367435,-7.790201,0
            110.366215,-7.790138,0
            110.366182,-7.790204,0
            110.365424,-7.796388,0
            110.364821,-7.801133,0
            110.364768,-7.801296,0
            110.364642,-7.801389,0
            110.364392,-7.801433,0
            110.362187,-7.80134,0
            110.361904,-7.801333,0
            110.356728,-7.801186,0
            110.356596,-7.801231,0
            110.356522,-7.801341,0
            110.356455,-7.803414,0
            110.356292,-7.803404,0
            110.356211,-7.803526,0
            110.356165,-7.804018,0
            110.356187,-7.804085,0
            110.356278,-7.804091,0
            110.356335,-7.803929,0
            110.356351,-7.803722,0
            110.356356,-7.803443,0
            110.356382,-7.803398,0
            110.356447,-7.801333,0
            110.356548,-7.801169,0
            110.356712,-7.801119,0
            110.361902,-7.801277,0
            110.36199,-7.801246,0
            110.36204,-7.801182,0
            110.362128,-7.797629,0
            110.362138,-7.79628,0
            110.362041,-7.796124,0
            110.36171,-7.795918,0
            110.36133,-7.795586,0
            110.361249,-7.795465,0
            110.361213,-7.79531,0
            110.361314,-7.793539,0
            110.361703,-7.791566,0
            110.362072,-7.789895,0
            110.362041,-7.789789,0
            110.361796,-7.789675,0
            110.361598,-7.78964,0
            110.360103,-7.789583,0
            110.357742,-7.789385,0
            110.357571,-7.789337,0
            110.35749,-7.789204,0
            110.357519,-7.788481,0
            110.357591,-7.788277,0
            110.357787,-7.788159,0
            110.35876,-7.787885,0
            110.359033,-7.787696,0
            110.359759,-7.787035,0
            110.360671,-7.785353,0
            110.360715,-7.785143,0
            110.360817,-7.783025,0
            110.360737,-7.782907,0
            110.357773,-7.782849,0
            110.357351,-7.7828,0
            110.355866,-7.782462,0
            110.355256,-7.78228,0
            110.352501,-7.781695,0
            110.351216,-7.781446,0
            110.350142,-7.781218,0
            110.347557,-7.780647,0
            110.343733,-7.779794,0
            110.334082,-7.777676,0
            110.331809,-7.777222,0
            110.331697,-7.777103,0
            110.331674,-7.777,0
            110.331685,-7.77685,0
            110.334671,-7.76782,0
            110.340653,-7.750019,0
            110.340915,-7.749442,0
            110.341275,-7.748761,0
            110.343708,-7.744903,0
            110.34412,-7.744393,0
            110.344431,-7.744152,0
            110.344751,-7.743982,0
            110.345143,-7.743861,0
            110.345623,-7.743816,0
            110.346033,-7.743852,0
            110.34634,-7.74393,0
            110.349001,-7.744784,0
            110.356251,-7.747082,0
            110.358014,-7.747575,0
            110.359461,-7.747975,0
            110.360109,-7.74819,0
            110.360682,-7.748411,0
            110.361865,-7.748929,0
            110.362151,-7.74893,0
            110.362271,-7.748803,0
            110.362313,-7.748485,0
            110.362332,-7.747896,0
            110.362267,-7.747806,0
            110.361667,-7.747673,0
            110.361707,-7.747517,0
            110.361071,-7.747348,0
          </coordinates>
        </LineString>
      </Placemark>
      <Placemark>
        <name>9 _ Trans Jogja</name>
        <description><![CDATA[! -- AWAL /  START -- !<br><br>001 => Terminal Giwangan<br><br>002 => UAD Ring Road Selatan - A<br><br>003 => Simpang Wojo<br><br>004 => Druwo - A<br><br>005 => Jogokariyan - A<br><br>006 => Jokteng Wetan<br><br>007 => Plengkung Gading - B<br><br>008 => SMAN 7<br><br>009 => Tejokusuman<br><br>010 => Ngabean<br><br>011 => Pasar Serangan - A<br><br>012 => SMAN 1 - A<br><br>013 => SMPN 11<br><br>014 => Badran<br><br>015 => SMPN 14<br><br>016 => Hotel Utara - B<br><br>017 => Kricak<br><br>018 => Karangwaru - B<br><br>019 => TVRI - B<br><br>020 => Daytrans Jl. Magelang<br><br>021 => Jogja City Mall - B<br><br>022 => MMTC Yogyakarta<br><br>023 => Terminal Jombor<br><br>024 => Indogrosir<br><br>025=> Jogja City Mall - A<br><br>026 => Atakrib Jl. Magelang<br><br>027 => TVRI - A<br><br>028 => Karangwaru -  A<br><br>029 => Hotel Utara - A<br><br>030 => Samsat<br><br>031 => Saudagaran<br><br>032 => SMAN 1 - B<br><br>033 => Pasar Serangan - B<br><br>034 => Ngabean<br><br>035 => Tamansari<br><br>036 => Jokteng Kulon<br><br>037 => Plengkung Gading -  A<br><br>038 => Hotel Noola<br><br>039 => Jogokariyan - B<br><br>040 => Druwo - B<br><br>041 => UAD Ring Road Selatan - B<br><br>042 => Terminal Giwangan<br><br>! -- AKHIR /  END -- !]]></description>
        <styleUrl>#line-40B7B6-3000</styleUrl>
        <LineString>
          <tessellate>1</tessellate>
          <coordinates>
            110.391842,-7.834089,0
            110.391946,-7.833962,0
            110.392959,-7.83392,0
            110.39311,-7.833996,0
            110.393183,-7.83411,0
            110.393563,-7.834222,0
            110.39366,-7.834395,0
            110.393664,-7.834684,0
            110.393467,-7.835862,0
            110.392881,-7.836262,0
            110.392664,-7.836302,0
            110.392063,-7.83624,0
            110.391611,-7.836565,0
            110.390539,-7.836445,0
            110.390118,-7.836293,0
            110.389671,-7.836015,0
            110.389407,-7.835752,0
            110.389176,-7.835375,0
            110.388931,-7.834791,0
            110.388741,-7.834485,0
            110.388497,-7.834257,0
            110.388189,-7.834091,0
            110.387879,-7.834023,0
            110.386285,-7.834055,0
            110.385709,-7.834139,0
            110.385144,-7.834307,0
            110.382828,-7.835165,0
            110.3824,-7.835281,0
            110.376973,-7.836381,0
            110.376311,-7.836471,0
            110.375728,-7.836463,0
            110.369782,-7.836183,0
            110.368003,-7.836053,0
            110.36663,-7.835901,0
            110.365918,-7.835731,0
            110.36576,-7.835499,0
            110.36574,-7.835307,0
            110.366969,-7.832669,0
            110.367022,-7.832392,0
            110.36839,-7.814943,0
            110.368298,-7.814825,0
            110.362816,-7.814064,0
            110.356738,-7.813228,0
            110.356414,-7.813182,0
            110.356095,-7.813168,0
            110.355948,-7.813079,0
            110.355859,-7.81289,0
            110.355839,-7.812609,0
            110.356001,-7.808568,0
            110.356155,-7.804678,0
            110.356166,-7.804503,0
            110.356194,-7.804314,0
            110.356267,-7.804141,0
            110.356263,-7.804124,0
            110.35633,-7.803926,0
            110.356345,-7.803723,0
            110.356349,-7.803402,0
            110.356289,-7.8034,0
            110.356206,-7.803525,0
            110.35616,-7.804017,0
            110.356177,-7.80407,0
            110.356223,-7.804105,0
            110.356262,-7.804107,0
            110.356325,-7.803923,0
            110.35634,-7.803721,0
            110.356344,-7.803451,0
            110.356377,-7.803397,0
            110.356443,-7.801332,0
            110.356395,-7.801225,0
            110.356306,-7.801183,0
            110.354805,-7.801116,0
            110.351941,-7.801083,0
            110.351811,-7.800991,0
            110.351789,-7.800881,0
            110.352717,-7.796569,0
            110.353466,-7.792647,0
            110.353794,-7.790854,0
            110.353839,-7.790418,0
            110.353921,-7.79023,0
            110.354048,-7.790148,0
            110.354981,-7.790272,0
            110.355313,-7.790247,0
            110.355963,-7.790036,0
            110.357362,-7.789372,0
            110.357439,-7.789303,0
            110.357476,-7.789181,0
            110.357471,-7.789169,0
            110.357497,-7.788478,0
            110.357567,-7.788261,0
            110.357769,-7.788129,0
            110.358751,-7.787865,0
            110.359018,-7.787681,0
            110.359744,-7.787025,0
            110.360651,-7.785344,0
            110.360694,-7.78514,0
            110.360791,-7.783032,0
            110.360786,-7.782583,0
            110.360974,-7.778518,0
            110.360995,-7.77819,0
            110.361769,-7.761332,0
            110.36231,-7.749578,0
            110.362233,-7.749463,0
            110.362108,-7.749396,0
            110.36204,-7.749239,0
            110.362161,-7.748904,0
            110.362263,-7.748796,0
            110.362304,-7.748484,0
            110.362323,-7.747899,0
            110.362264,-7.747814,0
            110.361656,-7.74768,0
            110.361697,-7.747523,0
            110.361078,-7.747363,0
            110.361024,-7.747539,0
            110.360656,-7.747433,0
            110.360633,-7.747464,0
            110.360719,-7.747621,0
            110.360772,-7.747801,0
            110.360784,-7.748109,0
            110.360743,-7.748372,0
            110.362168,-7.748998,0
            110.362317,-7.748966,0
            110.362471,-7.749021,0
            110.36254,-7.749251,0
            110.362409,-7.749578,0
            110.361841,-7.761348,0
            110.361064,-7.77819,0
            110.361036,-7.778523,0
            110.360829,-7.78259,0
            110.360854,-7.783036,0
            110.360756,-7.785149,0
            110.36072,-7.785377,0
            110.359803,-7.78704,0
            110.359732,-7.78726,0
            110.359705,-7.78755,0
            110.359617,-7.787666,0
            110.359461,-7.787691,0
            110.359295,-7.787697,0
            110.359136,-7.787745,0
            110.358762,-7.787943,0
            110.357818,-7.788202,0
            110.357642,-7.788306,0
            110.357568,-7.788492,0
            110.357531,-7.789183,0
            110.357469,-7.789321,0
            110.357376,-7.789402,0
            110.355971,-7.790064,0
            110.355314,-7.790278,0
            110.354981,-7.790305,0
            110.35406,-7.790185,0
            110.353948,-7.790255,0
            110.353891,-7.790398,0
            110.35385,-7.790869,0
            110.353526,-7.792658,0
            110.352764,-7.796577,0
            110.351839,-7.800885,0
            110.351856,-7.800965,0
            110.351948,-7.801018,0
            110.354802,-7.801033,0
            110.356054,-7.801087,0
            110.356322,-7.80113,0
            110.35645,-7.801194,0
            110.356526,-7.801344,0
            110.35646,-7.803401,0
            110.356287,-7.803395,0
            110.3562,-7.803523,0
            110.356156,-7.804017,0
            110.356168,-7.804055,0
            110.356283,-7.804141,0
            110.35628,-7.804262,0
            110.356242,-7.80433,0
            110.356219,-7.804518,0
            110.356208,-7.804683,0
            110.35606,-7.808562,0
            110.356053,-7.808567,0
            110.355918,-7.81262,0
            110.355941,-7.812882,0
            110.356005,-7.813033,0
            110.356108,-7.813093,0
            110.356416,-7.813115,0
            110.356743,-7.813161,0
            110.362826,-7.814013,0
            110.368318,-7.814758,0
            110.36843,-7.81484,0
            110.368449,-7.814954,0
            110.367099,-7.832411,0
            110.367038,-7.832699,0
            110.365805,-7.835334,0
            110.365832,-7.835474,0
            110.365945,-7.835613,0
            110.366639,-7.835805,0
            110.36801,-7.835952,0
            110.369774,-7.836078,0
            110.375737,-7.836381,0
            110.37632,-7.836379,0
            110.376957,-7.836301,0
            110.382377,-7.835205,0
            110.382786,-7.835102,0
            110.385103,-7.834231,0
            110.385682,-7.83406,0
            110.386277,-7.833978,0
            110.387873,-7.833935,0
            110.388218,-7.83402,0
            110.388532,-7.834189,0
            110.388801,-7.834434,0
            110.388987,-7.834753,0
            110.389249,-7.835333,0
            110.389474,-7.835711,0
            110.389706,-7.835945,0
            110.390146,-7.836225,0
            110.390548,-7.836355,0
            110.391143,-7.836395,0
            110.391319,-7.83639,0
            110.391454,-7.836335,0
            110.391511,-7.836212,0
            110.391484,-7.836053,0
            110.390901,-7.834721,0
            110.391057,-7.834536,0
            110.391692,-7.834592,0
            110.391759,-7.834567,0
            110.391809,-7.834502,0
            110.391842,-7.834089,0
          </coordinates>
        </LineString>
      </Placemark>
      <Placemark>
        <name>10 _ Trans Jogja</name>
        <description><![CDATA[! -- AWAL /  START -- !<br><br>001 => Park and Ride Gamping<br><br>002 => PKU Gamping<br><br>003 => Pasar Gamping - A<br><br>004 => Pelem Guriih - A<br><br>005 => Bayeman - A<br><br>006 => Eks Hotel Nataputra<br><br>007 => SMP Muh 3<br><br>008 => GKJ Wirobrajan<br><br>009 => Mualimin - A<br><br>010 => Tejokusuman<br><br>011 => Ngabean<br><br>012 => KHA Dahlan - B<br><br>013 => Taman Pintar<br><br>014 => Suryotomo<br><br>015 => Progo<br><br>016 => Jl. Mataram<br><br>017 => Teras 2<br><br>018 => Eks Menara Kopi - A<br><br>019 => Kridosono<br><br>020 => Lempuyangan<br><br>021 => Stasiun Lempuyangan<br><br>022 => Tarumartani - A<br><br>023 => TNI AL - A<br><br>024 => Timoho - A<br><br>025 => SMKN 5 - A<br><br>026 => SGM Kusumanegara - B<br><br>027 => Timoho - B<br><br>028 => TNI AL - B<br><br>029 => Tarumartani - B<br><br>030 => Flyover Lempuyangan<br><br>026 => SMP Kanisius Gayam - B<br><br>027 => Jl. Mataram<br><br>028 => Teras 2<br><br>029 => Malioboro 1<br><br>030 => Malioboro 2<br><br>031 => Malioboro 3<br><br>032 => KHA Dahlan - A<br><br>033 => Ngabean<br><br>034 => Mualimin - B<br><br>035 => SMA Muh 3<br><br>036 => Hotel Andika Putera<br><br>037 => Museum Bahari<br><br>038 => Bayeman - B<br><br>039 => Pelem Gurih - B<br><br>040 => Pasar Gamping - B<br><br>041 => BPD Gamping<br><br>042 => Park and Ride Gamping<br><br>! -- AKHIR /  END -- !]]></description>
        <styleUrl>#line-F8C530-3000</styleUrl>
        <LineString>
          <tessellate>1</tessellate>
          <coordinates>
            110.314573,-7.80248,0
            110.314535,-7.802276,0
            110.325672,-7.800283,0
            110.325848,-7.800294,0
            110.326022,-7.800325,0
            110.328029,-7.801093,0
            110.328224,-7.801132,0
            110.328424,-7.801122,0
            110.328599,-7.801031,0
            110.328782,-7.80088,0
            110.329445,-7.800004,0
            110.329642,-7.799882,0
            110.329949,-7.799852,0
            110.33765,-7.800365,0
            110.342185,-7.800657,0
            110.342454,-7.80066,0
            110.351643,-7.800991,0
            110.351757,-7.801173,0
            110.350446,-7.807593,0
            110.350456,-7.807741,0
            110.350601,-7.807825,0
            110.353676,-7.808258,0
            110.355894,-7.808596,0
            110.355972,-7.808583,0
            110.355996,-7.808557,0
            110.356151,-7.804688,0
            110.356162,-7.804501,0
            110.35619,-7.804312,0
            110.356262,-7.80414,0
            110.356256,-7.80411,0
            110.356321,-7.803923,0
            110.356334,-7.80372,0
            110.356341,-7.803391,0
            110.356284,-7.80339,0
            110.356195,-7.803522,0
            110.356152,-7.804017,0
            110.356161,-7.804046,0
            110.356237,-7.8041,0
            110.356254,-7.804101,0
            110.356316,-7.803922,0
            110.356329,-7.803719,0
            110.356333,-7.803456,0
            110.356372,-7.803395,0
            110.356437,-7.801341,0
            110.356544,-7.801164,0
            110.356713,-7.801112,0
            110.361902,-7.801268,0
            110.362188,-7.801276,0
            110.364772,-7.801372,0
            110.369065,-7.801509,0
            110.369187,-7.801446,0
            110.369245,-7.801367,0
            110.369372,-7.79851,0
            110.369297,-7.797047,0
            110.369213,-7.79687,0
            110.369065,-7.796723,0
            110.369012,-7.796535,0
            110.369061,-7.795666,0
            110.369026,-7.795279,0
            110.368958,-7.794883,0
            110.368875,-7.794733,0
            110.368737,-7.794627,0
            110.368292,-7.794389,0
            110.368045,-7.794193,0
            110.367839,-7.793968,0
            110.367703,-7.793736,0
            110.367641,-7.793495,0
            110.367588,-7.792792,0
            110.367586,-7.791329,0
            110.36759,-7.790767,0
            110.367707,-7.790515,0
            110.367791,-7.790443,0
            110.367931,-7.79039,0
            110.368049,-7.790378,0
            110.368196,-7.790405,0
            110.368292,-7.790396,0
            110.368363,-7.790354,0
            110.368521,-7.789974,0
            110.368549,-7.789787,0
            110.368589,-7.789716,0
            110.368689,-7.789686,0
            110.368869,-7.789707,0
            110.368985,-7.789711,0
            110.369092,-7.789659,0
            110.369197,-7.78959,0
            110.369322,-7.789553,0
            110.369739,-7.789497,0
            110.369886,-7.789441,0
            110.371473,-7.788346,0
            110.371919,-7.788109,0
            110.37238,-7.787944,0
            110.372785,-7.787882,0
            110.37307,-7.787868,0
            110.373125,-7.787848,0
            110.37316,-7.787797,0
            110.37317,-7.787473,0
            110.373201,-7.787139,0
            110.373373,-7.786893,0
            110.373645,-7.786826,0
            110.374081,-7.786854,0
            110.374207,-7.786801,0
            110.374425,-7.786826,0
            110.374835,-7.786972,0
            110.375382,-7.787339,0
            110.375368,-7.787374,0
            110.374922,-7.788263,0
            110.374809,-7.788423,0
            110.374623,-7.788542,0
            110.374421,-7.788586,0
            110.374084,-7.788588,0
            110.373995,-7.78862,0
            110.373808,-7.789559,0
            110.373665,-7.78967,0
            110.37321,-7.789816,0
            110.373048,-7.789906,0
            110.372981,-7.79004,0
            110.372947,-7.79019,0
            110.372964,-7.790352,0
            110.372984,-7.790398,0
            110.373042,-7.790414,0
            110.373959,-7.790447,0
            110.374262,-7.790481,0
            110.37795,-7.790204,0
            110.378046,-7.790162,0
            110.378138,-7.790048,0
            110.378219,-7.790006,0
            110.378301,-7.789983,0
            110.378913,-7.789946,0
            110.37916,-7.789947,0
            110.37964,-7.790016,0
            110.386181,-7.791364,0
            110.388925,-7.792009,0
            110.389456,-7.792103,0
            110.392976,-7.792611,0
            110.393078,-7.792655,0
            110.393139,-7.792761,0
            110.392311,-7.799464,0
            110.392325,-7.79956,0
            110.392577,-7.799679,0
            110.395308,-7.800414,0
            110.395394,-7.800507,0
            110.395417,-7.80061,0
            110.395308,-7.801981,0
            110.395248,-7.802134,0
            110.395132,-7.802192,0
            110.392107,-7.802147,0
            110.392013,-7.802105,0
            110.391977,-7.801999,0
            110.392283,-7.799598,0
            110.392257,-7.799456,0
            110.393086,-7.792743,0
            110.393057,-7.792699,0
            110.392968,-7.792657,0
            110.389447,-7.792141,0
            110.388915,-7.792039,0
            110.386188,-7.7914,0
            110.379641,-7.790052,0
            110.379164,-7.789977,0
            110.378916,-7.789976,0
            110.378305,-7.790027,0
            110.378223,-7.790048,0
            110.378148,-7.790115,0
            110.378047,-7.790603,0
            110.377997,-7.790923,0
            110.377945,-7.791823,0
            110.377963,-7.792564,0
            110.377742,-7.796617,0
            110.377693,-7.797123,0
            110.377592,-7.797261,0
            110.37746,-7.79729,0
            110.376448,-7.797164,0
            110.372828,-7.796844,0
            110.372485,-7.796883,0
            110.369452,-7.796722,0
            110.369034,-7.796663,0
            110.368999,-7.796533,0
            110.369048,-7.795662,0
            110.369013,-7.795278,0
            110.368945,-7.794886,0
            110.368863,-7.794742,0
            110.368732,-7.794644,0
            110.368285,-7.794404,0
            110.368031,-7.794201,0
            110.367827,-7.793979,0
            110.367688,-7.79374,0
            110.367627,-7.793494,0
            110.367576,-7.792793,0
            110.367576,-7.79133,0
            110.367583,-7.790786,0
            110.36759,-7.790414,0
            110.36753,-7.790287,0
            110.367445,-7.790209,0
            110.366218,-7.790148,0
            110.366189,-7.790211,0
            110.365438,-7.796378,0
            110.364831,-7.801136,0
            110.364776,-7.801304,0
            110.364647,-7.801399,0
            110.364394,-7.80144,0
            110.362184,-7.801347,0
            110.36191,-7.801338,0
            110.356731,-7.801192,0
            110.3566,-7.801237,0
            110.356532,-7.801337,0
            110.356465,-7.803392,0
            110.356281,-7.803384,0
            110.35619,-7.803521,0
            110.356147,-7.804026,0
            110.356286,-7.804128,0
            110.356285,-7.80426,0
            110.356246,-7.804333,0
            110.356225,-7.804519,0
            110.356213,-7.804692,0
            110.356064,-7.808566,0
            110.355983,-7.808617,0
            110.355895,-7.808629,0
            110.353666,-7.808306,0
            110.350595,-7.807879,0
            110.350397,-7.807775,0
            110.350373,-7.807578,0
            110.351687,-7.801189,0
            110.351599,-7.801054,0
            110.342446,-7.80073,0
            110.34217,-7.800743,0
            110.337644,-7.800461,0
            110.329957,-7.79994,0
            110.329668,-7.799961,0
            110.329534,-7.800067,0
            110.328853,-7.800959,0
            110.328651,-7.801135,0
            110.328456,-7.801209,0
            110.328214,-7.801238,0
            110.327987,-7.801183,0
            110.326009,-7.800406,0
            110.325843,-7.800365,0
            110.325675,-7.80036,0
            110.315171,-7.802244,0
            110.315043,-7.802317,0
            110.314986,-7.802417,0
            110.314573,-7.80248,0
          </coordinates>
        </LineString>
      </Placemark>
      <Placemark>
        <name>11 _ Trans Jogja</name>
        <description><![CDATA[! -- AWAL /  START -- !<br><br>001 => Terminal Giwangan<br><br>002 =>  UAD Ring Road Selatan - A<br><br>003 => Wojo (Randubelang) - A<br><br>004 => Pasar Telo - A<br><br>005 => Jogokariyan - A<br><br>006 => Hotel Pramesthi<br><br>007 =>  Ruba Graha - A<br><br>008 => Suryodiningratan - A<br><br>009 => SMAN 7<br><br>010 => Tejokusuman<br><br>011 => Ngabean<br><br>012 => Pasar Serangan - A<br><br>013 => SMAN 1 - A<br><br>014 => SMPN 11<br><br>015 => Badran<br><br>016 => SMPN 14<br><br>017 => Pasar Kranggan Selatan<br><br>018 => Jend. Sudirman - B<br><br>019 => Dr. Yap<br><br>020 => SMPN 1 - A<br><br>021 => SMPN 1 - B<br><br>022 => Cik Di Tiro<br><br>023 => Bulog<br><br>024 => Kridosono<br><br>025 => Kotabaru<br><br>026 => Jend. Sudirman - A<br><br>027 => Diponegoro<br><br>028 => Samsat<br><br>029 => Saudagaran<br><br>030 => SMAN 1 - B<br><br>031 => Pasar Serangan - B<br><br>032 => Ngabean<br><br>033 => Tamansari<br><br>034 => Jokteng Kulon<br><br>035 => Suryodiningratan - B<br><br>036 => Ruba Graha - B<br><br>037 => Jogokariyan - B<br><br>038 => Pasar Telo - B<br><br>039 => Wojo (Randubelang) - B<br><br>040 => UAD Ring Road Selatan - B<br><br>041 => Terminal Giwangan<br><br>! -- AKHIR /  END -- !]]></description>
        <styleUrl>#line-C1D01B-3000</styleUrl>
        <LineString>
          <tessellate>1</tessellate>
          <coordinates>
            110.391833,-7.834083,0
            110.391941,-7.833954,0
            110.392961,-7.833911,0
            110.393114,-7.833987,0
            110.393187,-7.834101,0
            110.393568,-7.834214,0
            110.393669,-7.834393,0
            110.393672,-7.834685,0
            110.393472,-7.835871,0
            110.392886,-7.836271,0
            110.392663,-7.836313,0
            110.392066,-7.836249,0
            110.391614,-7.836575,0
            110.39054,-7.836455,0
            110.390108,-7.8363,0
            110.389665,-7.83602,0
            110.389402,-7.835759,0
            110.389167,-7.835377,0
            110.388924,-7.834797,0
            110.388735,-7.834491,0
            110.388498,-7.834268,0
            110.388186,-7.8341,0
            110.38788,-7.834032,0
            110.386293,-7.834064,0
            110.385715,-7.834154,0
            110.385143,-7.834321,0
            110.38283,-7.83518,0
            110.382398,-7.835298,0
            110.376979,-7.836393,0
            110.376321,-7.836481,0
            110.375747,-7.836475,0
            110.374365,-7.836413,0
            110.374251,-7.836233,0
            110.374229,-7.836071,0
            110.374226,-7.835096,0
            110.3742,-7.834585,0
            110.3733,-7.824112,0
            110.373237,-7.824058,0
            110.373147,-7.824053,0
            110.36847,-7.824485,0
            110.367819,-7.824534,0
            110.367741,-7.824507,0
            110.367656,-7.82442,0
            110.367835,-7.822102,0
            110.367818,-7.82208,0
            110.361816,-7.820845,0
            110.361741,-7.820776,0
            110.361733,-7.82069,0
            110.362723,-7.814736,0
            110.362702,-7.814432,0
            110.36274,-7.81409,0
            110.36271,-7.814061,0
            110.356415,-7.813192,0
            110.356094,-7.813176,0
            110.35594,-7.813086,0
            110.355849,-7.812893,0
            110.355829,-7.812607,0
            110.355996,-7.80857,0
            110.35599,-7.808554,0
            110.356146,-7.804671,0
            110.356157,-7.804497,0
            110.356185,-7.804312,0
            110.356257,-7.804139,0
            110.35625,-7.804098,0
            110.356311,-7.80392,0
            110.356325,-7.803717,0
            110.35633,-7.803381,0
            110.356278,-7.803378,0
            110.356185,-7.80352,0
            110.356144,-7.804019,0
            110.356246,-7.804095,0
            110.356306,-7.803917,0
            110.356318,-7.803715,0
            110.356324,-7.803457,0
            110.356367,-7.803395,0
            110.356433,-7.801321,0
            110.35639,-7.801229,0
            110.356306,-7.80119,0
            110.354788,-7.801129,0
            110.35194,-7.801093,0
            110.351804,-7.800997,0
            110.351779,-7.800881,0
            110.35271,-7.796557,0
            110.353454,-7.792626,0
            110.353784,-7.790854,0
            110.35383,-7.790416,0
            110.353911,-7.790223,0
            110.354041,-7.790137,0
            110.354983,-7.790264,0
            110.355316,-7.790237,0
            110.355955,-7.790028,0
            110.357358,-7.789363,0
            110.357433,-7.789298,0
            110.357469,-7.789183,0
            110.357465,-7.789169,0
            110.357491,-7.788475,0
            110.357561,-7.788254,0
            110.357767,-7.78812,0
            110.358746,-7.787858,0
            110.359021,-7.78767,0
            110.359739,-7.787021,0
            110.360645,-7.785341,0
            110.360687,-7.785141,0
            110.360782,-7.783031,0
            110.360888,-7.782784,0
            110.360996,-7.782728,0
            110.363411,-7.782775,0
            110.366886,-7.782839,0
            110.367009,-7.782794,0
            110.367171,-7.782798,0
            110.367314,-7.782849,0
            110.37254,-7.782929,0
            110.372564,-7.782913,0
            110.374509,-7.782931,0
            110.374535,-7.782936,0
            110.374681,-7.782886,0
            110.374848,-7.782868,0
            110.374931,-7.782803,0
            110.374929,-7.782781,0
            110.375446,-7.779671,0
            110.375964,-7.776357,0
            110.375882,-7.776087,0
            110.375896,-7.77603,0
            110.375896,-7.775939,0
            110.375975,-7.775808,0
            110.376173,-7.775809,0
            110.376273,-7.77592,0
            110.376274,-7.776078,0
            110.376285,-7.776164,0
            110.376171,-7.776245,0
            110.376089,-7.77642,0
            110.375029,-7.782853,0
            110.375006,-7.783242,0
            110.374399,-7.786741,0
            110.374421,-7.786816,0
            110.374839,-7.786966,0
            110.375389,-7.787337,0
            110.375371,-7.78738,0
            110.374927,-7.78827,0
            110.374815,-7.78843,0
            110.374626,-7.788548,0
            110.374424,-7.788593,0
            110.374131,-7.788596,0
            110.373615,-7.788456,0
            110.373381,-7.788346,0
            110.373274,-7.788233,0
            110.373223,-7.788068,0
            110.373198,-7.787867,0
            110.373167,-7.78742,0
            110.373196,-7.787133,0
            110.373161,-7.786984,0
            110.373064,-7.786944,0
            110.372782,-7.78702,0
            110.372498,-7.787018,0
            110.372347,-7.786949,0
            110.372249,-7.786817,0
            110.371304,-7.784419,0
            110.371301,-7.784089,0
            110.371437,-7.783131,0
            110.371425,-7.783043,0
            110.371322,-7.783019,0
            110.367369,-7.782946,0
            110.36685,-7.782958,0
            110.363413,-7.782915,0
            110.361044,-7.782841,0
            110.360927,-7.782888,0
            110.360863,-7.783034,0
            110.360763,-7.785146,0
            110.360726,-7.785384,0
            110.359807,-7.787045,0
            110.359738,-7.787262,0
            110.359709,-7.787552,0
            110.35962,-7.787673,0
            110.359464,-7.787696,0
            110.359296,-7.787702,0
            110.359136,-7.787752,0
            110.358767,-7.787949,0
            110.357822,-7.788209,0
            110.357647,-7.788313,0
            110.357575,-7.788497,0
            110.357539,-7.789186,0
            110.357476,-7.789329,0
            110.357382,-7.789412,0
            110.355972,-7.790077,0
            110.355317,-7.79029,0
            110.354974,-7.790317,0
            110.354062,-7.790195,0
            110.353956,-7.790262,0
            110.353899,-7.790404,0
            110.35386,-7.790876,0
            110.353541,-7.792639,0
            110.352776,-7.796573,0
            110.351851,-7.800888,0
            110.351865,-7.800956,0
            110.351947,-7.801004,0
            110.354796,-7.801023,0
            110.35606,-7.801078,0
            110.356327,-7.801125,0
            110.356454,-7.801191,0
            110.356537,-7.801353,0
            110.356469,-7.803381,0
            110.356275,-7.803373,0
            110.35618,-7.803519,0
            110.35614,-7.804012,0
            110.356289,-7.80412,0
            110.356289,-7.804262,0
            110.35625,-7.804335,0
            110.35623,-7.804521,0
            110.356218,-7.804687,0
            110.35607,-7.808571,0
            110.356059,-7.808578,0
            110.355925,-7.812622,0
            110.355948,-7.812883,0
            110.356011,-7.813028,0
            110.356111,-7.813086,0
            110.356419,-7.813107,0
            110.362727,-7.813985,0
            110.362829,-7.814078,0
            110.362789,-7.814439,0
            110.362761,-7.814743,0
            110.361769,-7.820695,0
            110.361777,-7.820771,0
            110.361821,-7.820814,0
            110.367823,-7.82205,0
            110.367901,-7.822139,0
            110.367724,-7.824431,0
            110.367758,-7.824473,0
            110.367819,-7.824498,0
            110.368458,-7.824461,0
            110.373152,-7.824009,0
            110.373247,-7.82402,0
            110.373336,-7.824099,0
            110.374222,-7.834581,0
            110.374251,-7.835102,0
            110.374271,-7.836076,0
            110.374286,-7.836217,0
            110.374346,-7.836299,0
            110.375742,-7.836374,0
            110.376314,-7.836366,0
            110.376957,-7.836288,0
            110.382389,-7.835187,0
            110.382787,-7.835087,0
            110.3851,-7.834217,0
            110.385672,-7.83405,0
            110.386284,-7.833967,0
            110.387873,-7.833927,0
            110.388222,-7.83401,0
            110.388537,-7.834184,0
            110.388807,-7.834427,0
            110.388997,-7.834753,0
            110.389253,-7.835321,0
            110.389481,-7.835703,0
            110.389711,-7.835936,0
            110.390149,-7.836217,0
            110.390551,-7.836347,0
            110.391143,-7.836389,0
            110.391316,-7.836381,0
            110.391448,-7.836326,0
            110.3915,-7.836209,0
            110.391475,-7.836052,0
            110.390891,-7.83472,0
            110.391053,-7.834527,0
            110.39169,-7.834584,0
            110.391757,-7.83456,0
            110.391802,-7.834497,0
            110.391834,-7.834083,0
          </coordinates>
        </LineString>
      </Placemark>
      <Placemark>
        <name>12 _ Trans Jogja</name>
        <description><![CDATA[! -- AWAL /  START -- !<br><br>001 => Terminal Condongcatur<br><br>002 => SPBU Concat - B<br><br>003 => Prayan - B<br><br>004 => Susteran Novisiat<br><br>005 => Makam Santrean<br><br>006 => Sanata Dharma<br><br>007 => Samirono<br><br>008 => RS Panti Rapih<br><br>009 => Vokasi UGM<br><br>010 => FKG UGM - B<br><br>011 => RS Sardjito - B<br><br>012 => MM UGM<br><br>013 => Hotel Vidi<br><br>014 => Hokben Jakal - B<br><br>015 => Superindo Jakal - A<br><br>016 => Pasar Kolombo - A<br><br>017 => Gardu PLN - A<br><br>018 => Simpang Palem Raya - A<br><br>019 => Kantorr Kap. Ngaglik<br><br>020 => Puskesmas Ngaglik - A<br><br>021 => SMPN 2 Ngaglik - A<br><br>022 => SPBU Kaliurang - A<br><br>023 => Wedangan Kampoeng - A<br><br>024 => Simpang Besi Jakal - A<br><br>025 => YAKKUM - A<br><br>026 => Boulevard UII<br><br>027 => UII (Barat Jalan)<br><br>028 => Simpang Degolan - A<br><br>029 => Raminten - A<br><br>030 => Dusun Kledokan - A<br><br>031 => RS Panti Nugroho<br><br>032 => Terminal Pakem<br><br>033 => SDN Percobaan 3 Pakem<br><br>034 => SMPN 4 Pakem<br><br>035 => Dusun Kledokan<br><br>036 => Raminten - B<br><br>037 => Simpang Degolan - B<br><br>038 => Boulevard UII<br><br>039 => UII (Timur Jalan)<br><br>040 => YAKKUM - B<br><br>041 => Simpang Besi Jakal - B<br><br>042 => Wedangan Kampoeng - B<br><br>043 => SPBU Kaliurang - B<br><br>044 =>  SMPN 2 Ngaglik - B<br><br>045 => Puskesmas Ngaglik - B<br><br>046 => TK BIAS<br><br>047 => Simpang Palem Raya - B<br><br>048 => Gardu PLN - B<br><br>049 => Pasar Kolombo - B<br><br>050 => Superindo Jakal - B<br><br>051 => Hokben Jakal - A<br><br>052 => McD Jakal<br><br>053 => Biologi UGM<br><br>054 => RS Sardjito - A<br><br>055 => FKG UGM - A<br><br>056 => Kopma UGM<br><br>057 => Kosudgama<br><br>058 => UNY Colombo<br><br>059 => Plaza UNY<br><br>060 => Ombudsman<br><br>061 => Santren<br><br>062=> Prayan - A<br><br>063 => SPBU Concat - A<br><br>064 => Terminal Coindongcatur<br><br>! -- AKHIR /  END -- !]]></description>
        <styleUrl>#line-A14D02-3000</styleUrl>
        <LineString>
          <tessellate>1</tessellate>
          <coordinates>
            110.395912,-7.756514,0
            110.396019,-7.756397,0
            110.396177,-7.756492,0
            110.395878,-7.758063,0
            110.395859,-7.758115,0
            110.395839,-7.758228,0
            110.395758,-7.75838,0
            110.395733,-7.758526,0
            110.39538,-7.759366,0
            110.394353,-7.761178,0
            110.394245,-7.761444,0
            110.393799,-7.76326,0
            110.393621,-7.763626,0
            110.39268,-7.765028,0
            110.392349,-7.765641,0
            110.391331,-7.768241,0
            110.390135,-7.770796,0
            110.38999,-7.771253,0
            110.389839,-7.771947,0
            110.388743,-7.777755,0
            110.388656,-7.777843,0
            110.388507,-7.777838,0
            110.387624,-7.777652,0
            110.387457,-7.777644,0
            110.386271,-7.777938,0
            110.386073,-7.77792,0
            110.38364,-7.777105,0
            110.383288,-7.777015,0
            110.382443,-7.776928,0
            110.381572,-7.776769,0
            110.380356,-7.776625,0
            110.379784,-7.776537,0
            110.379528,-7.776382,0
            110.379317,-7.776302,0
            110.376308,-7.776166,0
            110.376181,-7.776254,0
            110.375832,-7.776211,0
            110.374609,-7.776173,0
            110.374392,-7.776096,0
            110.374406,-7.775873,0
            110.376076,-7.771853,0
            110.376061,-7.771761,0
            110.376011,-7.771704,0
            110.373365,-7.770908,0
            110.373214,-7.770778,0
            110.373205,-7.770549,0
            110.374506,-7.766964,0
            110.375081,-7.766221,0
            110.375171,-7.765594,0
            110.375336,-7.765107,0
            110.375538,-7.764914,0
            110.375707,-7.764818,0
            110.375843,-7.764713,0
            110.375917,-7.764598,0
            110.37606,-7.764577,0
            110.378293,-7.765599,0
            110.378512,-7.765596,0
            110.378661,-7.76551,0
            110.382172,-7.757007,0
            110.382602,-7.756046,0
            110.383137,-7.755026,0
            110.383456,-7.754616,0
            110.390118,-7.743212,0
            110.395266,-7.734523,0
            110.396746,-7.731888,0
            110.397582,-7.730522,0
            110.398755,-7.728434,0
            110.404938,-7.717804,0
            110.405429,-7.71689,0
            110.413491,-7.702865,0
            110.413838,-7.702369,0
            110.414234,-7.702014,0
            110.414462,-7.701741,0
            110.415262,-7.700429,0
            110.417247,-7.697036,0
            110.418509,-7.694632,0
            110.418561,-7.694375,0
            110.41876,-7.687613,0
            110.41685,-7.687573,0
            110.416746,-7.687602,0
            110.416702,-7.687537,0
            110.416756,-7.687473,0
            110.416851,-7.687516,0
            110.41876,-7.687547,0
            110.41878,-7.686954,0
            110.41911,-7.684257,0
            110.419455,-7.683054,0
            110.419496,-7.682756,0
            110.419437,-7.682437,0
            110.418447,-7.680313,0
            110.417477,-7.678395,0
            110.417434,-7.67822,0
            110.417205,-7.675426,0
            110.417231,-7.674781,0
            110.417496,-7.670591,0
            110.417705,-7.667594,0
            110.417858,-7.667403,0
            110.418093,-7.667284,0
            110.418528,-7.667313,0
            110.418739,-7.667241,0
            110.418909,-7.667084,0
            110.419022,-7.666395,0
            110.419095,-7.666327,0
            110.419201,-7.666326,0
            110.419791,-7.666581,0
            110.419781,-7.666744,0
            110.419863,-7.666843,0
            110.420477,-7.666903,0
            110.42062,-7.667051,0
            110.420585,-7.667612,0
            110.418927,-7.667382,0
            110.418109,-7.667333,0
            110.417886,-7.667453,0
            110.417764,-7.667625,0
            110.417539,-7.670595,0
            110.417284,-7.674793,0
            110.41726,-7.675426,0
            110.417489,-7.678207,0
            110.41753,-7.678369,0
            110.418486,-7.680282,0
            110.419488,-7.682418,0
            110.419548,-7.682751,0
            110.419519,-7.683073,0
            110.419161,-7.684274,0
            110.418839,-7.686957,0
            110.418822,-7.687624,0
            110.41685,-7.687583,0
            110.416741,-7.687614,0
            110.416688,-7.687533,0
            110.416753,-7.687462,0
            110.416852,-7.687507,0
            110.418829,-7.687539,0
            110.418831,-7.687629,0
            110.418832,-7.687625,0
            110.418821,-7.687635,0
            110.418617,-7.694383,0
            110.418566,-7.69466,0
            110.417303,-7.697074,0
            110.415351,-7.700384,0
            110.414485,-7.70176,0
            110.414263,-7.702033,0
            110.413862,-7.70239,0
            110.413521,-7.702888,0
            110.405465,-7.716908,0
            110.404965,-7.717823,0
            110.398792,-7.728454,0
            110.397611,-7.730547,0
            110.396791,-7.731916,0
            110.395302,-7.734531,0
            110.390147,-7.74323,0
            110.383487,-7.754633,0
            110.383226,-7.755213,0
            110.382686,-7.756128,0
            110.382259,-7.757046,0
            110.378655,-7.765823,0
            110.378571,-7.765897,0
            110.378446,-7.76591,0
            110.376192,-7.76502,0
            110.375978,-7.764962,0
            110.375924,-7.764924,0
            110.375879,-7.764913,0
            110.375596,-7.765013,0
            110.375441,-7.765165,0
            110.375271,-7.765632,0
            110.375135,-7.766269,0
            110.374584,-7.767022,0
            110.373268,-7.77057,0
            110.373283,-7.770725,0
            110.373397,-7.770827,0
            110.376043,-7.77162,0
            110.376135,-7.771723,0
            110.376145,-7.771882,0
            110.374484,-7.775902,0
            110.374469,-7.775936,0
            110.374461,-7.776027,0
            110.374631,-7.776087,0
            110.375722,-7.776114,0
            110.375885,-7.776037,0
            110.375884,-7.775932,0
            110.375966,-7.775794,0
            110.376176,-7.775793,0
            110.376285,-7.775914,0
            110.376284,-7.77607,0
            110.379323,-7.776202,0
            110.379588,-7.776259,0
            110.379836,-7.776387,0
            110.380549,-7.776541,0
            110.381589,-7.776667,0
            110.382459,-7.776843,0
            110.383304,-7.776929,0
            110.383663,-7.777017,0
            110.38609,-7.777848,0
            110.386265,-7.777866,0
            110.387433,-7.777567,0
            110.38762,-7.777562,0
            110.388552,-7.777773,0
            110.38862,-7.777764,0
            110.388656,-7.77772,0
            110.389745,-7.771921,0
            110.389907,-7.771231,0
            110.390051,-7.770763,0
            110.391261,-7.768205,0
            110.392279,-7.765597,0
            110.392608,-7.764979,0
            110.393551,-7.763569,0
            110.393709,-7.763227,0
            110.394158,-7.761395,0
            110.394266,-7.761132,0
            110.395304,-7.759326,0
            110.395611,-7.758642,0
            110.395714,-7.758251,0
            110.395717,-7.758094,0
            110.395886,-7.757238,0
            110.395886,-7.757081,0
            110.395829,-7.756898,0
            110.395912,-7.756514,0
          </coordinates>
        </LineString>
      </Placemark>
      <Placemark>
        <name>13 _ Trans Jogja</name>
        <description><![CDATA[! -- AWAL /  START -- !<br><br>001 => Stadion TGP<br><br>002 => SMK Negeri 2 Godean<br><br>003 => Pasar Induk Godean - A<br><br>004 => Pasar Belut Godean - A<br><br>005 => Kantor Kap. Godean - A<br><br>006 => Simpang Mandungan (Iwak Klaten) - A<br><br>007 => Koramil Godean - A<br><br>008 => Polsek Godean - A<br><br>009 => Neutron Godean - A<br><br>010 => Indomaret Klajuran - A<br><br>011 => Simpang Gesikan - A<br><br>012 => Simpang Munggur - A<br><br>013 => Simpang Bantulan - A<br><br>014 => Kantor Kal. Sidoarum - A<br><br>015 => Toko Saerah - A<br><br>016 => Metro Nogotirto - A<br><br>017 => Kantor Pos Demak Ijo - A<br><br>018 => SDN 1 Demak Ijo - A<br><br>019 => Pasar Tlogorejo - A<br><br>020 => McD<br><br>021 => Mirota Godean - A<br><br>022 => BKD - A<br><br>023 => Pasar Pingit - A<br><br>024 => Pasar Kranggan Selatan<br><br>025 => Jend. Sudirman - B<br><br>026 => Bulog<br><br>027 => Kridosono<br><br>028 => Eks Menara Kopi - B<br><br>029 => Malioboro 1<br><br>030 => Malioboro 2<br><br>031 => Malioboro 3<br><br>032 => KHA Dahlan -  A<br><br>033 => Ngabean<br><br>034 => Pasar Serangan - A<br><br>035 => SMAN 1 - A<br><br>036 => SMPN 11<br><br>037 => Mirota Godean - B<br><br>038 => Dentes Godean<br><br>039 => Pasar Tlogorejo - B<br><br>040 => SDN 1 Demak Ijo - B<br><br>041 => Kantor Pos Demak Ijo - B<br><br>042 => Metro Nogotirto - B<br><br>043 => Kompi Senapan-C<br><br>044 => Toko Saerah - B<br><br>045 => Kantor Kal. Sidoarum - B<br><br>046 => Simpang Bantulan - B<br><br>047 => Simpang Mungggur - B<br><br>048 => Simpang Gesikan - B<br><br>049 => Indomaret Klajuran - B<br><br>050 => Neutron Godean - B<br><br>051 => Polsek Godean - B<br><br>052 => Koramil Godean - B<br><br>053 => Simpang Mandungan (Iwak Kalen) - B<br><br>054 => Kantor Kap. Godean - B<br><br>055 => Pasar Belut Godean - B<br><br>056 => Pasar Induk Godean - B<br><br>057 => SMPN 1 Godean<br><br>058 => Stadion TGP<br> <br>! -- AKHIR /  END -- !]]></description>
        <styleUrl>#line-BD9E3E-3000</styleUrl>
        <LineString>
          <tessellate>1</tessellate>
          <coordinates>
            110.356239,-7.803538,0
            110.356189,-7.80402,0
            110.356221,-7.804125,0
            110.356298,-7.804129,0
            110.356367,-7.803933,0
            110.356383,-7.803726,0
            110.356458,-7.801323,0
            110.356414,-7.801226,0
            110.356307,-7.801177,0
            110.354798,-7.801105,0
            110.35194,-7.801073,0
            110.351819,-7.800986,0
            110.351798,-7.800879,0
            110.352723,-7.796586,0
            110.353482,-7.792643,0
            110.353805,-7.790859,0
            110.353851,-7.790388,0
            110.353875,-7.790039,0
            110.353977,-7.788467,0
            110.353959,-7.78817,0
            110.3539,-7.787943,0
            110.353787,-7.787743,0
            110.353607,-7.787559,0
            110.353413,-7.787396,0
            110.353026,-7.787137,0
            110.352769,-7.78694,0
            110.352641,-7.786792,0
            110.352593,-7.786607,0
            110.352566,-7.786404,0
            110.352637,-7.784754,0
            110.352688,-7.781931,0
            110.352658,-7.7818,0
            110.352495,-7.781683,0
            110.351206,-7.781433,0
            110.350135,-7.781207,0
            110.347544,-7.780631,0
            110.3436,-7.779751,0
            110.33409,-7.777666,0
            110.331657,-7.777177,0
            110.331049,-7.777064,0
            110.329834,-7.777038,0
            110.32944,-7.777061,0
            110.329091,-7.776946,0
            110.328493,-7.776654,0
            110.327878,-7.776268,0
            110.327628,-7.776176,0
            110.326448,-7.77591,0
            110.321912,-7.774757,0
            110.318188,-7.773958,0
            110.316612,-7.773675,0
            110.315481,-7.773378,0
            110.313425,-7.772799,0
            110.311431,-7.772231,0
            110.308864,-7.771574,0
            110.303316,-7.770184,0
            110.300699,-7.769529,0
            110.295759,-7.768262,0
            110.292996,-7.76735,0
            110.29,-7.766344,0
            110.289957,-7.766241,0
            110.290304,-7.765462,0
            110.290526,-7.764669,0
            110.290686,-7.763145,0
            110.291483,-7.761175,0
            110.292408,-7.758232,0
            110.292902,-7.756849,0
            110.292967,-7.756874,0
            110.292649,-7.757855,0
            110.29257,-7.757839,0
            110.292438,-7.75824,0
            110.291497,-7.761181,0
            110.2907,-7.763149,0
            110.290541,-7.764671,0
            110.290332,-7.765466,0
            110.29,-7.766232,0
            110.290032,-7.766317,0
            110.293012,-7.767322,0
            110.295766,-7.768224,0
            110.30071,-7.769485,0
            110.303337,-7.770125,0
            110.30888,-7.771522,0
            110.311456,-7.772168,0
            110.313437,-7.772744,0
            110.315495,-7.773328,0
            110.316626,-7.773614,0
            110.318197,-7.773906,0
            110.321927,-7.774707,0
            110.326465,-7.775863,0
            110.327634,-7.776122,0
            110.327897,-7.776217,0
            110.328513,-7.776614,0
            110.329113,-7.776897,0
            110.329447,-7.77701,0
            110.329838,-7.776991,0
            110.331052,-7.777015,0
            110.331669,-7.777136,0
            110.334093,-7.777643,0
            110.34361,-7.779722,0
            110.347552,-7.7806,0
            110.350142,-7.781174,0
            110.351214,-7.781396,0
            110.352512,-7.78164,0
            110.355276,-7.782222,0
            110.35588,-7.782396,0
            110.357346,-7.782725,0
            110.357788,-7.782788,0
            110.360881,-7.782837,0
            110.361007,-7.782769,0
            110.363441,-7.782825,0
            110.36686,-7.782875,0
            110.367023,-7.782819,0
            110.367163,-7.782822,0
            110.367311,-7.782873,0
            110.370933,-7.782921,0
            110.372548,-7.782951,0
            110.374509,-7.782968,0
            110.374725,-7.782953,0
            110.374895,-7.782948,0
            110.374984,-7.783006,0
            110.375026,-7.783106,0
            110.375015,-7.783246,0
            110.374406,-7.786742,0
            110.374418,-7.786782,0
            110.374488,-7.786794,0
            110.374855,-7.786932,0
            110.375413,-7.78731,0
            110.374939,-7.788264,0
            110.374898,-7.788326,0
            110.374892,-7.788355,0
            110.374832,-7.788439,0
            110.374636,-7.788561,0
            110.37443,-7.788607,0
            110.374134,-7.78861,0
            110.373607,-7.788471,0
            110.373373,-7.78836,0
            110.373261,-7.788239,0
            110.373189,-7.78797,0
            110.373171,-7.787949,0
            110.373072,-7.787892,0
            110.372776,-7.787901,0
            110.372382,-7.78797,0
            110.371926,-7.788129,0
            110.371479,-7.788371,0
            110.369898,-7.789481,0
            110.369748,-7.789535,0
            110.369331,-7.789589,0
            110.369206,-7.78963,0
            110.369116,-7.78971,0
            110.369047,-7.789902,0
            110.368952,-7.790399,0
            110.368895,-7.790486,0
            110.368809,-7.790533,0
            110.368567,-7.790568,0
            110.36838,-7.790572,0
            110.368187,-7.790493,0
            110.367963,-7.790277,0
            110.367627,-7.790143,0
            110.367498,-7.790186,0
            110.366205,-7.790121,0
            110.366164,-7.790198,0
            110.365396,-7.796382,0
            110.364802,-7.801128,0
            110.364751,-7.801281,0
            110.364627,-7.801374,0
            110.364386,-7.801415,0
            110.362181,-7.801327,0
            110.361904,-7.801322,0
            110.356722,-7.801174,0
            110.356585,-7.80122,0
            110.356512,-7.801333,0
            110.356443,-7.803443,0
            110.356304,-7.803433,0
            110.356239,-7.803538,0
          </coordinates>
        </LineString>
      </Placemark>
      <Placemark>
        <name>14 _ Trans Jogja</name>
        <description><![CDATA[! -- AWAL /  START -- !<br><br>001 => Bandarra Adisutjjipto<br><br>002 => KKP Yogyakarrta<br><br>003 => Disnakertas - A<br><br>004 => SMKN 1 Depok - Jl. Raya Tajem - A<br><br>005 => SDN 1 Depok - A<br><br>006 => KUA Depok - A<br><br>007 => MAN 2 Sleman - A<br><br>008 => UNRIYO - A<br><br>009 => Budi Mulia Dua - A<br><br>010 => Indomaret Pokoh Sambiroto - A<br><br>011 => Kantor Kal. Wedomartani - A<br><br>012 => Simpang Babadan - A<br><br>013 => Simpang Selomartani - A<br><br>014 => Simpang Kabunan - A<br><br>015 => Jl. Raya Kabunan - A<br><br>016 => RS Kemasan - A<br><br>017 => Simpang Kenti - A<br><br>018 => Pasar Jangkang - A<br><br>019 => Puskesmas Ngemplak - A<br><br>020 => Tugu Batas Desa Yapah - A<br><br>021 => Timur Jembatan Yapah - A<br><br>022 => SMAN 2 Ngaglik - A<br><br>023 => Simpang Losari - A<br><br>024 => SPBU Mindi - A<br><br>025 => Lap. Klidon - A<br><br>026 => Kantor Kal. Sukoharjo - A<br><br>027 => SDN Selomulyo - A<br><br>028 => RSU Gramedika - A<br><br>029 => Simpang Besi Jakal - A<br><br>030 => YAKKUM - A<br><br>031 => Boulevard UII<br><br>032 => UII (Barat Jalan)<br><br>033 => Simpang Degolan - A<br><br>034 => Raminten - A<br><br>035 => Dusun Kledokan - A<br><br>036 => RS Panti Nugroho<br><br>037 => Terminal Pakem<br><br>038 => SDN Percobaan 3 Pakem<br><br>039 => SMPN 4 Pakem<br><br>040 => Dusun Kledokan - B<br><br>041 => Raminten - B<br><br>042 => Simpang Degolan - B<br><br>043 => Boulevard UII<br><br>044 => UII (Timur Jalan)<br><br>045 => YAKKUM - B<br><br>046 => Simpang Besi Jakal - B<br><br>047 => RSU Gramedika - B<br><br>048 => SDN Selomulyo - B<br><br>049 => Kantor Kal. Sukoharjo - B<br><br>050 => Lap. Klidon - B<br><br>051 => SPBU Mindi - B<br><br>052 => Simpang Losarri - B<br><br>053 => SMAN 2 Ngaglik - B<br><br>054 => Timur Jembatan Yapah - B<br><br>055 => Tugu Batas Desa Yapah - B<br><br>056 => Puskesmas Ngemplak - B<br><br>057 => Pasar Jangkang - B<br><br>058 => Simpang Kenti - B<br><br>059 => RS Kemasan - B<br><br>060 => Jl. Raya Kabunan - B<br><br>061 => Simpang Kabunan - B<br><br>062 => Simpang Selomartani - B<br><br>063 => Simpang Babadan - B<br><br>064 => Kantor Kal. Wedomartani - B<br><br>065 => Indomaret Pokoh Sambiroto - B<br><br>066 => Budi Mulia Dua - B<br><br>067 => UNRIYO - B<br><br>068 => MAN 2 Sleman - B<br><br>069 => KUA Depok - B<br><br>070 => SDN 1 Depok - B<br><br>071 => SMKN 1 Depok - Jl. Raya Yajem - B<br><br>072 => Disnakertas - B<br><br>073 => Selokan Mataram Maguwo<br><br>074 => Binamarga<br><br>075 => Maguwo Sambilegi<br><br>076 => Bandara Adisutjipto<br><br>! -- AKHIR /  END -- !]]></description>
        <styleUrl>#line-467800-3000</styleUrl>
        <LineString>
          <tessellate>1</tessellate>
          <coordinates>
            110.435756,-7.784473,0
            110.435582,-7.784472,0
            110.435462,-7.784533,0
            110.435375,-7.784539,0
            110.435354,-7.784444,0
            110.435403,-7.784362,0
            110.435656,-7.784243,0
            110.436428,-7.784297,0
            110.436587,-7.784171,0
            110.436632,-7.783815,0
            110.436466,-7.78367,0
            110.436039,-7.783663,0
            110.435855,-7.783534,0
            110.429967,-7.783508,0
            110.42994,-7.783496,0
            110.429808,-7.783348,0
            110.429792,-7.783122,0
            110.430996,-7.770642,0
            110.431369,-7.768045,0
            110.43138,-7.767651,0
            110.43131,-7.767242,0
            110.431163,-7.766856,0
            110.430947,-7.766509,0
            110.430658,-7.766188,0
            110.430292,-7.765941,0
            110.429788,-7.765741,0
            110.424736,-7.764704,0
            110.424752,-7.764621,0
            110.429291,-7.765563,0
            110.429413,-7.765529,0
            110.429843,-7.765623,0
            110.430358,-7.765819,0
            110.430769,-7.766108,0
            110.430978,-7.766244,0
            110.431094,-7.766297,0
            110.43126,-7.766324,0
            110.431306,-7.766016,0
            110.431425,-7.765427,0
            110.432703,-7.761521,0
            110.433073,-7.760229,0
            110.434237,-7.752672,0
            110.434414,-7.751217,0
            110.434561,-7.750303,0
            110.434582,-7.749993,0
            110.434098,-7.745705,0
            110.434067,-7.744893,0
            110.434395,-7.739767,0
            110.434637,-7.735062,0
            110.434991,-7.728408,0
            110.435042,-7.726893,0
            110.435129,-7.725205,0
            110.435024,-7.724452,0
            110.435045,-7.724207,0
            110.435452,-7.723183,0
            110.435626,-7.722845,0
            110.435717,-7.722762,0
            110.438259,-7.722301,0
            110.438337,-7.722176,0
            110.438171,-7.71892,0
            110.438179,-7.718804,0
            110.438247,-7.718725,0
            110.440825,-7.717585,0
            110.440917,-7.717495,0
            110.441351,-7.716058,0
            110.441525,-7.715851,0
            110.441574,-7.7157,0
            110.441552,-7.715326,0
            110.441635,-7.714996,0
            110.441871,-7.714582,0
            110.442207,-7.714004,0
            110.442482,-7.713326,0
            110.442616,-7.713211,0
            110.442769,-7.713195,0
            110.4478,-7.713696,0
            110.4479,-7.713654,0
            110.447955,-7.713574,0
            110.448285,-7.71248,0
            110.448435,-7.712251,0
            110.448614,-7.712052,0
            110.448683,-7.711814,0
            110.449114,-7.709522,0
            110.449113,-7.709355,0
            110.448626,-7.706507,0
            110.448149,-7.703855,0
            110.447768,-7.702097,0
            110.447722,-7.702037,0
            110.447675,-7.702029,0
            110.447085,-7.702171,0
            110.447025,-7.702211,0
            110.44692,-7.702313,0
            110.446816,-7.702383,0
            110.446208,-7.702596,0
            110.446044,-7.702636,0
            110.44525,-7.702719,0
            110.445077,-7.702764,0
            110.442866,-7.703684,0
            110.440659,-7.704714,0
            110.440475,-7.704777,0
            110.439642,-7.705014,0
            110.439411,-7.705057,0
            110.439144,-7.705048,0
            110.438536,-7.704898,0
            110.438271,-7.704869,0
            110.43337,-7.704851,0
            110.431353,-7.704856,0
            110.429674,-7.704887,0
            110.428897,-7.704811,0
            110.426375,-7.704175,0
            110.424317,-7.703631,0
            110.422473,-7.703163,0
            110.422136,-7.702989,0
            110.419962,-7.702075,0
            110.418933,-7.701855,0
            110.415242,-7.700484,0
            110.417254,-7.697047,0
            110.418518,-7.694635,0
            110.418569,-7.694374,0
            110.41877,-7.687647,0
            110.416854,-7.687604,0
            110.416738,-7.687642,0
            110.416666,-7.687529,0
            110.416746,-7.687435,0
            110.416856,-7.687484,0
            110.418749,-7.68752,0
            110.418769,-7.686958,0
            110.419119,-7.684259,0
            110.419466,-7.683058,0
            110.419507,-7.682754,0
            110.41945,-7.682435,0
            110.418454,-7.680311,0
            110.417485,-7.67839,0
            110.417443,-7.678214,0
            110.417215,-7.675423,0
            110.417233,-7.674779,0
            110.417504,-7.670589,0
            110.417713,-7.667596,0
            110.417865,-7.667407,0
            110.418094,-7.667292,0
            110.418529,-7.667319,0
            110.418745,-7.667247,0
            110.418915,-7.66709,0
            110.419029,-7.666401,0
            110.419097,-7.666335,0
            110.419199,-7.666335,0
            110.419782,-7.666588,0
            110.419772,-7.666745,0
            110.419858,-7.666852,0
            110.420472,-7.666911,0
            110.420612,-7.667055,0
            110.420576,-7.667603,0
            110.418926,-7.667375,0
            110.418108,-7.667326,0
            110.417882,-7.667446,0
            110.417755,-7.66762,0
            110.417532,-7.67059,0
            110.417268,-7.674785,0
            110.417249,-7.675426,0
            110.41748,-7.678209,0
            110.417522,-7.678375,0
            110.41848,-7.680293,0
            110.41948,-7.682424,0
            110.419538,-7.682752,0
            110.419508,-7.68307,0
            110.419152,-7.68427,0
            110.418828,-7.686957,0
            110.418811,-7.687638,0
            110.416852,-7.687593,0
            110.416738,-7.687627,0
            110.416677,-7.687532,0
            110.41675,-7.687448,0
            110.416853,-7.687496,0
            110.418844,-7.687531,0
            110.418843,-7.687629,0
            110.418829,-7.68764,0
            110.41861,-7.694379,0
            110.418559,-7.694654,0
            110.417294,-7.697071,0
            110.415297,-7.700449,0
            110.418943,-7.701826,0
            110.419976,-7.702039,0
            110.422156,-7.702949,0
            110.42249,-7.703126,0
            110.424331,-7.70359,0
            110.426385,-7.704132,0
            110.428906,-7.704774,0
            110.429679,-7.704844,0
            110.431356,-7.704811,0
            110.433375,-7.704805,0
            110.438278,-7.704833,0
            110.438544,-7.704866,0
            110.439149,-7.70501,0
            110.439405,-7.705019,0
            110.439636,-7.70498,0
            110.44047,-7.704739,0
            110.440648,-7.704676,0
            110.442851,-7.70365,0
            110.445067,-7.702732,0
            110.445247,-7.702682,0
            110.446041,-7.702601,0
            110.446204,-7.702562,0
            110.446801,-7.702347,0
            110.446903,-7.702269,0
            110.447002,-7.702175,0
            110.447068,-7.70213,0
            110.447671,-7.701985,0
            110.447741,-7.702006,0
            110.447795,-7.702085,0
            110.448177,-7.703848,0
            110.448655,-7.706501,0
            110.449149,-7.709352,0
            110.44914,-7.709528,0
            110.44871,-7.711823,0
            110.448637,-7.71207,0
            110.448454,-7.71227,0
            110.44831,-7.712498,0
            110.447983,-7.713593,0
            110.447916,-7.713682,0
            110.447793,-7.713734,0
            110.442769,-7.713224,0
            110.442625,-7.713246,0
            110.442505,-7.713342,0
            110.442236,-7.714024,0
            110.441892,-7.7146,0
            110.44166,-7.715013,0
            110.441583,-7.715335,0
            110.441606,-7.715712,0
            110.44155,-7.715875,0
            110.441372,-7.716079,0
            110.440942,-7.717518,0
            110.44084,-7.71762,0
            110.438268,-7.718752,0
            110.43821,-7.718822,0
            110.438201,-7.718924,0
            110.43837,-7.722189,0
            110.438271,-7.722342,0
            110.435743,-7.722795,0
            110.435652,-7.722878,0
            110.435475,-7.72319,0
            110.435073,-7.724216,0
            110.435052,-7.724456,0
            110.435162,-7.725204,0
            110.435083,-7.726898,0
            110.435025,-7.728408,0
            110.434669,-7.73507,0
            110.434431,-7.739784,0
            110.434145,-7.744896,0
            110.434151,-7.745717,0
            110.434621,-7.749997,0
            110.434601,-7.750319,0
            110.434479,-7.751236,0
            110.434296,-7.752691,0
            110.433142,-7.76025,0
            110.432757,-7.761546,0
            110.431493,-7.76545,0
            110.431367,-7.766026,0
            110.431322,-7.766333,0
            110.431296,-7.76683,0
            110.431446,-7.767252,0
            110.43149,-7.767657,0
            110.431463,-7.768077,0
            110.431061,-7.770655,0
            110.429868,-7.783126,0
            110.429897,-7.783287,0
            110.429989,-7.783397,0
            110.430129,-7.783462,0
            110.437793,-7.78347,0
            110.438022,-7.783626,0
            110.437904,-7.784689,0
            110.437424,-7.784651,0
            110.437135,-7.784593,0
            110.435756,-7.784473,0
          </coordinates>
        </LineString>
      </Placemark>
      <Placemark>
        <name>15 _ Trans Jogja</name>
        <description><![CDATA[! -- AWAL /  START -- !<br><br>001 => Terminal Palbapang<br><br>002 => SMAN 1 Bantul - A<br><br>003 => SD Unggulan Aisyiyah - A<br><br>004 => Simpang Gose - A<br><br>005 => Tugu Adipura<br><br>006 => Pasar Bantul - A<br><br>007 => BRI Bantul<br><br>008 => SMPN 2 Bantul - A<br><br>009 => Kantor Kal. Pendowoharjo - A<br><br>010 => Kantor Kesbangpol - A<br><br>011 => Simpang Kasongan - A<br><br>012 => Pasar Niten - A<br><br>013 => Dongkelan - A<br><br>014 => Pasty - A<br><br>015 => Dukuh - A<br><br>016 => Gereja Pugeran - A<br><br>017 => Tejokusuman<br><br>018 => Ngabean<br><br>019 => KHA Dahlan - B<br><br>020 => Taman Pintar<br><br>021 => Suryotomo<br><br>022 => Progo<br><br>023 => Jl. Mataram<br><br>024 => Teras 2<br><br>025 => Malioboro 1<br><br>026 => Malioboro 2<br><br>027 => Malioboro 3<br><br>028 => KHA Dahlan - A<br><br>029 => Ngabean<br><br>030 => Tamansari<br><br>031 => Gereja Pugeran - B<br><br>032 => Dukuh - B<br><br>033 => Pasty - B<br><br>034 => Dongkelan - B<br><br>035 => Pasar Niten - B<br><br>036 => Simpang Kasongan - B<br><br>037 => Kantor Kesbangpol - B<br><br>038 => Kantor Kal. Pendowoharjo - B<br><br>039 => SMPN 2 Bantul - B<br><br>040 => Kantor Kap. Bantul<br><br>041 => Pasar Bantul - B<br><br>042 => Eks Stasiun Bantul<br><br>043 => Polres Bantul<br><br>044 => Simpang Gose - B<br><br>045 => SD Unggulan Aisyiyah - B<br><br>046 => SMAN 1 Bantul - B<br><br>047 => Terminal Palbapang<br><br>! -- AKHIR /  END -- !]]></description>
        <styleUrl>#line-9C1B14-3000</styleUrl>
        <LineString>
          <tessellate>1</tessellate>
          <coordinates>
            110.367598,-7.790408,0
            110.367535,-7.79028,0
            110.367427,-7.790174,0
            110.366201,-7.790111,0
            110.366158,-7.790192,0
            110.36538,-7.796368,0
            110.364793,-7.801127,0
            110.364744,-7.801276,0
            110.364625,-7.801365,0
            110.364454,-7.801395,0
            110.362182,-7.801308,0
            110.362163,-7.801313,0
            110.361901,-7.80131,0
            110.35672,-7.801161,0
            110.356574,-7.80121,0
            110.356501,-7.801326,0
            110.35643,-7.803457,0
            110.356314,-7.803452,0
            110.356254,-7.803545,0
            110.356203,-7.804021,0
            110.356241,-7.804156,0
            110.35627,-7.804176,0
            110.356266,-7.804256,0
            110.356232,-7.804324,0
            110.356205,-7.804512,0
            110.356194,-7.804688,0
            110.356039,-7.808639,0
            110.355896,-7.812615,0
            110.355919,-7.81289,0
            110.355982,-7.813038,0
            110.356054,-7.813327,0
            110.355888,-7.817743,0
            110.354208,-7.827484,0
            110.353847,-7.830324,0
            110.353273,-7.834382,0
            110.352459,-7.835912,0
            110.35101,-7.838398,0
            110.350857,-7.838586,0
            110.350601,-7.838802,0
            110.348552,-7.840337,0
            110.347105,-7.841516,0
            110.346921,-7.841724,0
            110.344359,-7.846845,0
            110.343183,-7.849215,0
            110.343007,-7.849661,0
            110.340342,-7.86126,0
            110.337493,-7.869476,0
            110.336996,-7.870987,0
            110.334667,-7.878276,0
            110.334502,-7.878614,0
            110.333183,-7.880208,0
            110.332985,-7.880674,0
            110.330913,-7.88583,0
            110.330744,-7.886135,0
            110.329245,-7.887459,0
            110.326366,-7.88993,0
            110.326214,-7.890144,0
            110.321901,-7.900113,0
            110.321833,-7.900409,0
            110.321798,-7.900925,0
            110.321686,-7.903651,0
            110.321608,-7.904016,0
            110.321087,-7.905113,0
            110.320957,-7.905245,0
            110.318277,-7.905558,0
            110.318253,-7.905343,0
            110.318846,-7.905273,0
            110.318894,-7.905346,0
            110.318899,-7.905429,0
            110.320941,-7.905178,0
            110.321039,-7.905087,0
            110.321559,-7.903992,0
            110.321629,-7.903638,0
            110.321763,-7.900925,0
            110.321803,-7.900401,0
            110.321871,-7.900093,0
            110.32613,-7.890073,0
            110.326293,-7.889851,0
            110.329194,-7.88738,0
            110.330662,-7.886052,0
            110.330836,-7.885779,0
            110.332855,-7.880622,0
            110.333087,-7.880136,0
            110.334415,-7.878554,0
            110.334558,-7.878233,0
            110.33692,-7.870959,0
            110.337417,-7.869443,0
            110.340267,-7.861239,0
            110.34295,-7.84964,0
            110.343136,-7.849189,0
            110.344304,-7.846798,0
            110.346861,-7.841684,0
            110.347063,-7.841457,0
            110.348535,-7.840271,0
            110.350574,-7.838755,0
            110.350823,-7.83855,0
            110.350964,-7.838376,0
            110.3524,-7.835865,0
            110.353208,-7.834369,0
            110.353786,-7.830308,0
            110.354173,-7.827477,0
            110.355858,-7.817734,0
            110.356015,-7.813316,0
            110.355959,-7.813068,0
            110.355877,-7.812886,0
            110.355859,-7.812609,0
            110.356012,-7.808636,0
            110.356171,-7.804683,0
            110.356183,-7.804508,0
            110.356209,-7.804319,0
            110.35628,-7.804147,0
            110.356315,-7.804125,0
            110.356385,-7.803939,0
            110.3564,-7.803726,0
            110.356406,-7.803464,0
            110.356319,-7.803459,0
            110.356262,-7.803549,0
            110.35621,-7.804023,0
            110.356235,-7.804116,0
            110.356313,-7.804121,0
            110.356379,-7.803937,0
            110.356394,-7.803725,0
            110.356468,-7.801323,0
            110.356557,-7.801182,0
            110.356718,-7.801134,0
            110.361901,-7.801293,0
            110.36195,-7.801276,0
            110.362187,-7.801284,0
            110.364915,-7.801385,0
            110.369062,-7.801521,0
            110.369193,-7.801454,0
            110.369256,-7.801371,0
            110.369391,-7.798506,0
            110.369307,-7.797044,0
            110.369222,-7.796855,0
            110.369074,-7.796713,0
            110.369025,-7.796534,0
            110.369072,-7.795657,0
            110.369041,-7.79528,0
            110.368971,-7.794877,0
            110.368886,-7.794719,0
            110.368746,-7.794613,0
            110.368296,-7.794377,0
            110.368046,-7.794169,0
            110.36785,-7.793957,0
            110.367717,-7.793733,0
            110.367655,-7.793487,0
            110.3676,-7.792802,0
            110.367595,-7.791332,0
            110.367598,-7.790408,0
          </coordinates>
        </LineString>
      </Placemark>
      <Placemark>
        <name>L-1 _ Trans Jogja</name>
        <description><![CDATA[! -- AWAL / START -- !<br><br>001 => Terminal Jombor<br><br>002 => Indogrosir<br><br>003 => Jogja City Mall - A<br><br>004 => Atakrib Jl. Magelang<br><br>005 => TVRI - A<br><br>006 => Karangwaru - A<br><br>007 => Hotel Utara - A<br><br>008 => Pasar Kranggan Selatan<br><br>009 => Mangkubumi 1<br><br>010 => Mangkubumi 2<br><br>011 => Malioboro 1<br><br>012 => Malioboro 2<br><br>013 => Malioboro 3<br> <br>014 => Bhayangkara<br><br>015 => Pasar Pathuk<br><br>016 => Sosrowijayan<br><br>017 => Stasiun Yogyakarta <br><br>018 => Jlagran<br><br>019 => Badran<br><br>020 => SMPN 14<br><br>021 => Hotel Utara - B<br><br>022 => Kricak<br><br>023 => Karangwaru - B<br><br>024 => TVRI - B<br><br>025 => Daytrans Jl. Magelang<br><br>026 =>Jogja City Mall - B<br><br>027 => MMTC Yogyakarta<br><br>028 => Terminal Jombor<br><br>! -- AKHIR /  END -- !]]></description>
        <styleUrl>#line-7C0E57-3000</styleUrl>
        <LineString>
          <tessellate>1</tessellate>
          <coordinates>
            110.366349,-7.789127,0
            110.366406,-7.789259,0
            110.366371,-7.789512,0
            110.366387,-7.789529,0
            110.366442,-7.789553,0
            110.367555,-7.78966,0
            110.368275,-7.789677,0
            110.368408,-7.789727,0
            110.368454,-7.789822,0
            110.368422,-7.789989,0
            110.368342,-7.790182,0
            110.368282,-7.790281,0
            110.368177,-7.790326,0
            110.367977,-7.790318,0
            110.367607,-7.790179,0
            110.367472,-7.790218,0
            110.367431,-7.790246,0
            110.36624,-7.790187,0
            110.366226,-7.790224,0
            110.365493,-7.796389,0
            110.364879,-7.801055,0
            110.364855,-7.801141,0
            110.364793,-7.801314,0
            110.364659,-7.801411,0
            110.364401,-7.801458,0
            110.362174,-7.801361,0
            110.36203,-7.801178,0
            110.362116,-7.797654,0
            110.362124,-7.79628,0
            110.362032,-7.796132,0
            110.361704,-7.79593,0
            110.36132,-7.795592,0
            110.361239,-7.795469,0
            110.361201,-7.795309,0
            110.3613,-7.793538,0
            110.361688,-7.791568,0
            110.362058,-7.789892,0
            110.362033,-7.789796,0
            110.361792,-7.789689,0
            110.361592,-7.789653,0
            110.360097,-7.789592,0
            110.357894,-7.789407,0
            110.357744,-7.789395,0
            110.357566,-7.789343,0
            110.357489,-7.789212,0
            110.357463,-7.789184,0
            110.357458,-7.789167,0
            110.357485,-7.788473,0
            110.357555,-7.788245,0
            110.357764,-7.78811,0
            110.358742,-7.787851,0
            110.359016,-7.787667,0
            110.359734,-7.787018,0
            110.360639,-7.785337,0
            110.360679,-7.785141,0
            110.360773,-7.783026,0
            110.360772,-7.782595,0
            110.36096,-7.778514,0
            110.360983,-7.778175,0
            110.36176,-7.761321,0
            110.362301,-7.749582,0
            110.362237,-7.749486,0
            110.362096,-7.749408,0
            110.36202,-7.749234,0
            110.362144,-7.748893,0
            110.362249,-7.748786,0
            110.362288,-7.748484,0
            110.362306,-7.747905,0
            110.362255,-7.74783,0
            110.361636,-7.747694,0
            110.361672,-7.747538,0
            110.361092,-7.747388,0
            110.361038,-7.747563,0
            110.360667,-7.747455,0
            110.360658,-7.747469,0
            110.360734,-7.747606,0
            110.360791,-7.747798,0
            110.360801,-7.748108,0
            110.360765,-7.748362,0
            110.362167,-7.748976,0
            110.362319,-7.74894,0
            110.362486,-7.749001,0
            110.362546,-7.749276,0
            110.362419,-7.749578,0
            110.361852,-7.761333,0
            110.361071,-7.778195,0
            110.36105,-7.778521,0
            110.360837,-7.782591,0
            110.360877,-7.782704,0
            110.360997,-7.78272,0
            110.366875,-7.782827,0
            110.36698,-7.78295,0
            110.367066,-7.783289,0
            110.366349,-7.789127,0
          </coordinates>
        </LineString>
      </Placemark>
    </Folder>
    <Folder>
      <name>Perhentian Bus / Bus Stop</name>
      <Placemark>
        <name>AA YKPN</name>
        <description><![CDATA[1A _ Trans Jogja<br><br>Tujuan / Destination => Demangan<br><br><br>5A _ Trans Jogja<br><br>Tujuan / Destination => Demangan]]></description>
        <styleUrl>#icon-seq2-1-0-1A237E</styleUrl>
        <Point>
          <coordinates>
            110.383474,-7.786143,0
          </coordinates>
        </Point>
      </Placemark>
      <Placemark>
        <name>Abu Bakar Ali</name>
        <description><![CDATA[1B _ Trans Jogja<br><br>Tujuan / Destination => Hotel Abadi]]></description>
        <styleUrl>#icon-seq2-1-1-1A237E</styleUrl>
        <Point>
          <coordinates>
            110.366368,-7.789997,0
          </coordinates>
        </Point>
      </Placemark>
      <Placemark>
        <name>AM Sangaji - A</name>
        <description><![CDATA[2A _ Trans Jogja<br><br>Tujuan / Destination => Pasar Kranggan Timur]]></description>
        <styleUrl>#icon-seq2-1-2-1A237E</styleUrl>
        <Point>
          <coordinates>
            110.367982,-7.775812,0
          </coordinates>
        </Point>
      </Placemark>
      <Placemark>
        <name>AM Sangaji - B</name>
        <description><![CDATA[2B _ Trans Jogja<br><br>Tujuan / Destination => Batas Kota Jll. Monjali - B]]></description>
        <styleUrl>#icon-seq2-1-3-1A237E</styleUrl>
        <Point>
          <coordinates>
            110.367723,-7.777333,0
          </coordinates>
        </Point>
      </Placemark>
      <Placemark>
        <name>Ambarukmo - A</name>
        <description><![CDATA[1A _ Trans Jogja<br><br>Tujuan / Destination => Gedung Wanita<br><br><br>5B _ Trans Jogja<br><br>Tujuan / Destination => Gedung Wanita]]></description>
        <styleUrl>#icon-seq2-1-4-1A237E</styleUrl>
        <Point>
          <coordinates>
            110.401786,-7.783292,0
          </coordinates>
        </Point>
      </Placemark>
      <Placemark>
        <name>Ambarukmo - B</name>
        <description><![CDATA[1A _ Trans Jogja<br><br>Tujuan / Destination => Janti Selatan<br><br><br>5A _ Trans Jogja<br><br>Tujuan / Destination => Janti Selatan]]></description>
        <styleUrl>#icon-seq2-1-5-1A237E</styleUrl>
        <Point>
          <coordinates>
            110.402438,-7.783186,0
          </coordinates>
        </Point>
      </Placemark>
      <Placemark>
        <name>Among Rogo - A</name>
        <description><![CDATA[2A _ Trans Jogja<br><br>Tujuan / Destination => Mandala Krida - A]]></description>
        <styleUrl>#icon-seq2-1-6-1A237E</styleUrl>
        <Point>
          <coordinates>
            110.384818,-7.79846,0
          </coordinates>
        </Point>
      </Placemark>
      <Placemark>
        <name>Among Rogo - B</name>
        <description><![CDATA[2B _ Trans Jogja<br><br>Tujuan / Destination => Makam Gajah - A]]></description>
        <styleUrl>#icon-seq2-1-7-1A237E</styleUrl>
        <Point>
          <coordinates>
            110.384852,-7.798493,0
          </coordinates>
        </Point>
      </Placemark>
      <Placemark>
        <name>APMD - A</name>
        <description><![CDATA[4A _ Trans Jogja<br><br>Tujuan / Destination => Timoho - A]]></description>
        <styleUrl>#icon-seq2-1-8-1A237E</styleUrl>
        <Point>
          <coordinates>
            110.393349,-7.791068,0
          </coordinates>
        </Point>
      </Placemark>
      <Placemark>
        <name>APMD - B</name>
        <description><![CDATA[4B _ Trans Jogja<br><br>Tujuan / Destination => UIN Sunan Kalijaga - B]]></description>
        <styleUrl>#icon-seq2-1-9-1A237E</styleUrl>
        <Point>
          <coordinates>
            110.393248,-7.791594,0
          </coordinates>
        </Point>
      </Placemark>
      <Placemark>
        <name>Atakrib Jl. Magelang</name>
        <description><![CDATA[5A _ Trans Jogja<br><br>Tujuan / Destination => TVRI - A<br><br><br>9 _ Trans Jogja<br><br>Tujuan / Destination => TVRI - A<br><br><br>L-1 _ Trans Jogja<br><br>Tujuan / Destination => TVRI - A]]></description>
        <styleUrl>#icon-seq2-1-10-1A237E</styleUrl>
        <Point>
          <coordinates>
            110.362072,-7.756425,0
          </coordinates>
        </Point>
      </Placemark>
      <Placemark>
        <name>Babarsari - A</name>
        <description><![CDATA[1B _ Trans Jogja<br><br>Tujuan / Destination => Kledokan<br><br><br>5A _ Trans Jogja<br><br>Tujuan / Destination => STIE YKPN - A]]></description>
        <styleUrl>#icon-seq2-1-11-1A237E</styleUrl>
        <Point>
          <coordinates>
            110.412218,-7.77397,0
          </coordinates>
        </Point>
      </Placemark>
      <Placemark>
        <name>Babarsari - B</name>
        <description><![CDATA[5B _ Trans Jogja<br><br>Tujuan / Destination => Dishub DIY - B]]></description>
        <styleUrl>#icon-seq2-1-12-1A237E</styleUrl>
        <Point>
          <coordinates>
            110.412099,-7.77392,0
          </coordinates>
        </Point>
      </Placemark>
      <Placemark>
        <name>Badran</name>
        <description><![CDATA[2B _ Trans Jogja<br><br>Tujuan / Destination => SMPN 14<br><br><br>3B _ Trans Jogja<br><br>Tujuan / Destination => SMPN 14<br><br><br>8 _ Trans Jogja<br><br>Tujuan / Destination => SMPN 14<br><br><br>9 _ Trans Jogja<br><br>Tujuan / Destination => SMPN 14<br><br><br>11 _ Trans Jogja<br><br>Tujuan / Destination => SMPN 14<br><br><br>L-1 _ Trans Jogja<br><br>Tujuan / Destination => SMPN 14]]></description>
        <styleUrl>#icon-seq2-1-13-1A237E</styleUrl>
        <Point>
          <coordinates>
            110.357905,-7.788092,0
          </coordinates>
        </Point>
      </Placemark>
      <Placemark>
        <name>Bandara Adisujtipto</name>
        <description><![CDATA[1A _ Trans Jogja<br><br>! -- BERANGKAT / DEPARTURE -- ! <br><br>Tujuan / Destination => Makam Sorogenen<br><br><br>1A _ Trans Jogja<br><br>Tujuan / Destination => Hyundai<br><br><br>1B _ Trans Jogja<br><br>! -- BERANGKAT / DEPARTURE -- ! <br><br>Tujuan / Destination => Hyundai<br><br><br>3A _ Trans Jogja<br><br>! -- BERANGKAT / DEPARTURE -- ! <br><br>Tujuan / Destination => KKP Yogyakarta<br><br><br>3B _ Trans Jogja<br><br>Tujuan / Destination => Hyundai<br><br><br>5B _ Trans Jogja<br><br>Tujuan / Destination => Hyundai<br><br><br>14 _ Trans Jogja<br><br>! -- BERANGKAT / DEPARTURE -- ! <br><br>Tujuan / Destination => KKP Yogyakarta]]></description>
        <styleUrl>#icon-seq2-1-14-1A237E</styleUrl>
        <Point>
          <coordinates>
            110.435712,-7.784497,0
          </coordinates>
        </Point>
      </Placemark>
      <Placemark>
        <name>Banguntapan - A</name>
        <description><![CDATA[2A _ Trans Jogja<br><br>Tujuan / Destination => Gembira Loka - B<br><br><br>3A _ Trans Jogja<br><br>Tujuan / Destination => JEC]]></description>
        <styleUrl>#icon-seq2-1-15-1A237E</styleUrl>
        <Point>
          <coordinates>
            110.402165,-7.807797,0
          </coordinates>
        </Point>
      </Placemark>
      <Placemark>
        <name>Banguntapan - B</name>
        <description><![CDATA[2B _ Trans Jogja<br><br>Tujuan / Destination => Poltekkes BSI<br><br><br>3B _ Trans Jogja<br><br>Tujuan / Destination => Poltekkes BSI]]></description>
        <styleUrl>#icon-seq2-1-16-1A237E</styleUrl>
        <Point>
          <coordinates>
            110.402209,-7.807293,0
          </coordinates>
        </Point>
      </Placemark>
      <Placemark>
        <name>Basen</name>
        <description><![CDATA[2B _ Trans Jogja<br><br>Tujuan / Destination => Perintis Kemerdekaan - B]]></description>
        <styleUrl>#icon-seq2-1-17-1A237E</styleUrl>
        <Point>
          <coordinates>
            110.395105,-7.819092,0
          </coordinates>
        </Point>
      </Placemark>
      <Placemark>
        <name>Batas Kota Jl. Monjali - A</name>
        <description><![CDATA[2A _ Trans Jogja<br><br>Tujuan / Destination => AM Sangaji - A]]></description>
        <styleUrl>#icon-seq2-1-18-1A237E</styleUrl>
        <Point>
          <coordinates>
            110.368565,-7.770487,0
          </coordinates>
        </Point>
      </Placemark>
      <Placemark>
        <name>Batas Kota Jll. Monjali - B</name>
        <description><![CDATA[2B _ Trans Jogja<br><br>Tujuan / Destination => Karangjati - B]]></description>
        <styleUrl>#icon-seq2-1-19-1A237E</styleUrl>
        <Point>
          <coordinates>
            110.368487,-7.770645,0
          </coordinates>
        </Point>
      </Placemark>
      <Placemark>
        <name>Bayeman - A</name>
        <description><![CDATA[10 _ Trans Jogja<br><br>Tujuan / Destination => Eks Hotel Nataputra]]></description>
        <styleUrl>#icon-seq2-1-20-1A237E</styleUrl>
        <Point>
          <coordinates>
            110.337185,-7.800346,0
          </coordinates>
        </Point>
      </Placemark>
      <Placemark>
        <name>Bayeman - B</name>
        <description><![CDATA[10 _ Trans Jogja<br><br>Tujuan / Destination => Pelem Gurih - B]]></description>
        <styleUrl>#icon-seq2-1-21-1A237E</styleUrl>
        <Point>
          <coordinates>
            110.337026,-7.800401,0
          </coordinates>
        </Point>
      </Placemark>
      <Placemark>
        <name>Bhayangkara</name>
        <description><![CDATA[3B _ Trans Jogja<br><br>Tujuan / Destination => Pasar Pathuk<br><br><br>8 _ Trans Jogja<br><br>Tujuan / Destination => Pasar Pathuk<br><br><br>L-1 _ Trans Jogja<br><br>Tujuan / Destination => Pasar Pathuk]]></description>
        <styleUrl>#icon-seq2-1-22-1A237E</styleUrl>
        <Point>
          <coordinates>
            110.362097,-7.799309,0
          </coordinates>
        </Point>
      </Placemark>
      <Placemark>
        <name>Binamarga</name>
        <description><![CDATA[3B _ Trans Jogja<br><br>Tujuan / Destination => Maguwo Sambilegi<br><br><br>14 _ Trans Jogja<br><br>Tujuan / Destination => Maguwo Sambilegi]]></description>
        <styleUrl>#icon-seq2-1-23-1A237E</styleUrl>
        <Point>
          <coordinates>
            110.430699,-7.774443,0
          </coordinates>
        </Point>
      </Placemark>
      <Placemark>
        <name>Biologi UGM</name>
        <description><![CDATA[3A _ Trans Jogja<br><br>Tujuan / Destination => RS Sardjito - A<br><br><br>4B _ Trans Jogja<br><br>Tujuan / Destination => RS Sardjito - A<br><br><br>12 _ Trans Jogja<br><br>Tujuan / Destination => RS Sardjito - A]]></description>
        <styleUrl>#icon-seq2-1-24-1A237E</styleUrl>
        <Point>
          <coordinates>
            110.376905,-7.765289,0
          </coordinates>
        </Point>
      </Placemark>
      <Placemark>
        <name>BKD - A</name>
        <description><![CDATA[8 _ Trans Jogja<br><br>Tujuan / Destination => Pasar Pingit - A<br><br><br>13 _ Trans Jogja<br><br>Tujuan / Destination => Pasar Pingit - A]]></description>
        <styleUrl>#icon-seq2-1-25-1A237E</styleUrl>
        <Point>
          <coordinates>
            110.356194,-7.782465,0
          </coordinates>
        </Point>
      </Placemark>
      <Placemark>
        <name>BKD - B</name>
        <description><![CDATA[8 _ Trans Jogja<br><br>Tujuan / Destination => Mirota Godean - B]]></description>
        <styleUrl>#icon-seq2-1-26-1A237E</styleUrl>
        <Point>
          <coordinates>
            110.355865,-7.782463,0
          </coordinates>
        </Point>
      </Placemark>
      <Placemark>
        <name>BKPM</name>
        <description><![CDATA[1B _ Trans Jogja<br><br>Tujuan / Destination => Gembira Loka - B<br><br><br>3B _ Trans Jogja<br><br>Tujuan / Destination => Banguntapan - B]]></description>
        <styleUrl>#icon-seq2-1-27-1A237E</styleUrl>
        <Point>
          <coordinates>
            110.40235,-7.800372,0
          </coordinates>
        </Point>
      </Placemark>
      <Placemark>
        <name>Blok O</name>
        <description><![CDATA[1B _ Trans Jogja<br><br>Tujuan / Destination => Janti Utara<br><br><br>3A _ Trans Jogja<br><br>Tujuan / Destination => Janti Utara]]></description>
        <styleUrl>#icon-seq2-1-28-1A237E</styleUrl>
        <Point>
          <coordinates>
            110.409909,-7.797242,0
          </coordinates>
        </Point>
      </Placemark>
      <Placemark>
        <name>Borobudur Plaza</name>
        <description><![CDATA[2B _ Trans Jogja<br><br>Tujuan / Destination => SMKN 3<br><br><br>5A _ Trans Jogja<br><br>Tujuan / Destination => SMKN 3]]></description>
        <styleUrl>#icon-seq2-1-29-1A237E</styleUrl>
        <Point>
          <coordinates>
            110.362029,-7.778838,0
          </coordinates>
        </Point>
      </Placemark>
      <Placemark>
        <name>Boulevard UII</name>
        <description><![CDATA[12 _ Trans Jogja<br><br>Tujuan / Destination => UII (Barat Jalan)<br><br><br>12 _ Trans Jogja<br><br>Tujuan / Destination => UII (Timur Jalan)<br><br><br>14 _ Trans Jogja<br><br>Tujuan / Destination => UII (Barat Jalan)<br><br><br>14 _ Trans Jogja<br><br>Tujuan / Destination => UII (Timur Jalan)]]></description>
        <styleUrl>#icon-seq2-1-30-1A237E</styleUrl>
        <Point>
          <coordinates>
            110.417273,-7.687506,0
          </coordinates>
        </Point>
      </Placemark>
      <Placemark>
        <name>BPD Gamping</name>
        <description><![CDATA[6 _ Trans Jogja<br><br>Tujuan / Destination => Park and Ride Gamping<br><br><br>10 _ Trans Jogja<br><br>Tujuan / Destination => Park and Ride Gamping]]></description>
        <styleUrl>#icon-seq2-1-31-1A237E</styleUrl>
        <Point>
          <coordinates>
            110.318669,-7.801615,0
          </coordinates>
        </Point>
      </Placemark>
      <Placemark>
        <name>BPD Kalasan</name>
        <description><![CDATA[1A _ Trans Jogja<br><br>Tujuan / Destination => Pasar Kalasan - B]]></description>
        <styleUrl>#icon-seq2-1-32-1A237E</styleUrl>
        <Point>
          <coordinates>
            110.456056,-7.778556,0
          </coordinates>
        </Point>
      </Placemark>
      <Placemark>
        <name>BRI Bantul</name>
        <description><![CDATA[15 _ Trans Jogja<br><br>Tujuan / Destination => SMPN 2 Bantul - A]]></description>
        <styleUrl>#icon-seq2-1-33-1A237E</styleUrl>
        <Point>
          <coordinates>
            110.332318,-7.88199,0
          </coordinates>
        </Point>
      </Placemark>
      <Placemark>
        <name>Budi Mulia Dua - A</name>
        <description><![CDATA[14 _Trans Jogja<br><br>Tujuan / Destination => Indomaret Pokoh Sambiroto - A]]></description>
        <styleUrl>#icon-seq2-1-34-1A237E</styleUrl>
        <Point>
          <coordinates>
            110.434193,-7.74294,0
          </coordinates>
        </Point>
      </Placemark>
      <Placemark>
        <name>Budi Mulia Dua - B</name>
        <description><![CDATA[14 _Trans Jogja<br><br>Tujuan / Destination => UNRIYO - B]]></description>
        <styleUrl>#icon-seq2-1-35-1A237E</styleUrl>
        <Point>
          <coordinates>
            110.434242,-7.743195,0
          </coordinates>
        </Point>
      </Placemark>
      <Placemark>
        <name>Bulog</name>
        <description><![CDATA[2B _ Trans Jogja<br><br>Tujuan / Destination => Kridsono<br><br><br>3A _ Trans Jogja<br><br>Tujuan / Destination => Kridsono<br><br><br>4A _ Trans Jogja<br><br>Tujuan / Destination => Kridsono<br><br><br>4B _ Trans Jogja<br><br>Tujuan / Destination => Kridsono<br><br><br>5A _ Trans Jogja<br><br>Tujuan / Destination => Kridsono<br><br><br>5B _ Trans Jogja<br><br>Tujuan / Destination => Kridsono<br><br><br>11 _ Trans Jogja<br><br>Tujuan / Destination => Kridsono<br><br><br>13 _ Trans Jogja<br><br>Tujuan / Destination => Kridsono]]></description>
        <styleUrl>#icon-seq2-1-36-1A237E</styleUrl>
        <Point>
          <coordinates>
            110.374708,-7.784968,0
          </coordinates>
        </Point>
      </Placemark>
      <Placemark>
        <name>Cik Di Tiro</name>
        <description><![CDATA[2B _ Trans Jogja<br><br>Tujuan / Destination => Bulog<br><br><br>3A _ Trans Jogja<br><br>Tujuan / Destination => Bulog<br><br><br>4A _ Trans Jogja<br><br>Tujuan / Destination => Bulog<br><br><br>5A _ Trans Jogja<br><br>Tujuan / Destination => Bulog<br><br><br>11 _ Trans Jogja<br><br>Tujuan / Destination => Bulog]]></description>
        <styleUrl>#icon-seq2-1-37-1A237E</styleUrl>
        <Point>
          <coordinates>
            110.375104,-7.782357,0
          </coordinates>
        </Point>
      </Placemark>
      <Placemark>
        <name>Cupuwatu</name>
        <description><![CDATA[1A _ Trans Jogja<br><br>Tujuan / Destination => KR - A]]></description>
        <styleUrl>#icon-seq2-1-38-1A237E</styleUrl>
        <Point>
          <coordinates>
            110.456174,-7.778594,0
          </coordinates>
        </Point>
      </Placemark>
      <Placemark>
        <name>Daytrans Jl. Magelang</name>
        <description><![CDATA[5B _ Trans Jogja<br><br>Tujuan / Destination => Jogja City Mall - B<br><br><br>9 _ Trans Jogja<br><br>Tujuan / Destination => Jogja City Mall - B<br><br><br>L-1 _ Trans Jogja<br><br>Tujuan / Destination => Jogja City Mall - B]]></description>
        <styleUrl>#icon-seq2-1-39-1A237E</styleUrl>
        <Point>
          <coordinates>
            110.361995,-7.756415,0
          </coordinates>
        </Point>
      </Placemark>
      <Placemark>
        <name>De Britto</name>
        <description><![CDATA[1A _ Trans Jogja<br><br>Tujuan / Destination => Ambarukmo - B<br><br><br>4A _ Trans Jogja<br><br>Tujuan / Destination => UIN Sunan Kalijaga - A<br><br><br>5A _ Trans Jogja<br><br>Tujuan / Destination => Ambarukmo - B]]></description>
        <styleUrl>#icon-seq2-1-40-1A237E</styleUrl>
        <Point>
          <coordinates>
            110.393893,-7.783094,0
          </coordinates>
        </Point>
      </Placemark>
      <Placemark>
        <name>Demak Ijo - A</name>
        <description><![CDATA[8 _ Trans Jogja<br><br>Tujuan / Destination => Metro Nogotirto - A]]></description>
        <styleUrl>#icon-seq2-1-41-1A237E</styleUrl>
        <Point>
          <coordinates>
            110.332008,-7.776496,0
          </coordinates>
        </Point>
      </Placemark>
      <Placemark>
        <name>Demak Ijo - B</name>
        <description><![CDATA[8 _ Trans Jogja<br><br>Tujuan / Destination => Nogosaren]]></description>
        <styleUrl>#icon-seq2-1-42-1A237E</styleUrl>
        <Point>
          <coordinates>
            110.332038,-7.775782,0
          </coordinates>
        </Point>
      </Placemark>
      <Placemark>
        <name>Demangan</name>
        <description><![CDATA[1A _ Trans Jogja<br><br>Tujuan / Destination => De Britto<br><br><br>4A _ Trans Jogja<br><br>Tujuan / Destination => De Britto<br><br><br>5A _ Trans Jogja<br><br>Tujuan / Destination => De Britto]]></description>
        <styleUrl>#icon-seq2-1-43-1A237E</styleUrl>
        <Point>
          <coordinates>
            110.388672,-7.783048,0
          </coordinates>
        </Point>
      </Placemark>
      <Placemark>
        <name>Dentes Godean</name>
        <description><![CDATA[8 _ Trans Jogja<br><br>Tujuan / Destination => Pasar Tlogorejo - B<br><br><br>13 _ Trans Jogja<br><br>Tujuan / Destination => Pasar Tlogorejo - B]]></description>
        <styleUrl>#icon-seq2-1-44-1A237E</styleUrl>
        <Point>
          <coordinates>
            110.34374,-7.779783,0
          </coordinates>
        </Point>
      </Placemark>
      <Placemark>
        <name>Diklat PU</name>
        <description><![CDATA[2A _ Trans Jogja<br><br>Tujuan / Destination => SMPN 9 - A]]></description>
        <styleUrl>#icon-seq2-1-45-1A237E</styleUrl>
        <Point>
          <coordinates>
            110.395116,-7.819036,0
          </coordinates>
        </Point>
      </Placemark>
      <Placemark>
        <name>Diponegoro</name>
        <description><![CDATA[11 _ Trans Jogja<br><br>Tujuan / Destination => Samsat]]></description>
        <styleUrl>#icon-seq2-1-46-1A237E</styleUrl>
        <Point>
          <coordinates>
            110.362552,-7.782886,0
          </coordinates>
        </Point>
      </Placemark>
      <Placemark>
        <name>Dishub DIY - A</name>
        <description><![CDATA[1B _ Trans Jogja<br><br>Tujuan / Destination => Babarsari - A<br><br><br>5A _ Trans Jogja<br><br>Tujuan / Destination => Babarsari - A]]></description>
        <styleUrl>#icon-seq2-1-47-1A237E</styleUrl>
        <Point>
          <coordinates>
            110.415027,-7.777974,0
          </coordinates>
        </Point>
      </Placemark>
      <Placemark>
        <name>Dishub DIY - B</name>
        <description><![CDATA[5B _ Trans Jogja<br><br>Tujuan / Destination => Mirota Babarsari]]></description>
        <styleUrl>#icon-seq2-1-48-1A237E</styleUrl>
        <Point>
          <coordinates>
            110.415079,-7.778035,0
          </coordinates>
        </Point>
      </Placemark>
      <Placemark>
        <name>Disnakertrans - A</name>
        <description><![CDATA[3A _ Trans Jogja<br><br>Tujuan / Destination => Instiper - A<br><br><br>14 _ Trans Jogja<br><br>Tujuan / Destination => SMKN 1 Depok - Jl. Raya Tajem - A]]></description>
        <styleUrl>#icon-seq2-1-49-1A237E</styleUrl>
        <Point>
          <coordinates>
            110.431166,-7.769365,0
          </coordinates>
        </Point>
      </Placemark>
      <Placemark>
        <name>Disnakertrans - B</name>
        <description><![CDATA[14 _ Trans Jogja<br><br>Tujuan / Destination => Selokan Mataram Maguwo]]></description>
        <styleUrl>#icon-seq2-1-50-1A237E</styleUrl>
        <Point>
          <coordinates>
            110.431485,-7.767863,0
          </coordinates>
        </Point>
      </Placemark>
      <Placemark>
        <name>Dongkelan - A</name>
        <description><![CDATA[15 _ Trans Jogja<br><br>Tujuan / Destination => Pasty - A]]></description>
        <styleUrl>#icon-seq2-1-51-1A237E</styleUrl>
        <Point>
          <coordinates>
            110.353801,-7.830195,0
          </coordinates>
        </Point>
      </Placemark>
      <Placemark>
        <name>Dongkelan - B</name>
        <description><![CDATA[15 _ Trans Jogja<br><br>Tujuan / Destination => Pasar Niten - B]]></description>
        <styleUrl>#icon-seq2-1-52-1A237E</styleUrl>
        <Point>
          <coordinates>
            110.35399,-7.829192,0
          </coordinates>
        </Point>
      </Placemark>
      <Placemark>
        <name>Dr. Yap</name>
        <description><![CDATA[2A _ Trans Jogja<br><br>Tujuan / Destination => SMPN 1 - A<br><br><br>3B _ Trans Jogja<br><br>Tujuan / Destination => SMPN 1 - A<br><br><br>4A _ Trans Jogja<br><br>Tujuan / Destination => SMPN 1 - A<br><br><br>5B _ Trans Jogja<br><br>Tujuan / Destination => SMPN 1 - A<br><br><br>11 _ Trans Jogja<br><br>Tujuan / Destination => SMPN 1 - A]]></description>
        <styleUrl>#icon-seq2-1-53-1A237E</styleUrl>
        <Point>
          <coordinates>
            110.375208,-7.781218,0
          </coordinates>
        </Point>
      </Placemark>
      <Placemark>
        <name>Druwo - A</name>
        <description><![CDATA[9 _ Trans Jogja<br> <br>Tujuan / Destination => Jogokariyan - A]]></description>
        <styleUrl>#icon-seq2-1-54-1A237E</styleUrl>
        <Point>
          <coordinates>
            110.366409,-7.833874,0
          </coordinates>
        </Point>
      </Placemark>
      <Placemark>
        <name>Druwo - B</name>
        <description><![CDATA[9 _ Trans Jogja<br> <br>Tujuan / Destination => UAD Ring Road Selatan - B]]></description>
        <styleUrl>#icon-seq2-1-55-1A237E</styleUrl>
        <Point>
          <coordinates>
            110.366603,-7.833632,0
          </coordinates>
        </Point>
      </Placemark>
      <Placemark>
        <name>Dukuh - A</name>
        <description><![CDATA[15 _ Trans Jogja<br><br>Tujuan / Destination => Gereja Pugeran - A]]></description>
        <styleUrl>#icon-seq2-1-56-1A237E</styleUrl>
        <Point>
          <coordinates>
            110.355174,-7.821686,0
          </coordinates>
        </Point>
      </Placemark>
      <Placemark>
        <name>Dukuh - B</name>
        <description><![CDATA[15 _ Trans Jogja<br><br>Tujuan / Destination => Pasty - B]]></description>
        <styleUrl>#icon-seq2-1-57-1A237E</styleUrl>
        <Point>
          <coordinates>
            110.355338,-7.820927,0
          </coordinates>
        </Point>
      </Placemark>
      <Placemark>
        <name>Dusun Kledokan - A</name>
        <description><![CDATA[12 _ Trans Jogja<br><br>Tujuan / Destination => RS Panti Nugroho<br><br><br>14 _ Trans Jogja<br><br>Tujuan / Destination => RS Panti Nugroho]]></description>
        <styleUrl>#icon-seq2-1-58-1A237E</styleUrl>
        <Point>
          <coordinates>
            110.417366,-7.672637,0
          </coordinates>
        </Point>
      </Placemark>
      <Placemark>
        <name>Dusun Kledokan - B</name>
        <description><![CDATA[12 _ Trans Jogja<br><br>Tujuan / Destination => Raminten - B<br><br><br>14 _ Trans Jogja<br><br>Tujuan / Destination => Raminten - B]]></description>
        <styleUrl>#icon-seq2-1-59-1A237E</styleUrl>
        <Point>
          <coordinates>
            110.417403,-7.672726,0
          </coordinates>
        </Point>
      </Placemark>
      <Placemark>
        <name>Dusun Ngawen</name>
        <description><![CDATA[8 _ Trans Jogja<br><br>Tujuan / Destination => Westlake - A]]></description>
        <styleUrl>#icon-seq2-1-60-1A237E</styleUrl>
        <Point>
          <coordinates>
            110.343879,-7.744844,0
          </coordinates>
        </Point>
      </Placemark>
      <Placemark>
        <name>Edotel Kalasan - A</name>
        <description><![CDATA[1A _ Trans Jogja<br><br>Tujuan / Destination => RS Bhayangkara - A]]></description>
        <styleUrl>#icon-seq2-1-61-1A237E</styleUrl>
        <Point>
          <coordinates>
            110.482651,-7.756754,0
          </coordinates>
        </Point>
      </Placemark>
      <Placemark>
        <name>Edotel Kalasan - B</name>
        <description><![CDATA[1A _ Trans Jogja<br><br>Tujuan / Destination => Terminal Prambanan]]></description>
        <styleUrl>#icon-seq2-1-62-1A237E</styleUrl>
        <Point>
          <coordinates>
            110.48261,-7.756636,0
          </coordinates>
        </Point>
      </Placemark>
      <Placemark>
        <name>Eks Bioskop Mataram</name>
        <description><![CDATA[2A _ Trans Jogja<br><br>Tujuan / Destination => Kridosono]]></description>
        <styleUrl>#icon-seq2-1-63-1A237E</styleUrl>
        <Point>
          <coordinates>
            110.377912,-7.79228,0
          </coordinates>
        </Point>
      </Placemark>
      <Placemark>
        <name>Eks Hotel Nataputra</name>
        <description><![CDATA[10 _ Trans Jogja<br><br>Tujuan / Destination => SMP Muh 3]]></description>
        <styleUrl>#icon-seq2-1-64-1A237E</styleUrl>
        <Point>
          <coordinates>
            110.348902,-7.800884,0
          </coordinates>
        </Point>
      </Placemark>
      <Placemark>
        <name>Eks Menara Kopi - A</name>
        <description><![CDATA[6 _ Trans Jogja<br><br>Tujuan / Destination => Kridosono<br><br><br>8 _ Trans Jogja<br><br>Tujuan / Destination => Kridosono<br><br><br>10 _ Trans Jogja<br><br>Tujuan / Destination => Kridosono]]></description>
        <styleUrl>#icon-seq2-1-65-1A237E</styleUrl>
        <Point>
          <coordinates>
            110.370131,-7.789248,0
          </coordinates>
        </Point>
      </Placemark>
      <Placemark>
        <name>Eks Menara Kopi - B</name>
        <description><![CDATA[3A _ Trans Jogja<br><br>Tujuan / Destination => Malioboro 1<br><br><br>8 _ Trans Jogja<br><br>Tujuan / Destination => Malioboro 1<br><br><br>13 _ Trans Jogja<br><br>Tujuan / Destination => Malioboro 1]]></description>
        <styleUrl>#icon-seq2-1-66-1A237E</styleUrl>
        <Point>
          <coordinates>
            110.370042,-7.789395,0
          </coordinates>
        </Point>
      </Placemark>
      <Placemark>
        <name>Eks Stasiun Bantul</name>
        <description><![CDATA[15 _ Trans Jogja<br><br>Tujuan / Destination => Polres Bantul]]></description>
        <styleUrl>#icon-seq2-1-67-1A237E</styleUrl>
        <Point>
          <coordinates>
            110.329321,-7.887393,0
          </coordinates>
        </Point>
      </Placemark>
      <Placemark>
        <name>Fisipol UGM - A</name>
        <description><![CDATA[5A _Trans Jogja<br><br>Tujuan / Destination => Kosudgama]]></description>
        <styleUrl>#icon-seq2-1-68-1A237E</styleUrl>
        <Point>
          <coordinates>
            110.372503,-7.775845,0
          </coordinates>
        </Point>
      </Placemark>
      <Placemark>
        <name>Fisipol UGM - B</name>
        <description><![CDATA[5B _Trans Jogja<br><br>Tujuan / Destination => SMPN 6]]></description>
        <styleUrl>#icon-seq2-1-69-1A237E</styleUrl>
        <Point>
          <coordinates>
            110.372529,-7.775871,0
          </coordinates>
        </Point>
      </Placemark>
      <Placemark>
        <name>FKG UGM - A</name>
        <description><![CDATA[3A _ Trans Jogja<br><br>Tujuan / Destination => Kopma UGM<br><br><br>4B _ Trans Jogja<br><br>Tujuan / Destination => Kopma UGM<br><br><br>5B_ Trans Jogja<br><br>Tujuan / Destination => Kopma UGM<br><br><br>12 _ Trans Jogja<br><br>Tujuan / Destination =>  Kopma UGM]]></description>
        <styleUrl>#icon-seq2-1-70-1A237E</styleUrl>
        <Point>
          <coordinates>
            110.375119,-7.771354,0
          </coordinates>
        </Point>
      </Placemark>
      <Placemark>
        <name>FKG UGM - B</name>
        <description><![CDATA[3B _ Trans Jogja<br><br>Tujuan / Destination => RS Sardjito - B<br><br><br>4A _ Trans Jogja<br><br>Tujuan / Destination => RS Sardjito - B<br><br><br>5A _ Trans Jogja<br><br>Tujuan / Destination => RS Sardjito - B<br><br><br>12 _ Trans Jogja<br><br>Tujuan / Destination => RS Sardjito - B]]></description>
        <styleUrl>#icon-seq2-1-71-1A237E</styleUrl>
        <Point>
          <coordinates>
            110.375301,-7.771477,0
          </coordinates>
        </Point>
      </Placemark>
      <Placemark>
        <name>Flyover Lempuyangan</name>
        <description><![CDATA[2B _ Trans Jogja<br><br>Tujuan / Destination => SMP Kanisius Gayam - B<br><br><br>10 _ Trans Jogja<br><br>Tujuan / Destination => SMP Kanisius Gayam - B]]></description>
        <styleUrl>#icon-seq2-1-72-1A237E</styleUrl>
        <Point>
          <coordinates>
            110.378018,-7.790782,0
          </coordinates>
        </Point>
      </Placemark>
      <Placemark>
        <name>Galeria Mall</name>
        <description><![CDATA[4B _ Trans Jogja<br><br>Tujuan / Destination => Lembah UGM - B]]></description>
        <styleUrl>#icon-seq2-1-73-1A237E</styleUrl>
        <Point>
          <coordinates>
            110.379319,-7.782352,0
          </coordinates>
        </Point>
      </Placemark>
      <Placemark>
        <name>Gambiran - A</name>
        <description><![CDATA[2A _ Trans Jogja<br><br>Tujuan / Destination => Perintis Kemerdekaan - A]]></description>
        <styleUrl>#icon-seq2-1-74-1A237E</styleUrl>
        <Point>
          <coordinates>
            110.391045,-7.816892,0
          </coordinates>
        </Point>
      </Placemark>
      <Placemark>
        <name>Gambiran - B</name>
        <description><![CDATA[2B _ Trans Jogja<br><br>Tujuan / Destination => Veteran]]></description>
        <styleUrl>#icon-seq2-1-75-1A237E</styleUrl>
        <Point>
          <coordinates>
            110.390963,-7.816977,0
          </coordinates>
        </Point>
      </Placemark>
      <Placemark>
        <name>Gardu PLN - A</name>
        <description><![CDATA[12 _Trans Jogja<br><br>Tujuan / Destination => Simpang Palem Raya - A]]></description>
        <styleUrl>#icon-seq2-1-76-1A237E</styleUrl>
        <Point>
          <coordinates>
            110.392461,-7.739255,0
          </coordinates>
        </Point>
      </Placemark>
      <Placemark>
        <name>Gardu PLN - B</name>
        <description><![CDATA[12 _ Trans Jogja<br><br>Tujuan / Destination => Pasar Kolombo - B]]></description>
        <styleUrl>#icon-seq2-1-77-1A237E</styleUrl>
        <Point>
          <coordinates>
            110.392781,-7.73878,0
          </coordinates>
        </Point>
      </Placemark>
      <Placemark>
        <name>Gedung Wanita</name>
        <description><![CDATA[1A _ Trans Jogja<br><br>Tujuan / Destination => LPP<br><br><br>4B _ Trans Jogja<br><br>Tujuan / Destination => RRI Gejayan<br><br><br>5B _ Trans Jogja<br><br>Tujuan / Destination => LPP]]></description>
        <styleUrl>#icon-seq2-1-78-1A237E</styleUrl>
        <Point>
          <coordinates>
            110.39271,-7.783187,0
          </coordinates>
        </Point>
      </Placemark>
      <Placemark>
        <name>Gembira Loka - A</name>
        <description><![CDATA[1B _ Trans Jogja<br><br>Tujuan / Destination => JEC<br><br><br>2B _ Trans Jogja<br><br>Tujuan / Destination => Banguntapan - B]]></description>
        <styleUrl>#icon-seq2-1-79-1A237E</styleUrl>
        <Point>
          <coordinates>
            110.399966,-7.802259,0
          </coordinates>
        </Point>
      </Placemark>
      <Placemark>
        <name>Gembira Loka - B</name>
        <description><![CDATA[1B _ Trans Jogja<br><br>Tujuan / Destination => SGM Kusumanegara - B<br><br><br>2A _ Trans Jogja<br><br>Tujuan / Destination => SGM Kusumanegara - B]]></description>
        <styleUrl>#icon-seq2-1-80-1A237E</styleUrl>
        <Point>
          <coordinates>
            110.398804,-7.802262,0
          </coordinates>
        </Point>
      </Placemark>
      <Placemark>
        <name>Gereja Pugeran - A</name>
        <description><![CDATA[15 _ Trans Jogja<br><br>Tujuan / Destination => Tejokusuman]]></description>
        <styleUrl>#icon-seq2-1-81-1A237E</styleUrl>
        <Point>
          <coordinates>
            110.355899,-7.816599,0
          </coordinates>
        </Point>
      </Placemark>
      <Placemark>
        <name>Gereja Pugeran - B</name>
        <description><![CDATA[15 _ Trans Jogja<br><br>Tujuan / Destination => Dukuh - B]]></description>
        <styleUrl>#icon-seq2-1-82-1A237E</styleUrl>
        <Point>
          <coordinates>
            110.355938,-7.816422,0
          </coordinates>
        </Point>
      </Placemark>
      <Placemark>
        <name>GKJ Wirobrajan</name>
        <description><![CDATA[10 _ Trans Jogja<br><br>Tujuan / Destination => Mualimin - A]]></description>
        <styleUrl>#icon-seq2-1-83-1A237E</styleUrl>
        <Point>
          <coordinates>
            110.350726,-7.806221,0
          </coordinates>
        </Point>
      </Placemark>
      <Placemark>
        <name>Gudang SGM - A</name>
        <description><![CDATA[3A _ Trans Jogja<br><br>Tujuan / Destination => Tegal Gendu - A<br><br><br>3B _ Trans Jogja<br><br>Tujuan / Destination => Tegal Turi - B<br><br><br>4A _ Trans Jogja<br><br>Tujuan / Destination => SMK Muh 3<br><br><br>4B _ Trans Jogja<br><br>Tujuan / Destination => SMK Muh 3]]></description>
        <styleUrl>#icon-seq2-1-84-1A237E</styleUrl>
        <Point>
          <coordinates>
            110.389979,-7.827155,0
          </coordinates>
        </Point>
      </Placemark>
      <Placemark>
        <name>Gudang SGM - B</name>
        <description><![CDATA[3A _ Trans Jogja<br><br>Tujuan / Destination => Pasar Giwangan - B<br><br><br>3B _ Trans Jogja<br><br>Tujuan / Destination => Pasar Giwangan - B<br><br><br>4A _ Trans Jogja<br><br>Tujuan / Destination => Pasar Giwangan - B<br><br><br>4B _ Trans Jogja<br><br>Tujuan / Destination => Pasar Giwangan - B]]></description>
        <styleUrl>#icon-seq2-1-85-1A237E</styleUrl>
        <Point>
          <coordinates>
            110.390043,-7.827272,0
          </coordinates>
        </Point>
      </Placemark>
      <Placemark>
        <name>Hayam Wuruk - A</name>
        <description><![CDATA[4A _ Trans Jogja<br><br>Tujuan / Destination => Pasar Lempuyangan]]></description>
        <styleUrl>#icon-seq2-1-86-1A237E</styleUrl>
        <Point>
          <coordinates>
            110.37263,-7.795676,0
          </coordinates>
        </Point>
      </Placemark>
      <Placemark>
        <name>Hayam Wuruk - B</name>
        <description><![CDATA[4B _ Trans Jogja<br><br>Tujuan / Destination => Pakualaman]]></description>
        <styleUrl>#icon-seq2-1-87-1A237E</styleUrl>
        <Point>
          <coordinates>
            110.372758,-7.794608,0
          </coordinates>
        </Point>
      </Placemark>
      <Placemark>
        <name>Hokben Jakal - A</name>
        <description><![CDATA[3A _ Trans Jogja<br><br>Tujuan / Destination => McD Jakal<br><br><br>4B _ Trans Jogja<br><br>Tujuan / Destination => McD Jakal<br><br><br>5A _ Trans Jogja<br><br>Tujuan / Destination => McD Jakal<br><br><br>12 _ Trans Jogja<br><br>Tujuan / Destination => McD Jakal]]></description>
        <styleUrl>#icon-seq2-1-88-1A237E</styleUrl>
        <Point>
          <coordinates>
            110.381951,-7.757759,0
          </coordinates>
        </Point>
      </Placemark>
      <Placemark>
        <name>Hokben Jakal - B</name>
        <description><![CDATA[3B _ Trans Jogja<br><br>Tujuan / Destination => Kentungan<br><br><br>4A _ Trans Jogja<br><br>Tujuan / Destination =>  Kentungan<br><br><br>5B _ Trans Jogja<br><br>Tujuan / Destination =>  Kentungan<br><br><br>12 _ Trans Jogja<br><br>Tujuan / Destination => Superindo Jakal - A]]></description>
        <styleUrl>#icon-seq2-1-89-1A237E</styleUrl>
        <Point>
          <coordinates>
            110.381947,-7.757613,0
          </coordinates>
        </Point>
      </Placemark>
      <Placemark>
        <name>Hotel Abadi</name>
        <description><![CDATA[1B _ Trans Jogja<br><br>Tujuan / Destination => Stasiun Yogyakarta]]></description>
        <styleUrl>#icon-seq2-1-90-1A237E</styleUrl>
        <Point>
          <coordinates>
            110.36324,-7.790018,0
          </coordinates>
        </Point>
      </Placemark>
      <Placemark>
        <name>Hotel Andika Putera</name>
        <description><![CDATA[10 _ Trans Jogja<br><br>Tujuan / Destination => Museum Bahari]]></description>
        <styleUrl>#icon-seq2-1-91-1A237E</styleUrl>
        <Point>
          <coordinates>
            110.351499,-7.802066,0
          </coordinates>
        </Point>
      </Placemark>
      <Placemark>
        <name>Hotel Noola</name>
        <description><![CDATA[9 _ Trans Jogja<br><br>Tujuan / Destination => Jogokariyan - B]]></description>
        <styleUrl>#icon-seq2-1-92-1A237E</styleUrl>
        <Point>
          <coordinates>
            110.368394,-7.815675,0
          </coordinates>
        </Point>
      </Placemark>
      <Placemark>
        <name>Hotel Pramesthi</name>
        <description><![CDATA[11 _ Trans Jogja<br><br>Tujuan / Destination => Ruba Graha - A]]></description>
        <styleUrl>#icon-seq2-1-93-1A237E</styleUrl>
        <Point>
          <coordinates>
            110.365385,-7.82158,0
          </coordinates>
        </Point>
      </Placemark>
      <Placemark>
        <name>Hotel Utara - A</name>
        <description><![CDATA[9 _ Trans Jogja<br><br>Tujuan / Destination => Samsat<br><br><br>L-1 _ Trans Jogja<br><br>Tujuan / Destination => Pasar Kranggan Selatan]]></description>
        <styleUrl>#icon-seq2-1-94-1A237E</styleUrl>
        <Point>
          <coordinates>
            110.360941,-7.780412,0
          </coordinates>
        </Point>
      </Placemark>
      <Placemark>
        <name>Hotel Utara - B</name>
        <description><![CDATA[2B _ Trans Jogja<br><br>Tujuan / Destination => Borobudur Plaza<br><br><br>9 _ Trans Jogja<br><br>Tujuan / Destination => Kricak<br><br><br>L-1 _ Trans Jogja<br><br>Tujuan / Destination => Kricak]]></description>
        <styleUrl>#icon-seq2-1-95-1A237E</styleUrl>
        <Point>
          <coordinates>
            110.360885,-7.780414,0
          </coordinates>
        </Point>
      </Placemark>
      <Placemark>
        <name>Hotel Vidi</name>
        <description><![CDATA[3B _ Trans Jogja<br><br>Tujuan / Destination => Hokben Jakal - B<br><br><br>4A _ Trans Jogja<br><br>Tujuan / Destination => Hokben Jakal - B<br><br><br>5B _ Trans Jogja<br><br>Tujuan / Destination => Hokben Jakal - B<br><br><br>12 _ Trans Jogja<br><br>Tujuan / Destination => Hokben Jakal - B]]></description>
        <styleUrl>#icon-seq2-1-96-1A237E</styleUrl>
        <Point>
          <coordinates>
            110.380208,-7.761786,0
          </coordinates>
        </Point>
      </Placemark>
      <Placemark>
        <name>Hyundai</name>
        <description><![CDATA[1A _ Trans Jogja<br><br>Tujuan / Destination => Jayakarta<br><br><br>1B _ Trans Jogja<br><br>Tujuan / Destination => Jayakarta<br><br><br>3B _ Trans Jogja<br><br>Tujuan / Destination => Jayakarta<br><br><br>5B _ Trans Jogja<br><br>Tujuan / Destination => Jayakarta]]></description>
        <styleUrl>#icon-seq2-1-97-1A237E</styleUrl>
        <Point>
          <coordinates>
            110.428348,-7.783518,0
          </coordinates>
        </Point>
      </Placemark>
      <Placemark>
        <name>Indogrosir</name>
        <description><![CDATA[5A _ Trans Jogja<br><br>Tujuan / Destination => Jogja City Mall - A<br><br><br>9 _ Trans Jogja<br><br>Tujuan / Destination => Jogja City Mall - A<br><br><br>L-1 _ Trans Jogja<br><br>Tujuan / Destination => Jogja City Mall - A]]></description>
        <styleUrl>#icon-seq2-1-98-1A237E</styleUrl>
        <Point>
          <coordinates>
            110.362351,-7.750821,0
          </coordinates>
        </Point>
      </Placemark>
      <Placemark>
        <name>Indomaret Klajuran - A</name>
        <description><![CDATA[13 _ Trans Jogja<br><br>Tujuan / Destination => Simpang Gesikan - A]]></description>
        <styleUrl>#icon-seq2-1-99-1A237E</styleUrl>
        <Point>
          <coordinates>
            110.31175,-7.772253,0
          </coordinates>
        </Point>
      </Placemark>
      <Placemark>
        <name>Indomaret Klajuran - B</name>
        <description><![CDATA[13 _ Trans Jogja<br><br>Tujuan / Destination => Neutron Godean - B]]></description>
        <styleUrl>#icon-seq2-1-100-1A237E</styleUrl>
        <Point>
          <coordinates>
            110.311807,-7.772338,0
          </coordinates>
        </Point>
      </Placemark>
      <Placemark>
        <name>Indomaret Pokoh Sambiroto - A</name>
        <description><![CDATA[14 _Trans Jogja<br><br>Tujuan / Destination => Kantor Kal. Wedomartani - A]]></description>
        <styleUrl>#icon-seq2-1-101-1A237E</styleUrl>
        <Point>
          <coordinates>
            110.434613,-7.735554,0
          </coordinates>
        </Point>
      </Placemark>
      <Placemark>
        <name>Indomaret Pokoh Sambiroto - B</name>
        <description><![CDATA[14 _Trans Jogja<br><br>Tujuan / Destination => Budi Mulia Dua - B]]></description>
        <styleUrl>#icon-seq2-1-102-1A237E</styleUrl>
        <Point>
          <coordinates>
            110.434618,-7.736078,0
          </coordinates>
        </Point>
      </Placemark>
      <Placemark>
        <name>Instiper - A</name>
        <description><![CDATA[3A _ Trans Jogja<br><br>Tujuan / Destination => Polsek Depok Timur - A]]></description>
        <styleUrl>#icon-seq2-1-103-1A237E</styleUrl>
        <Point>
          <coordinates>
            110.423632,-7.764459,0
          </coordinates>
        </Point>
      </Placemark>
      <Placemark>
        <name>Instiper - B</name>
        <description><![CDATA[3B _ Trans Jogja<br><br>Tujuan / Destination => SMKN 1 Depok - Ring Road Utara]]></description>
        <styleUrl>#icon-seq2-1-104-1A237E</styleUrl>
        <Point>
          <coordinates>
            110.423537,-7.764322,0
          </coordinates>
        </Point>
      </Placemark>
      <Placemark>
        <name>Janti Selatan</name>
        <description><![CDATA[1A _ Trans Jogja<br><br>Tujuan / Destination => Ambarukmo - A<br><br><br>1A _ Trans Jogja<br><br>Tujuan / Destination => Janti Utara<br><br><br>5A _ Trans Jogja<br><br>Tujuan / Destination => Janti Utara<br><br><br>5B _ Trans Jogja<br><br>Tujuan / Destination => Ambarukmo - A]]></description>
        <styleUrl>#icon-seq2-1-105-1A237E</styleUrl>
        <Point>
          <coordinates>
            110.410482,-7.785772,0
          </coordinates>
        </Point>
      </Placemark>
      <Placemark>
        <name>Janti Utara</name>
        <description><![CDATA[1A _ Trans Jogja<br><br>Tujuan / Destination => Mirota Babarsari<br><br><br>1B _ Trans Jogja<br><br>Tujuan / Destination => Sahid J-Walk<br><br><br>1B _ Trans Jogja<br><br>Tujuan / Destination => Mirota Babarsari<br><br><br>3A _Trans Jogja<br><br>Tujuan / Destination => Mirota Babarsari<br><br><br>5A _ Trans Jogja<br><br>Tujuan / Destination => Sahid J-Walk]]></description>
        <styleUrl>#icon-seq2-1-106-1A237E</styleUrl>
        <Point>
          <coordinates>
            110.411672,-7.783211,0
          </coordinates>
        </Point>
      </Placemark>
      <Placemark>
        <name>Jayakarta</name>
        <description><![CDATA[1A _ Trans Jogja<br><br>Tujuan / Destination => Janti Selatan<br><br><br>1B _ Trans Jogja<br><br>Tujuan / Destination => Janti Utara<br><br><br>3B _ Trans Jogja<br><br>Tujuan / Destination => Pasar Angkasa<br><br><br>5B _ Trans Jogja<br><br>Tujuan / Destination => Janti Selatan]]></description>
        <styleUrl>#icon-seq2-1-107-1A237E</styleUrl>
        <Point>
          <coordinates>
            110.419409,-7.783404,0
          </coordinates>
        </Point>
      </Placemark>
      <Placemark>
        <name>JEC</name>
        <description><![CDATA[1B _ Trans Jogja<br><br>Tujuan / Destination => Blok O<br><br><br>3A _ Trans Jogja<br><br>Tujuan / Destination => Blok O]]></description>
        <styleUrl>#icon-seq2-1-108-1A237E</styleUrl>
        <Point>
          <coordinates>
            110.402922,-7.798586,0
          </coordinates>
        </Point>
      </Placemark>
      <Placemark>
        <name>Jend. Sudirman - A</name>
        <description><![CDATA[1A _ Trans Jogja<br><br>Tujuan / Destination => Mangkubumi 1<br><br><br>11 _ Trans Jogja<br><br>Tujuan / Destination => Diponegoro]]></description>
        <styleUrl>#icon-seq2-1-109-1A237E</styleUrl>
        <Point>
          <coordinates>
            110.36955,-7.782988,0
          </coordinates>
        </Point>
      </Placemark>
      <Placemark>
        <name>Jend. Sudirman - B</name>
        <description><![CDATA[3B _ Trans Jogja<br><br>Tujuan / Destination => Dr. Yap<br><br><br>13 _ Trans Jogja<br><br>Tujuan / Destination => Kridosono]]></description>
        <styleUrl>#icon-seq2-1-110-1A237E</styleUrl>
        <Point>
          <coordinates>
            110.368823,-7.782878,0
          </coordinates>
        </Point>
      </Placemark>
      <Placemark>
        <name>Jl. Mataram</name>
        <description><![CDATA[1A _ Trans Jogja<br><br>Tujuan / Destination => Teras 2<br><br><br>1B _ Trans Jogja<br><br>Tujuan / Destination => Teras 2<br><br><br>6 _ Trans Jogja<br><br>Tujuan / Destination => Teras 2<br><br><br>10 _ Trans Jogja<br><br>Tujuan / Destination => Teras 2<br><br><br>10 _ Trans Jogja<br><br>Tujuan / Destination => Teras 2<br><br><br>15 _ Trans Jogja<br><br>Tujuan / Destination => Teras 2]]></description>
        <styleUrl>#icon-seq2-1-111-1A237E</styleUrl>
        <Point>
          <coordinates>
            110.36806,-7.794209,0
          </coordinates>
        </Point>
      </Placemark>
      <Placemark>
        <name>Jl. Raya Kabunan - A</name>
        <description><![CDATA[14 _Trans Jogja<br><br>Tujuan / Destination => RS Kemasan - A]]></description>
        <styleUrl>#icon-seq2-1-112-1A237E</styleUrl>
        <Point>
          <coordinates>
            110.442836,-7.713204,0
          </coordinates>
        </Point>
      </Placemark>
      <Placemark>
        <name>Jl. Raya Kabunan - B</name>
        <description><![CDATA[14 _Trans Jogja<br><br>Tujuan / Destination => Simpang Kabunan - B]]></description>
        <styleUrl>#icon-seq2-1-113-1A237E</styleUrl>
        <Point>
          <coordinates>
            110.441917,-7.714561,0
          </coordinates>
        </Point>
      </Placemark>
      <Placemark>
        <name>Jl. Suroto</name>
        <description><![CDATA[5B _ Trans Jogja<br><br>Tujuan / Destination => Dr. Yap]]></description>
        <styleUrl>#icon-seq2-1-114-1A237E</styleUrl>
        <Point>
          <coordinates>
            110.374671,-7.784524,0
          </coordinates>
        </Point>
      </Placemark>
      <Placemark>
        <name>Jlagran</name>
        <description><![CDATA[1B _ Trans Jogja<br><br>Tujuan / Destination => Letjen Suprapto<br><br><br>3B _ Trans Jogja<br><br>Tujuan / Destination => Badran<br><br><br>8 _ Trans Jogja<br><br>Tujuan / Destination => Mirota Godean - B<br><br><br>L-1 _ Trans Jogja<br><br>Tujuan / Destination => Badran]]></description>
        <styleUrl>#icon-seq2-1-115-1A237E</styleUrl>
        <Point>
          <coordinates>
            110.358868,-7.789467,0
          </coordinates>
        </Point>
      </Placemark>
      <Placemark>
        <name>Jogja City Mall - A</name>
        <description><![CDATA[5A _ Trans Jogja<br><br>Tujuan / Destination => Atakrib Jl. Magelang<br><br><br>9 _ Trans Jogja<br><br>Tujuan / Destination => Atakrib Jl. Magelang<br><br><br>L-1 _ Trans Jogja<br><br>Tujuan / Destination => Atakrib Jl. Magelang]]></description>
        <styleUrl>#icon-seq2-1-116-1A237E</styleUrl>
        <Point>
          <coordinates>
            110.36222,-7.753296,0
          </coordinates>
        </Point>
      </Placemark>
      <Placemark>
        <name>Jogja City Mall - B</name>
        <description><![CDATA[5B _ Trans Jogja<br><br>Tujuan / Destination => MMTC Yogyakarta<br><br><br>9 _ Trans Jogja<br> <br>Tujuan / Destination => MMTC Yogyakarta<br><br><br>L-1 _ Trans Jogja<br> <br>Tujuan / Destination => MMTC Yogyakarta]]></description>
        <styleUrl>#icon-seq2-1-117-1A237E</styleUrl>
        <Point>
          <coordinates>
            110.362158,-7.753082,0
          </coordinates>
        </Point>
      </Placemark>
      <Placemark>
        <name>Jogjatronik</name>
        <description><![CDATA[2A _ Trans Jogja<br><br>Tujuan / Destination => Purawisata - A]]></description>
        <styleUrl>#icon-seq2-1-118-1A237E</styleUrl>
        <Point>
          <coordinates>
            110.369302,-7.806218,0
          </coordinates>
        </Point>
      </Placemark>
      <Placemark>
        <name>Jogokariyan - A</name>
        <description><![CDATA[9 _ Trans Jogja<br><br>Tujuan / Destination => Jokteng Wetan<br><br><br>11 _ Trans Jogja<br><br>Tujuan / Destination => Hotel Pramesthi]]></description>
        <styleUrl>#icon-seq2-1-119-1A237E</styleUrl>
        <Point>
          <coordinates>
            110.367736,-7.82335,0
          </coordinates>
        </Point>
      </Placemark>
      <Placemark>
        <name>Jogokariyan - B</name>
        <description><![CDATA[9 _ Trans Jogja<br><br>Tujuan / Destination => Druwo - B<br><br><br>11 _ Trans Jogja<br><br>Tujuan / Destination => Pasar Telo - B]]></description>
        <styleUrl>#icon-seq2-1-120-1A237E</styleUrl>
        <Point>
          <coordinates>
            110.367813,-7.82325,0
          </coordinates>
        </Point>
      </Placemark>
      <Placemark>
        <name>Jokteng Kulon</name>
        <description><![CDATA[3A _ Trans Jogja<br><br>Tujuan / Destination => Plengkung Gading - A<br><br><br>9 _ Trans Jogja<br><br>Tujuan / Destination => Plengkung Gading - A<br><br><br>11 _ Trans Jogja<br><br>Tujuan / Destination => Suryodiningratan - B]]></description>
        <styleUrl>#icon-seq2-1-121-1A237E</styleUrl>
        <Point>
          <coordinates>
            110.357346,-7.813247,0
          </coordinates>
        </Point>
      </Placemark>
      <Placemark>
        <name>Jokteng Wetan</name>
        <description><![CDATA[3B _ Trans Jogja<br><br>Tujuan / Destination => Plengkung Gading - B<br><br><br>9 _ Trans Jogja<br><br>Tujuan / Destination => Plengkung Gading - B]]></description>
        <styleUrl>#icon-seq2-1-122-1A237E</styleUrl>
        <Point>
          <coordinates>
            110.367221,-7.814656,0
          </coordinates>
        </Point>
      </Placemark>
      <Placemark>
        <name>Kantor Kal. Pendowoharjo - A</name>
        <description><![CDATA[15 _ Trans Jogja<br><br>Tujuan / Destination => Kantor Kesbangpol - A]]></description>
        <styleUrl>#icon-seq2-1-123-1A237E</styleUrl>
        <Point>
          <coordinates>
            110.339522,-7.86337,0
          </coordinates>
        </Point>
      </Placemark>
      <Placemark>
        <name>Kantor Kal. Pendowoharjo - B</name>
        <description><![CDATA[15 _ Trans Jogja<br><br>Tujuan / Destination => SMPN 2 Bantul - B]]></description>
        <styleUrl>#icon-seq2-1-124-1A237E</styleUrl>
        <Point>
          <coordinates>
            110.339503,-7.863685,0
          </coordinates>
        </Point>
      </Placemark>
      <Placemark>
        <name>Kantor Kal. Sidoarum - A</name>
        <description><![CDATA[13 _ Trans Jogja<br><br>Tujuan / Destination => Toko Saerah - A]]></description>
        <styleUrl>#icon-seq2-1-125-1A237E</styleUrl>
        <Point>
          <coordinates>
            110.325369,-7.775581,0
          </coordinates>
        </Point>
      </Placemark>
      <Placemark>
        <name>Kantor Kal. Sidoarum - B</name>
        <description><![CDATA[13 _ Trans Jogja<br><br>Tujuan / Destination => Simpang Bantulan - B]]></description>
        <styleUrl>#icon-seq2-1-126-1A237E</styleUrl>
        <Point>
          <coordinates>
            110.325265,-7.775609,0
          </coordinates>
        </Point>
      </Placemark>
      <Placemark>
        <name>Kantor Kal. Sukoharjo - A</name>
        <description><![CDATA[14 _Trans Jogja<br><br>Tujuan / Destination => SDN Selomulyo - A]]></description>
        <styleUrl>#icon-seq2-1-127-1A237E</styleUrl>
        <Point>
          <coordinates>
            110.425108,-7.703843,0
          </coordinates>
        </Point>
      </Placemark>
      <Placemark>
        <name>Kantor Kal. Sukoharjo - B</name>
        <description><![CDATA[14 _Trans Jogja<br><br>Tujuan / Destination => Lap. Klidon - B]]></description>
        <styleUrl>#icon-seq2-1-128-1A237E</styleUrl>
        <Point>
          <coordinates>
            110.425229,-7.703827,0
          </coordinates>
        </Point>
      </Placemark>
      <Placemark>
        <name>Kantor Kal. Wedomartani - A</name>
        <description><![CDATA[14 _Trans Jogja<br><br>Tujuan / Destination => Simpang Babadan - A]]></description>
        <styleUrl>#icon-seq2-1-129-1A237E</styleUrl>
        <Point>
          <coordinates>
            110.434826,-7.7315,0
          </coordinates>
        </Point>
      </Placemark>
      <Placemark>
        <name>Kantor Kal. Wedomartani - B</name>
        <description><![CDATA[14 _Trans Jogja<br><br>Tujuan / Destination => Indomaret Pokoh Sambiroto - B]]></description>
        <styleUrl>#icon-seq2-1-130-1A237E</styleUrl>
        <Point>
          <coordinates>
            110.434873,-7.7313,0
          </coordinates>
        </Point>
      </Placemark>
      <Placemark>
        <name>Kantor Kap. Bantul</name>
        <description><![CDATA[15 _ Trans Jogja<br><br>Tujuan / Destination => Pasar Bantul - B]]></description>
        <styleUrl>#icon-seq2-1-131-1A237E</styleUrl>
        <Point>
          <coordinates>
            110.331834,-7.883543,0
          </coordinates>
        </Point>
      </Placemark>
      <Placemark>
        <name>Kantor Kap. Godean - A</name>
        <description><![CDATA[13 _ Trans Jogja<br><br>Tujuan / Destination => Simpang Mandungan (Iwak Kalen) - A]]></description>
        <styleUrl>#icon-seq2-1-132-1A237E</styleUrl>
        <Point>
          <coordinates>
            110.300242,-7.769368,0
          </coordinates>
        </Point>
      </Placemark>
      <Placemark>
        <name>Kantor Kap. Godean - B</name>
        <description><![CDATA[13 _ Trans Jogja<br><br>Tujuan / Destination => Pasar Belut Godean - B]]></description>
        <styleUrl>#icon-seq2-1-133-1A237E</styleUrl>
        <Point>
          <coordinates>
            110.300143,-7.769385,0
          </coordinates>
        </Point>
      </Placemark>
      <Placemark>
        <name>Kantor Kap. Ngaglik</name>
        <description><![CDATA[12 _ Trans Jogja<br><br>Tujuan / Destination => Puskesmas Ngaglik - A]]></description>
        <styleUrl>#icon-seq2-1-134-1A237E</styleUrl>
        <Point>
          <coordinates>
            110.401272,-7.724102,0
          </coordinates>
        </Point>
      </Placemark>
      <Placemark>
        <name>Kantor Kesbangpol - A</name>
        <description><![CDATA[15 _ Trans Jogja<br><br>Tujuan / Destination => Simpang Kasongan - A]]></description>
        <styleUrl>#icon-seq2-1-135-1A237E</styleUrl>
        <Point>
          <coordinates>
            110.341402,-7.856324,0
          </coordinates>
        </Point>
      </Placemark>
      <Placemark>
        <name>Kantor Kesbangpol - B</name>
        <description><![CDATA[15 _ Trans Jogja<br><br>Tujuan / Destination => Kantor Kal. Pendowoharjo - B]]></description>
        <styleUrl>#icon-seq2-1-136-1A237E</styleUrl>
        <Point>
          <coordinates>
            110.34138,-7.856744,0
          </coordinates>
        </Point>
      </Placemark>
      <Placemark>
        <name>Kantor Pos Demak Ijo - A</name>
        <description><![CDATA[8 _ Trans Jogja<br><br>Tujuan / Destination => SDN 1 Demak Ijo - A<br><br><br>13 _ Trans Jogja<br><br>Tujuan / Destination => SDN 1 Demak Ijo - A]]></description>
        <styleUrl>#icon-seq2-1-137-1A237E</styleUrl>
        <Point>
          <coordinates>
            110.335961,-7.778029,0
          </coordinates>
        </Point>
      </Placemark>
      <Placemark>
        <name>Kantor Pos Demak Ijo - B</name>
        <description><![CDATA[8 _ Trans Jogja<br><br>Tujuan / Destination => Metro Nogotirto - B<br><br><br>13 _ Trans Jogja<br><br>Tujuan / Destination => Metro Nogotirto - B]]></description>
        <styleUrl>#icon-seq2-1-138-1A237E</styleUrl>
        <Point>
          <coordinates>
            110.33598,-7.778083,0
          </coordinates>
        </Point>
      </Placemark>
      <Placemark>
        <name>Kanwil DJPb</name>
        <description><![CDATA[1A _ Trans Jogja<br><br>Tujuan / Destination => Maguwo Sambilegi<br><br><br>1B _ Trans Jogja<br><br>Tujuan / Destination => Maguwo Sambilegi<br><br><br>3A _ Trans Jogja<br><br>Tujuan / Destination => Maguwo Sambilegi<br><br><br>5B _ Trans Jogja<br><br>Tujuan / Destination => Maguwo Sambilegi]]></description>
        <styleUrl>#icon-seq2-1-139-1A237E</styleUrl>
        <Point>
          <coordinates>
            110.423985,-7.783304,0
          </coordinates>
        </Point>
      </Placemark>
      <Placemark>
        <name>Karangjati - A</name>
        <description><![CDATA[2A _ Trans Jogja<br><br>Tujuan / Destination => Batas Kota Jll. Monjali - A]]></description>
        <styleUrl>#icon-seq2-1-140-1A237E</styleUrl>
        <Point>
          <coordinates>
            110.369243,-7.764031,0
          </coordinates>
        </Point>
      </Placemark>
      <Placemark>
        <name>Karangjati - B</name>
        <description><![CDATA[2B _ Trans Jogja<br><br>Tujuan / Destination => SPBU Monjali - B]]></description>
        <styleUrl>#icon-seq2-1-141-1A237E</styleUrl>
        <Point>
          <coordinates>
            110.369153,-7.764451,0
          </coordinates>
        </Point>
      </Placemark>
      <Placemark>
        <name>Karangwaru - A</name>
        <description><![CDATA[5A _ Trans Jogja<br><br>Tujuan / Destination => Borobudur Plaza<br><br><br>9 _ Trans Jogja<br><br>Tujuan / Destination => Jogja City Mall - A<br><br><br>L-1 _ Trans Jogja<br><br>Tujuan / Destination => Jogja City Mall - A]]></description>
        <styleUrl>#icon-seq2-1-142-1A237E</styleUrl>
        <Point>
          <coordinates>
            110.361327,-7.772261,0
          </coordinates>
        </Point>
      </Placemark>
      <Placemark>
        <name>Karangwaru - B</name>
        <description><![CDATA[5B _ Trans Jogja<br><br>Tujuan / Destination => TVRI- B<br><br><br>9 _ Trans Jogja<br><br>Tujuan / Destination => TVRI- B<br><br><br>L-1 _ Trans Jogja<br><br>Tujuan / Destination => TVRI- B]]></description>
        <styleUrl>#icon-seq2-1-143-1A237E</styleUrl>
        <Point>
          <coordinates>
            110.361309,-7.771269,0
          </coordinates>
        </Point>
      </Placemark>
      <Placemark>
        <name>Katamso</name>
        <description><![CDATA[2B _ Trans Jogja<br><br>Tujuan / Destination => Senopati - B]]></description>
        <styleUrl>#icon-seq2-1-144-1A237E</styleUrl>
        <Point>
          <coordinates>
            110.369215,-7.802722,0
          </coordinates>
        </Point>
      </Placemark>
      <Placemark>
        <name>Kehutanan - A</name>
        <description><![CDATA[2A _ Trans Jogja<br><br>Tujuan / Destination => Pilar<br><br><br>3A _ Trans Jogja<br><br>Tujuan / Destination => Pilar]]></description>
        <styleUrl>#icon-seq2-1-145-1A237E</styleUrl>
        <Point>
          <coordinates>
            110.401208,-7.81957,0
          </coordinates>
        </Point>
      </Placemark>
      <Placemark>
        <name>Kehutanan - B</name>
        <description><![CDATA[2B _ Trans Jogja<br><br>Tujuan / Destination => SMPN 9 - B<br><br><br>3B _ Trans Jogja<br><br>Tujuan / Destination => Pegadaian]]></description>
        <styleUrl>#icon-seq2-1-146-1A237E</styleUrl>
        <Point>
          <coordinates>
            110.401806,-7.818107,0
          </coordinates>
        </Point>
      </Placemark>
      <Placemark>
        <name>Kentungan</name>
        <description><![CDATA[2B _ Trans Jogja<br><br>Tujuan / Destination => Terminal Condongcatur<br><br><br>3B _ Trans Jogja<br><br>Tujuan / Destination => Terminal Condongcatur<br><br><br>4A _ Trans Jogja<br><br>Tujuan / Destination => Terminal Condongcatur<br><br><br>5B _ Trans Jogja<br><br>Tujuan / Destination => Terminal Condongcatur]]></description>
        <styleUrl>#icon-seq2-1-147-1A237E</styleUrl>
        <Point>
          <coordinates>
            110.384626,-7.756098,0
          </coordinates>
        </Point>
      </Placemark>
      <Placemark>
        <name>KHA Dahlan - A</name>
        <description><![CDATA[2B _ Trans Jogja<br><br>Tujuan / Destination => Ngabean<br><br><br>3A _ Trans Jogja<br><br>Tujuan / Destination => Ngabean<br><br><br>6 _ Trans Jogja<br><br>Tujuan / Destination => Ngabean<br><br><br>8 _ Trans Jogja<br><br>Tujuan / Destination => Ngabean<br><br><br>10 _ Trans Jogja<br><br>Tujuan / Destination => Ngabean<br><br><br>13 _ Trans Jogja<br><br>Tujuan / Destination => Ngabean<br><br><br>15 _ Trans Jogja<br><br>Tujuan / Destination => Ngabean]]></description>
        <styleUrl>#icon-seq2-1-148-1A237E</styleUrl>
        <Point>
          <coordinates>
            110.360133,-7.801281,0
          </coordinates>
        </Point>
      </Placemark>
      <Placemark>
        <name>KHA Dahlan - B</name>
        <description><![CDATA[1B _ Trans Jogja<br><br>Tujuan / Destination => Taman Pintar<br><br><br>3B _ Trans Jogja<br><br>Tujuan / Destination => Bhayangkara<br><br><br>6 _ Trans Jogja<br><br>Tujuan / Destination => Taman Pintar<br><br><br>8 _ Trans Jogja<br><br>Tujuan / Destination => Bhayangkara<br><br><br>10 _ Trans Jogja<br><br>Tujuan / Destination => Taman Pintar<br><br><br>15 _ Trans Jogja<br><br>Tujuan / Destination => Taman Pintar<br><br><br>EV2 _ Trans Jogja<br><br>Tujuan / Destination => Bhayangkara]]></description>
        <styleUrl>#icon-seq2-1-149-1A237E</styleUrl>
        <Point>
          <coordinates>
            110.360624,-7.801235,0
          </coordinates>
        </Point>
      </Placemark>
      <Placemark>
        <name>KKP Yogyakarta</name>
        <description><![CDATA[3A_ Trans Jogja<br><br>Tujuan / Destination => Disnakertrans - A<br><br><br>14 _ Trans Jogja<br><br>Tujuan / Destination => Disnakertrans - A]]></description>
        <styleUrl>#icon-seq2-1-150-1A237E</styleUrl>
        <Point>
          <coordinates>
            110.429895,-7.782053,0
          </coordinates>
        </Point>
      </Placemark>
      <Placemark>
        <name>Kledokan</name>
        <description><![CDATA[1B _ Trans Jogja<br><br>Tujuan / Destination => Pasar Angkasa]]></description>
        <styleUrl>#icon-seq2-1-151-1A237E</styleUrl>
        <Point>
          <coordinates>
            110.408542,-7.778325,0
          </coordinates>
        </Point>
      </Placemark>
      <Placemark>
        <name>Kompi Senapan-C</name>
        <description><![CDATA[8 _ Trans Jogja<br><br>Tujuan / Destination => Demak Ijo - B<br><br><br>13 _ Trans Jogja<br><br>Tujuan / Destination => Toko Saerah - B]]></description>
        <styleUrl>#icon-seq2-1-152-1A237E</styleUrl>
        <Point>
          <coordinates>
            110.332936,-7.777442,0
          </coordinates>
        </Point>
      </Placemark>
      <Placemark>
        <name>Kopma UGM</name>
        <description><![CDATA[3A _ Trans Jogja<br><br>Tujuan / Destination => SMPN 1 - B<br><br><br>4B _ Trans Jogja<br><br>Tujuan / Destination => MAN 1<br><br><br>12 _ Trans Jogja<br><br>Tujuan / Destination => Kosudgama]]></description>
        <styleUrl>#icon-seq2-1-153-1A237E</styleUrl>
        <Point>
          <coordinates>
            110.375122,-7.774326,0
          </coordinates>
        </Point>
      </Placemark>
      <Placemark>
        <name>Koramil Godean - A</name>
        <description><![CDATA[13 _ Trans Jogja<br><br>Tujuan / Destination => Polsek Godean - A]]></description>
        <styleUrl>#icon-seq2-1-154-1A237E</styleUrl>
        <Point>
          <coordinates>
            110.306856,-7.771013,0
          </coordinates>
        </Point>
      </Placemark>
      <Placemark>
        <name>Koramil Godean - B</name>
        <description><![CDATA[13 _ Trans Jogja<br><br>Tujuan / Destination => Simpang Mandungan (Iwak Kalen) - B]]></description>
        <styleUrl>#icon-seq2-1-155-1A237E</styleUrl>
        <Point>
          <coordinates>
            110.306813,-7.771067,0
          </coordinates>
        </Point>
      </Placemark>
      <Placemark>
        <name>Kosudgama</name>
        <description><![CDATA[2A _ Trans Jogja<br><br>Tujuan / Destination => UNY Colombo<br><br><br>12 _ Trans Jogja<br><br>Tujuan / Destination => UNY Colombo]]></description>
        <styleUrl>#icon-seq2-1-156-1A237E</styleUrl>
        <Point>
          <coordinates>
            110.37861,-7.77617,0
          </coordinates>
        </Point>
      </Placemark>
      <Placemark>
        <name>Kotabaru</name>
        <description><![CDATA[11 _ Trans Jogja<br> <br>Tujuan / Destination => Jend. Sudirman - A]]></description>
        <styleUrl>#icon-seq2-1-157-1A237E</styleUrl>
        <Point>
          <coordinates>
            110.3714,-7.78466,0
          </coordinates>
        </Point>
      </Placemark>
      <Placemark>
        <name>KPPN</name>
        <description><![CDATA[2A _ Trans Jogja<br><br>Tujuan / Destination => Among Rogo - A]]></description>
        <styleUrl>#icon-seq2-1-158-1A237E</styleUrl>
        <Point>
          <coordinates>
            110.384324,-7.801101,0
          </coordinates>
        </Point>
      </Placemark>
      <Placemark>
        <name>KR - A</name>
        <description><![CDATA[1A _ Trans Jogja<br><br>Tujuan / Destination => Bandara Adisutjipto]]></description>
        <styleUrl>#icon-seq2-1-159-1A237E</styleUrl>
        <Point>
          <coordinates>
            110.450503,-7.781692,0
          </coordinates>
        </Point>
      </Placemark>
      <Placemark>
        <name>KR - B</name>
        <description><![CDATA[1A _ Trans Jogja<br><br>Tujuan / Destination => BPD Kalasan]]></description>
        <styleUrl>#icon-seq2-1-160-1A237E</styleUrl>
        <Point>
          <coordinates>
            110.448723,-7.782554,0
          </coordinates>
        </Point>
      </Placemark>
      <Placemark>
        <name>Kricak</name>
        <description><![CDATA[5B _ Trans Jogja<br><br>Tujuan / Destination => Karangwaru - B<br><br><br>9 _ Trans Jogja<br><br>Tujuan / Destination => Karangwaru - B<br><br><br>L-1 _ Trans Jogja<br><br>Tujuan / Destination => Karangwaru - B]]></description>
        <styleUrl>#icon-seq2-1-161-1A237E</styleUrl>
        <Point>
          <coordinates>
            110.361168,-7.774326,0
          </coordinates>
        </Point>
      </Placemark>
      <Placemark>
        <name>Kridosono</name>
        <description><![CDATA[1A _ Trans Jogja<br><br>Tujuan / Destination => AA YKPN<br><br><br>2A _ Trans Jogja<br><br>Tujuan / Destination => UKDW<br><br><br>2B _ Trans Jogja<br><br>Tujuan / Destination => Lempuyangan<br><br><br>3A _ Trans Jogja<br><br>Tujuan / Destination => Eks Menara Kopi - B<br><br><br>4A _ Trans Jogja<br><br>Tujuan / Destination => UKDW<br><br><br>4B _ Trans Jogja<br><br>Tujuan / Destination => Lempuyangan<br><br><br>5A _ Trans Jogja<br><br>Tujuan / Destination => AA YKPN<br><br><br>5B _ Trans Jogja<br><br>Tujuan / Destination => Jl. Suroto<br><br><br>8 _ Trans Jogja<br><br>Tujuan / Destination => Eks Menara Kopi - B<br><br><br>10 _ Trans Jogja<br><br>Tujuan / Destination => Lempuyangan<br><br><br>11 _ Trans Jogja<br><br>Tujuan / Destination => Kotabaru<br><br><br>13 _ Trans Jogja<br><br>Tujuan / Destination => Eks Menara Kopi - B]]></description>
        <styleUrl>#icon-seq2-1-162-1A237E</styleUrl>
        <Point>
          <coordinates>
            110.375367,-7.787321,0
          </coordinates>
        </Point>
      </Placemark>
      <Placemark>
        <name>KS Tubun</name>
        <description><![CDATA[1B _ Trans Jogja<br><br>Tujuan / Destination => Ngabean]]></description>
        <styleUrl>#icon-seq2-1-163-1A237E</styleUrl>
        <Point>
          <coordinates>
            110.356412,-7.798692,0
          </coordinates>
        </Point>
      </Placemark>
      <Placemark>
        <name>KUA Depok - A</name>
        <description><![CDATA[14 _Trans Jogja<br><br>Tujuan / Destination => MAN 2 Sleman - A]]></description>
        <styleUrl>#icon-seq2-1-164-1A237E</styleUrl>
        <Point>
          <coordinates>
            110.433793,-7.755546,0
          </coordinates>
        </Point>
      </Placemark>
      <Placemark>
        <name>KUA Depok - B</name>
        <description><![CDATA[14 _Trans Jogja<br><br>Tujuan / Destination => SDN 1 Depok - B]]></description>
        <styleUrl>#icon-seq2-1-165-1A237E</styleUrl>
        <Point>
          <coordinates>
            110.433873,-7.755474,0
          </coordinates>
        </Point>
      </Placemark>
      <Placemark>
        <name>Lap. Karang - A</name>
        <description><![CDATA[3A _ Trans Jogja<br><br>Tujuan / Destination => SMA N 5]]></description>
        <styleUrl>#icon-seq2-1-166-1A237E</styleUrl>
        <Point>
          <coordinates>
            110.39653,-7.822379,0
          </coordinates>
        </Point>
      </Placemark>
      <Placemark>
        <name>Lap. Karang - B</name>
        <description><![CDATA[3B _ Trans Jogja<br><br>Tujuan / Destination => Tegal Gendu - B]]></description>
        <styleUrl>#icon-seq2-1-167-1A237E</styleUrl>
        <Point>
          <coordinates>
            110.396598,-7.822387,0
          </coordinates>
        </Point>
      </Placemark>
      <Placemark>
        <name>Lap. Kasihan - A</name>
        <description><![CDATA[6 _ Trans Jogja<br><br>Tujuan / Destination => Tamantirto - A]]></description>
        <styleUrl>#icon-seq2-1-168-1A237E</styleUrl>
        <Point>
          <coordinates>
            110.328143,-7.824988,0
          </coordinates>
        </Point>
      </Placemark>
      <Placemark>
        <name>Lap. Kasihan - B</name>
        <description><![CDATA[6 _ Trans Jogja<br><br>Tujuan / Destination => Simpang Diklat DIY - B]]></description>
        <styleUrl>#icon-seq2-1-169-1A237E</styleUrl>
        <Point>
          <coordinates>
            110.328992,-7.826238,0
          </coordinates>
        </Point>
      </Placemark>
      <Placemark>
        <name>Lap. Klidon - A</name>
        <description><![CDATA[14 _Trans Jogja<br><br>Tujuan / Destination => Kantor Kal. Sukoharjo - A]]></description>
        <styleUrl>#icon-seq2-1-170-1A237E</styleUrl>
        <Point>
          <coordinates>
            110.426571,-7.704223,0
          </coordinates>
        </Point>
      </Placemark>
      <Placemark>
        <name>Lap. Klidon - B</name>
        <description><![CDATA[14 _Trans Jogja<br><br>Tujuan / Destination => SPBU Mindi - B]]></description>
        <styleUrl>#icon-seq2-1-171-1A237E</styleUrl>
        <Point>
          <coordinates>
            110.426465,-7.704147,0
          </coordinates>
        </Point>
      </Placemark>
      <Placemark>
        <name>Lapas Wirogunan - A</name>
        <description><![CDATA[4A _ Trans Jogja<br><br>Tujuan / Destination => Pasar Sentul]]></description>
        <styleUrl>#icon-seq2-1-172-1A237E</styleUrl>
        <Point>
          <coordinates>
            110.378249,-7.803958,0
          </coordinates>
        </Point>
      </Placemark>
      <Placemark>
        <name>Lapas Wirogunan - B</name>
        <description><![CDATA[4B _ Trans Jogja<br><br>Tujuan / Destination => STSRD Visi Tamansiswa]]></description>
        <styleUrl>#icon-seq2-1-173-1A237E</styleUrl>
        <Point>
          <coordinates>
            110.378246,-7.804202,0
          </coordinates>
        </Point>
      </Placemark>
      <Placemark>
        <name>Lempuyangan</name>
        <description><![CDATA[2B _ Trans Jogja<br><br>Tujuan / Destination => Stasiun Lempuyangan<br><br><br>4B _ Trans Jogja<br><br>Tujuan / Destination => Hayam Wuruk - B<br><br><br>10 _ Trans Jogja<br><br>Tujuan / Destination => Stasiun Lempuyangan]]></description>
        <styleUrl>#icon-seq2-1-174-1A237E</styleUrl>
        <Point>
          <coordinates>
            110.373639,-7.790441,0
          </coordinates>
        </Point>
      </Placemark>
      <Placemark>
        <name>Letjen Suprapto</name>
        <description><![CDATA[1B _ Trans Jogja<br><br>Tujuan / Destination =>  SDN Gedong Tengen]]></description>
        <styleUrl>#icon-seq2-1-175-1A237E</styleUrl>
        <Point>
          <coordinates>
            110.357437,-7.790841,0
          </coordinates>
        </Point>
      </Placemark>
      <Placemark>
        <name>Lowanu - A</name>
        <description><![CDATA[3A_ Trans Jogja<br><br>Tujuan / Destination => UNU]]></description>
        <styleUrl>#icon-seq2-1-176-1A237E</styleUrl>
        <Point>
          <coordinates>
            110.376028,-7.81702,0
          </coordinates>
        </Point>
      </Placemark>
      <Placemark>
        <name>Lowanu - B</name>
        <description><![CDATA[3B _ Trans Jogja<br><br>Tujuan / Destination => Museum Perjuangan]]></description>
        <styleUrl>#icon-seq2-1-177-1A237E</styleUrl>
        <Point>
          <coordinates>
            110.376025,-7.816813,0
          </coordinates>
        </Point>
      </Placemark>
      <Placemark>
        <name>LPP</name>
        <description><![CDATA[1A _ Trans Jogja<br><br>Tujuan / Destination => Superindo Urip Sumoharjo<br><br><br>4B _ Trans Jogja<br><br>Tujuan / Destination => Superindo Urip Sumoharjo<br><br><br>5B _ Trans Jogja<br><br>Tujuan / Destination => Superindo Urip Sumoharjo]]></description>
        <styleUrl>#icon-seq2-1-178-1A237E</styleUrl>
        <Point>
          <coordinates>
            110.386137,-7.783111,0
          </coordinates>
        </Point>
      </Placemark>
      <Placemark>
        <name>Madukismo - A</name>
        <description><![CDATA[6 _ Trans Jogja<br><br>Tujuan / Destination => Simpang Diklat DIY - A]]></description>
        <styleUrl>#icon-seq2-1-179-1A237E</styleUrl>
        <Point>
          <coordinates>
            110.344337,-7.828778,0
          </coordinates>
        </Point>
      </Placemark>
      <Placemark>
        <name>Madukismo - B</name>
        <description><![CDATA[6 _ Trans Jogja<br><br>Tujuan / Destination => SMAN 1 Kasihan - B]]></description>
        <styleUrl>#icon-seq2-1-180-1A237E</styleUrl>
        <Point>
          <coordinates>
            110.344349,-7.828476,0
          </coordinates>
        </Point>
      </Placemark>
      <Placemark>
        <name>Maguwo Sambilegi</name>
        <description><![CDATA[1A _ Trans Jogja<br><br>Tujuan / Destination => Bandara Adisujtipto<br><br><br>1B _ Trans Jogja<br><br>Tujuan / Destination => Bandara Adisujtipto<br><br><br>3A _ Trans Jogja<br><br>Tujuan / Destination => Bandara Adisujtipto<br><br><br>3B _ Trans Jogja<br><br>Tujuan / Destination => Bandara Adisujtipto<br><br><br>5B _ Trans Jogja<br><br>Tujuan / Destination => Bandara Adisujtipto<br><br><br>14 _ Trans Jogja<br><br>Tujuan / Destination => Bandara Adisujtipto<br><br><br>EV1 _ Trans Jogja<br><br>Tujuan / Destination => Bandara Adisujtipto]]></description>
        <styleUrl>#icon-seq2-1-181-1A237E</styleUrl>
        <Point>
          <coordinates>
            110.430989,-7.783406,0
          </coordinates>
        </Point>
      </Placemark>
      <Placemark>
        <name>Makam Gajah - A</name>
        <description><![CDATA[1B _ Trans Jogja<br><br>Tujuan / Destination => SGM Kusumanegara - A<br><br><br>2B _ Trans Jogja<br><br>Tujuan / Destination => SGM Kusumanegara - A]]></description>
        <styleUrl>#icon-seq2-1-182-1A237E</styleUrl>
        <Point>
          <coordinates>
            110.387464,-7.801959,0
          </coordinates>
        </Point>
      </Placemark>
      <Placemark>
        <name>Makam Gajah - B</name>
        <description><![CDATA[1B_ Trans Jogja<br><br>Tujuan / Destination => Taman Makam Pahlawan - B<br><br><br>2A _ Trans Jogja<br><br>Tujuan / Destination => KPPN]]></description>
        <styleUrl>#icon-seq2-1-183-1A237E</styleUrl>
        <Point>
          <coordinates>
            110.387399,-7.801994,0
          </coordinates>
        </Point>
      </Placemark>
      <Placemark>
        <name>Makam Prajurit</name>
        <description><![CDATA[4A _ Trans Jogja<br><br>Tujuan / Destination => XT Square]]></description>
        <styleUrl>#icon-seq2-1-184-1A237E</styleUrl>
        <Point>
          <coordinates>
            110.387956,-7.807423,0
          </coordinates>
        </Point>
      </Placemark>
      <Placemark>
        <name>Makam Santrean</name>
        <description><![CDATA[2B _ Trans Jogja<br><br>Tujuan / Destination => Sanata Dharma<br><br><br>4A _ Trans Jogja<br><br>Tujuan / Destination => Sanata Dharma<br><br><br>12 _ Trans Jogja<br><br>Tujuan / Destination => Sanata Dharma]]></description>
        <styleUrl>#icon-seq2-1-185-1A237E</styleUrl>
        <Point>
          <coordinates>
            110.390693,-7.769621,0
          </coordinates>
        </Point>
      </Placemark>
      <Placemark>
        <name>Makam Sorogenen</name>
        <description><![CDATA[1A _ Trans Jogja<br><br>Tujuan / Destination => KR - B]]></description>
        <styleUrl>#icon-seq2-1-186-1A237E</styleUrl>
        <Point>
          <coordinates>
            110.441248,-7.783441,0
          </coordinates>
        </Point>
      </Placemark>
      <Placemark>
        <name>Malioboro 1</name>
        <description><![CDATA[1A _ Trans Jogja<br><br>Tujuan / Destination => Malioboro 2<br><br><br>2A _ Trans Jogja<br><br>Tujuan / Destination => Malioboro 2<br><br><br>3A _ Trans Jogja<br><br>Tujuan / Destination => Malioboro 2<br><br><br>6 _ Trans Jogja<br><br>Tujuan / Destination => Malioboro 2<br><br><br>8 _ Trans Jogja<br><br>Tujuan / Destination => Malioboro 2<br><br><br>10 _ Trans Jogja<br><br>Tujuan / Destination => Malioboro 2<br><br><br>13 _ Trans Jogja<br><br>Tujuan / Destination => Malioboro 2<br><br><br>15 _ Trans Jogja<br><br>Tujuan / Destination => Malioboro 2<br><br><br>L-1 _ Trans Jogja<br><br>Tujuan / Destination => Malioboro 2]]></description>
        <styleUrl>#icon-seq2-1-187-1A237E</styleUrl>
        <Point>
          <coordinates>
            110.366122,-7.790849,0
          </coordinates>
        </Point>
      </Placemark>
      <Placemark>
        <name>Malioboro 2</name>
        <description><![CDATA[1A _ Trans Jogja<br><br>Tujuan / Destination => Malioboro 3<br><br><br>2A _ Trans Jogja<br><br>Tujuan / Destination => Malioboro 3<br><br><br>3A _ Trans Jogja<br><br>Tujuan / Destination => Malioboro 3<br><br><br>6 _ Trans Jogja<br><br>Tujuan / Destination => Malioboro 3<br><br><br>8 _ Trans Jogja<br><br>Tujuan / Destination => Malioboro 3<br><br><br>10 _ Trans Jogja<br><br>Tujuan / Destination => Malioboro 3<br><br><br>13 _ Trans Jogja<br><br>Tujuan / Destination => Malioboro 3<br><br><br>15 _ Trans Jogja<br><br>Tujuan / Destination => Malioboro 3<br><br><br>L-1 _ Trans Jogja<br><br>Tujuan / Destination => Malioboro 3]]></description>
        <styleUrl>#icon-seq2-1-188-1A237E</styleUrl>
        <Point>
          <coordinates>
            110.365592,-7.795219,0
          </coordinates>
        </Point>
      </Placemark>
      <Placemark>
        <name>Malioboro 3</name>
        <description><![CDATA[1A _ Trans Jogja<br><br>Tujuan / Destination => Taman Pintar<br><br><br>2A _ Trans Jogja<br><br>Tujuan / Destination => Taman Pintar<br><br><br>3A _ Trans Jogja<br><br>Tujuan / Destination => KHA Dahlan - A<br><br><br>6 _ Trans Jogja<br><br>Tujuan / Destination => KHA Dahlan - A<br><br><br>8 _ Trans Jogja<br><br>Tujuan / Destination => KHA Dahlan - A<br><br><br>10 _ Trans Jogja<br><br>Tujuan / Destination => KHA Dahlan - A<br><br><br>13 _ Trans Jogja<br><br>Tujuan / Destination => KHA Dahlan - A<br><br><br>15 _ Trans Jogja<br><br>Tujuan / Destination => KHA Dahlan - A<br><br><br>L-1 _ Trans Jogja<br><br>Tujuan / Destination => Bhayangkara]]></description>
        <styleUrl>#icon-seq2-1-189-1A237E</styleUrl>
        <Point>
          <coordinates>
            110.364998,-7.7999,0
          </coordinates>
        </Point>
      </Placemark>
      <Placemark>
        <name>MAN 1</name>
        <description><![CDATA[4B _ Trans Jogja<br><br>Tujuan / Destination => PDIN]]></description>
        <styleUrl>#icon-seq2-1-190-1A237E</styleUrl>
        <Point>
          <coordinates>
            110.373921,-7.777133,0
          </coordinates>
        </Point>
      </Placemark>
      <Placemark>
        <name>MAN 2 Sleman - A</name>
        <description><![CDATA[14 _Trans Jogja<br><br>Tujuan / Destination => UNRIYO - A]]></description>
        <styleUrl>#icon-seq2-1-191-1A237E</styleUrl>
        <Point>
          <coordinates>
            110.434549,-7.75038,0
          </coordinates>
        </Point>
      </Placemark>
      <Placemark>
        <name>MAN 2 Sleman - B</name>
        <description><![CDATA[14 _Trans Jogja<br><br>Tujuan / Destination => KUA Depok - B]]></description>
        <styleUrl>#icon-seq2-1-192-1A237E</styleUrl>
        <Point>
          <coordinates>
            110.434589,-7.750414,0
          </coordinates>
        </Point>
      </Placemark>
      <Placemark>
        <name>Mandala Krida - A</name>
        <description><![CDATA[2A _ Trans Jogja<br><br>Tujuan / Destination => SMP Kanisius Gayam - A]]></description>
        <styleUrl>#icon-seq2-1-193-1A237E</styleUrl>
        <Point>
          <coordinates>
            110.383219,-7.797506,0
          </coordinates>
        </Point>
      </Placemark>
      <Placemark>
        <name>Mandala Krida - B</name>
        <description><![CDATA[2B _ Trans Jogja<br><br>Tujuan / Destination => Among Rogo - B]]></description>
        <styleUrl>#icon-seq2-1-194-1A237E</styleUrl>
        <Point>
          <coordinates>
            110.383346,-7.797481,0
          </coordinates>
        </Point>
      </Placemark>
      <Placemark>
        <name>Manggung</name>
        <description><![CDATA[2A _ Trans Jogja<br><br>Tujuan / Destination => Monjali - B<br><br><br>3A _ Trans Jogja<br><br>Tujuan / Destination => Hokben Jakal - A<br><br><br>4B _ Trans Jogja<br><br>Tujuan / Destination => Hokben Jakal - A<br><br><br>5A _ Trans Jogja<br><br>Tujuan / Destination => Hokben Jakal - A]]></description>
        <styleUrl>#icon-seq2-1-195-1A237E</styleUrl>
        <Point>
          <coordinates>
            110.386465,-7.758049,0
          </coordinates>
        </Point>
      </Placemark>
      <Placemark>
        <name>Mangkubumi 1</name>
        <description><![CDATA[1A _ Trans Jogja<br><br>Tujuan / Destination => Mangkubumi 2<br><br><br>2A _ Trans Jogja<br><br>Tujuan / Destination => Mangkubumi 2<br><br><br>8 _ Trans Jogja<br><br>Tujuan / Destination => Mangkubumi 2<br><br><br>L-1 _ Trans Jogja<br><br>Tujuan / Destination => Mangkubumi 2]]></description>
        <styleUrl>#icon-seq2-1-196-1A237E</styleUrl>
        <Point>
          <coordinates>
            110.366863,-7.784763,0
          </coordinates>
        </Point>
      </Placemark>
      <Placemark>
        <name>Mangkubumi 2</name>
        <description><![CDATA[1A _ Trans Jogja<br><br>Tujuan / Destination => Malioboro 1<br><br><br>2A _ Trans Jogja<br><br>Tujuan / Destination => Malioboro 1<br><br><br>8 _ Trans Jogja<br><br>Tujuan / Destination => Eks Menara Kopi - A<br><br><br>L-1 _ Trans Jogja<br><br>Tujuan / Destination => Eks Menara Kopi - A]]></description>
        <styleUrl>#icon-seq2-1-197-1A237E</styleUrl>
        <Point>
          <coordinates>
            110.3665,-7.787674,0
          </coordinates>
        </Point>
      </Placemark>
      <Placemark>
        <name>McD</name>
        <description><![CDATA[8 _ Trans Jogja<br><br>Tujuan / Destination => Mirota Godean - A<br><br><br>13 _ Trans Jogja<br><br>Tujuan / Destination => Mirota Godean - A]]></description>
        <styleUrl>#icon-seq2-1-198-1A237E</styleUrl>
        <Point>
          <coordinates>
            110.34209,-7.779392,0
          </coordinates>
        </Point>
      </Placemark>
      <Placemark>
        <name>McD Jakal</name>
        <description><![CDATA[3A _ Trans Jogja<br><br>Tujuan / Destination => Biologi UGM<br><br><br>4B _ Trans Jogja<br><br>Tujuan / Destination => Biologi UGM<br><br><br>5A _ Trans Jogja<br><br>Tujuan / Destination => FKG UGM - B<br><br><br>12 _ Trans Jogja<br><br>Tujuan / Destination => Biologi UGM]]></description>
        <styleUrl>#icon-seq2-1-199-1A237E</styleUrl>
        <Point>
          <coordinates>
            110.379895,-7.76278,0
          </coordinates>
        </Point>
      </Placemark>
      <Placemark>
        <name>Metro Nogotirto - A</name>
        <description><![CDATA[8 _ Trans Jogja<br><br>Tujuan / Destination => Kantor Pos Demak Ijo - A<br><br><br>13 _ Trans Jogja<br><br>Tujuan / Destination => Kantor Pos Demak Ijo - A]]></description>
        <styleUrl>#icon-seq2-1-200-1A237E</styleUrl>
        <Point>
          <coordinates>
            110.334364,-7.777692,0
          </coordinates>
        </Point>
      </Placemark>
      <Placemark>
        <name>Metro Nogotirto - B</name>
        <description><![CDATA[8 _ Trans Jogja<br><br>Tujuan / Destination => Kompi Senapan-C<br><br><br>13 _ Trans Jogja<br><br>Tujuan / Destination => Kompi Senapan-C]]></description>
        <styleUrl>#icon-seq2-1-201-1A237E</styleUrl>
        <Point>
          <coordinates>
            110.334347,-7.777731,0
          </coordinates>
        </Point>
      </Placemark>
      <Placemark>
        <name>Mirota Babarsari</name>
        <description><![CDATA[1A _ Trans Jogja<br><br>Tujuan / Destination => Transmart<br><br><br>1B _ Trans Jogja<br><br>Tujuan / Destination => Transmart<br><br><br>3A _Trans Jogja<br><br>Tujuan / Destination => Transmart<br><br><br>5B _ Trans Jogja<br><br>Tujuan / Destination => Transmart]]></description>
        <styleUrl>#icon-seq2-1-202-1A237E</styleUrl>
        <Point>
          <coordinates>
            110.414843,-7.78326,0
          </coordinates>
        </Point>
      </Placemark>
      <Placemark>
        <name>Mirota Godean - A</name>
        <description><![CDATA[8 _ Trans Jogja<br><br>Tujuan / Destination => BKD - A<br><br><br>13 _ Trans Jogja<br><br>Tujuan / Destination => BKD - A]]></description>
        <styleUrl>#icon-seq2-1-203-1A237E</styleUrl>
        <Point>
          <coordinates>
            110.349717,-7.781082,0
          </coordinates>
        </Point>
      </Placemark>
      <Placemark>
        <name>Mirota Godean - B</name>
        <description><![CDATA[8 _ Trans Jogja<br><br>Tujuan / Destination => Dentes Godean<br><br><br>13 _ Trans Jogja<br><br>Tujuan / Destination => Dentes Godean]]></description>
        <styleUrl>#icon-seq2-1-204-1A237E</styleUrl>
        <Point>
          <coordinates>
            110.350373,-7.781257,0
          </coordinates>
        </Point>
      </Placemark>
      <Placemark>
        <name>MM UGM</name>
        <description><![CDATA[3B _ Trans Jogja<br><br>Tujuan / Destination => Hotel Vidi<br><br><br>4A _ Trans Jogja<br><br>Tujuan / Destination => Polsek Bulaksumur - A<br><br><br>12 _ Trans Jogja<br><br>Tujuan / Destination => Hotel Vidi]]></description>
        <styleUrl>#icon-seq2-1-205-1A237E</styleUrl>
        <Point>
          <coordinates>
            110.377002,-7.76502,0
          </coordinates>
        </Point>
      </Placemark>
      <Placemark>
        <name>MMTC Yogyakarta</name>
        <description><![CDATA[5B _ Trans Jogja<br><br>Tujuan / Destination => Terminal Jombor<br><br><br>9 _ Trans Jogja<br><br>Tujuan / Destination => Terminal Jombor<br><br><br>L-1 _ Trans Jogja<br><br>Tujuan / Destination => Terminal Jombor]]></description>
        <styleUrl>#icon-seq2-1-206-1A237E</styleUrl>
        <Point>
          <coordinates>
            110.362263,-7.750655,0
          </coordinates>
        </Point>
      </Placemark>
      <Placemark>
        <name>Monjali - A</name>
        <description><![CDATA[2A _ Trans Jogja<br><br>Tujuan / Destination => PDAM Monjali - A<br><br><br>2B _ Trans Jogja<br><br>Tujuan / Destination => Kentungan<br><br><br>5B _ Trans Jogja<br><br>Tujuan / Destination => PDAM Monjali - A]]></description>
        <styleUrl>#icon-seq2-1-207-1A237E</styleUrl>
        <Point>
          <coordinates>
            110.367625,-7.750564,0
          </coordinates>
        </Point>
      </Placemark>
      <Placemark>
        <name>Monjali - B</name>
        <description><![CDATA[2A _ Trans Jogja<br><br>Tujuan / Destination => Terminal Jombor<br><br><br>2B _ Trans Jogja<br><br>Tujuan / Destination => Terminal Jombor<br> <br><br>5A _ Trans Jogja<br><br>Tujuan / Destination => Terminal Jombor]]></description>
        <styleUrl>#icon-seq2-1-208-1A237E</styleUrl>
        <Point>
          <coordinates>
            110.36875,-7.750797,0
          </coordinates>
        </Point>
      </Placemark>
      <Placemark>
        <name>Mualimin - A</name>
        <description><![CDATA[6 _ Trans Jogja<br><br>Tujuan / Destination => Tejokusuman<br> <br><br>10 _ Trans Jogja<br><br>Tujuan / Destination => Tejokusuman]]></description>
        <styleUrl>#icon-seq2-1-209-1A237E</styleUrl>
        <Point>
          <coordinates>
            110.350951,-7.807875,0
          </coordinates>
        </Point>
      </Placemark>
      <Placemark>
        <name>Mualimin - B</name>
        <description><![CDATA[6 _ Trans Jogja<br><br>Tujuan / Destination => Pasar Legi - A<br><br><br>10 _ Trans Jogja<br><br>Tujuan / Destination => SMA Muh 3]]></description>
        <styleUrl>#icon-seq2-1-210-1A237E</styleUrl>
        <Point>
          <coordinates>
            110.352263,-7.808111,0
          </coordinates>
        </Point>
      </Placemark>
      <Placemark>
        <name>Museum Bahari</name>
        <description><![CDATA[10 _ Trans Jogja<br><br>Tujuan / Destination => Bayeman - B]]></description>
        <styleUrl>#icon-seq2-1-211-1A237E</styleUrl>
        <Point>
          <coordinates>
            110.349279,-7.800978,0
          </coordinates>
        </Point>
      </Placemark>
      <Placemark>
        <name>Museum Biologi</name>
        <description><![CDATA[1B _ Trans Jogja<br><br>Tujuan / Destination => Senopati - B<br><br><br>4A _ Trans Jogja<br><br>Tujuan / Destination => Hayam Wuruk - A]]></description>
        <styleUrl>#icon-seq2-1-212-1A237E</styleUrl>
        <Point>
          <coordinates>
            110.37415,-7.801629,0
          </coordinates>
        </Point>
      </Placemark>
      <Placemark>
        <name>Museum Perjuangan</name>
        <description><![CDATA[2B _ Trans Jogja<br><br>Tujuan / Destination => Purawisata - B<br><br><br>3B _ Trans Jogja<br><br>Tujuan / Destination => Jokteng Wetan]]></description>
        <styleUrl>#icon-seq2-1-213-1A237E</styleUrl>
        <Point>
          <coordinates>
            110.371858,-7.815141,0
          </coordinates>
        </Point>
      </Placemark>
      <Placemark>
        <name>Neutron Godean - A</name>
        <description><![CDATA[13 _ Trans Jogja<br><br>Tujuan / Destination => Indomaret Klajuran - A]]></description>
        <styleUrl>#icon-seq2-1-214-1A237E</styleUrl>
        <Point>
          <coordinates>
            110.310305,-7.771875,0
          </coordinates>
        </Point>
      </Placemark>
      <Placemark>
        <name>Neutron Godean - B</name>
        <description><![CDATA[13 _ Trans Jogja<br><br>Tujuan / Destination => Polsek Godean - B]]></description>
        <styleUrl>#icon-seq2-1-215-1A237E</styleUrl>
        <Point>
          <coordinates>
            110.310489,-7.771992,0
          </coordinates>
        </Point>
      </Placemark>
      <Placemark>
        <name>Ngabean</name>
        <description><![CDATA[1B _ Trans Jogja<br><br>Tujuan / Destination => KHA Dahlan - B<br><br><br>2B _ Trans Jogja<br><br>Tujuan / Destination => Pasar Serangann - A<br><br><br>3A _ Trans Jogja<br><br>Tujuan / Destination => Tamansari<br><br><br>3B _ Trans Jogja<br><br>Tujuan / Destination => KHA Dahlan - B<br><br><br>6 _ Trans Jogja<br><br>Tujuan / Destination => KHA Dahlan - B<br><br><br>6 _ Trans Jogja<br><br>Tujuan / Destination => Mualimin - B<br><br><br>8 _ Trans Jogja<br><br>Tujuan / Destination => KHA Dahlan - B<br><br><br>9 _ Trans Jogja<br><br>Tujuan / Destination => Pasar Serangan - A<br><br><br>9 _ Trans Jogja<br><br>Tujuan / Destination => Tamansari<br><br><br>10 _ Trans Jogja<br><br>Tujuan / Destination => KHA Dahlan - B<br><br><br>10 _ Trans Jogja<br><br>Tujuan / Destination => Mualimin - B<br><br><br>11 _ Trans Jogja<br><br>Tujuan / Destination => Pasar Serangan - A<br><br><br>11 _ Trans Jogja<br><br>Tujuan / Destination => Tamansari<br><br><br>13 _ Trans Jogja<br><br>Tujuan / Destination => Pasar Serangan - A<br><br><br>15_ Trans Jogja<br><br>Tujuan / Destination => KHA Dahlan - B<br><br><br>15_ Trans Jogja<br><br>Tujuan / Destination => Tamansari]]></description>
        <styleUrl>#icon-seq2-1-216-1A237E</styleUrl>
        <Point>
          <coordinates>
            110.356236,-7.803719,0
          </coordinates>
        </Point>
      </Placemark>
      <Placemark>
        <name>Nitikan</name>
        <description><![CDATA[3B _ Trans Jogja<br><br>Tujuan / Destination => Widya Wiwaha - B]]></description>
        <styleUrl>#icon-seq2-1-217-1A237E</styleUrl>
        <Point>
          <coordinates>
            110.379983,-7.824797,0
          </coordinates>
        </Point>
      </Placemark>
      <Placemark>
        <name>Nogosaren</name>
        <description><![CDATA[8 _ Trans Jogja<br><br>Tujuan / Destination => Universitas Aisyiyah]]></description>
        <styleUrl>#icon-seq2-1-218-1A237E</styleUrl>
        <Point>
          <coordinates>
            110.33326,-7.772096,0
          </coordinates>
        </Point>
      </Placemark>
      <Placemark>
        <name>Nyutran Tamansiswa</name>
        <description><![CDATA[4A _ Trans Jogja<br><br>Tujuan / Destination => Lapas Wirogunan - A]]></description>
        <styleUrl>#icon-seq2-1-219-1A237E</styleUrl>
        <Point>
          <coordinates>
            110.376957,-7.810933,0
          </coordinates>
        </Point>
      </Placemark>
      <Placemark>
        <name>Olive Glagahsari</name>
        <description><![CDATA[4B _ Trans Jogja<br><br>Tujuan / Destination => SGM Kusumanegara - A]]></description>
        <styleUrl>#icon-seq2-1-220-1A237E</styleUrl>
        <Point>
          <coordinates>
            110.388758,-7.804195,0
          </coordinates>
        </Point>
      </Placemark>
      <Placemark>
        <name>Ombudsman</name>
        <description><![CDATA[2A _ Trans Jogja<br><br>Tujuan / Destination => Santren<br><br><br>4B _ Trans Jogja<br><br>Tujuan / Destination => Santren<br><br><br>12 _ Trans Jogja<br><br>Tujuan / Destination => Santren]]></description>
        <styleUrl>#icon-seq2-1-221-1A237E</styleUrl>
        <Point>
          <coordinates>
            110.390705,-7.769336,0
          </coordinates>
        </Point>
      </Placemark>
      <Placemark>
        <name>Pakualaman</name>
        <description><![CDATA[1B _ Trans Jogja<br><br>Tujuan / Destination => Taman Makam Pahlawan - A<br><br><br>4B _ Trans Jogja<br><br>Tujuan / Destination => Taman Makam Pahlawan - A]]></description>
        <styleUrl>#icon-seq2-1-222-1A237E</styleUrl>
        <Point>
          <coordinates>
            110.375769,-7.801649,0
          </coordinates>
        </Point>
      </Placemark>
      <Placemark>
        <name>Pakuwon Mall - A</name>
        <description><![CDATA[3A _ Trans Jogja<br><br>Tujuan / Destination => Terminal Condongcatur<br><br><br>5A _ Trans Jogja<br><br>Tujuan / Destination => Terminal Condongcatur]]></description>
        <styleUrl>#icon-seq2-1-223-1A237E</styleUrl>
        <Point>
          <coordinates>
            110.399478,-7.758157,0
          </coordinates>
        </Point>
      </Placemark>
      <Placemark>
        <name>Pakuwon Mall - B</name>
        <description><![CDATA[3B _ Trans Jogja<br><br>Tujuan / Destination => RS JIH<br><br><br>5B _ Trans Jogja<br><br>Tujuan / Destination => RS JIH]]></description>
        <styleUrl>#icon-seq2-1-224-1A237E</styleUrl>
        <Point>
          <coordinates>
            110.398639,-7.758039,0
          </coordinates>
        </Point>
      </Placemark>
      <Placemark>
        <name>Pandeyan</name>
        <description><![CDATA[4B _ Trans Jogja<br><br>Tujuan / Destination => UTY Glagahsari - B]]></description>
        <styleUrl>#icon-seq2-1-225-1A237E</styleUrl>
        <Point>
          <coordinates>
            110.386402,-7.815783,0
          </coordinates>
        </Point>
      </Placemark>
      <Placemark>
        <name>Park and Ride Gamping</name>
        <description><![CDATA[6 _ Trans Jogja<br><br>! -- BERANGKAT / DEPARTURE -- ! <br><br>Tujuan / Destination => PKU Gamping<br><br><br>10 _ Trans Jogja<br><br>! -- BERANGKAT / DEPARTURE -- ! <br><br>Tujuan / Destination => PKU Gamping]]></description>
        <styleUrl>#icon-seq2-1-226-1A237E</styleUrl>
        <Point>
          <coordinates>
            110.314878,-7.802454,0
          </coordinates>
        </Point>
      </Placemark>
      <Placemark>
        <name>Pasar Angkasa</name>
        <description><![CDATA[1B _ Trans Jogja<br><br>Tujuan / Destination => RS HArdjolukito<br><br><br>3B _ Trans Jogja<br><br>Tujuan / Destination => RS HArdjolukito]]></description>
        <styleUrl>#icon-seq2-1-227-1A237E</styleUrl>
        <Point>
          <coordinates>
            110.410169,-7.791715,0
          </coordinates>
        </Point>
      </Placemark>
      <Placemark>
        <name>Pasar Bantul - A</name>
        <description><![CDATA[15 _ Trans Jogja<br><br>Tujuan / Destination => BRI Bantul]]></description>
        <styleUrl>#icon-seq2-1-228-1A237E</styleUrl>
        <Point>
          <coordinates>
            110.331045,-7.885246,0
          </coordinates>
        </Point>
      </Placemark>
      <Placemark>
        <name>Pasar Bantul - B</name>
        <description><![CDATA[15 _ Trans Jogja<br><br>Tujuan / Destination => Eks Stasiun Bantul]]></description>
        <styleUrl>#icon-seq2-1-229-1A237E</styleUrl>
        <Point>
          <coordinates>
            110.331198,-7.88512,0
          </coordinates>
        </Point>
      </Placemark>
      <Placemark>
        <name>Pasar Belut Godean - A</name>
        <description><![CDATA[13 _ Trans Jogja<br><br>Tujuan / Destination => Kantor Kap. Godean - A]]></description>
        <styleUrl>#icon-seq2-1-230-1A237E</styleUrl>
        <Point>
          <coordinates>
            110.293594,-7.767518,0
          </coordinates>
        </Point>
      </Placemark>
      <Placemark>
        <name>Pasar Belut Godean - B</name>
        <description><![CDATA[13 _ Trans Jogja<br><br>Tujuan / Destination => Pasar Induk Godean - B]]></description>
        <styleUrl>#icon-seq2-1-231-1A237E</styleUrl>
        <Point>
          <coordinates>
            110.293532,-7.767528,0
          </coordinates>
        </Point>
      </Placemark>
      <Placemark>
        <name>Pasar Demangan</name>
        <description><![CDATA[4A - Trans Jogja<br><br>Tujuan / Destination => Demangan]]></description>
        <styleUrl>#icon-seq2-1-232-1A237E</styleUrl>
        <Point>
          <coordinates>
            110.3884,-7.779526,0
          </coordinates>
        </Point>
      </Placemark>
      <Placemark>
        <name>Pasar Gamping - A</name>
        <description><![CDATA[6 _ Trans Jogja<br><br>Tujuan / Destination => Universitas BSI - B<br><br><br>10 _ Trans Jogja<br><br>Tujuan / Destination => Pelem Gurih - A]]></description>
        <styleUrl>#icon-seq2-1-233-1A237E</styleUrl>
        <Point>
          <coordinates>
            110.323811,-7.800627,0
          </coordinates>
        </Point>
      </Placemark>
      <Placemark>
        <name>Pasar Gamping - B</name>
        <description><![CDATA[6 _ Trans Jogja<br><br>Tujuan / Destination => BPD Gamping<br><br><br>10 _ Trans Jogja<br><br>Tujuan / Destination => BPD Gamping]]></description>
        <styleUrl>#icon-seq2-1-234-1A237E</styleUrl>
        <Point>
          <coordinates>
            110.323551,-7.800742,0
          </coordinates>
        </Point>
      </Placemark>
      <Placemark>
        <name>Pasar Giwangan - A</name>
        <description><![CDATA[3A _ Trans Jogja<br><br>Tujuan / Destination => Gudang SGM - A<br><br><br>3B _ Trans Jogja<br><br>Tujuan / Destination => Gudang SGM - A<br><br><br>4A _ Trans Jogja<br><br>Tujuan / Destination => Gudang SGM - A<br><br><br>4B _ Trans Jogja<br><br>Tujuan / Destination => Gudang SGM - A]]></description>
        <styleUrl>#icon-seq2-1-235-1A237E</styleUrl>
        <Point>
          <coordinates>
            110.390009,-7.831511,0
          </coordinates>
        </Point>
      </Placemark>
      <Placemark>
        <name>Pasar Giwangan - B</name>
        <description><![CDATA[3A _ Trans Jogja<br><br>Tujuan / Destination => Terminal Giwangan<br><br><br>3B _ Trans Jogja<br><br>Tujuan / Destination => Terminal Giwangan<br><br><br>4A _ Trans Jogja<br><br>Tujuan / Destination => Terminal Giwangan<br><br><br>4B _ Trans Jogja<br><br>Tujuan / Destination => Terminal Giwangan]]></description>
        <styleUrl>#icon-seq2-1-236-1A237E</styleUrl>
        <Point>
          <coordinates>
            110.390199,-7.832482,0
          </coordinates>
        </Point>
      </Placemark>
      <Placemark>
        <name>Pasar Induk Godean - A</name>
        <description><![CDATA[13 _ Trans Jogja<br><br>Tujuan / Destination => Pasar Belut Godean - A]]></description>
        <styleUrl>#icon-seq2-1-237-1A237E</styleUrl>
        <Point>
          <coordinates>
            110.290631,-7.766515,0
          </coordinates>
        </Point>
      </Placemark>
      <Placemark>
        <name>Pasar Induk Godean - B</name>
        <description><![CDATA[13 _ Trans Jogja<br><br>Tujuan / Destination => SMPN 1 Godean]]></description>
        <styleUrl>#icon-seq2-1-238-1A237E</styleUrl>
        <Point>
          <coordinates>
            110.290483,-7.766511,0
          </coordinates>
        </Point>
      </Placemark>
      <Placemark>
        <name>Pasar Jangkang - A</name>
        <description><![CDATA[14 _Trans Jogja<br><br>Tujuan / Destination => Puskesmas Ngemplak - A]]></description>
        <styleUrl>#icon-seq2-1-239-1A237E</styleUrl>
        <Point>
          <coordinates>
            110.447333,-7.702111,0
          </coordinates>
        </Point>
      </Placemark>
      <Placemark>
        <name>Pasar Jangkang - B</name>
        <description><![CDATA[14 _Trans Jogja<br><br>Tujuan / Destination => Simpang Kenti - B]]></description>
        <styleUrl>#icon-seq2-1-240-1A237E</styleUrl>
        <Point>
          <coordinates>
            110.447423,-7.702046,0
          </coordinates>
        </Point>
      </Placemark>
      <Placemark>
        <name>Pasar Kalasan -  B</name>
        <description><![CDATA[1A _ Trans Jogja<br><br>Tujuan / Destination => RS Bhayangkara - B]]></description>
        <styleUrl>#icon-seq2-1-241-1A237E</styleUrl>
        <Point>
          <coordinates>
            110.468993,-7.769913,0
          </coordinates>
        </Point>
      </Placemark>
      <Placemark>
        <name>Pasar Kalasan - A</name>
        <description><![CDATA[1A _ Trans Jogja<br><br>Tujuan / Destination => Cupuwatu]]></description>
        <styleUrl>#icon-seq2-1-242-1A237E</styleUrl>
        <Point>
          <coordinates>
            110.469632,-7.769382,0
          </coordinates>
        </Point>
      </Placemark>
      <Placemark>
        <name>Pasar Kolombo - A</name>
        <description><![CDATA[12 _ Trans Jogja<br><br>Tujuan / Destination => Gardu PLN - A]]></description>
        <styleUrl>#icon-seq2-1-243-1A237E</styleUrl>
        <Point>
          <coordinates>
            110.388874,-7.745353,0
          </coordinates>
        </Point>
      </Placemark>
      <Placemark>
        <name>Pasar Kolombo - B</name>
        <description><![CDATA[12 _ Trans Jogja<br><br>Tujuan / Destination => Superindo Jakal - B]]></description>
        <styleUrl>#icon-seq2-1-244-1A237E</styleUrl>
        <Point>
          <coordinates>
            110.389318,-7.744656,0
          </coordinates>
        </Point>
      </Placemark>
      <Placemark>
        <name>Pasar Kranggan Selatan</name>
        <description><![CDATA[3B _ Trans Jogja<br><br>Tujuan / Destination => Jend. Sudirman - B<br><br><br>8 _ Trans Jogja<br><br>Tujuan / Destination => Jend. Sudirman - B<br><br><br>11 _ Trans Jogja<br><br>Tujuan / Destination => Jend. Sudirman - B<br><br><br>13 _ Trans Jogja<br><br>Tujuan / Destination => Jend. Sudirman - B<br><br><br>L-1 _ Trans Jogja<br><br>Tujuan / Destination => Mangkubumi 1]]></description>
        <styleUrl>#icon-seq2-1-245-1A237E</styleUrl>
        <Point>
          <coordinates>
            110.365659,-7.782845,0
          </coordinates>
        </Point>
      </Placemark>
      <Placemark>
        <name>Pasar Kranggan Timur</name>
        <description><![CDATA[2A _ Trans Jogja<br><br>Tujuan / Destination => Mangkubumi 1]]></description>
        <styleUrl>#icon-seq2-1-246-1A237E</styleUrl>
        <Point>
          <coordinates>
            110.367235,-7.781839,0
          </coordinates>
        </Point>
      </Placemark>
      <Placemark>
        <name>Pasar Legi - A</name>
        <description><![CDATA[6 _ Trans Jogja<br><br>Tujuan / Destination => SMK Seni - A]]></description>
        <styleUrl>#icon-seq2-1-247-1A237E</styleUrl>
        <Point>
          <coordinates>
            110.350094,-7.809109,0
          </coordinates>
        </Point>
      </Placemark>
      <Placemark>
        <name>Pasar Legi - B</name>
        <description><![CDATA[6 _ Trans Jogja<br><br>Tujuan / Destination => Mualimin - A]]></description>
        <styleUrl>#icon-seq2-1-248-1A237E</styleUrl>
        <Point>
          <coordinates>
            110.349652,-7.810946,0
          </coordinates>
        </Point>
      </Placemark>
      <Placemark>
        <name>Pasar Lempuyangan</name>
        <description><![CDATA[4A _ Trans Jogja<br><br>Tujuan / Destination => Stasiun Lempuyangan]]></description>
        <styleUrl>#icon-seq2-1-249-1A237E</styleUrl>
        <Point>
          <coordinates>
            110.373477,-7.792419,0
          </coordinates>
        </Point>
      </Placemark>
      <Placemark>
        <name>Pasar Niten - A</name>
        <description><![CDATA[15 _ Trans Jogja<br><br>Tujuan / Destination => Dongkelan - A]]></description>
        <styleUrl>#icon-seq2-1-250-1A237E</styleUrl>
        <Point>
          <coordinates>
            110.350526,-7.838792,0
          </coordinates>
        </Point>
      </Placemark>
      <Placemark>
        <name>Pasar Niten - B</name>
        <description><![CDATA[15 _ Trans Jogja<br> <br>Tujuan / Destination => Simpang Kasongan - B]]></description>
        <styleUrl>#icon-seq2-1-251-1A237E</styleUrl>
        <Point>
          <coordinates>
            110.351179,-7.838113,0
          </coordinates>
        </Point>
      </Placemark>
      <Placemark>
        <name>Pasar Pathuk</name>
        <description><![CDATA[3B _ Trans Jogja<br><br>Tujuan / Destination => Sosrowijayan<br><br><br>8 _ Trans Jogja<br><br>Tujuan / Destination => Sosrowijayan<br><br><br>L-1 _ Trans Jogja<br><br>Tujuan / Destination => Sosrowijayan]]></description>
        <styleUrl>#icon-seq2-1-252-1A237E</styleUrl>
        <Point>
          <coordinates>
            110.361866,-7.795994,0
          </coordinates>
        </Point>
      </Placemark>
      <Placemark>
        <name>Pasar Pingit - A</name>
        <description><![CDATA[8 _ Trans Jogja<br><br>Tujuan / Destination => Pasar Kranggan Selatan<br><br><br>13 _ Trans Jogja<br><br>Tujuan / Destination => Pasar Kranggan Selatan]]></description>
        <styleUrl>#icon-seq2-1-253-1A237E</styleUrl>
        <Point>
          <coordinates>
            110.358762,-7.782809,0
          </coordinates>
        </Point>
      </Placemark>
      <Placemark>
        <name>Pasar Pingit - B</name>
        <description><![CDATA[8 _ Trans Jogja<br><br>Tujuan / Destination => BKD - B]]></description>
        <styleUrl>#icon-seq2-1-254-1A237E</styleUrl>
        <Point>
          <coordinates>
            110.359101,-7.782882,0
          </coordinates>
        </Point>
      </Placemark>
      <Placemark>
        <name>Pasar Sentul</name>
        <description><![CDATA[1B _ Trans Jogja<br><br>Tujuan / Destination => Museum Biologi<br><br><br>4A _ Trans Jogja<br><br>Tujuan / Destination => Museum Biologi]]></description>
        <styleUrl>#icon-seq2-1-255-1A237E</styleUrl>
        <Point>
          <coordinates>
            110.37677,-7.801717,0
          </coordinates>
        </Point>
      </Placemark>
      <Placemark>
        <name>Pasar Sepeda</name>
        <description><![CDATA[2B _ Trans Jogja<br><br>Tujuan / Destination => Museum Perjuangan<br><br><br>4A _ Trans Jogja<br><br>Tujuan / Destination => Nyutran Tamansiswa]]></description>
        <styleUrl>#icon-seq2-1-256-1A237E</styleUrl>
        <Point>
          <coordinates>
            110.380364,-7.816358,0
          </coordinates>
        </Point>
      </Placemark>
      <Placemark>
        <name>Pasar Serangan - A</name>
        <description><![CDATA[2B _ Trans Jogja<br><br>Tujuan / Destination => SMAN 1 - A<br><br><br>9 _ Trans Jogja<br><br>Tujuan / Destination => SMAN 1 - A<br><br><br>11 _ Trans Jogja<br><br>Tujuan / Destination => SMAN 1 - A<br><br><br>13 _ Trans Jogja<br><br>Tujuan / Destination => SMAN 1 - A]]></description>
        <styleUrl>#icon-seq2-1-257-1A237E</styleUrl>
        <Point>
          <coordinates>
            110.354235,-7.801112,0
          </coordinates>
        </Point>
      </Placemark>
      <Placemark>
        <name>Pasar Serangan - B</name>
        <description><![CDATA[9 _ Trans Jogja<br><br>Tujuan / Destination => Ngabean<br><br><br>11 _ Trans Jogja<br><br>Tujuan / Destination => Ngabean]]></description>
        <styleUrl>#icon-seq2-1-258-1A237E</styleUrl>
        <Point>
          <coordinates>
            110.353184,-7.800998,0
          </coordinates>
        </Point>
      </Placemark>
      <Placemark>
        <name>Pasar Telo - A</name>
        <description><![CDATA[11 _ Trans Jogja<br><br>Tujuan / Destination => Jogokariyan - A]]></description>
        <styleUrl>#icon-seq2-1-259-1A237E</styleUrl>
        <Point>
          <coordinates>
            110.373324,-7.824382,0
          </coordinates>
        </Point>
      </Placemark>
      <Placemark>
        <name>Pasar Telo - B</name>
        <description><![CDATA[11 _ Trans Jogja<br><br>Tujuan / Destination => Wojo (Randubellang) - B]]></description>
        <styleUrl>#icon-seq2-1-260-1A237E</styleUrl>
        <Point>
          <coordinates>
            110.37347,-7.825692,0
          </coordinates>
        </Point>
      </Placemark>
      <Placemark>
        <name>Pasar Tlogorejo - A</name>
        <description><![CDATA[8 _ Trans Jogja<br><br>Tujuan / Destination => McD<br><br><br>13 _ Trans Jogja<br><br>Tujuan / Destination => McD]]></description>
        <styleUrl>#icon-seq2-1-261-1A237E</styleUrl>
        <Point>
          <coordinates>
            110.339471,-7.778808,0
          </coordinates>
        </Point>
      </Placemark>
      <Placemark>
        <name>Pasar Tlogorejo - B</name>
        <description><![CDATA[8 _ Trans Jogja<br><br>Tujuan / Destination => SDN 1 Demak Ijo - B<br><br><br>13 _ Trans Jogja<br><br>Tujuan / Destination => SDN 1 Demak Ijo - B]]></description>
        <styleUrl>#icon-seq2-1-262-1A237E</styleUrl>
        <Point>
          <coordinates>
            110.339326,-7.778812,0
          </coordinates>
        </Point>
      </Placemark>
      <Placemark>
        <name>Pasty - A</name>
        <description><![CDATA[15 _ Trans Jogja<br><br>Tujuan / Destination => Dukuh - A]]></description>
        <styleUrl>#icon-seq2-1-263-1A237E</styleUrl>
        <Point>
          <coordinates>
            110.354483,-7.825689,0
          </coordinates>
        </Point>
      </Placemark>
      <Placemark>
        <name>Pasty - B</name>
        <description><![CDATA[15 _ Trans Jogja<br><br>Tujuan / Destination => Dongkelan - B]]></description>
        <styleUrl>#icon-seq2-1-264-1A237E</styleUrl>
        <Point>
          <coordinates>
            110.354505,-7.825767,0
          </coordinates>
        </Point>
      </Placemark>
      <Placemark>
        <name>PDAM Monjali - A</name>
        <description><![CDATA[2A _ Trans Jogja<br><br>Tujuan / Destination => SPBU Monjali - A<br><br><br>5B _ Trans Jogja<br><br>Tujuan / Destination => SPBU Monjali - A]]></description>
        <styleUrl>#icon-seq2-1-265-1A237E</styleUrl>
        <Point>
          <coordinates>
            110.369905,-7.75602,0
          </coordinates>
        </Point>
      </Placemark>
      <Placemark>
        <name>PDAM Monjali - B</name>
        <description><![CDATA[2B _ Trans Jogja<br><br>Tujuan / Destination => Monjali - B<br><br><br>5A _ Trans Jogja<br><br>Tujuan / Destination => Monjali - B]]></description>
        <styleUrl>#icon-seq2-1-266-1A237E</styleUrl>
        <Point>
          <coordinates>
            110.369861,-7.755727,0
          </coordinates>
        </Point>
      </Placemark>
      <Placemark>
        <name>PDIN</name>
        <description><![CDATA[4B _ Trans Jogja<br><br>Tujuan / Destination => Bulog]]></description>
        <styleUrl>#icon-seq2-1-267-1A237E</styleUrl>
        <Point>
          <coordinates>
            110.372528,-7.782019,0
          </coordinates>
        </Point>
      </Placemark>
      <Placemark>
        <name>Pegadaian</name>
        <description><![CDATA[3B _ Trans Jogja<br><br>Tujuan / Destination => Lap. Karang - B]]></description>
        <styleUrl>#icon-seq2-1-268-1A237E</styleUrl>
        <Point>
          <coordinates>
            110.400174,-7.822774,0
          </coordinates>
        </Point>
      </Placemark>
      <Placemark>
        <name>Pelem Gurih - A</name>
        <description><![CDATA[10 _ Trans Jogja<br><br>Tujuan / Destination => Bayeman - A]]></description>
        <styleUrl>#icon-seq2-1-269-1A237E</styleUrl>
        <Point>
          <coordinates>
            110.330616,-7.799896,0
          </coordinates>
        </Point>
      </Placemark>
      <Placemark>
        <name>Pelem Gurih - B</name>
        <description><![CDATA[10 _ Trans Jogja<br><br>Tujuan / Destination => Pasar Gamping - B]]></description>
        <styleUrl>#icon-seq2-1-270-1A237E</styleUrl>
        <Point>
          <coordinates>
            110.330738,-7.799983,0
          </coordinates>
        </Point>
      </Placemark>
      <Placemark>
        <name>Perintis Kemerdekaan - A</name>
        <description><![CDATA[2A _ Trans Jogja<br><br>Tujuan / Destination => Diklat PU]]></description>
        <styleUrl>#icon-seq2-1-271-1A237E</styleUrl>
        <Point>
          <coordinates>
            110.392283,-7.818329,0
          </coordinates>
        </Point>
      </Placemark>
      <Placemark>
        <name>Perintis Kemerdekaan - B</name>
        <description><![CDATA[2B _ Trans Jogja<br><br>Tujuan / Destination => Gambiran - B]]></description>
        <styleUrl>#icon-seq2-1-272-1A237E</styleUrl>
        <Point>
          <coordinates>
            110.391932,-7.818311,0
          </coordinates>
        </Point>
      </Placemark>
      <Placemark>
        <name>Perumahan Nogotirto</name>
        <description><![CDATA[8 _ Trans Jogja<br><br>Tujuan / Destination => Demak Ijo - A]]></description>
        <styleUrl>#icon-seq2-1-273-1A237E</styleUrl>
        <Point>
          <coordinates>
            110.336155,-7.763689,0
          </coordinates>
        </Point>
      </Placemark>
      <Placemark>
        <name>Pilar</name>
        <description><![CDATA[2A _ Trans Jogja<br><br>Tujuan / Destination => Banguntapan - A<br><br><br>3A _ Trans Jogja<br><br>Tujuan / Destination => Banguntapan - A]]></description>
        <styleUrl>#icon-seq2-1-274-1A237E</styleUrl>
        <Point>
          <coordinates>
            110.402084,-7.813484,0
          </coordinates>
        </Point>
      </Placemark>
      <Placemark>
        <name>PKU Gamping</name>
        <description><![CDATA[6 _ Trans Jogja<br><br>Tujuan / Destination => Pasar Gamping - A<br><br><br>10 _ Trans Jogja<br><br>Tujuan / Destination => Pasar Gamping - A]]></description>
        <styleUrl>#icon-seq2-1-275-1A237E</styleUrl>
        <Point>
          <coordinates>
            110.31679,-7.80188,0
          </coordinates>
        </Point>
      </Placemark>
      <Placemark>
        <name>Plaza UNY</name>
        <description><![CDATA[2A _ Trans Jogja<br><br>Tujuan / Destination => Ombudsman<br><br><br>4B _ Trans Jogja<br><br>Tujuan / Destination => Ombudsman<br><br><br>12 _ Trans Jogja<br><br>Tujuan / Destination => Ombudsman]]></description>
        <styleUrl>#icon-seq2-1-276-1A237E</styleUrl>
        <Point>
          <coordinates>
            110.38914,-7.775144,0
          </coordinates>
        </Point>
      </Placemark>
      <Placemark>
        <name>Plengkung Gading - A</name>
        <description><![CDATA[3A _ Trans Jogja<br><br>Tujuan / Destination => Pujokusuman<br><br><br>9 _ Trans Jogja<br><br>Tujuan / Destination => Hotel Noola]]></description>
        <styleUrl>#icon-seq2-1-277-1A237E</styleUrl>
        <Point>
          <coordinates>
            110.363901,-7.814171,0
          </coordinates>
        </Point>
      </Placemark>
      <Placemark>
        <name>Plengkung Gading - B</name>
        <description><![CDATA[3B _ Trans Jogja<br><br>Tujuan / Destination => SMAN 7<br><br><br>9 _ Trans Jogja<br><br>Tujuan / Destination => SMAN 7]]></description>
        <styleUrl>#icon-seq2-1-278-1A237E</styleUrl>
        <Point>
          <coordinates>
            110.364307,-7.814256,0
          </coordinates>
        </Point>
      </Placemark>
      <Placemark>
        <name>Polres Bantul</name>
        <description><![CDATA[15 _ Trans Jogja<br><br>Tujuan / Destination => Simpang Gose - B]]></description>
        <styleUrl>#icon-seq2-1-279-1A237E</styleUrl>
        <Point>
          <coordinates>
            110.326512,-7.889805,0
          </coordinates>
        </Point>
      </Placemark>
      <Placemark>
        <name>Polsek Depok Timur - A</name>
        <description><![CDATA[3A _ Trans Jogja<br><br>Tujuan / Destination => UPN Veteran]]></description>
        <styleUrl>#icon-seq2-1-280-1A237E</styleUrl>
        <Point>
          <coordinates>
            110.415507,-7.762567,0
          </coordinates>
        </Point>
      </Placemark>
      <Placemark>
        <name>Polsek Depok Timur - B</name>
        <description><![CDATA[3B _ Trans Jogja<br><br>Tujuan / Destination => Instiper - B]]></description>
        <styleUrl>#icon-seq2-1-281-1A237E</styleUrl>
        <Point>
          <coordinates>
            110.415258,-7.762394,0
          </coordinates>
        </Point>
      </Placemark>
      <Placemark>
        <name>Polsek Godean - A</name>
        <description><![CDATA[13 _ Trans Jogja<br><br>Tujuan / Destination => Neutron Godean - A]]></description>
        <styleUrl>#icon-seq2-1-282-1A237E</styleUrl>
        <Point>
          <coordinates>
            110.30907,-7.771561,0
          </coordinates>
        </Point>
      </Placemark>
      <Placemark>
        <name>Polsek Godean - B</name>
        <description><![CDATA[13 _ Trans Jogja<br><br>Tujuan / Destination => Koramil Godean - B]]></description>
        <styleUrl>#icon-seq2-1-283-1A237E</styleUrl>
        <Point>
          <coordinates>
            110.309006,-7.771609,0
          </coordinates>
        </Point>
      </Placemark>
      <Placemark>
        <name>Polsek Umbulharjo</name>
        <description><![CDATA[4A _ Trans Jogja<br><br>Tujuan / Destination => UAD Jl. Pramuka<br><br><br>4B _ Trans Jogja<br><br>Tujuan / Destination => UAD Jl. Pramuka]]></description>
        <styleUrl>#icon-seq2-1-284-1A237E</styleUrl>
        <Point>
          <coordinates>
            110.385101,-7.816996,0
          </coordinates>
        </Point>
      </Placemark>
      <Placemark>
        <name>Poltekkes BSI</name>
        <description><![CDATA[2B _ Trans Jogja<br><br>Tujuan / Destination => Kehutanan - B<br><br><br>3B _ Trans Jogja<br><br>Tujuan / Destination => Kehutanan - B]]></description>
        <styleUrl>#icon-seq2-1-285-1A237E</styleUrl>
        <Point>
          <coordinates>
            110.402114,-7.814373,0
          </coordinates>
        </Point>
      </Placemark>
      <Placemark>
        <name>Pramuka</name>
        <description><![CDATA[4A _ Trans Jogja<br><br>Tujuan / Destination => Pasar Sepeda<br><br><br>4B _ Trans Jogja<br><br>Tujuan / Destination => Pandeyan]]></description>
        <styleUrl>#icon-seq2-1-286-1A237E</styleUrl>
        <Point>
          <coordinates>
            110.387374,-7.818518,0
          </coordinates>
        </Point>
      </Placemark>
      <Placemark>
        <name>Prayan - A</name>
        <description><![CDATA[2A _ Trans Jogja<br><br>Tujuan / Destination => SPBU Concat - A<br><br><br>4B _ Trans Jogja<br><br>Tujuan / Destination => SPBU Concat - A<br><br><br>12 _ Trans Jogja<br><br>Tujuan / Destination => SPBU Concat - A]]></description>
        <styleUrl>#icon-seq2-1-287-1A237E</styleUrl>
        <Point>
          <coordinates>
            110.393585,-7.763473,0
          </coordinates>
        </Point>
      </Placemark>
      <Placemark>
        <name>Prayan - B</name>
        <description><![CDATA[2B _ Trans Jogja<br><br>Tujuan / Destination => Susteran Novisiat<br><br><br>4A _ Trans Jogja<br><br>Tujuan / Destination => Susteran Novisiat<br><br><br>12 _ Trans Jogja<br><br>Tujuan / Destination => Susteran Novisiat]]></description>
        <styleUrl>#icon-seq2-1-288-1A237E</styleUrl>
        <Point>
          <coordinates>
            110.393637,-7.763576,0
          </coordinates>
        </Point>
      </Placemark>
      <Placemark>
        <name>Progo</name>
        <description><![CDATA[1A _ Trans Jogja<br><br>Tujuan / Destination => Jl. Mataram<br><br><br>1B _ Trans Jogja<br><br>Tujuan / Destination => Jl. Mataram<br><br><br>6 _ Trans Jogja<br><br>Tujuan / Destination => Jl. Mataram<br><br><br>10 _ Trans Jogja<br><br>Tujuan / Destination => Jl. Mataram<br><br><br>15 _ Trans Jogja<br><br>Tujuan / Destination => Jl. Mataram]]></description>
        <styleUrl>#icon-seq2-1-289-1A237E</styleUrl>
        <Point>
          <coordinates>
            110.369306,-7.798033,0
          </coordinates>
        </Point>
      </Placemark>
      <Placemark>
        <name>Pujokusuman</name>
        <description><![CDATA[2A _ Trans Jogja<br><br>Tujuan / Destination => STIE Kerjasama<br><br><br>3A _ Trans Jogja<br><br>Tujuan / Destination => Lowanu - A]]></description>
        <styleUrl>#icon-seq2-1-290-1A237E</styleUrl>
        <Point>
          <coordinates>
            110.37006,-7.814821,0
          </coordinates>
        </Point>
      </Placemark>
      <Placemark>
        <name>Purawisata - A</name>
        <description><![CDATA[2A _ Trans Jogja<br><br>Tujuan / Destination => SDN Kintelan 1]]></description>
        <styleUrl>#icon-seq2-1-291-1A237E</styleUrl>
        <Point>
          <coordinates>
            110.369129,-7.80877,0
          </coordinates>
        </Point>
      </Placemark>
      <Placemark>
        <name>Purawisata - B</name>
        <description><![CDATA[2B _ Trans Jogja<br><br>Tujuan / Destination => Katamso]]></description>
        <styleUrl>#icon-seq2-1-292-1A237E</styleUrl>
        <Point>
          <coordinates>
            110.3691,-7.808122,0
          </coordinates>
        </Point>
      </Placemark>
      <Placemark>
        <name>Puskesmas Ngaglik - A</name>
        <description><![CDATA[12 _ Trans Jogja<br><br>Tujuan / Destination => SMPN 2 Ngaglik - A]]></description>
        <styleUrl>#icon-seq2-1-293-1A237E</styleUrl>
        <Point>
          <coordinates>
            110.402556,-7.721894,0
          </coordinates>
        </Point>
      </Placemark>
      <Placemark>
        <name>Puskesmas Ngaglik - B</name>
        <description><![CDATA[12 _ Trans Jogja<br><br>Tujuan / Destination => TK BIAS]]></description>
        <styleUrl>#icon-seq2-1-294-1A237E</styleUrl>
        <Point>
          <coordinates>
            110.402523,-7.722028,0
          </coordinates>
        </Point>
      </Placemark>
      <Placemark>
        <name>Puskesmas Ngemplak - A</name>
        <description><![CDATA[14 _Trans Jogja<br><br>Tujuan / Destination => Tugu Batas Desa Yapah - A]]></description>
        <styleUrl>#icon-seq2-1-295-1A237E</styleUrl>
        <Point>
          <coordinates>
            110.444678,-7.702928,0
          </coordinates>
        </Point>
      </Placemark>
      <Placemark>
        <name>Puskesmas Ngemplak - B</name>
        <description><![CDATA[14 _Trans Jogja<br><br>Tujuan / Destination => Pasar Jangkang - B]]></description>
        <styleUrl>#icon-seq2-1-296-1A237E</styleUrl>
        <Point>
          <coordinates>
            110.444545,-7.702951,0
          </coordinates>
        </Point>
      </Placemark>
      <Placemark>
        <name>Raminten - A</name>
        <description><![CDATA[12 _ Trans Jogja<br><br>Tujuan / Destination => Dusun Kledokan - A<br><br><br>14 _ Trans Jogja<br><br>Tujuan / Destination => Dusun Kledokan - A]]></description>
        <styleUrl>#icon-seq2-1-297-1A237E</styleUrl>
        <Point>
          <coordinates>
            110.417261,-7.675976,0
          </coordinates>
        </Point>
      </Placemark>
      <Placemark>
        <name>Raminten - B</name>
        <description><![CDATA[12 _ Trans Jogja<br><br>Tujuan / Destination => Simpang Degolan - B<br><br><br>14 _ Trans Jogja<br><br>Tujuan / Destination => Simpang Degolan - B]]></description>
        <styleUrl>#icon-seq2-1-298-1A237E</styleUrl>
        <Point>
          <coordinates>
            110.417309,-7.67615,0
          </coordinates>
        </Point>
      </Placemark>
      <Placemark>
        <name>RRI Gejayan</name>
        <description><![CDATA[4B _ Trans Jogja<br><br>Tujuan / Destination => Plaza UNY]]></description>
        <styleUrl>#icon-seq2-1-299-1A237E</styleUrl>
        <Point>
          <coordinates>
            110.388322,-7.779508,0
          </coordinates>
        </Point>
      </Placemark>
      <Placemark>
        <name>RS Bethesda</name>
        <description><![CDATA[1A _ Trans Jogja<br><br>Tujuan / Destination => Jend. Sudirman - A<br><br><br>2A _ Trans Jogja<br><br>Tujuan / Destination => Dr. Yap<br><br><br>4A _ Trans Jogja<br><br>Tujuan / Destination => Dr. Yap<br><br><br>5B _ Trans Jogja<br><br>Tujuan / Destination => Bulog]]></description>
        <styleUrl>#icon-seq2-1-300-1A237E</styleUrl>
        <Point>
          <coordinates>
            110.378017,-7.783037,0
          </coordinates>
        </Point>
      </Placemark>
      <Placemark>
        <name>RS Bhayangkara - A</name>
        <description><![CDATA[1A _ Trans Jogja<br><br>Tujuan / Destination => Pasar Kalasan - A]]></description>
        <styleUrl>#icon-seq2-1-301-1A237E</styleUrl>
        <Point>
          <coordinates>
            110.47151,-7.767202,0
          </coordinates>
        </Point>
      </Placemark>
      <Placemark>
        <name>RS Bhayangkara - B</name>
        <description><![CDATA[1A _ Trans Jogja<br><br>Tujuan / Destination => Edotel Kalasan - B]]></description>
        <styleUrl>#icon-seq2-1-302-1A237E</styleUrl>
        <Point>
          <coordinates>
            110.471743,-7.766719,0
          </coordinates>
        </Point>
      </Placemark>
      <Placemark>
        <name>RS Hardjolukito</name>
        <description><![CDATA[1B _ Trans Jogja<br><br>Tujuan / Destination => Wonocatur<br><br><br>3B _ Trans Jogja<br><br>Tujuan / Destination => Wonocatur]]></description>
        <styleUrl>#icon-seq2-1-303-1A237E</styleUrl>
        <Point>
          <coordinates>
            110.41002,-7.797367,0
          </coordinates>
        </Point>
      </Placemark>
      <Placemark>
        <name>RS Hidayatullah</name>
        <description><![CDATA[2A _ Trans Jogja<br><br>Tujuan / Destination => Gambiran - A]]></description>
        <styleUrl>#icon-seq2-1-304-1A237E</styleUrl>
        <Point>
          <coordinates>
            110.387793,-7.815604,0
          </coordinates>
        </Point>
      </Placemark>
      <Placemark>
        <name>RS JIH</name>
        <description><![CDATA[3B _ Trans Jogja<br><br>Tujuan / Destination => Stikes Guna Bangsa<br> <br><br>5B _ Trans Jogja<br><br>Tujuan / Destination => Stikes Guna Bangsa]]></description>
        <styleUrl>#icon-seq2-1-305-1A237E</styleUrl>
        <Point>
          <coordinates>
            110.403075,-7.758875,0
          </coordinates>
        </Point>
      </Placemark>
      <Placemark>
        <name>RS Kemasan - A</name>
        <description><![CDATA[14 _Trans Jogja<br><br>Tujuan / Destination => Simpang Kenti - A]]></description>
        <styleUrl>#icon-seq2-1-306-1A237E</styleUrl>
        <Point>
          <coordinates>
            110.448042,-7.713281,0
          </coordinates>
        </Point>
      </Placemark>
      <Placemark>
        <name>RS Kemasan - B</name>
        <description><![CDATA[14 _Trans Jogja<br><br>Tujuan / Destination => Jl. Raya Kabunan - B]]></description>
        <styleUrl>#icon-seq2-1-307-1A237E</styleUrl>
        <Point>
          <coordinates>
            110.447797,-7.713733,0
          </coordinates>
        </Point>
      </Placemark>
      <Placemark>
        <name>RS Panti Nugroho</name>
        <description><![CDATA[12 _ Trans Jogja<br><br>Tujuan / Destination => Terminal Pakem<br><br><br>14 _ Trans Jogja<br><br>Tujuan / Destination => Terminal Pakem]]></description>
        <styleUrl>#icon-seq2-1-308-1A237E</styleUrl>
        <Point>
          <coordinates>
            110.417594,-7.669267,0
          </coordinates>
        </Point>
      </Placemark>
      <Placemark>
        <name>RS Panti Rapih</name>
        <description><![CDATA[2B _ Trans Jogja<br><br>Tujuan / Destination => SMPN 1 - B<br><br><br>4A _ Trans Jogja<br><br>Tujuan / Destination => SMPN 1 - B<br><br><br>12 _ Trans Jogja<br><br>Tujuan / Destination => Vokasi UGM]]></description>
        <styleUrl>#icon-seq2-1-309-1A237E</styleUrl>
        <Point>
          <coordinates>
            110.37822,-7.776251,0
          </coordinates>
        </Point>
      </Placemark>
      <Placemark>
        <name>RS Sardjito - A</name>
        <description><![CDATA[3A _ Trans Jogja<br><br>Tujuan / Destination => FKG UGM - A<br><br><br>4B _ Trans Jogja<br><br>Tujuan / Destination => FKG UGM - A<br><br><br>5B_ Trans Jogja<br><br>Tujuan / Destination => FKG UGM - A<br><br><br>12 _ Trans Jogja<br><br>Tujuan / Destination => FKG UGM - A]]></description>
        <styleUrl>#icon-seq2-1-310-1A237E</styleUrl>
        <Point>
          <coordinates>
            110.374276,-7.767817,0
          </coordinates>
        </Point>
      </Placemark>
      <Placemark>
        <name>RS Sardjito - B</name>
        <description><![CDATA[3B _ Trans Jogja<br><br>Tujuan / Destination => MM UGM<br><br><br>4A _ Trans Jogja<br><br>Tujuan / Destination => MM UGM<br><br><br>5A _ Trans Jogja<br><br>Tujuan / Destination => Teknik UGM - A<br><br><br>12 _ Trans Jogja<br><br>Tujuan / Destination => MM UGM]]></description>
        <styleUrl>#icon-seq2-1-311-1A237E</styleUrl>
        <Point>
          <coordinates>
            110.374213,-7.767811,0
          </coordinates>
        </Point>
      </Placemark>
      <Placemark>
        <name>RSU Gramedika - A</name>
        <description><![CDATA[14 _Trans Jogja<br><br>Tujuan / Destination => Simpang Besi Jakal - A]]></description>
        <styleUrl>#icon-seq2-1-312-1A237E</styleUrl>
        <Point>
          <coordinates>
            110.416987,-7.70113,0
          </coordinates>
        </Point>
      </Placemark>
      <Placemark>
        <name>RSU Gramedika - B</name>
        <description><![CDATA[14 _Trans Jogja<br><br>Tujuan / Destination => SDN Selomulyo - B]]></description>
        <styleUrl>#icon-seq2-1-313-1A237E</styleUrl>
        <Point>
          <coordinates>
            110.416992,-7.701092,0
          </coordinates>
        </Point>
      </Placemark>
      <Placemark>
        <name>Ruba Graha - A</name>
        <description><![CDATA[11 _ Trans Jogja<br><br>Tujuan / Destination => Suryodiningratan - A]]></description>
        <styleUrl>#icon-seq2-1-314-1A237E</styleUrl>
        <Point>
          <coordinates>
            110.361994,-7.820883,0
          </coordinates>
        </Point>
      </Placemark>
      <Placemark>
        <name>Ruba Graha - B</name>
        <description><![CDATA[11 _ Trans Jogja<br><br>Tujuan / Destination => Jogokariyan - B]]></description>
        <styleUrl>#icon-seq2-1-315-1A237E</styleUrl>
        <Point>
          <coordinates>
            110.362233,-7.82089,0
          </coordinates>
        </Point>
      </Placemark>
      <Placemark>
        <name>Sahid J-Walk</name>
        <description><![CDATA[1B _ Trans Jogja<br><br>Tujuan / Destination => Dishub DIY - A<br><br><br>5A _ Trans Jogja<br><br>Tujuan / Destination => Dishub DIY - A]]></description>
        <styleUrl>#icon-seq2-1-316-1A237E</styleUrl>
        <Point>
          <coordinates>
            110.414697,-7.779567,0
          </coordinates>
        </Point>
      </Placemark>
      <Placemark>
        <name>Samirono</name>
        <description><![CDATA[2B _ Trans Jogja<br><br>Tujuan / Destination => Kosudgama - B<br><br><br>12 _ Trans Jogja<br><br>Tujuan / Destination => Kosudgama - B]]></description>
        <styleUrl>#icon-seq2-1-317-1A237E</styleUrl>
        <Point>
          <coordinates>
            110.387512,-7.777646,0
          </coordinates>
        </Point>
      </Placemark>
      <Placemark>
        <name>Samsat</name>
        <description><![CDATA[9 _ Trans Jogja<br><br>Tujuan / Destination => Saudagaran<br><br><br>11 _ Trans Jogja<br><br>Tujuan / Destination => Saudagaran]]></description>
        <styleUrl>#icon-seq2-1-318-1A237E</styleUrl>
        <Point>
          <coordinates>
            110.359764,-7.787165,0
          </coordinates>
        </Point>
      </Placemark>
      <Placemark>
        <name>Sanata Dharma</name>
        <description><![CDATA[2B _ Trans Jogja<br><br>Tujuan / Destination => Samirono<br><br><br>4A - Trans Jogja<br><br>Tujuan / Destination => Pasar Demangan<br><br><br>12 _ Trans Jogja<br><br>Tujuan / Destination => Samirono]]></description>
        <styleUrl>#icon-seq2-1-319-1A237E</styleUrl>
        <Point>
          <coordinates>
            110.389249,-7.775083,0
          </coordinates>
        </Point>
      </Placemark>
      <Placemark>
        <name>Santren</name>
        <description><![CDATA[2A _ Trans Jogja<br><br>Tujuan / Destination => Prayan - A<br><br><br>4B _ Trans Jogja<br><br>Tujuan / Destination => Prayan - A<br><br><br>12 _ Trans Jogja<br><br>Tujuan / Destination => Prayan - A]]></description>
        <styleUrl>#icon-seq2-1-320-1A237E</styleUrl>
        <Point>
          <coordinates>
            110.391976,-7.766374,0
          </coordinates>
        </Point>
      </Placemark>
      <Placemark>
        <name>Saudagaran</name>
        <description><![CDATA[9 _ Trans Jogja<br><br>Tujuan / Destination => SMAN 1 - B<br><br><br>11 _ Trans Jogja<br><br>Tujuan / Destination => SMAN 1 - B]]></description>
        <styleUrl>#icon-seq2-1-321-1A237E</styleUrl>
        <Point>
          <coordinates>
            110.353561,-7.79251,0
          </coordinates>
        </Point>
      </Placemark>
      <Placemark>
        <name>SD Unggulan Aisyiyah - A</name>
        <description><![CDATA[13 _ Trans Jogja<br><br>Tujuan / Destination => Simpang Gose - A]]></description>
        <styleUrl>#icon-seq2-1-322-1A237E</styleUrl>
        <Point>
          <coordinates>
            110.324004,-7.895077,0
          </coordinates>
        </Point>
      </Placemark>
      <Placemark>
        <name>SD Unggulan Aisyiyah - B</name>
        <description><![CDATA[13 _ Trans Jogja<br><br>Tujuan / Destination => SMAN 1 Bantul - B]]></description>
        <styleUrl>#icon-seq2-1-323-1A237E</styleUrl>
        <Point>
          <coordinates>
            110.324034,-7.895169,0
          </coordinates>
        </Point>
      </Placemark>
      <Placemark>
        <name>SDN 1 Demak Ijo - A</name>
        <description><![CDATA[8 _ Trans Jogja<br><br>Tujuan / Destination => Pasar Tlogorejo - A<br><br><br>13 _ Trans Jogja<br><br>Tujuan / Destination => Pasar Tlogorejo - A]]></description>
        <styleUrl>#icon-seq2-1-324-1A237E</styleUrl>
        <Point>
          <coordinates>
            110.336809,-7.778221,0
          </coordinates>
        </Point>
      </Placemark>
      <Placemark>
        <name>SDN 1 Demak Ijo - B</name>
        <description><![CDATA[8 _ Trans Jogja<br><br>Tujuan / Destination => Kantor Pos Demak Ijo - B<br><br><br>13 _ Trans Jogja<br><br>Tujuan / Destination => Kantor Pos Demak Ijo - B]]></description>
        <styleUrl>#icon-seq2-1-325-1A237E</styleUrl>
        <Point>
          <coordinates>
            110.336763,-7.778267,0
          </coordinates>
        </Point>
      </Placemark>
      <Placemark>
        <name>SDN 1 Depok -  A</name>
        <description><![CDATA[14 _Trans Jogja<br><br>Tujuan / Destination => KUA Depok - A]]></description>
        <styleUrl>#icon-seq2-1-326-1A237E</styleUrl>
        <Point>
          <coordinates>
            110.43292,-7.760761,0
          </coordinates>
        </Point>
      </Placemark>
      <Placemark>
        <name>SDN 1 Depok - B</name>
        <description><![CDATA[14 _Trans Jogja<br><br>Tujuan / Destination => SMKN 1 Depok - Jl. Raya Tajem - B]]></description>
        <styleUrl>#icon-seq2-1-327-1A237E</styleUrl>
        <Point>
          <coordinates>
            110.432945,-7.760914,0
          </coordinates>
        </Point>
      </Placemark>
      <Placemark>
        <name>SDN Gedong Tengen</name>
        <description><![CDATA[1B _ Trans Jogja<br><br>Tujuan / Destination => KS Tubun]]></description>
        <styleUrl>#icon-seq2-1-328-1A237E</styleUrl>
        <Point>
          <coordinates>
            110.356933,-7.792655,0
          </coordinates>
        </Point>
      </Placemark>
      <Placemark>
        <name>SDN Kintelan 1</name>
        <description><![CDATA[2A _ Trans Jogja<br><br>Tujuan / Destination => Pujokusuman]]></description>
        <styleUrl>#icon-seq2-1-329-1A237E</styleUrl>
        <Point>
          <coordinates>
            110.368901,-7.812055,0
          </coordinates>
        </Point>
      </Placemark>
      <Placemark>
        <name>SDN Percobaan 3 Pakem</name>
        <description><![CDATA[12 _ Trans Jogja<br><br>Tujuan / Destination => SMPN 4 Pakem<br><br><br>14 _ Trans Jogja<br><br>Tujuan / Destination => SMPN 4 Pakem]]></description>
        <styleUrl>#icon-seq2-1-330-1A237E</styleUrl>
        <Point>
          <coordinates>
            110.417696,-7.668404,0
          </coordinates>
        </Point>
      </Placemark>
      <Placemark>
        <name>SDN Selomulyo - A</name>
        <description><![CDATA[14 _Trans Jogja<br><br>Tujuan / Destination => RSU Gramedika - A]]></description>
        <styleUrl>#icon-seq2-1-331-1A237E</styleUrl>
        <Point>
          <coordinates>
            110.420716,-7.702391,0
          </coordinates>
        </Point>
      </Placemark>
      <Placemark>
        <name>SDN Selomulyo - B</name>
        <description><![CDATA[14 _Trans Jogja<br><br>Tujuan / Destination => Kantor Kal. Sukoharjo - B]]></description>
        <styleUrl>#icon-seq2-1-332-1A237E</styleUrl>
        <Point>
          <coordinates>
            110.420449,-7.702236,0
          </coordinates>
        </Point>
      </Placemark>
      <Placemark>
        <name>Selokan Mataram Maguwo</name>
        <description><![CDATA[14 _ Trans Jogja<br><br>Tujuan / Destination => Binamarga]]></description>
        <styleUrl>#icon-seq2-1-333-1A237E</styleUrl>
        <Point>
          <coordinates>
            110.431043,-7.77096,0
          </coordinates>
        </Point>
      </Placemark>
      <Placemark>
        <name>Senopati</name>
        <description><![CDATA[2B _ Trans Jogja<br><br>Tujuan / Destination => KHA Dahlan - A]]></description>
        <styleUrl>#icon-seq2-1-334-1A237E</styleUrl>
        <Point>
          <coordinates>
            110.367038,-7.801501,0
          </coordinates>
        </Point>
      </Placemark>
      <Placemark>
        <name>SGM Kusumanegara - A</name>
        <description><![CDATA[1B _ Trans Jogja<br><br>Tujuan / Destination => Gembira Loka - A<br><br><br>2B _ Trans Jogja<br><br>Tujuan / Destination => Gembira Loka - A<br><br><br>4B _ Trans Jogja<br><br>Tujuan / Destination => SMKN 5 - B]]></description>
        <styleUrl>#icon-seq2-1-335-1A237E</styleUrl>
        <Point>
          <coordinates>
            110.393031,-7.802084,0
          </coordinates>
        </Point>
      </Placemark>
      <Placemark>
        <name>SGM Kusumanegara - B</name>
        <description><![CDATA[1B _ Trans Jogja<br><br>Tujuan / Destination => Makam Gajah - B<br><br><br>2A _ Trans Jogja<br><br>Tujuan / Destination => Makam Gajah - B<br><br><br>4A _ Trans Jogja<br><br>Tujuan / Destination => UTY Glagahsari - A<br><br><br>10 _ Trans Jogja<br><br>Tujuan / Destination => Timoho - B]]></description>
        <styleUrl>#icon-seq2-1-336-1A237E</styleUrl>
        <Point>
          <coordinates>
            110.393376,-7.802162,0
          </coordinates>
        </Point>
      </Placemark>
      <Placemark>
        <name>Simpang Babadan - A</name>
        <description><![CDATA[14 _Trans Jogja<br><br>Tujuan / Destination => Simpang Selomartani - A]]></description>
        <styleUrl>#icon-seq2-1-337-1A237E</styleUrl>
        <Point>
          <coordinates>
            110.435469,-7.723146,0
          </coordinates>
        </Point>
      </Placemark>
      <Placemark>
        <name>Simpang Babadan - B</name>
        <description><![CDATA[14 _Trans Jogja<br><br>Tujuan / Destination => Kantor Kal. Wedomartani - B]]></description>
        <styleUrl>#icon-seq2-1-338-1A237E</styleUrl>
        <Point>
          <coordinates>
            110.435436,-7.723286,0
          </coordinates>
        </Point>
      </Placemark>
      <Placemark>
        <name>Simpang Bantulan - A</name>
        <description><![CDATA[13 _ Trans Jogja<br><br>Tujuan / Destination => Kantor Kal. Sidoarum - A]]></description>
        <styleUrl>#icon-seq2-1-339-1A237E</styleUrl>
        <Point>
          <coordinates>
            110.322299,-7.774802,0
          </coordinates>
        </Point>
      </Placemark>
      <Placemark>
        <name>Simpang Bantulan - B</name>
        <description><![CDATA[13 _ Trans Jogja<br><br>Tujuan / Destination => Simpang Munggur - B]]></description>
        <styleUrl>#icon-seq2-1-340-1A237E</styleUrl>
        <Point>
          <coordinates>
            110.321168,-7.774601,0
          </coordinates>
        </Point>
      </Placemark>
      <Placemark>
        <name>Simpang Besi Jakal - A</name>
        <description><![CDATA[12 _ Trans Jogja<br><br>Tujuan / Destination => YAKKUM - A<br><br><br>14 _ Trans Jogja<br><br>Tujuan / Destination => YAKKUM - A]]></description>
        <styleUrl>#icon-seq2-1-341-1A237E</styleUrl>
        <Point>
          <coordinates>
            110.415388,-7.70021,0
          </coordinates>
        </Point>
      </Placemark>
      <Placemark>
        <name>Simpang Besi Jakal - B</name>
        <description><![CDATA[12 _ Trans Jogja<br><br>Tujuan / Destination => Wedangan Kampoeng - B<br><br><br>14 _ Trans Jogja<br><br>Tujuan / Destination => RSU Gramedika - B]]></description>
        <styleUrl>#icon-seq2-1-342-1A237E</styleUrl>
        <Point>
          <coordinates>
            110.415444,-7.700218,0
          </coordinates>
        </Point>
      </Placemark>
      <Placemark>
        <name>Simpang Degolan - A</name>
        <description><![CDATA[12 _ Trans Jogja<br><br>Tujuan / Destination => Raminten - A<br><br><br>14 _ Trans Jogja<br><br>Tujuan / Destination => Raminten - A]]></description>
        <styleUrl>#icon-seq2-1-343-1A237E</styleUrl>
        <Point>
          <coordinates>
            110.419171,-7.684067,0
          </coordinates>
        </Point>
      </Placemark>
      <Placemark>
        <name>Simpang Degolan - B</name>
        <description><![CDATA[12 _ Trans Jogja<br><br>Tujuan / Destination => Boulevard UII<br><br><br>14 _ Trans Jogja<br><br>Tujuan / Destination => Boulevard UII]]></description>
        <styleUrl>#icon-seq2-1-344-1A237E</styleUrl>
        <Point>
          <coordinates>
            110.419206,-7.684105,0
          </coordinates>
        </Point>
      </Placemark>
      <Placemark>
        <name>Simpang Diklat DIY - A</name>
        <description><![CDATA[6 _ Trans Jogja<br><br>Tujuan / Destination => Lapangan Kasihan - A]]></description>
        <styleUrl>#icon-seq2-1-345-1A237E</styleUrl>
        <Point>
          <coordinates>
            110.332504,-7.828797,0
          </coordinates>
        </Point>
      </Placemark>
      <Placemark>
        <name>Simpang Diklat DIY - B</name>
        <description><![CDATA[6 _ Trans Jogja<br><br>Tujuan / Destination => Madukismo - B]]></description>
        <styleUrl>#icon-seq2-1-346-1A237E</styleUrl>
        <Point>
          <coordinates>
            110.33163,-7.828555,0
          </coordinates>
        </Point>
      </Placemark>
      <Placemark>
        <name>Simpang Gesikan - A</name>
        <description><![CDATA[13 _ Trans Jogja<br><br>Tujuan / Destination => Simpang Munggur - A]]></description>
        <styleUrl>#icon-seq2-1-347-1A237E</styleUrl>
        <Point>
          <coordinates>
            110.316446,-7.773567,0
          </coordinates>
        </Point>
      </Placemark>
      <Placemark>
        <name>Simpang Gesikan - B</name>
        <description><![CDATA[13 _ Trans Jogja<br><br>Tujuan / Destination => Indomaret Klajuran - B]]></description>
        <styleUrl>#icon-seq2-1-348-1A237E</styleUrl>
        <Point>
          <coordinates>
            110.31656,-7.773664,0
          </coordinates>
        </Point>
      </Placemark>
      <Placemark>
        <name>Simpang Gose - A</name>
        <description><![CDATA[15 _ Trans Jogja<br><br>Tujuan / Destination => Tugu Adipura]]></description>
        <styleUrl>#icon-seq2-1-349-1A237E</styleUrl>
        <Point>
          <coordinates>
            110.325388,-7.891818,0
          </coordinates>
        </Point>
      </Placemark>
      <Placemark>
        <name>Simpang Gose - B</name>
        <description><![CDATA[15 _ Trans Jogja<br> <br>Tujuan / Destination => SD Unggulan Aisyiyah - B]]></description>
        <styleUrl>#icon-seq2-1-350-1A237E</styleUrl>
        <Point>
          <coordinates>
            110.325444,-7.891926,0
          </coordinates>
        </Point>
      </Placemark>
      <Placemark>
        <name>Simpang Kabunan - A</name>
        <description><![CDATA[14 _Trans Jogja<br><br>Tujuan / Destination => Jl. Raya Kabunan - A]]></description>
        <styleUrl>#icon-seq2-1-351-1A237E</styleUrl>
        <Point>
          <coordinates>
            110.438559,-7.71859,0
          </coordinates>
        </Point>
      </Placemark>
      <Placemark>
        <name>Simpang Kabunan - B</name>
        <description><![CDATA[14 _Trans Jogja<br><br>Tujuan / Destination => Simpang Selomartani - B]]></description>
        <styleUrl>#icon-seq2-1-352-1A237E</styleUrl>
        <Point>
          <coordinates>
            110.438232,-7.719497,0
          </coordinates>
        </Point>
      </Placemark>
      <Placemark>
        <name>Simpang Kasongan - A</name>
        <description><![CDATA[15 _ Trans Jogja<br><br>Tujuan / Destination => Pasar Niten - A]]></description>
        <styleUrl>#icon-seq2-1-353-1A237E</styleUrl>
        <Point>
          <coordinates>
            110.344539,-7.846332,0
          </coordinates>
        </Point>
      </Placemark>
      <Placemark>
        <name>Simpang Kasongan - B</name>
        <description><![CDATA[15 _ Trans Jogja<br><br>Tujuan / Destination => Kantor Kesbangpol - B]]></description>
        <styleUrl>#icon-seq2-1-354-1A237E</styleUrl>
        <Point>
          <coordinates>
            110.343478,-7.848624,0
          </coordinates>
        </Point>
      </Placemark>
      <Placemark>
        <name>Simpang Kenti - A</name>
        <description><![CDATA[14 _Trans Jogja<br><br>Tujuan / Destination => Pasar Jangkang - A]]></description>
        <styleUrl>#icon-seq2-1-355-1A237E</styleUrl>
        <Point>
          <coordinates>
            110.448079,-7.703531,0
          </coordinates>
        </Point>
      </Placemark>
      <Placemark>
        <name>Simpang Kenti - B</name>
        <description><![CDATA[14 _Trans Jogja<br><br>Tujuan / Destination => RS Kemasan - B]]></description>
        <styleUrl>#icon-seq2-1-356-1A237E</styleUrl>
        <Point>
          <coordinates>
            110.448106,-7.703513,0
          </coordinates>
        </Point>
      </Placemark>
      <Placemark>
        <name>Simpang Losari - A</name>
        <description><![CDATA[14 _Trans Jogja<br><br>Tujuan / Destination => SPBU Mindi - A]]></description>
        <styleUrl>#icon-seq2-1-357-1A237E</styleUrl>
        <Point>
          <coordinates>
            110.433006,-7.704851,0
          </coordinates>
        </Point>
      </Placemark>
      <Placemark>
        <name>Simpang Losari - B</name>
        <description><![CDATA[14 _Trans Jogja<br><br>Tujuan / Destination => SMAN 2 Ngaglik - B]]></description>
        <styleUrl>#icon-seq2-1-358-1A237E</styleUrl>
        <Point>
          <coordinates>
            110.433145,-7.704804,0
          </coordinates>
        </Point>
      </Placemark>
      <Placemark>
        <name>Simpang Mandungan (Iwak Kalen) - A</name>
        <description><![CDATA[13 _ Trans Jogja<br><br>Tujuan / Destination => Koramil Godean - A]]></description>
        <styleUrl>#icon-seq2-1-359-1A237E</styleUrl>
        <Point>
          <coordinates>
            110.303015,-7.770049,0
          </coordinates>
        </Point>
      </Placemark>
      <Placemark>
        <name>Simpang Mandungan (Iwak Kalen) - B</name>
        <description><![CDATA[13 _ Trans Jogja<br><br>Tujuan / Destination => Kantor Kap. Godean - B]]></description>
        <styleUrl>#icon-seq2-1-360-1A237E</styleUrl>
        <Point>
          <coordinates>
            110.303,-7.770103,0
          </coordinates>
        </Point>
      </Placemark>
      <Placemark>
        <name>Simpang Munggur - A</name>
        <description><![CDATA[13 _ Trans Jogja<br><br>Tujuan / Destination => Simpang Bantulan - A]]></description>
        <styleUrl>#icon-seq2-1-361-1A237E</styleUrl>
        <Point>
          <coordinates>
            110.318355,-7.77394,0
          </coordinates>
        </Point>
      </Placemark>
      <Placemark>
        <name>Simpang Munggur - B</name>
        <description><![CDATA[13 _ Trans Jogja<br><br>Tujuan / Destination => Simpang Gesikan - B]]></description>
        <styleUrl>#icon-seq2-1-362-1A237E</styleUrl>
        <Point>
          <coordinates>
            110.318287,-7.77398,0
          </coordinates>
        </Point>
      </Placemark>
      <Placemark>
        <name>Simpang Palem Raya - A</name>
        <description><![CDATA[12 _Trans Jogja<br><br>Tujuan / Destination => Kantor Kap. Ngaglik]]></description>
        <styleUrl>#icon-seq2-1-363-1A237E</styleUrl>
        <Point>
          <coordinates>
            110.397561,-7.730553,0
          </coordinates>
        </Point>
      </Placemark>
      <Placemark>
        <name>Simpang Palem Raya - B</name>
        <description><![CDATA[12 _ Trans Jogja<br><br>Tujuan / Destination => Gardu PLN - B]]></description>
        <styleUrl>#icon-seq2-1-364-1A237E</styleUrl>
        <Point>
          <coordinates>
            110.397675,-7.730433,0
          </coordinates>
        </Point>
      </Placemark>
      <Placemark>
        <name>Simpang Selomartani - A</name>
        <description><![CDATA[14 _Trans Jogja<br><br>Tujuan / Destination => Simpang Kabunan - A]]></description>
        <styleUrl>#icon-seq2-1-365-1A237E</styleUrl>
        <Point>
          <coordinates>
            110.438107,-7.722328,0
          </coordinates>
        </Point>
      </Placemark>
      <Placemark>
        <name>Simpang Selomartani - B</name>
        <description><![CDATA[14 _Trans Jogja<br><br>Tujuan / Destination => Simpang Babadan - B]]></description>
        <styleUrl>#icon-seq2-1-366-1A237E</styleUrl>
        <Point>
          <coordinates>
            110.437974,-7.722393,0
          </coordinates>
        </Point>
      </Placemark>
      <Placemark>
        <name>Simpang Wojo</name>
        <description><![CDATA[9 _ Trans Jogja<br><br>Tujuan / Destination => Druwo - A]]></description>
        <styleUrl>#icon-seq2-1-367-1A237E</styleUrl>
        <Point>
          <coordinates>
            110.373776,-7.836372,0
          </coordinates>
        </Point>
      </Placemark>
      <Placemark>
        <name>SMA Muh 3</name>
        <description><![CDATA[10 _ Trans Jogja<br><br>Tujuan / Destination => Hotel Andika Putera]]></description>
        <styleUrl>#icon-seq2-1-368-1A237E</styleUrl>
        <Point>
          <coordinates>
            110.350539,-7.80673,0
          </coordinates>
        </Point>
      </Placemark>
      <Placemark>
        <name>SMA N 5</name>
        <description><![CDATA[3A _ Trans Jogja<br><br>Tujuan / Destination => Kehutanan - A]]></description>
        <styleUrl>#icon-seq2-1-369-1A237E</styleUrl>
        <Point>
          <coordinates>
            110.399158,-7.822557,0
          </coordinates>
        </Point>
      </Placemark>
      <Placemark>
        <name>SMAN 1 - A</name>
        <description><![CDATA[2B _ Trans Jogja<br><br>Tujuan / Destination => SMPN 11<br><br><br>9 _ Trans Jogja<br><br>Tujuan / Destination => SMPN 11<br><br><br>11 _ Trans Jogja<br><br>Tujuan / Destination => SMPN 11<br><br><br>13 _ Trans Jogja<br><br>Tujuan / Destination => SMPN 11]]></description>
        <styleUrl>#icon-seq2-1-370-1A237E</styleUrl>
        <Point>
          <coordinates>
            110.352117,-7.799353,0
          </coordinates>
        </Point>
      </Placemark>
      <Placemark>
        <name>SMAN 1 - B</name>
        <description><![CDATA[9 _ Trans Jogja<br><br>Tujuan / Destination => Ngabean<br><br><br>11 _ Trans Jogja<br><br>Tujuan / Destination => Ngabean]]></description>
        <styleUrl>#icon-seq2-1-371-1A237E</styleUrl>
        <Point>
          <coordinates>
            110.352228,-7.799113,0
          </coordinates>
        </Point>
      </Placemark>
      <Placemark>
        <name>SMAN 1 Bantul - A</name>
        <description><![CDATA[15 _ Trans Jogja<br><br>Tujuan / Destination => SD Unggulan Aisyiyah - A]]></description>
        <styleUrl>#icon-seq2-1-372-1A237E</styleUrl>
        <Point>
          <coordinates>
            110.323024,-7.897381,0
          </coordinates>
        </Point>
      </Placemark>
      <Placemark>
        <name>SMAN 1 Bantul - B</name>
        <description><![CDATA[15 _ Trans Jogja<br><br>Tujuan / Destination => Terminal Palbapang]]></description>
        <styleUrl>#icon-seq2-1-373-1A237E</styleUrl>
        <Point>
          <coordinates>
            110.32274,-7.898173,0
          </coordinates>
        </Point>
      </Placemark>
      <Placemark>
        <name>SMAN 1 Kasihan - A</name>
        <description><![CDATA[6 _ Trans Jogja<br><br>Tujuan / Destination => Madukismo - A]]></description>
        <styleUrl>#icon-seq2-1-374-1A237E</styleUrl>
        <Point>
          <coordinates>
            110.348232,-7.818354,0
          </coordinates>
        </Point>
      </Placemark>
      <Placemark>
        <name>SMAN 1 Kasihan - B</name>
        <description><![CDATA[6 _ Trans Jogja<br><br>Tujuan / Destination => SMK Seni - B]]></description>
        <styleUrl>#icon-seq2-1-375-1A237E</styleUrl>
        <Point>
          <coordinates>
            110.348209,-7.81833,0
          </coordinates>
        </Point>
      </Placemark>
      <Placemark>
        <name>SMAN 2 Ngaglik - A</name>
        <description><![CDATA[14 _Trans Jogja<br> <br>Tujuan / Destination => Simpang Losari - A]]></description>
        <styleUrl>#icon-seq2-1-376-1A237E</styleUrl>
        <Point>
          <coordinates>
            110.43501,-7.704858,0
          </coordinates>
        </Point>
      </Placemark>
      <Placemark>
        <name>SMAN 2 Ngaglik - B</name>
        <description><![CDATA[14 _Trans Jogja<br><br>Tujuan / Destination => Timur Jembatan Yapah - B]]></description>
        <styleUrl>#icon-seq2-1-377-1A237E</styleUrl>
        <Point>
          <coordinates>
            110.43499,-7.704814,0
          </coordinates>
        </Point>
      </Placemark>
      <Placemark>
        <name>SMAN 7</name>
        <description><![CDATA[3B _ Trans Jogja<br><br>Tujuan / Destination => Tejokusuman<br><br><br>9 _ Trans Jogja<br><br>Tujuan / Destination => Tejokusuman<br><br><br>11 _ Trans Jogja<br><br>Tujuan / Destination => Tejokusuman]]></description>
        <styleUrl>#icon-seq2-1-378-1A237E</styleUrl>
        <Point>
          <coordinates>
            110.358131,-7.813417,0
          </coordinates>
        </Point>
      </Placemark>
      <Placemark>
        <name>SMK Muh 3</name>
        <description><![CDATA[4A _ Trans Jogja<br><br>Tujuan / Destination => Pramuka<br><br><br>4B _ Trans Jogja<br><br>Tujuan / Destination => Pramuka]]></description>
        <styleUrl>#icon-seq2-1-379-1A237E</styleUrl>
        <Point>
          <coordinates>
            110.389664,-7.822556,0
          </coordinates>
        </Point>
      </Placemark>
      <Placemark>
        <name>SMK Negeri 2 Godean</name>
        <description><![CDATA[13 _ Trans Jogja<br><br>Tujuan / Destination => Pasar Induk Godean - A]]></description>
        <styleUrl>#icon-seq2-1-380-1A237E</styleUrl>
        <Point>
          <coordinates>
            110.291136,-7.762087,0
          </coordinates>
        </Point>
      </Placemark>
      <Placemark>
        <name>SMK Seni - A</name>
        <description><![CDATA[6 _ Trans Jogja<br><br>Tujuan / Destination => SMAN 1 Kasihan - A]]></description>
        <styleUrl>#icon-seq2-1-381-1A237E</styleUrl>
        <Point>
          <coordinates>
            110.34899,-7.814457,0
          </coordinates>
        </Point>
      </Placemark>
      <Placemark>
        <name>SMK Seni - B</name>
        <description><![CDATA[6 _ Trans Jogja<br><br>Tujuan / Destination => Pasar Legi - B]]></description>
        <styleUrl>#icon-seq2-1-382-1A237E</styleUrl>
        <Point>
          <coordinates>
            110.348779,-7.815335,0
          </coordinates>
        </Point>
      </Placemark>
      <Placemark>
        <name>SMKN 1 Depok - Jl. Raya Tajem - A</name>
        <description><![CDATA[14 _Trans Jogja<br><br>Tujuan / Destination => SDN 1 Depok -  A]]></description>
        <styleUrl>#icon-seq2-1-383-1A237E</styleUrl>
        <Point>
          <coordinates>
            110.431485,-7.765242,0
          </coordinates>
        </Point>
      </Placemark>
      <Placemark>
        <name>SMKN 1 Depok - Jl. Raya Tajem - B</name>
        <description><![CDATA[14 _Trans Jogja<br><br>Tujuan / Destination => Disnakertrans - B]]></description>
        <styleUrl>#icon-seq2-1-384-1A237E</styleUrl>
        <Point>
          <coordinates>
            110.431556,-7.765254,0
          </coordinates>
        </Point>
      </Placemark>
      <Placemark>
        <name>SMKN 1 Depok - Ring Road Utara</name>
        <description><![CDATA[3B _ Trans Jogja<br><br>Tujuan / Destination => Binamarga]]></description>
        <styleUrl>#icon-seq2-1-385-1A237E</styleUrl>
        <Point>
          <coordinates>
            110.431103,-7.766483,0
          </coordinates>
        </Point>
      </Placemark>
      <Placemark>
        <name>SMKN 3</name>
        <description><![CDATA[2B _ Trans Jogja<br><br>Tujuan / Destination => AM Sangaji - B<br><br><br>5A _ Trans Jogja<br><br>Tujuan / Destination => Fisipol UGM - A]]></description>
        <styleUrl>#icon-seq2-1-386-1A237E</styleUrl>
        <Point>
          <coordinates>
            110.366828,-7.777979,0
          </coordinates>
        </Point>
      </Placemark>
      <Placemark>
        <name>SMKN 5 - A</name>
        <description><![CDATA[4A _ Trans Jogja<br><br>Tujuan / Destination => SGM Kusumanegara - B<br><br><br>10 _ Trans Jogja<br><br>Tujuan / Destination => SGM Kusumanegara - B]]></description>
        <styleUrl>#icon-seq2-1-387-1A237E</styleUrl>
        <Point>
          <coordinates>
            110.395063,-7.800357,0
          </coordinates>
        </Point>
      </Placemark>
      <Placemark>
        <name>SMKN 5 - B</name>
        <description><![CDATA[4B _ Trans Jogja<br><br>Tujuan / Destination => Timoho - B]]></description>
        <styleUrl>#icon-seq2-1-388-1A237E</styleUrl>
        <Point>
          <coordinates>
            110.39451,-7.800243,0
          </coordinates>
        </Point>
      </Placemark>
      <Placemark>
        <name>SMP Kanisius Gayam - A</name>
        <description><![CDATA[2A _ Trans Jogja<br><br>Tujuan / Destination => Eks Bioskop Mataram]]></description>
        <styleUrl>#icon-seq2-1-389-1A237E</styleUrl>
        <Point>
          <coordinates>
            110.377749,-7.795822,0
          </coordinates>
        </Point>
      </Placemark>
      <Placemark>
        <name>SMP Kanisius Gayam - B</name>
        <description><![CDATA[2B _ Trans Jogja<br><br>Tujuan / Destination => Mandala Krida - B<br><br><br>10 _ Trans Jogja<br><br>Tujuan / Destination => Jl. Mataram]]></description>
        <styleUrl>#icon-seq2-1-390-1A237E</styleUrl>
        <Point>
          <coordinates>
            110.377784,-7.795697,0
          </coordinates>
        </Point>
      </Placemark>
      <Placemark>
        <name>SMP Muh 3</name>
        <description><![CDATA[10 _ Trans Jogja<br><br>Tujuan / Destination => GKJ Wirobrajan]]></description>
        <styleUrl>#icon-seq2-1-391-1A237E</styleUrl>
        <Point>
          <coordinates>
            110.351402,-7.802916,0
          </coordinates>
        </Point>
      </Placemark>
      <Placemark>
        <name>SMPN 1 - A</name>
        <description><![CDATA[2A _ Trans Jogja<br><br>Tujuan / Destination => Kosudgama<br><br><br>3B _ Trans Jogja<br><br>Tujuan / Destination => Vokasi UGM<br><br><br>4A _ Trans Jogja<br><br>Tujuan / Destination => Vokasi UGM<br><br><br>5B _ Trans Jogja<br><br>Tujuan / Destination => Fisipol UGM - B<br><br><br>11 _ Trans Jogja<br><br>Tujuan / Destination => SMPN 1 - B]]></description>
        <styleUrl>#icon-seq2-1-392-1A237E</styleUrl>
        <Point>
          <coordinates>
            110.375811,-7.777468,0
          </coordinates>
        </Point>
      </Placemark>
      <Placemark>
        <name>SMPN 1 - B</name>
        <description><![CDATA[2B _ Trans Jogja<br><br>Tujuan / Destination => Cik Di Tiro<br><br><br>3A _ Trans Jogja<br><br>Tujuan / Destination => Cik Di Tiro<br><br><br>4A _ Trans Jogja<br><br>Tujuan / Destination => Cik Di Tiro<br><br><br>5A _ Trans Jogja<br><br>Tujuan / Destination => Cik Di Tiro<br><br><br>11 _ Trans Jogja<br><br>Tujuan / Destination => Cik Di Tiro]]></description>
        <styleUrl>#icon-seq2-1-393-1A237E</styleUrl>
        <Point>
          <coordinates>
            110.37585,-7.777807,0
          </coordinates>
        </Point>
      </Placemark>
      <Placemark>
        <name>SMPN 1 Godean</name>
        <description><![CDATA[13 _ Trans Jogja<br><br>Tujuan / Destination => Stadion TGP]]></description>
        <styleUrl>#icon-seq2-1-394-1A237E</styleUrl>
        <Point>
          <coordinates>
            110.291036,-7.762267,0
          </coordinates>
        </Point>
      </Placemark>
      <Placemark>
        <name>SMPN 11</name>
        <description><![CDATA[2B _ Trans Jogja<br><br>Tujuan / Destination => Badran<br><br><br>9 _ Trans Jogja<br><br>Tujuan / Destination => Badran<br><br><br>11 _ Trans Jogja<br><br>Tujuan / Destination => Badran<br><br><br>13 _ Trans Jogja<br><br>Tujuan / Destination => Mirota Godean - B]]></description>
        <styleUrl>#icon-seq2-1-395-1A237E</styleUrl>
        <Point>
          <coordinates>
            110.353401,-7.792973,0
          </coordinates>
        </Point>
      </Placemark>
      <Placemark>
        <name>SMPN 14</name>
        <description><![CDATA[2B _ Trans Jogja<br><br>Tujuan / Destination => Hotel Utara - B<br><br><br>3B _ Trans Jogja<br><br>Tujuan / Destination => Pasar Kranggan Selatan<br><br><br>8 _ Trans Jogja<br><br>Tujuan / Destination => Pasar Pingit - B<br><br><br>9 _ Trans Jogja<br><br>Tujuan / Destination => Hotel Utara - B<br><br><br>11 _ Trans Jogja<br><br>Tujuan / Destination => Pasar Kranggan Selatan<br><br><br><br>L-1 _ Trans Jogja<br><br>Tujuan / Destination => Hotel Utara - B]]></description>
        <styleUrl>#icon-seq2-1-396-1A237E</styleUrl>
        <Point>
          <coordinates>
            110.359987,-7.786576,0
          </coordinates>
        </Point>
      </Placemark>
      <Placemark>
        <name>SMPN 2 Bantul - A</name>
        <description><![CDATA[15 _ Trans Jogja<br><br>Tujuan / Destination => Kantor Kal. Pendowoharjo - A]]></description>
        <styleUrl>#icon-seq2-1-397-1A237E</styleUrl>
        <Point>
          <coordinates>
            110.335823,-7.874332,0
          </coordinates>
        </Point>
      </Placemark>
      <Placemark>
        <name>SMPN 2 Bantul - B</name>
        <description><![CDATA[15 _ Trans Jogja<br><br>Tujuan / Destination => Kantor Kap. Bantul]]></description>
        <styleUrl>#icon-seq2-1-398-1A237E</styleUrl>
        <Point>
          <coordinates>
            110.335743,-7.874908,0
          </coordinates>
        </Point>
      </Placemark>
      <Placemark>
        <name>SMPN 2 Ngaglik - A</name>
        <description><![CDATA[12 _ Trans Jogja<br><br>Tujuan / Destination => SPBU Kaliurang - A]]></description>
        <styleUrl>#icon-seq2-1-399-1A237E</styleUrl>
        <Point>
          <coordinates>
            110.40604,-7.715823,0
          </coordinates>
        </Point>
      </Placemark>
      <Placemark>
        <name>SMPN 2 Ngaglik - B</name>
        <description><![CDATA[12 _ Trans Jogja<br><br>Tujuan / Destination => Puskesmas Ngaglik - B]]></description>
        <styleUrl>#icon-seq2-1-400-1A237E</styleUrl>
        <Point>
          <coordinates>
            110.406006,-7.715972,0
          </coordinates>
        </Point>
      </Placemark>
      <Placemark>
        <name>SMPN 4 Pakem</name>
        <description><![CDATA[12 _ Trans Jogja<br><br>Tujuan / Destination => Dusun Kledokan - B<br><br><br>14 _ Trans Jogja<br><br>Tujuan / Destination => Dusun Kledokan - B]]></description>
        <styleUrl>#icon-seq2-1-401-1A237E</styleUrl>
        <Point>
          <coordinates>
            110.417642,-7.669215,0
          </coordinates>
        </Point>
      </Placemark>
      <Placemark>
        <name>SMPN 6</name>
        <description><![CDATA[5B _ Trans Jogja<br><br>Tujuan / Destination => Karangwaru - B]]></description>
        <styleUrl>#icon-seq2-1-402-1A237E</styleUrl>
        <Point>
          <coordinates>
            110.366993,-7.778079,0
          </coordinates>
        </Point>
      </Placemark>
      <Placemark>
        <name>SMPN 9 - A</name>
        <description><![CDATA[2A _ Trans Jogja<br><br>Tujuan / Destination => Kehutanan - A]]></description>
        <styleUrl>#icon-seq2-1-403-1A237E</styleUrl>
        <Point>
          <coordinates>
            110.398023,-7.819796,0
          </coordinates>
        </Point>
      </Placemark>
      <Placemark>
        <name>SMPN 9 - B</name>
        <description><![CDATA[2B _ Trans Jogja<br><br>Tujuan / Destination => Basen]]></description>
        <styleUrl>#icon-seq2-1-404-1A237E</styleUrl>
        <Point>
          <coordinates>
            110.398031,-7.819851,0
          </coordinates>
        </Point>
      </Placemark>
      <Placemark>
        <name>Sosrowijayan</name>
        <description><![CDATA[3B _ Trans Jogja<br><br>Tujuan / Destination => Stasiun Yogyakarta<br><br><br>8 _ Trans Jogja<br><br>Tujuan / Destination => Stasiun Yogyakarta<br><br><br>L-1 _ Trans Jogja<br><br>Tujuan / Destination => Stasiun Yogyakarta]]></description>
        <styleUrl>#icon-seq2-1-405-1A237E</styleUrl>
        <Point>
          <coordinates>
            110.361618,-7.79207,0
          </coordinates>
        </Point>
      </Placemark>
      <Placemark>
        <name>SPBU Concat - A</name>
        <description><![CDATA[2A _ Trans Jogja<br><br>Tujuan / Destination => Terminal Condongcatur<br><br><br>4B _ Trans Jogja<br><br>Tujuan / Destination => Terminal Condongcatur<br><br><br>12 _ Trans Jogja<br><br>Tujuan / Destination => Terminal Condongcatur]]></description>
        <styleUrl>#icon-seq2-1-406-1A237E</styleUrl>
        <Point>
          <coordinates>
            110.394935,-7.759985,0
          </coordinates>
        </Point>
      </Placemark>
      <Placemark>
        <name>SPBU Concat - B</name>
        <description><![CDATA[2B _ Trans Jogja<br><br>Tujuan / Destination => Prayan - B<br><br><br>4A _ Trans Jogja<br><br>Tujuan / Destination => Prayan - B<br><br><br>12 _ Trans Jogja<br><br>Tujuan / Destination => Prayan - B]]></description>
        <styleUrl>#icon-seq2-1-407-1A237E</styleUrl>
        <Point>
          <coordinates>
            110.395201,-7.759677,0
          </coordinates>
        </Point>
      </Placemark>
      <Placemark>
        <name>SPBU Kaliurang - A</name>
        <description><![CDATA[12 _ Trans Jogja<br><br>Tujuan / Destination => Wedangan Kampoeng - A]]></description>
        <styleUrl>#icon-seq2-1-408-1A237E</styleUrl>
        <Point>
          <coordinates>
            110.408906,-7.710843,0
          </coordinates>
        </Point>
      </Placemark>
      <Placemark>
        <name>SPBU Kaliurang - B</name>
        <description><![CDATA[12 _ Trans Jogja<br><br>Tujuan / Destination => SMPN 2 Ngaglik - B]]></description>
        <styleUrl>#icon-seq2-1-409-1A237E</styleUrl>
        <Point>
          <coordinates>
            110.408886,-7.710957,0
          </coordinates>
        </Point>
      </Placemark>
      <Placemark>
        <name>SPBU Mindi - A</name>
        <description><![CDATA[14 _Trans Jogja<br><br>Tujuan / Destination => Lap. Klidon - A]]></description>
        <styleUrl>#icon-seq2-1-410-1A237E</styleUrl>
        <Point>
          <coordinates>
            110.431029,-7.704862,0
          </coordinates>
        </Point>
      </Placemark>
      <Placemark>
        <name>SPBU Mindi - B</name>
        <description><![CDATA[14 _Trans Jogja<br><br>Tujuan / Destination => Simpang Losari - B]]></description>
        <styleUrl>#icon-seq2-1-411-1A237E</styleUrl>
        <Point>
          <coordinates>
            110.431169,-7.704813,0
          </coordinates>
        </Point>
      </Placemark>
      <Placemark>
        <name>SPBU Monjali - A</name>
        <description><![CDATA[2A _ Trans Jogja<br><br>Tujuan / Destination => Karangjati - A<br><br><br>5B _ Trans Jogja<br><br>Tujuan / Destination => Teknik UGM - B]]></description>
        <styleUrl>#icon-seq2-1-412-1A237E</styleUrl>
        <Point>
          <coordinates>
            110.369535,-7.760138,0
          </coordinates>
        </Point>
      </Placemark>
      <Placemark>
        <name>SPBU Monjali - B</name>
        <description><![CDATA[2B _ Trans Jogja<br><br>Tujuan / Destination => PDAM Monjali - B<br><br><br>5A _ Trans Jogja<br><br>Tujuan / Destination => PDAM Monjali - B]]></description>
        <styleUrl>#icon-seq2-1-413-1A237E</styleUrl>
        <Point>
          <coordinates>
            110.369456,-7.760151,0
          </coordinates>
        </Point>
      </Placemark>
      <Placemark>
        <name>Stadion TGP</name>
        <description><![CDATA[13 _ Trans Jogja<br><br>! -- BERANGKAT / DEPARTURE -- ! <br><br>Tujuan / Destination => SMK Negeri 2 Godean]]></description>
        <styleUrl>#icon-seq2-1-414-1A237E</styleUrl>
        <Point>
          <coordinates>
            110.292891,-7.757114,0
          </coordinates>
        </Point>
      </Placemark>
      <Placemark>
        <name>Stasiun Lempuyangan</name>
        <description><![CDATA[2B _ Trans Jogja<br><br>Tujuan / Destination => Flyover Lempuyangan<br><br><br>4A _ Trans Jogja<br><br>Tujuan / Destination => Kridosono<br><br><br>10 _ Trans Jogja<br><br>Tujuan / Destination => Tarumartani - A]]></description>
        <styleUrl>#icon-seq2-1-415-1A237E</styleUrl>
        <Point>
          <coordinates>
            110.377392,-7.790246,0
          </coordinates>
        </Point>
      </Placemark>
      <Placemark>
        <name>Stasiun Yogyakarta</name>
        <description><![CDATA[1B _ Trans Jogja<br><br>Tujuan / Destination => Jlagran<br><br><br>3B _ Trans Jogja<br><br>Tujuan / Destination => Jlagran<br> <br><br>8 _ Trans Jogja<br><br>Tujuan / Destination => Jlagran<br><br><br>EV3 _ Trans Jogja<br><br>Tujuan / Destination => Jlagran]]></description>
        <styleUrl>#icon-seq2-1-416-1A237E</styleUrl>
        <Point>
          <coordinates>
            110.361724,-7.789651,0
          </coordinates>
        </Point>
      </Placemark>
      <Placemark>
        <name>STIE Kerjasama</name>
        <description><![CDATA[2A _ Trans Jogja<br><br>Tujuan / Destination => RS Hidayatullah<br><br><br>4B _ Trans Jogja<br><br>Tujuan / Destination => Polsek Umbulharjo]]></description>
        <styleUrl>#icon-seq2-1-417-1A237E</styleUrl>
        <Point>
          <coordinates>
            110.382853,-7.816663,0
          </coordinates>
        </Point>
      </Placemark>
      <Placemark>
        <name>STIE YKPN - A</name>
        <description><![CDATA[5A _ Trans Jogja<br><br>Tujuan / Destination => UPN Veteran]]></description>
        <styleUrl>#icon-seq2-1-418-1A237E</styleUrl>
        <Point>
          <coordinates>
            110.410413,-7.767023,0
          </coordinates>
        </Point>
      </Placemark>
      <Placemark>
        <name>STIE YKPN - B</name>
        <description><![CDATA[5B _ Trans Jogja<br><br>Tujuan / Destination => Babarsari - B]]></description>
        <styleUrl>#icon-seq2-1-419-1A237E</styleUrl>
        <Point>
          <coordinates>
            110.410142,-7.768445,0
          </coordinates>
        </Point>
      </Placemark>
      <Placemark>
        <name>Stikes Guna Bangsa</name>
        <description><![CDATA[3B _ Trans Jogja<br><br>Tujuan / Destination => Polsek Depok Timur - B<br><br><br>5B _ Trans Jogja<br><br>Tujuan / Destination => STIE YKPN - B]]></description>
        <styleUrl>#icon-seq2-1-420-1A237E</styleUrl>
        <Point>
          <coordinates>
            110.408957,-7.760772,0
          </coordinates>
        </Point>
      </Placemark>
      <Placemark>
        <name>STSRD Visi Tamansiswa</name>
        <description><![CDATA[4B _ Trans Jogja<br><br>Tujuan / Destination => STIE Kerjasama]]></description>
        <styleUrl>#icon-seq2-1-421-1A237E</styleUrl>
        <Point>
          <coordinates>
            110.376536,-7.813707,0
          </coordinates>
        </Point>
      </Placemark>
      <Placemark>
        <name>Superindo Jakal - A</name>
        <description><![CDATA[12 _ Trans Jogja<br><br>Tujuan / Destination => Pasar Kolombo - A]]></description>
        <styleUrl>#icon-seq2-1-422-1A237E</styleUrl>
        <Point>
          <coordinates>
            110.384644,-7.752579,0
          </coordinates>
        </Point>
      </Placemark>
      <Placemark>
        <name>Superindo Jakal - B</name>
        <description><![CDATA[12 _ Trans Jogja<br><br>Tujuan / Destination => Hokben Jakal - A]]></description>
        <styleUrl>#icon-seq2-1-423-1A237E</styleUrl>
        <Point>
          <coordinates>
            110.384653,-7.752641,0
          </coordinates>
        </Point>
      </Placemark>
      <Placemark>
        <name>Superindo Urip Sumoharjo</name>
        <description><![CDATA[1A _ Trans Jogja<br><br>Tujuan / Destination => RS Bethesda<br><br><br>4B _ Trans Jogja<br><br>Tujuan / Destination => Galeria Mall<br><br><br>5B _ Trans Jogja<br><br>Tujuan / Destination => RS Bethesda]]></description>
        <styleUrl>#icon-seq2-1-424-1A237E</styleUrl>
        <Point>
          <coordinates>
            110.382333,-7.783094,0
          </coordinates>
        </Point>
      </Placemark>
      <Placemark>
        <name>Suryodiningratan - A</name>
        <description><![CDATA[11 _ Trans Jogja<br><br>Tujuan / Destination => SMAN 7]]></description>
        <styleUrl>#icon-seq2-1-425-1A237E</styleUrl>
        <Point>
          <coordinates>
            110.362106,-7.81846,0
          </coordinates>
        </Point>
      </Placemark>
      <Placemark>
        <name>Suryodiningratan - B</name>
        <description><![CDATA[11 _ Trans Jogja<br><br>Tujuan / Destination => Ruba Graha - B]]></description>
        <styleUrl>#icon-seq2-1-426-1A237E</styleUrl>
        <Point>
          <coordinates>
            110.362132,-7.818522,0
          </coordinates>
        </Point>
      </Placemark>
      <Placemark>
        <name>Suryotomo</name>
        <description><![CDATA[1A _ Trans Jogja<br><br>Tujuan / Destination => Progo<br><br><br>1B _ Trans Jogja<br><br>Tujuan / Destination => Progo<br><br><br>6 _ Trans Jogja<br><br>Tujuan / Destination => Progo<br><br><br>10 _ Trans Jogja<br><br>Tujuan / Destination => Progo<br><br><br>15 _ Trans Jogja<br><br>Tujuan / Destination => Progo]]></description>
        <styleUrl>#icon-seq2-1-427-1A237E</styleUrl>
        <Point>
          <coordinates>
            110.369312,-7.79926,0
          </coordinates>
        </Point>
      </Placemark>
      <Placemark>
        <name>Susteran Novisiat</name>
        <description><![CDATA[2B _ Trans Jogja<br><br>Tujuan / Destination => Makam Santrean<br><br><br>4A _ Trans Jogja<br><br>Tujuan / Destination => Makam Santrean<br><br><br>12 _ Trans Jogja<br><br>Tujuan / Destination => Makam Santrean]]></description>
        <styleUrl>#icon-seq2-1-428-1A237E</styleUrl>
        <Point>
          <coordinates>
            110.392154,-7.76613,0
          </coordinates>
        </Point>
      </Placemark>
      <Placemark>
        <name>Taman Makam Pahlawan - A</name>
        <description><![CDATA[1B _ Trans Jogja<br><br>Tujuan / Destination => Makam Gajah - A]]></description>
        <styleUrl>#icon-seq2-1-429-1A237E</styleUrl>
        <Point>
          <coordinates>
            110.383471,-7.80184,0
          </coordinates>
        </Point>
      </Placemark>
      <Placemark>
        <name>Taman Makam Pahlawan - B</name>
        <description><![CDATA[1B _ Trans Jogja<br><br>Tujuan / Destination => Pasar Sentul]]></description>
        <styleUrl>#icon-seq2-1-430-1A237E</styleUrl>
        <Point>
          <coordinates>
            110.382153,-7.801843,0
          </coordinates>
        </Point>
      </Placemark>
      <Placemark>
        <name>Taman Pintar</name>
        <description><![CDATA[1A _ Trans Jogja<br><br>Tujuan / Destination => Suryotomo<br><br><br>1B _ Trans Jogja<br><br>Tujuan / Destination => Museum Biologi<br><br><br>2A _ Trans Jogja<br><br>Tujuan / Destination => Jogjatronik<br><br><br>6 _ Trans Jogja<br><br>Tujuan / Destination => Suryotomo<br><br><br>10 _ Trans Jogja<br><br>Tujuan / Destination => Suryotomo<br><br><br>15 _ Trans Jogja<br><br>Tujuan / Destination => Suryotomo]]></description>
        <styleUrl>#icon-seq2-1-431-1A237E</styleUrl>
        <Point>
          <coordinates>
            110.367152,-7.801416,0
          </coordinates>
        </Point>
      </Placemark>
      <Placemark>
        <name>Tamansari</name>
        <description><![CDATA[3A _ Trans Jogja<br><br>Tujuan / Destination => Jokteng Kulon<br><br><br>9 _ Trans Jogja<br><br>Tujuan / Destination => Jokteng Kulon<br><br><br>11 _ Trans Jogja<br><br>Tujuan / Destination => Jokteng Kulon<br><br><br>15 _ Trans Jogja<br><br>Tujuan / Destination => Gereja Pugeran - B]]></description>
        <styleUrl>#icon-seq2-1-432-1A237E</styleUrl>
        <Point>
          <coordinates>
            110.356008,-7.809838,0
          </coordinates>
        </Point>
      </Placemark>
      <Placemark>
        <name>Tamantirto - A</name>
        <description><![CDATA[6 _ Trans Jogja<br><br>Tujuan / Destination => UMY - A]]></description>
        <styleUrl>#icon-seq2-1-433-1A237E</styleUrl>
        <Point>
          <coordinates>
            110.32429,-7.814469,0
          </coordinates>
        </Point>
      </Placemark>
      <Placemark>
        <name>Tamantirto - B</name>
        <description><![CDATA[6 _ Trans Jogja<br><br>Tujuan / Destination => Universitas Alma Ata]]></description>
        <styleUrl>#icon-seq2-1-434-1A237E</styleUrl>
        <Point>
          <coordinates>
            110.324271,-7.816042,0
          </coordinates>
        </Point>
      </Placemark>
      <Placemark>
        <name>Tarumartani - A</name>
        <description><![CDATA[10 _ Trans Jogja<br><br>Tujuan / Destination => TNI AL - A]]></description>
        <styleUrl>#icon-seq2-1-435-1A237E</styleUrl>
        <Point>
          <coordinates>
            110.381988,-7.790501,0
          </coordinates>
        </Point>
      </Placemark>
      <Placemark>
        <name>Tarumartani - B</name>
        <description><![CDATA[10 _ Trans Jogja<br><br>Tujuan / Destination => Flyover Lempuyangan]]></description>
        <styleUrl>#icon-seq2-1-436-1A237E</styleUrl>
        <Point>
          <coordinates>
            110.381998,-7.790535,0
          </coordinates>
        </Point>
      </Placemark>
      <Placemark>
        <name>Tegal Gendu - A</name>
        <description><![CDATA[3A _ Trans Jogja<br><br>Tujuan / Destination => Lap. Karang - A]]></description>
        <styleUrl>#icon-seq2-1-437-1A237E</styleUrl>
        <Point>
          <coordinates>
            110.391763,-7.826047,0
          </coordinates>
        </Point>
      </Placemark>
      <Placemark>
        <name>Tegal Gendu - B</name>
        <description><![CDATA[3B _ Trans Jogja<br><br>Tujuan / Destination => Gudang SGM - B]]></description>
        <styleUrl>#icon-seq2-1-438-1A237E</styleUrl>
        <Point>
          <coordinates>
            110.391365,-7.825849,0
          </coordinates>
        </Point>
      </Placemark>
      <Placemark>
        <name>Tegal Turi - A</name>
        <description><![CDATA[3A_ Trans Jogja<br><br>Tujuan / Destination => Gudang SGM - B]]></description>
        <styleUrl>#icon-seq2-1-439-1A237E</styleUrl>
        <Point>
          <coordinates>
            110.387097,-7.825394,0
          </coordinates>
        </Point>
      </Placemark>
      <Placemark>
        <name>Tegal Turi - B</name>
        <description><![CDATA[3B _ Trans Jogja<br><br>Tujuan / Destination => Nitikan]]></description>
        <styleUrl>#icon-seq2-1-440-1A237E</styleUrl>
        <Point>
          <coordinates>
            110.386933,-7.825417,0
          </coordinates>
        </Point>
      </Placemark>
      <Placemark>
        <name>Tejokusuman</name>
        <description><![CDATA[3B _ Trans Jogja<br><br>Tujuan / Destination => Ngabean<br> <br><br>6 _ Trans Jogja<br><br>Tujuan / Destination => Ngabean<br><br><br>9 _ Trans Jogja<br><br>Tujuan / Destination => Ngabean<br><br><br>10 _ Trans Jogja<br><br>Tujuan / Destination => Ngabean<br><br><br>11 _ Trans Jogja<br><br>Tujuan / Destination => Ngabean<br><br><br>15 _ Trans Jogja<br><br>Tujuan / Destination => Ngabean]]></description>
        <styleUrl>#icon-seq2-1-441-1A237E</styleUrl>
        <Point>
          <coordinates>
            110.356011,-7.807916,0
          </coordinates>
        </Point>
      </Placemark>
      <Placemark>
        <name>Teknik UGM - A</name>
        <description><![CDATA[5A  _ Trans Jogja<br><br>Tujuan / Destination => SPBU Monjali - B]]></description>
        <styleUrl>#icon-seq2-1-442-1A237E</styleUrl>
        <Point>
          <coordinates>
            110.374625,-7.764241,0
          </coordinates>
        </Point>
      </Placemark>
      <Placemark>
        <name>Teknik UGM - B</name>
        <description><![CDATA[5B _ Trans Jogja<br><br>Tujuan / Destination => RS Sardjito - A]]></description>
        <styleUrl>#icon-seq2-1-443-1A237E</styleUrl>
        <Point>
          <coordinates>
            110.374704,-7.764118,0
          </coordinates>
        </Point>
      </Placemark>
      <Placemark>
        <name>Teras 2</name>
        <description><![CDATA[1A _ Trans Jogja<br><br>Tujuan / Destination => Eks Menara Kopi - A<br><br><br>1B _ Trans Jogja<br><br>Tujuan / Destination => Abu Bakar Ali<br><br><br>6 _ Trans Jogja<br><br>Tujuan / Destination => Malioboro 1<br><br><br>10 _ Trans Jogja<br><br>Tujuan / Destination => Eks Menara Kopi - A<br><br><br>10 _ Trans Jogja<br><br>Tujuan / Destination => Malioboro 1<br><br><br>15 _ Trans Jogja<br><br>Tujuan / Destination => Malioboro 1]]></description>
        <styleUrl>#icon-seq2-1-444-1A237E</styleUrl>
        <Point>
          <coordinates>
            110.367586,-7.791788,0
          </coordinates>
        </Point>
      </Placemark>
      <Placemark>
        <name>Terminal Condongcatur</name>
        <description><![CDATA[2A _ Trans Jogja<br><br>! -- BERANGKAT / DEPARTURE -- ! <br><br>Tujuan / Destination => Manggung<br><br><br>2B _ Trans Jogja<br><br>! -- BERANGKAT / DEPARTURE -- ! <br><br>Tujuan / Destination => SPBU Concat - B<br><br><br>3A _ Trans Jogja<br><br>Tujuan / Destination => Manggung<br><br><br>3B _ Trans Jogja<br><br>Tujuan / Destination => Pakuwon Mall - B<br><br><br>4A _ Trans Jogja<br><br>Tujuan / Destination => SPBU Concat - B<br><br><br>4B _ Trans Jogja<br><br>Tujuan / Destination => Manggung<br><br><br>5A _ Trans Jogja<br><br>Tujuan / Destination => Manggung<br><br><br>5B _ Trans Jogja<br><br>Tujuan / Destination => Pakuwon Mall - B<br><br><br>12 _ Trans Jogja<br><br>! -- BERANGKAT / DEPARTURE -- ! <br><br>Tujuan / Destination => SPBU Concat - B]]></description>
        <styleUrl>#icon-seq2-1-445-1A237E</styleUrl>
        <Point>
          <coordinates>
            110.395875,-7.756625,0
          </coordinates>
        </Point>
      </Placemark>
      <Placemark>
        <name>Terminal Giwangan</name>
        <description><![CDATA[3A _ Trans Jogja<br><br>Tujuan / Destination => Pasar Giwangan - A<br><br><br>3B _ Trans Jogja<br><br>! -- BERANGKAT / DEPARTURE -- ! <br><br>Tujuan / Destination => Pasar Giwangan - A<br><br><br>4A _ Trans Jogja<br><br>! -- BERANGKAT / DEPARTURE -- ! <br><br>Tujuan / Destination => Pasar Giwangan - A<br><br><br>4B _ Trans Jogja<br><br>! -- BERANGKAT / DEPARTURE -- ! <br><br>Tujuan / Destination => Pasar Giwangan - A<br><br><br>9 _ Trans Jogja<br><br>! -- BERANGKAT / DEPARTURE -- ! <br><br>Tujuan / Destination => UAD Ring Road Selatan - A<br><br><br>11 _ Trans Jogja<br><br>! -- BERANGKAT / DEPARTURE -- ! <br><br>Tujuan / Destination => UAD Ring Road Selatan - A]]></description>
        <styleUrl>#icon-seq2-1-446-1A237E</styleUrl>
        <Point>
          <coordinates>
            110.391835,-7.834176,0
          </coordinates>
        </Point>
      </Placemark>
      <Placemark>
        <name>Terminal Jombor</name>
        <description><![CDATA[2A _ Trans Jogja<br><br>Tujuan / Destination => Monjali - A<br><br><br>2B _ Trans Jogja<br><br>Tujuan / Destination => Monjali - A<br><br><br>5A _ Trans Jogja<br><br>! -- BERANGKAT / DEPARTURE -- ! <br><br>Tujuan / Destination => Indogrosir<br><br><br>5B _ Trans Jogja<br><br>! -- BERANGKAT / DEPARTURE -- ! <br><br>Tujuan / Destination => Monjali - A<br><br><br>8 _ Trans Jogja<br><br>! -- BERANGKAT / DEPARTURE -- ! <br><br>Tujuan / Destination => UTY Ring Road Utara - A<br><br><br>9 _ Trans Jogja<br><br>Tujuan / Destination => Indogrosir<br><br><br>L-1 _ Trans Jogja<br><br>! -- BERANGKAT / DEPARTURE -- ! <br><br>Tujuan / Destination => Indogrosir]]></description>
        <styleUrl>#icon-seq2-1-447-1A237E</styleUrl>
        <Point>
          <coordinates>
            110.361238,-7.747405,0
          </coordinates>
        </Point>
      </Placemark>
      <Placemark>
        <name>Terminal Pakem</name>
        <description><![CDATA[12 _ Trans Jogja<br><br>Tujuan / Destination =>  SDN Percobaan 3 Pakem<br><br><br>14 _ Trans Jogja<br><br>Tujuan / Destination => SDN Percobaan 3 Pakem]]></description>
        <styleUrl>#icon-seq2-1-448-1A237E</styleUrl>
        <Point>
          <coordinates>
            110.419988,-7.666865,0
          </coordinates>
        </Point>
      </Placemark>
      <Placemark>
        <name>Terminal Palbapang</name>
        <description><![CDATA[15 _ Trans Jogja<br><br>! -- BERANGKAT / DEPARTURE -- ! <br><br>Tujuan / Destination = SMAN 1 Bantul - A]]></description>
        <styleUrl>#icon-seq2-1-449-1A237E</styleUrl>
        <Point>
          <coordinates>
            110.318426,-7.905322,0
          </coordinates>
        </Point>
      </Placemark>
      <Placemark>
        <name>Terminal Prambanan</name>
        <description><![CDATA[1A _ Trans Jogja<br><br>Tujuan / Destination => Edotel Kalasan - A]]></description>
        <styleUrl>#icon-seq2-1-450-1A237E</styleUrl>
        <Point>
          <coordinates>
            110.489817,-7.755659,0
          </coordinates>
        </Point>
      </Placemark>
      <Placemark>
        <name>Timoho - A</name>
        <description><![CDATA[4A _ Trans Jogja<br><br>Tujuan / Destination => SMKN 5 - A<br><br><br>10 _ Trans Jogja<br><br>Tujuan / Destination => SMKN 5 - A]]></description>
        <styleUrl>#icon-seq2-1-451-1A237E</styleUrl>
        <Point>
          <coordinates>
            110.392821,-7.795313,0
          </coordinates>
        </Point>
      </Placemark>
      <Placemark>
        <name>Timoho - B</name>
        <description><![CDATA[4B _ Trans Jogja<br><br>Tujuan / Destination => APMD - B<br><br><br>10 _ Trans Jogja<br><br>Tujuan / Destination => TNI AL - B]]></description>
        <styleUrl>#icon-seq2-1-452-1A237E</styleUrl>
        <Point>
          <coordinates>
            110.392582,-7.796829,0
          </coordinates>
        </Point>
      </Placemark>
      <Placemark>
        <name>Timur Jembatan Yapah - A</name>
        <description><![CDATA[14 _Trans Jogja<br><br>Tujuan / Destination => SMAN 2 Ngaglik - A]]></description>
        <styleUrl>#icon-seq2-1-453-1A237E</styleUrl>
        <Point>
          <coordinates>
            110.43919,-7.705049,0
          </coordinates>
        </Point>
      </Placemark>
      <Placemark>
        <name>Timur Jembatan Yapah - B</name>
        <description><![CDATA[14 _Trans Jogja<br><br>Tujuan / Destination => Tugu Batas Desa Yapah - B]]></description>
        <styleUrl>#icon-seq2-1-454-1A237E</styleUrl>
        <Point>
          <coordinates>
            110.439302,-7.705018,0
          </coordinates>
        </Point>
      </Placemark>
      <Placemark>
        <name>TK BIAS</name>
        <description><![CDATA[12 _ Trans Jogja<br><br>Tujuan / Destination => Simpang Palem Raya - B]]></description>
        <styleUrl>#icon-seq2-1-455-1A237E</styleUrl>
        <Point>
          <coordinates>
            110.401251,-7.724227,0
          </coordinates>
        </Point>
      </Placemark>
      <Placemark>
        <name>TNI AL - A</name>
        <description><![CDATA[10 _ Trans Jogja<br><br>Tujuan / Destination => Timoho - A]]></description>
        <styleUrl>#icon-seq2-1-456-1A237E</styleUrl>
        <Point>
          <coordinates>
            110.390949,-7.792319,0
          </coordinates>
        </Point>
      </Placemark>
      <Placemark>
        <name>TNI AL - B</name>
        <description><![CDATA[10 _ Trans Jogja<br><br>Tujuan / Destination => Tarumartani - B]]></description>
        <styleUrl>#icon-seq2-1-457-1A237E</styleUrl>
        <Point>
          <coordinates>
            110.392339,-7.792567,0
          </coordinates>
        </Point>
      </Placemark>
      <Placemark>
        <name>Toko Saerah - A</name>
        <description><![CDATA[13 _ Trans Jogja<br><br>Tujuan / Destination => Metro Nogotirto - A]]></description>
        <styleUrl>#icon-seq2-1-458-1A237E</styleUrl>
        <Point>
          <coordinates>
            110.327786,-7.776179,0
          </coordinates>
        </Point>
      </Placemark>
      <Placemark>
        <name>Toko Saerah - B</name>
        <description><![CDATA[13 _ Trans Jogja<br><br>Tujuan / Destination => Kantor Kal. Sidoarum - B]]></description>
        <styleUrl>#icon-seq2-1-459-1A237E</styleUrl>
        <Point>
          <coordinates>
            110.327865,-7.776266,0
          </coordinates>
        </Point>
      </Placemark>
      <Placemark>
        <name>Transmart</name>
        <description><![CDATA[1A _ Trans Jogja<br><br>Tujuan / Destination => Kanwil DJJPb<br><br><br>1B _ Trans Jogja<br><br>Tujuan / Destination => Kanwil DJJPb<br><br><br>3A _ Trans Jogja<br><br>Tujuan / Destination => Kanwil DJJPb<br><br><br>5B _ Trans Jogja<br><br>Tujuan / Destination => Kanwil DJJPb]]></description>
        <styleUrl>#icon-seq2-1-460-1A237E</styleUrl>
        <Point>
          <coordinates>
            110.420174,-7.783291,0
          </coordinates>
        </Point>
      </Placemark>
      <Placemark>
        <name>Tugu Adipura</name>
        <description><![CDATA[15 _ Trans Jogja<br><br>Tujuan / Destination => Pasar Bantul - A]]></description>
        <styleUrl>#icon-seq2-1-461-1A237E</styleUrl>
        <Point>
          <coordinates>
            110.327038,-7.889221,0
          </coordinates>
        </Point>
      </Placemark>
      <Placemark>
        <name>Tugu Batas Desa Yapah - A</name>
        <description><![CDATA[14 _Trans Jogja<br><br>Tujuan / Destination => Timur Jembatan Yapah - A]]></description>
        <styleUrl>#icon-seq2-1-462-1A237E</styleUrl>
        <Point>
          <coordinates>
            110.442614,-7.703803,0
          </coordinates>
        </Point>
      </Placemark>
      <Placemark>
        <name>Tugu Batas Desa Yapah - B</name>
        <description><![CDATA[14 _Trans Jogja<br><br>Tujuan / Destination => Puskesmas Ngemplak - B]]></description>
        <styleUrl>#icon-seq2-1-463-1A237E</styleUrl>
        <Point>
          <coordinates>
            110.442649,-7.70374,0
          </coordinates>
        </Point>
      </Placemark>
      <Placemark>
        <name>TVRI - A</name>
        <description><![CDATA[5A _ Trans Jogja<br><br>Tujuan / Destination => Karangwaru - A<br><br><br>9 _ Trans Jogja<br><br>Tujuan / Destination => Karangwaru - A<br><br><br>L-1 _ Trans Jogja<br><br>Tujuan / Destination => Karangwaru - A]]></description>
        <styleUrl>#icon-seq2-1-464-1A237E</styleUrl>
        <Point>
          <coordinates>
            110.361649,-7.765273,0
          </coordinates>
        </Point>
      </Placemark>
      <Placemark>
        <name>TVRI- B</name>
        <description><![CDATA[5B _ Trans Jogja<br> <br>Tujuan / Destination => Daytrans Jl. Magelang<br><br><br>9 _ Trans Jogja<br><br>Tujuan / Destination => Daytrans Jl. Magelang<br><br><br>L-1 _ Trans Jogja<br><br>Tujuan / Destination => Daytrans Jl. Magelang]]></description>
        <styleUrl>#icon-seq2-1-465-1A237E</styleUrl>
        <Point>
          <coordinates>
            110.361593,-7.765401,0
          </coordinates>
        </Point>
      </Placemark>
      <Placemark>
        <name>UAD Jl. Pramuka</name>
        <description><![CDATA[4A _ Trans Jogja<br><br>Tujuan / Destination => Gudang SGM - B<br><br><br>4B _ Trans Jogja<br><br>Tujuan / Destination => Gudang SGM - B]]></description>
        <styleUrl>#icon-seq2-1-466-1A237E</styleUrl>
        <Point>
          <coordinates>
            110.388587,-7.820567,0
          </coordinates>
        </Point>
      </Placemark>
      <Placemark>
        <name>UAD Ring Road Selatan - A</name>
        <description><![CDATA[9 _ Teman Bus / Trans Jogja<br><br>Tujuan / Destination => Simpang Wojo<br><br><br>11 _ Teman Bus / Trans Jogja<br><br>Tujuan / Destination => Wojo (Randubellang) - A]]></description>
        <styleUrl>#icon-seq2-1-467-1A237E</styleUrl>
        <Point>
          <coordinates>
            110.38291,-7.835134,0
          </coordinates>
        </Point>
      </Placemark>
      <Placemark>
        <name>UAD Ring Road Selatan - B</name>
        <description><![CDATA[9 _ Teman Bus / Trans Jogja<br><br>Tujuan / Destination => Terminal Giwangan<br><br><br>11 _ Teman Bus / Trans Jogja<br><br>Tujuan / Destination => Terminal Giwangan]]></description>
        <styleUrl>#icon-seq2-1-468-1A237E</styleUrl>
        <Point>
          <coordinates>
            110.383268,-7.834921,0
          </coordinates>
        </Point>
      </Placemark>
      <Placemark>
        <name>UII (Barat Jalan)</name>
        <description><![CDATA[12 _ Trans Jogja<br><br>Tujuan / Destination => Simpang Degolan - A<br><br><br>14 _ Trans Jogja<br><br>Tujuan / Destination => Simpang Degolan - A]]></description>
        <styleUrl>#icon-seq2-1-469-1A237E</styleUrl>
        <Point>
          <coordinates>
            110.418778,-7.687324,0
          </coordinates>
        </Point>
      </Placemark>
      <Placemark>
        <name>UII (Timur Jalan)</name>
        <description><![CDATA[12 _ Trans Jogja<br><br>Tujuan / Destination => YAKKUM - B<br><br><br>14 _ Trans Jogja<br><br>Tujuan / Destination => YAKKUM - B]]></description>
        <styleUrl>#icon-seq2-1-470-1A237E</styleUrl>
        <Point>
          <coordinates>
            110.418805,-7.68778,0
          </coordinates>
        </Point>
      </Placemark>
      <Placemark>
        <name>UIN Sunan Kalijaga - A</name>
        <description><![CDATA[4A _ Trans Jogja<br><br>Tujuan / Destination => APMD - A]]></description>
        <styleUrl>#icon-seq2-1-471-1A237E</styleUrl>
        <Point>
          <coordinates>
            110.394844,-7.786192,0
          </coordinates>
        </Point>
      </Placemark>
      <Placemark>
        <name>UIN Sunan Kalijaga - B</name>
        <description><![CDATA[4B _ Trans Jogja<br><br>Tujuan / Destination => Gedung Wanita]]></description>
        <styleUrl>#icon-seq2-1-472-1A237E</styleUrl>
        <Point>
          <coordinates>
            110.394784,-7.785907,0
          </coordinates>
        </Point>
      </Placemark>
      <Placemark>
        <name>UKDW</name>
        <description><![CDATA[2A _ Trans Jogja<br><br>Tujuan / Destination => RS Bethesda<br><br><br>4A _ Trans Jogja<br><br>Tujuan / Destination => RS Bethesda]]></description>
        <styleUrl>#icon-seq2-1-473-1A237E</styleUrl>
        <Point>
          <coordinates>
            110.378843,-7.785524,0
          </coordinates>
        </Point>
      </Placemark>
      <Placemark>
        <name>UMY - A</name>
        <description><![CDATA[6 _ Trans Jogja<br><br>Tujuan / Destination => Universitas BSI - A]]></description>
        <styleUrl>#icon-seq2-1-474-1A237E</styleUrl>
        <Point>
          <coordinates>
            110.324509,-7.810704,0
          </coordinates>
        </Point>
      </Placemark>
      <Placemark>
        <name>UMY - B</name>
        <description><![CDATA[6 _ Trans Jogja<br><br>Tujuan / Destination => Tamantirto - B]]></description>
        <styleUrl>#icon-seq2-1-475-1A237E</styleUrl>
        <Point>
          <coordinates>
            110.324572,-7.810899,0
          </coordinates>
        </Point>
      </Placemark>
      <Placemark>
        <name>Universitas Aisyiyah</name>
        <description><![CDATA[8 _ Trans Jogja<br><br>Tujuan / Destination => Westlake - B]]></description>
        <styleUrl>#icon-seq2-1-476-1A237E</styleUrl>
        <Point>
          <coordinates>
            110.334536,-7.768221,0
          </coordinates>
        </Point>
      </Placemark>
      <Placemark>
        <name>Universitas Alma Ata</name>
        <description><![CDATA[6 _ Trans Jogja<br><br>Tujuan / Destination => Lapangan Kasihan - B]]></description>
        <styleUrl>#icon-seq2-1-477-1A237E</styleUrl>
        <Point>
          <coordinates>
            110.324131,-7.818408,0
          </coordinates>
        </Point>
      </Placemark>
      <Placemark>
        <name>Universitas BSI - A</name>
        <description><![CDATA[6 _ Trans Jogja<br><br>Tujuan / Destination => Pasar Gamping - B]]></description>
        <styleUrl>#icon-seq2-1-478-1A237E</styleUrl>
        <Point>
          <coordinates>
            110.325181,-7.802699,0
          </coordinates>
        </Point>
      </Placemark>
      <Placemark>
        <name>Universitas BSI - B</name>
        <description><![CDATA[6 _ Trans Jogja<br><br>Tujuan / Destination => UMY - B]]></description>
        <styleUrl>#icon-seq2-1-479-1A237E</styleUrl>
        <Point>
          <coordinates>
            110.325265,-7.802875,0
          </coordinates>
        </Point>
      </Placemark>
      <Placemark>
        <name>UNRIYO - A</name>
        <description><![CDATA[14 _Trans Jogja<br><br>Tujuan / Destination => Budi Mulia Dua - A]]></description>
        <styleUrl>#icon-seq2-1-480-1A237E</styleUrl>
        <Point>
          <coordinates>
            110.434167,-7.74633,0
          </coordinates>
        </Point>
      </Placemark>
      <Placemark>
        <name>UNRIYO - B</name>
        <description><![CDATA[14 _Trans Jogja<br><br>Tujuan / Destination => MAN 2 Sleman - B]]></description>
        <styleUrl>#icon-seq2-1-481-1A237E</styleUrl>
        <Point>
          <coordinates>
            110.434216,-7.746301,0
          </coordinates>
        </Point>
      </Placemark>
      <Placemark>
        <name>UNU</name>
        <description><![CDATA[3A_ Trans Jogja<br><br>Tujuan / Destination => Widya Wiwaha - A]]></description>
        <styleUrl>#icon-seq2-1-482-1A237E</styleUrl>
        <Point>
          <coordinates>
            110.376455,-7.819767,0
          </coordinates>
        </Point>
      </Placemark>
      <Placemark>
        <name>UNY Colombo</name>
        <description><![CDATA[2A _ Trans Jogja<br><br>Tujuan / Destination => Plaza UNY<br><br><br>12 _ Trans Jogja<br><br>Tujuan / Destination => Plaza UNY]]></description>
        <styleUrl>#icon-seq2-1-483-1A237E</styleUrl>
        <Point>
          <coordinates>
            110.386689,-7.777757,0
          </coordinates>
        </Point>
      </Placemark>
      <Placemark>
        <name>UPN Veteran</name>
        <description><![CDATA[3A _ Trans Jogja<br><br>Tujuan / Destination => Pakuwon Mall - A<br><br><br>5A _ Trans Jogja<br><br>Tujuan / Destination => Pakuwon Mall - A]]></description>
        <styleUrl>#icon-seq2-1-484-1A237E</styleUrl>
        <Point>
          <coordinates>
            110.408133,-7.760641,0
          </coordinates>
        </Point>
      </Placemark>
      <Placemark>
        <name>UTY Glagahsari - A</name>
        <description><![CDATA[4A _ Trans Jogja<br><br>Tujuan / Destination => Makam Prajurit]]></description>
        <styleUrl>#icon-seq2-1-485-1A237E</styleUrl>
        <Point>
          <coordinates>
            110.388438,-7.805533,0
          </coordinates>
        </Point>
      </Placemark>
      <Placemark>
        <name>UTY Glagahsari - B</name>
        <description><![CDATA[4B _ Trans Jogja<br><br>Tujuan / Destination => Olive Glagahsari]]></description>
        <styleUrl>#icon-seq2-1-486-1A237E</styleUrl>
        <Point>
          <coordinates>
            110.388333,-7.805672,0
          </coordinates>
        </Point>
      </Placemark>
      <Placemark>
        <name>UTY Ring Road Utara - A</name>
        <description><![CDATA[8 _ Trans Jogja<br><br>Tujuan / Destination => Dusun Ngawen]]></description>
        <styleUrl>#icon-seq2-1-487-1A237E</styleUrl>
        <Point>
          <coordinates>
            110.356575,-7.747257,0
          </coordinates>
        </Point>
      </Placemark>
      <Placemark>
        <name>UTY Ring Road Utara - B</name>
        <description><![CDATA[8 _ Trans Jogja<br><br>Tujuan / Destination => Terminal Jombor]]></description>
        <styleUrl>#icon-seq2-1-488-1A237E</styleUrl>
        <Point>
          <coordinates>
            110.356516,-7.747158,0
          </coordinates>
        </Point>
      </Placemark>
      <Placemark>
        <name>Veteran</name>
        <description><![CDATA[2B _ Trans Jogja<br><br>Tujuan / Destination => XT Square]]></description>
        <styleUrl>#icon-seq2-1-489-1A237E</styleUrl>
        <Point>
          <coordinates>
            110.389139,-7.815228,0
          </coordinates>
        </Point>
      </Placemark>
      <Placemark>
        <name>Vokasi UGM</name>
        <description><![CDATA[3B _ Trans Jogja<br><br>Tujuan / Destination => FKG UGM - B<br><br><br>4A _ Trans Jogja<br><br>Tujuan / Destination => FKG UGM - B<br><br><br>12 _ Trans Jogja<br><br>Tujuan / Destination => FKG UGM - B]]></description>
        <styleUrl>#icon-seq2-1-490-1A237E</styleUrl>
        <Point>
          <coordinates>
            110.374977,-7.774525,0
          </coordinates>
        </Point>
      </Placemark>
      <Placemark>
        <name>Wedangan Kampoeng - A</name>
        <description><![CDATA[12 _ Trans Jogja<br><br>Tujuan / Destination => Simpang Besi Jakal - A]]></description>
        <styleUrl>#icon-seq2-1-491-1A237E</styleUrl>
        <Point>
          <coordinates>
            110.413581,-7.702736,0
          </coordinates>
        </Point>
      </Placemark>
      <Placemark>
        <name>Wedangan Kampoeng - B</name>
        <description><![CDATA[12 _ Trans Jogja<br><br>Tujuan / Destination => SPBU Kaliurang - B]]></description>
        <styleUrl>#icon-seq2-1-492-1A237E</styleUrl>
        <Point>
          <coordinates>
            110.413572,-7.702816,0
          </coordinates>
        </Point>
      </Placemark>
      <Placemark>
        <name>Westlake - A</name>
        <description><![CDATA[8 _ Trans Jogja<br><br>Tujuan / Destination => Perumahan Nogotirto]]></description>
        <styleUrl>#icon-seq2-1-493-1A237E</styleUrl>
        <Point>
          <coordinates>
            110.341112,-7.749237,0
          </coordinates>
        </Point>
      </Placemark>
      <Placemark>
        <name>Westlake - B</name>
        <description><![CDATA[8 _ Trans Jogja<br><br>Tujuan / Destination => UTY Ring Road Utara - B]]></description>
        <styleUrl>#icon-seq2-1-494-1A237E</styleUrl>
        <Point>
          <coordinates>
            110.34083,-7.749627,0
          </coordinates>
        </Point>
      </Placemark>
      <Placemark>
        <name>Widya Wiwaha - A</name>
        <description><![CDATA[3A_ Trans Jogja<br><br>Tujuan / Destination => Wirosaban]]></description>
        <styleUrl>#icon-seq2-1-495-1A237E</styleUrl>
        <Point>
          <coordinates>
            110.377625,-7.822717,0
          </coordinates>
        </Point>
      </Placemark>
      <Placemark>
        <name>Widya Wiwaha - B</name>
        <description><![CDATA[3B _ Trans Jogja<br><br>Tujuan / Destination => Lowanu - B]]></description>
        <styleUrl>#icon-seq2-1-496-1A237E</styleUrl>
        <Point>
          <coordinates>
            110.377541,-7.822606,0
          </coordinates>
        </Point>
      </Placemark>
      <Placemark>
        <name>Wirosaban</name>
        <description><![CDATA[3A_ Trans Jogja<br><br>Tujuan / Destination => Tegal Turi - A]]></description>
        <styleUrl>#icon-seq2-1-497-1A237E</styleUrl>
        <Point>
          <coordinates>
            110.379247,-7.824776,0
          </coordinates>
        </Point>
      </Placemark>
      <Placemark>
        <name>Wojo (Randubelang) - A</name>
        <description><![CDATA[11 _ Teman Bus / Trans Jogja<br><br>Tujuan / Destination => Pasar Telo - A]]></description>
        <styleUrl>#icon-seq2-1-498-1A237E</styleUrl>
        <Point>
          <coordinates>
            110.373919,-7.831416,0
          </coordinates>
        </Point>
      </Placemark>
      <Placemark>
        <name>Wojo (Randubelang) - B</name>
        <description><![CDATA[11 _ Teman Bus / Trans Jogja<br><br>Tujuan / Destination => UAD Ring Road Selatan - B]]></description>
        <styleUrl>#icon-seq2-1-499-1A237E</styleUrl>
        <Point>
          <coordinates>
            110.373848,-7.830194,0
          </coordinates>
        </Point>
      </Placemark>
      <Placemark>
        <name>Wonocatur</name>
        <description><![CDATA[1B _ Trans Jogja<br><br>Tujuan / Destination => BKPM<br><br><br>3B _ Trans Jogja<br><br>Tujuan / Destination => BKPM]]></description>
        <styleUrl>#icon-seq2-1-500-1A237E</styleUrl>
        <Point>
          <coordinates>
            110.406405,-7.798619,0
          </coordinates>
        </Point>
      </Placemark>
      <Placemark>
        <name>XT Square</name>
        <description><![CDATA[2B _ Trans Jogja<br><br>Tujuan / Destination => Pasar Sepeda<br><br><br>4A _ Trans Jogja<br><br>Tujuan / Destination => Polsek Umbulharjo]]></description>
        <styleUrl>#icon-seq2-1-501-1A237E</styleUrl>
        <Point>
          <coordinates>
            110.385973,-7.81623,0
          </coordinates>
        </Point>
      </Placemark>
      <Placemark>
        <name>YAKKUM - A</name>
        <description><![CDATA[12 _ Trans Jogja<br><br>Tujuan / Destination => Boulevard UII<br><br><br>14 _ Trans Jogja<br><br>Tujuan / Destination => Boulevard UII]]></description>
        <styleUrl>#icon-seq2-1-502-1A237E</styleUrl>
        <Point>
          <coordinates>
            110.418017,-7.695592,0
          </coordinates>
        </Point>
      </Placemark>
      <Placemark>
        <name>YAKKUM - B</name>
        <description><![CDATA[12 _ Trans Jogja<br><br>Tujuan / Destination => Wedangan Kampoeng - B<br><br><br>14 _ Trans Jogja<br><br>Tujuan / Destination => Simpang Besi Jakal - B]]></description>
        <styleUrl>#icon-seq2-1-503-1A237E</styleUrl>
        <Point>
          <coordinates>
            110.418121,-7.695489,0
          </coordinates>
        </Point>
      </Placemark>
    </Folder>
  </Document>
</kml>
